word,gender,freq
a,m,81.36
a priori,m,0.47
aa,m,0.01
abaca,m,0.01
abaisse,f,0.02
abaisse-langue,m,0.14
abaissement,m,2.16
abalone,m,0.07
abalones,m,0.07
abandon,m,27.36
abandonneurs,m,0.07
abandons,m,27.36
abaque,m,0.07
abat,m,1.01
abat-jour,m,8.24
abat-son,m,0.27
abatage,m,0.07
abatis,m,0.88
abats,m,1.01
abattage,m,1.28
abattages,m,1.28
abattant,m,0.61
abattants,m,0.61
abattement,m,2.64
abattements,m,2.64
abatteur,m,0.27
abatteurs,m,0.27
abattis,m,1.08
abattoir,m,4.66
abattoirs,m,4.66
abattu,m,1.42
abattures,f,0.14
abattus,m,1.42
abbatiale,f,0.14
abbaye,f,3.94
abbayes,f,3.94
abbesse,f,33.51
abbesses,f,33.51
abbé,m,33.51
abbés,m,33.51
abc,m,0.04
abcès,m,3.31
abdication,f,1.96
abdications,f,1.96
abdomen,m,2.76
abdominaux,m,0.68
abdos,m,0.86
abduction,f,0.05
abeille,f,9.86
abeilles,f,9.86
aber,m,0.25
aberration,f,4.46
aberrations,f,4.46
abjection,f,2.30
abjections,f,2.30
abjuration,f,0.47
abjurations,f,0.47
ablatif,m,0.14
ablation,f,1.35
ablations,f,1.35
able,m,0.68
ablette,f,0.95
ablettes,f,0.95
ablution,f,1.55
ablutions,f,1.55
abnégation,f,3.58
aboi,m,3.58
aboiement,m,5.95
aboiements,m,5.95
abois,m,3.58
abolition,f,1.49
abomination,f,4.53
abominations,f,4.53
abondance,f,9.39
abonnement,m,4.82
abonnements,m,4.82
abonné,m,2.23
abonnée,f,2.23
abonnées,f,2.23
abonnés,m,2.23
abord,m,19.05
abordage,m,1.49
abordages,m,1.49
abords,m,19.05
abornement,m,0.07
abouchements,m,0.07
aboulie,f,0.14
abounas,m,0.07
about,m,5.94
aboutissant,m,0.95
aboutissants,m,0.95
aboutissement,m,4.05
aboyeur,m,0.61
aboyeurs,m,0.61
abracadabra,m,0.98
abrasif,m,0.41
abrasifs,m,0.41
abrasion,f,0.19
abraxas,m,0.29
abreuvage,m,0.07
abreuvoir,m,3.92
abreuvoirs,m,3.92
abri,m,56.76
abri-refuge,m,0.07
abribus,m,0.14
abricot,m,2.50
abricotier,m,0.41
abricotiers,m,0.41
abricotine,f,0.07
abricots,m,2.50
abris,m,56.76
abrogation,f,0.16
abrupt,m,0.47
abrupts,m,0.47
abruti,m,25.64
abrutie,f,25.64
abruties,f,25.64
abrutis,m,25.64
abrutissement,m,1.42
abrutisseur,m,0.07
abrégé,m,0.54
abrégés,m,0.54
abréviation,f,0.95
abréviations,f,0.95
abscisse,f,0.02
abscission,f,0.07
absence,f,76.28
absences,f,76.28
absent,m,5.81
absente,f,5.81
absentes,f,5.81
absents,m,5.81
absentéisme,m,0.20
abside,f,1.62
absides,f,1.62
absidiole,f,0.07
absinthe,f,2.91
absolu,m,7.23
absolus,m,7.23
absolution,f,2.50
absolutisme,m,0.68
absorbant,m,0.14
absorbeur,m,0.03
absorption,f,2.03
absorptions,f,2.03
absoute,f,0.14
abstention,f,1.28
abstinence,f,1.62
abstinences,f,1.62
abstraction,f,2.97
abstractions,f,2.97
abstrait,m,1.35
abstraits,m,1.35
absurde,m,4.93
absurdes,m,4.93
absurdité,f,6.28
absurdités,f,6.28
abus,m,8.58
abuseur,m,0.04
abyme,m,0.07
abysse,m,1.07
abysses,m,1.07
abyssin,m,0.14
abyssinienne,f,0.01
abécédaire,m,0.18
abêtissement,m,0.54
abîme,m,20.61
abîmes,m,20.61
acabit,m,1.62
acabits,m,1.62
acacia,m,6.35
acacias,m,6.35
acadien,m,0.16
acadienne,f,0.03
acadiens,m,0.16
académicien,m,1.55
académiciens,m,1.55
académie,f,10.03
académies,f,10.03
académisme,m,0.27
acajou,m,5.95
acajous,m,5.95
acanthe,f,0.61
acanthes,f,0.61
acariens,m,0.07
accablement,m,3.72
accablements,m,3.72
accalmie,f,3.72
accalmies,f,3.72
accastillage,m,0.20
accastillages,m,0.20
accent,m,45.54
accenteur,m,0.01
accents,m,45.54
accentuation,f,0.14
acceptant,m,0.14
acceptation,f,4.39
acceptations,f,4.39
acception,f,0.47
acceptions,f,0.47
accesseurs,m,0.07
accessibilité,f,0.03
accession,f,1.22
accessit,m,0.07
accessoire,m,7.30
accessoires,m,7.30
accident,m,108.21
accidents,m,108.21
accidenté,m,0.61
accidentée,f,0.61
accidentés,m,0.61
acclamation,f,4.66
acclamations,f,4.66
acclimatation,f,0.81
acclimatement,m,0.14
accointance,f,0.88
accointances,f,0.88
accolade,f,2.23
accolades,f,2.23
accolement,m,0.07
accommodation,f,0.41
accommodement,m,1.01
accommodements,m,1.01
accompagnateur,m,1.01
accompagnateurs,m,1.01
accompagnatrice,f,1.01
accompagnatrices,f,1.01
accompagnement,m,2.57
accompagnements,m,2.57
accompli,m,0.20
accomplissement,m,4.46
accomplissements,m,4.46
accord,m,766.20
accordailles,f,0.07
accordement,m,0.07
accordeur,m,0.61
accordo,m,0.07
accords,m,766.20
accordé,m,2.58
accordée,f,2.58
accordées,f,2.58
accordéon,m,5.47
accordéons,m,5.47
accordés,m,2.58
accores,m,0.07
accostage,m,0.88
accotement,m,1.42
accotements,m,1.42
accotoirs,m,0.07
accotés,m,0.07
accouchement,m,5.96
accouchements,m,5.96
accoucheur,m,0.81
accoucheurs,m,0.81
accoucheuse,f,0.81
accouchée,f,1.15
accouchées,f,1.15
accoudoir,m,5.20
accoudoirs,m,5.20
accouplement,m,2.50
accouplements,m,2.50
accoutrement,m,2.70
accoutrements,m,2.70
accoutumance,f,1.28
accoutumances,f,1.28
accras,m,0.10
accro,m,2.56
accroc,m,3.11
accrochage,m,2.06
accrochages,m,2.06
accroche,f,0.65
accroche-coeur,m,0.74
accroche-coeurs,m,0.74
accroches,f,0.65
accrocs,m,3.11
accroissement,m,1.28
accros,m,2.56
accroupissement,m,0.20
accrue,f,0.07
accréditation,f,0.27
accréditations,f,0.27
accréditif,m,0.07
accrédités,m,0.07
accrétion,f,0.03
accu,m,0.34
accueil,m,16.42
accueils,m,16.42
acculturation,f,0.01
accumulateur,m,0.14
accumulateurs,m,0.14
accumulation,f,3.78
accumulations,f,3.78
accus,m,0.34
accusateur,m,1.28
accusateurs,m,1.28
accusatif,m,0.11
accusation,f,19.72
accusations,f,19.72
accusatrices,f,1.28
accusé,m,13.74
accusée,f,13.74
accusées,f,13.74
accusés,m,13.74
accès,m,29.53
accélérateur,m,3.51
accélérateurs,m,3.51
accélération,f,3.11
accélérations,f,3.11
accéléré,m,0.74
ace,m,2.48
acerbité,m,0.07
acetabulum,m,0.01
achalandage,m,0.07
achards,m,0.03
acharnement,m,8.24
acharnements,m,8.24
achat,m,16.96
achats,m,16.96
ache,f,0.20
acheminement,m,0.47
aches,f,0.20
acheteur,m,6.57
acheteurs,m,6.57
acheteuse,f,6.57
acheteuses,f,6.57
achillée,f,0.01
achondroplasie,f,0.04
achondroplasies,f,0.04
achoppement,m,0.14
achèvement,m,1.82
achèvements,m,1.82
achélème,m,1.69
achélèmes,m,1.69
acid jazz,m,0.03
acide,m,9.46
acides,m,9.46
acidité,f,0.95
acidités,f,0.95
acidocétose,f,0.08
acidose,f,0.22
acier,m,34.46
aciers,m,34.46
aciérie,f,2.21
aciéries,f,2.21
acmé,f,0.01
acné,f,1.90
acnés,f,1.90
acolyte,m,1.96
acolytes,m,1.96
acompte,m,3.67
acomptes,m,3.67
aconiers,m,0.07
aconit,m,0.34
acouphène,m,0.18
acoustique,f,0.57
acoustiques,f,0.57
acqua-toffana,f,0.07
acquiescement,m,2.84
acquiescements,m,2.84
acquis,m,1.69
acquisition,f,3.78
acquisitions,f,3.78
acquit,m,2.23
acquits,m,2.23
acquittement,m,0.60
acquitté,m,0.35
acquittés,m,0.35
acquéreur,m,1.08
acquéreurs,m,1.08
acquêt,m,0.20
acquêts,m,0.20
acra,m,0.27
acre,f,0.83
acres,f,0.83
acrimonie,f,0.81
acrobatie,f,2.57
acrobaties,f,2.57
acromion,m,0.14
acronyme,m,0.19
acrophobie,f,0.08
acropole,f,0.81
acrostiche,m,0.02
acrotère,m,0.07
acrylique,m,0.50
acryliques,m,0.50
acrylonitrile,m,0.01
acte,m,57.30
actes,m,57.30
acteur,m,74.77
acteurs,m,74.77
actif,m,1.58
actifs,m,1.58
actine,f,0.01
actinies,f,0.41
action,f,87.43
action painting,f,0.07
actionnariat,m,0.01
actionnement,m,0.07
actionneur,m,0.01
actions,f,87.43
activateur,m,0.10
activation,f,2.27
activations,f,2.27
activisme,m,0.20
activité,f,38.92
activités,f,38.92
actrice,f,74.77
actrices,f,74.77
actualisation,f,0.07
actualité,f,8.72
actualités,f,8.72
actuation,f,0.01
acuité,f,3.18
acumen,m,0.07
acuponcteur,m,0.23
acuponcture,f,0.17
acupuncteur,m,0.11
acupuncture,f,0.79
acéphale,m,0.20
acéphales,m,0.20
acétate,m,0.20
acétone,f,0.27
acétylcholine,f,0.25
acétylène,m,1.96
ada,m,0.05
adage,m,0.74
adages,m,0.74
adagio,m,0.34
adaptabilité,f,0.16
adaptateur,m,0.41
adaptateurs,m,0.41
adaptation,f,4.66
adaptations,f,4.66
addenda,m,0.07
addendum,m,0.07
addiction,f,0.41
additif,m,0.21
additifs,m,0.21
addition,f,9.53
additions,f,9.53
adducteur,m,0.02
adducteurs,m,0.02
adduction,f,0.14
adent,m,0.01
adhérence,f,0.54
adhérences,f,0.54
adhérent,m,1.01
adhérents,m,1.01
adhésif,m,0.76
adhésifs,m,0.76
adhésion,f,6.55
adhésions,f,6.55
adieu,m,44.44
adieux,m,44.44
adiposité,f,0.07
adja,m,1.01
adjas,m,1.01
adjectif,m,3.51
adjectifs,m,3.51
adjoint,m,9.42
adjointe,f,9.42
adjointes,f,9.42
adjoints,m,9.42
adjonction,f,0.41
adjudant,m,22.23
adjudant-chef,m,2.70
adjudant-major,m,0.05
adjudants,m,22.23
adjudants-chefs,m,2.70
adjudication,f,0.37
adjudications,f,0.37
adjupète,m,0.14
adjupètes,m,0.14
adjuration,f,0.34
adjurations,f,0.34
adjutrice,f,0.07
adjuvants,m,0.07
administrateur,m,4.95
administrateurs,m,4.95
administratif,m,0.41
administratifs,m,0.41
administration,f,26.42
administrations,f,26.42
administrative,f,0.41
administratrice,f,4.95
administré,m,0.61
administrée,f,0.61
administrées,f,0.61
administrés,m,0.61
admirateur,m,5.64
admirateurs,m,5.64
admiration,f,32.70
admirations,f,32.70
admiratrice,f,5.64
admiratrices,f,5.64
admis,m,0.27
admissibilité,f,0.07
admission,f,3.42
admissions,f,3.42
admixtion,f,0.07
admonestation,f,0.47
admonestations,f,0.47
admonition,f,0.20
admonitions,f,0.20
adobe,m,0.08
adolescence,f,13.78
adolescences,f,13.78
adolescent,m,25.20
adolescente,f,25.20
adolescentes,f,25.20
adolescents,m,25.20
adon,m,0.01
adonies,f,0.07
adonis,m,0.28
adoptant,m,0.07
adoption,f,4.06
adoptions,f,4.06
adopté,m,0.61
adoptée,f,0.61
adoptées,f,0.61
adoptés,m,0.61
adorateur,m,1.82
adorateurs,m,1.82
adoration,f,5.07
adorations,f,5.07
adoratrice,f,1.82
adoratrices,f,1.82
ados,m,3.27
adoubement,m,0.27
adoucissant,m,0.06
adoucissement,m,0.61
adoucissements,m,0.61
adoucisseur,m,0.14
adoucisseurs,m,0.14
adp,m,0.04
adressage,m,0.01
adresse,f,73.92
adresses,f,73.92
adret,m,0.07
adrénaline,f,3.57
adrénalines,f,3.57
adulateur,m,0.10
adulation,f,0.81
adulations,f,0.81
adultat,m,0.14
adultère,m,3.69
adultères,m,3.69
adultération,f,0.07
adverbe,m,0.61
adverbes,m,0.61
adversité,f,2.16
adversités,f,2.16
adénine,f,0.01
adénocarcinome,m,0.04
adénome,m,0.07
adénopathie,f,0.01
adénosine,f,0.07
adénovirus,m,0.01
adéquation,f,0.34
aegipans,m,0.07
affabilité,f,1.28
affabilités,f,1.28
affabulation,f,1.22
affabulations,f,1.22
affabulatrice,f,0.14
affacturage,m,0.01
affadissement,m,0.20
affaiblissement,m,1.49
affaire,f,393.83
affairement,m,0.54
affairements,m,0.54
affaires,f,393.83
affairisme,m,0.07
affairé,m,1.01
affairée,f,1.01
affairées,f,1.01
affairés,m,1.01
affaissement,m,1.55
affaissements,m,1.55
affalement,m,0.14
affamé,m,3.58
affamée,f,3.58
affamées,f,3.58
affamés,m,3.58
affect,m,0.26
affectation,f,5.27
affectations,f,5.27
affection,f,31.22
affections,f,31.22
affectivité,f,0.41
affermissement,m,0.14
affichage,m,1.49
affichages,m,1.49
affiche,f,19.86
affiches,f,19.86
affichette,f,1.35
affichettes,f,1.35
afficheur,m,0.27
afficheurs,m,0.27
affidavit,m,0.06
affidé,m,0.27
affidés,m,0.27
affiliation,f,0.33
affiliations,f,0.33
affilié,m,0.41
affiliée,f,0.41
affiliées,f,0.41
affiliés,m,0.41
affinage,m,0.07
affinement,m,0.20
affinité,f,4.46
affinités,f,4.46
affiquets,m,0.07
affirmation,f,6.42
affirmations,f,6.42
affirmative,f,0.61
affleurement,m,0.88
affleurements,m,0.88
affliction,f,2.77
afflictions,f,2.77
affluence,f,2.64
affluent,m,0.95
affluents,m,0.95
afflux,m,2.30
affolement,m,5.34
affouage,m,0.14
affouages,m,0.14
affouillement,m,0.14
affouillements,m,0.14
affranchi,m,1.49
affranchie,f,1.49
affranchies,f,1.49
affranchis,m,1.49
affranchissement,m,0.47
affres,f,2.36
affreux,m,3.78
affront,m,3.85
affrontement,m,4.05
affrontements,m,4.05
affronts,m,3.85
affrètement,m,0.03
affréteur,m,0.07
affublement,m,0.14
affusions,f,0.07
afféterie,f,0.41
afféteries,f,0.41
affût,m,11.35
affûtage,m,0.14
affûteur,m,0.07
affûts,m,11.35
afghan,m,1.12
afghane,f,1.12
afghanes,f,1.12
afghans,m,1.12
aficionado,m,0.68
aficionados,m,0.68
africain,m,4.05
africaine,f,4.05
africaines,f,4.05
africains,m,4.05
africanisme,m,0.10
afrikaans,m,0.05
afro-américain,m,0.95
afro-américaine,f,0.95
afro-américains,m,0.95
afro-cubain,m,0.07
afro-cubaine,f,0.07
after shave,m,0.68
after-shave,m,0.68
aga,m,6.01
agace,f,0.41
agacement,m,7.57
agacements,m,7.57
agacerie,f,0.54
agaceries,f,0.54
agaceur,m,0.07
agames,m,0.01
agami,m,0.07
agapanthe,f,0.07
agapanthes,f,0.07
agape,f,0.68
agapes,f,0.68
agar-agar,m,0.07
agas,m,6.01
agasses,f,0.07
agate,f,1.22
agates,f,1.22
agathe,f,0.14
agave,m,0.47
agaves,m,0.47
age,m,3.37
agence,f,23.15
agencement,m,1.89
agencements,m,1.89
agences,f,23.15
agenda,m,6.08
agendas,m,6.08
agenouillement,m,0.27
agent,m,117.90
agente,f,117.90
agents,m,117.90
ages,m,3.37
aggiornamento,m,0.07
agglo,m,0.07
agglomérat,m,0.47
agglomération,f,2.16
agglomérations,f,2.16
aggloméré,m,0.34
agglomérés,m,0.34
agglutination,f,0.14
agglutinement,m,0.07
agglutinogène,m,0.07
aggravation,f,0.74
aggrave,f,0.01
aggravée,f,0.07
aghas,m,0.07
agilité,f,3.38
agilités,f,3.38
agios,m,0.17
agioteur,m,0.07
agissement,m,1.34
agissements,m,1.34
agit-prop,f,0.10
agitateur,m,1.89
agitateurs,m,1.89
agitation,f,21.35
agitations,f,21.35
agitatrice,f,1.89
agité,m,2.64
agitée,f,2.64
agitées,f,2.64
agités,m,2.64
agnat,m,0.07
agnathes,m,0.07
agneau,m,16.13
agneaux,m,16.13
agnelage,m,0.07
agnelet,m,0.11
agneline,f,0.07
agnelle,f,0.41
agnelles,f,0.41
agnosie,f,0.02
agnus dei,m,0.47
agnus-dei,m,0.07
agonie,f,14.59
agonies,f,14.59
agonisant,m,3.38
agonisante,f,3.38
agonisantes,f,3.38
agonisants,m,3.38
agora,f,0.68
agoraphobie,f,0.23
agouti,m,0.41
agoutis,m,0.41
agoyate,m,0.41
agoyates,m,0.41
agrafage,m,0.03
agrafe,f,2.43
agrafes,f,2.43
agrafeur,m,0.03
agrafeuse,f,0.79
agrafeuses,f,0.79
agrainage,m,0.07
agrandissement,m,1.69
agrandissements,m,1.69
agrandisseur,m,0.27
agrandisseurs,m,0.27
agranulocytose,f,0.01
agresseur,m,6.87
agresseurs,m,6.87
agression,f,12.91
agressions,f,12.91
agressivité,f,5.00
agressivités,f,5.00
agriculteur,m,1.76
agriculteurs,m,1.76
agricultrice,f,1.76
agricultrices,f,1.76
agriculture,f,3.39
agrippement,m,0.07
agroalimentaire,m,0.04
agronomie,f,0.07
agrovilles,f,0.07
agrume,m,0.54
agrumes,m,0.54
agrès,m,1.01
agréable,m,1.62
agréables,m,1.62
agrég,f,0.14
agrégat,m,0.61
agrégatif,m,0.47
agrégatifs,m,0.47
agrégation,f,2.97
agrégative,f,0.07
agrégats,m,0.61
agrégé,m,1.15
agrégée,f,1.15
agrégées,f,1.15
agrégés,m,1.15
agrément,m,7.16
agréments,m,7.16
agréé,m,0.07
aguardiente,f,0.03
aguichage,m,0.01
aguiche,f,0.01
aguicheuse,f,0.14
ahan,m,0.54
ahanement,m,0.34
ahanements,m,0.34
ahans,m,0.54
ahuri,m,3.04
ahurie,f,3.04
ahuris,m,3.04
ahurissement,m,1.82
ahurissements,m,1.82
aide-comptable,m,0.07
aide-cuisinier,m,0.14
aide-jardinier,m,0.07
aide-major,m,0.14
aide-mémoire,m,0.41
aide-ménagère,f,0.27
aide-soignant,m,0.40
aide-soignante,f,0.40
aides-soignantes,f,0.40
aides-soignants,m,0.40
aiglefin,m,0.07
aiglon,m,0.95
aiglons,m,0.95
aigre,m,1.22
aigres,m,1.22
aigrette,f,2.64
aigrettes,f,2.64
aigreur,f,4.32
aigreurs,f,4.32
aigri,m,0.54
aigrie,f,0.54
aigris,m,0.54
aigu,m,3.18
aiguade,f,0.14
aiguail,m,0.27
aigue-marine,f,0.81
aigues-marines,f,0.81
aiguillage,m,2.16
aiguillages,m,2.16
aiguillat,m,0.02
aiguille,f,34.19
aiguilles,f,34.19
aiguillettes,f,0.20
aiguilleur,m,0.41
aiguilleurs,m,0.41
aiguillon,m,2.50
aiguillons,m,2.50
aiguillée,f,0.27
aiguillées,f,0.27
aiguiseur,m,0.04
aiguisoir,m,0.07
aiguière,f,0.27
aigus,m,3.18
ail,m,9.14
aile,f,60.47
aileron,m,1.49
ailerons,m,1.49
ailes,f,60.47
ailette,f,0.54
ailettes,f,0.54
ailier,m,1.40
ailiers,m,1.40
aimant,m,2.97
aimantation,f,0.47
aimants,m,2.97
aimeuse,f,0.07
aine,f,2.77
aines,f,2.77
air,m,690.81
air bag,m,0.02
airain,m,1.69
airbag,m,1.11
airbags,m,1.11
airbus,m,0.01
aire,f,5.54
airedale,m,0.01
airelle,f,1.12
airelles,f,1.12
aires,f,5.54
airs,m,690.81
ais,m,10.14
aisance,f,15.41
aisances,f,15.41
aise,f,52.64
aises,f,52.64
aisseau,m,0.01
aisselle,f,8.99
aisselles,f,8.99
aixois,m,0.14
ajaccienne,f,0.07
ajax,m,0.07
ajonc,m,1.69
ajoncs,m,1.69
ajournement,m,0.47
ajournements,m,0.47
ajours,m,0.14
ajout,m,0.94
ajoute,f,0.27
ajoutes,f,0.27
ajouts,m,0.94
ajouté,m,0.41
ajoutés,m,0.41
ajustage,m,0.14
ajustement,m,0.88
ajustements,m,0.88
ajusteur,m,0.62
ajusteurs,m,0.62
ajusture,f,0.07
ajutage,m,0.10
akkadien,m,0.03
ako,m,0.08
akvavit,m,0.20
alabandines,f,0.07
alacrité,f,0.61
alaise,f,0.07
alambic,m,1.22
alambics,m,1.22
alanguissement,m,0.47
alanguissements,m,0.47
alarme,f,19.29
alarmes,f,19.29
alarmisme,m,0.07
alba,f,0.20
albacore,m,0.09
albanais,m,1.15
albanaise,f,1.15
albatros,m,2.01
albe,m,0.01
albertine,f,0.07
albigeois,m,0.14
albinisme,m,0.02
albugo,m,0.07
album,m,18.38
albumine,f,0.19
albumines,f,0.19
albums,m,18.38
albâtre,m,3.11
albâtres,m,3.11
albène,m,0.07
alcade,m,0.30
alcalde,m,0.05
alcali,m,0.27
alcalinité,f,0.03
alcalis,m,0.27
alcalose,f,0.02
alcaloïde,m,0.16
alcatraz,m,1.09
alcazar,m,1.69
alchimie,f,1.96
alchimies,f,1.96
alcibiade,m,0.01
alcool,m,42.84
alcoolisme,m,1.84
alcools,m,42.84
alcoolémie,f,0.58
alcoomètre,m,0.07
alcootest,m,0.31
alcoran,m,0.07
alcyon,m,0.74
alcyons,m,0.74
alcées,f,0.07
alcôve,f,4.59
alcôves,f,4.59
alde,m,0.22
alderman,m,0.14
aldol,m,0.05
aldéhyde,m,0.07
ale,f,2.10
alentours,m,9.12
aleph,m,0.41
alerte,f,13.45
alertes,f,13.45
alevin,m,0.68
alevins,m,0.68
alexandra,m,0.51
alexandrin,m,1.89
alexandrins,m,1.89
alexie,f,0.01
alexithymie,m,0.03
alezan,m,1.35
alezans,m,1.35
alfa,m,1.01
alfas,m,1.01
alfénides,m,0.07
algarade,f,1.96
algarades,f,1.96
algie,f,0.27
algonquin,m,0.54
algonquines,f,0.54
algorithme,m,0.72
algorithmes,m,0.72
algue,f,12.03
algues,f,12.03
algèbre,f,2.03
algérien,m,5.81
algérienne,f,5.81
algériennes,f,5.81
algériens,m,5.81
alhambra,f,1.76
alibi,m,11.13
alibis,m,11.13
alidade,f,0.07
alignement,m,5.14
alignements,m,5.14
aligot,m,0.03
aligoté,m,0.20
alim,f,0.21
aliment,m,6.62
alimentation,f,5.64
alimentations,f,5.64
aliments,m,6.62
alinéa,m,0.75
alinéas,m,0.75
alise,f,0.07
alises,f,0.07
alisier,m,0.07
alitement,m,0.01
alizé,m,0.68
alizés,m,0.68
aliénation,f,1.49
aliéné,m,2.28
aliénée,f,2.28
aliénés,m,2.28
alkali,m,0.06
allaitement,m,0.29
allant,m,3.04
allegro,m,0.27
allemagne,f,0.27
allemand,m,91.55
allemande,f,91.55
allemandes,f,91.55
allemands,m,91.55
aller,m,17.78
aller-retour,m,2.43
allergie,f,5.00
allergies,f,5.00
allergologie,f,0.14
allergène,m,0.08
allergènes,m,0.08
allers,m,17.78
allers-retours,m,2.43
allez,f,17.78
alliage,m,1.07
alliages,m,1.07
alliance,f,24.73
alliances,f,24.73
allier,m,0.03
alligator,m,2.80
alligators,m,2.80
allitération,f,0.09
allitérations,f,0.09
allium,m,0.02
allié,m,55.34
alliée,f,55.34
alliées,f,55.34
alliés,m,55.34
allobarbital,m,0.07
alloc,f,0.59
allocation,f,3.16
allocations,f,3.16
allochtone,m,0.01
allocs,f,0.59
allocution,f,4.12
allocutions,f,4.12
allogreffe,f,0.01
allonge,f,0.54
allongement,m,0.68
allonges,f,0.54
allopathie,f,0.14
allumage,m,1.75
allume-cigare,m,0.19
allume-cigares,m,0.14
allume-feu,m,0.27
allume-gaz,m,0.20
allumette,f,20.88
allumettes,f,20.88
allumeur,m,1.49
allumeurs,m,1.49
allumeuse,f,1.49
allumeuses,f,1.49
allumoir,m,0.07
allumé,m,1.55
allumée,f,1.55
allumées,f,1.55
allumés,m,1.55
allure,f,65.88
allures,f,65.88
allusion,f,31.15
allusions,f,31.15
alluvion,f,0.95
alluvions,f,0.95
allègement,m,0.20
allèle,m,0.04
allée,f,62.36
allées,f,62.36
allégation,f,1.87
allégations,f,1.87
allégeance,f,1.64
allégeances,f,1.64
allégement,m,0.54
allégements,m,0.54
allégorie,f,2.16
allégories,f,2.16
allégresse,f,11.89
allégresses,f,11.89
alléluia,m,0.99
alléluias,m,0.99
alma,f,0.86
almanach,m,1.89
almanachs,m,1.89
almée,f,0.27
almées,f,0.27
aloi,m,1.89
alopécie,f,0.07
alose,f,0.47
aloses,f,0.47
alouette,f,4.32
alouettes,f,4.32
alourdissement,m,0.14
aloyau,m,0.27
aloès,m,1.15
alpaga,m,1.28
alpage,m,0.81
alpages,m,0.81
alpe,f,0.27
alpenstock,m,0.34
alpes,f,0.27
alpha,m,2.09
alphabet,m,4.73
alphabets,m,4.73
alphabétisation,f,0.30
alpinisme,m,0.67
alsacien,m,3.24
alsacienne,f,3.24
alsaciennes,f,3.24
alsaciens,m,3.24
alstonia,f,0.14
alter ego,m,0.54
altercation,f,1.49
altercations,f,1.49
alternance,f,3.78
alternances,f,3.78
alternateur,m,0.14
alternative,f,5.89
alternatives,f,5.89
altesse,f,12.93
altesses,f,12.93
althaea,f,0.01
altimètre,m,0.75
altimètres,m,0.75
altitude,f,6.96
altitudes,f,6.96
altruisme,m,0.74
altuglas,m,0.07
altération,f,1.49
altérations,f,1.49
altérité,f,0.20
alu,m,1.06
aludes,f,0.14
aluette,f,0.01
aluminium,m,4.32
alun,m,0.74
alunissage,m,0.52
alunissages,m,0.52
alvar,m,0.05
alvéole,m,3.18
alvéoles,m,3.18
alysse,m,0.27
alène,f,0.34
alèse,f,0.61
alèze,f,0.07
aléa,m,1.01
aléas,m,1.01
amabilité,f,5.34
amabilités,f,5.34
amadou,m,1.76
amaigrissement,m,0.54
amalgame,m,2.03
amalgames,m,2.03
aman,m,0.14
amande,f,8.18
amandes,f,8.18
amandier,m,2.23
amandiers,m,2.23
amandine,f,0.07
amandines,f,0.07
amanite,f,0.27
amanites,f,0.27
amant,m,69.59
amante,f,6.76
amantes,f,6.76
amants,m,69.59
amaro,m,2.02
amarrage,m,0.61
amarrages,m,0.61
amarre,f,4.66
amarres,f,4.66
amaryllis,f,1.22
amas,m,9.32
amateur,f,16.15
amateurisme,m,0.34
amateurs,f,16.15
amatrice,f,16.15
amaurose,f,0.07
amazone,f,2.23
amazones,f,2.23
ambages,f,0.88
ambassade,f,15.34
ambassades,f,15.34
ambassadeur,m,33.72
ambassadeurs,m,33.72
ambassadrice,f,33.72
ambassadrices,f,33.72
ambiance,f,12.37
ambiances,f,12.37
ambiguïté,f,3.04
ambiguïtés,f,3.04
ambitieuse,f,1.96
ambitieuses,f,0.20
ambitieux,m,1.96
ambition,f,30.34
ambitions,f,30.34
ambivalence,f,0.41
ambivalences,f,0.41
amble,m,0.47
ambon,m,0.07
ambre,m,4.39
ambroisie,f,0.51
ambulance,f,27.55
ambulances,f,27.55
ambulancier,m,1.69
ambulanciers,m,1.69
ambulancière,f,1.69
ambulancières,f,1.69
ambulant,m,0.47
ambulants,m,0.47
amen,m,3.26
amende,f,9.37
amendement,m,3.75
amendements,m,3.75
amendes,f,9.37
amenuisement,m,0.14
amenée,f,0.07
amer,m,1.35
amerrissage,m,0.16
amers,m,1.35
amertume,f,19.39
amertumes,f,19.39
ameublement,m,0.95
ameublements,m,0.95
amharique,m,0.27
ami,m,747.98
amiante,m,0.82
amibe,f,0.40
amibes,f,0.40
amicale,f,1.62
amicales,f,1.62
amicalités,f,0.07
amidon,m,0.74
amie,f,747.98
amies,f,747.98
amigo,m,6.91
amigos,m,6.91
amincissant,m,0.14
amincissants,m,0.14
amincissement,m,0.14
amine,f,0.01
aminoacides,m,0.02
aminophylline,f,0.01
amiral,m,13.51
amirauté,f,6.96
amirautés,f,6.96
amiraux,m,13.51
amis,m,747.98
amitié,f,77.77
amitiés,f,77.77
ammoniac,m,0.28
ammoniaque,f,0.40
ammonite,f,0.40
ammonitrate,m,0.14
ammonium,m,0.36
amniocentèse,f,0.38
amnios,m,0.04
amnistie,f,2.93
amnisties,f,2.93
amnistié,m,0.07
amnistiée,f,0.07
amnésie,f,3.74
amnésies,f,3.74
amoindrissement,m,0.07
amok,m,0.07
amollissement,m,0.14
amoncellement,m,6.08
amoncellements,m,6.08
amont,m,3.85
amontillado,m,0.29
amoralité,f,0.07
amorce,f,4.59
amorces,f,4.59
amorti,m,0.14
amortis,m,0.14
amortissement,m,0.42
amortisseur,m,0.85
amortisseurs,m,0.85
amorçage,m,0.09
amorçoir,m,0.07
amour,m,458.27
amour-goût,m,0.07
amour-passion,m,0.41
amour-propre,m,6.89
amourette,f,1.15
amourettes,f,1.15
amoureuse,f,23.72
amoureuses,f,23.72
amoureux,m,23.72
amours,m,458.27
amours-propres,m,6.89
amphi,m,1.08
amphibie,m,0.20
amphibien,m,0.20
amphibiens,m,0.20
amphibies,m,0.20
amphigouri,m,0.27
amphigouris,m,0.27
amphis,m,1.08
amphithéâtre,m,2.57
amphithéâtres,m,2.57
amphitrite,f,0.07
amphitryon,m,0.13
amphore,f,1.35
amphores,f,1.35
amphés,m,0.36
amphétamine,f,1.13
amphétamines,f,1.13
ampleur,f,7.57
ampleurs,f,7.57
ampli,m,1.15
ampli-tuner,m,0.01
amplificateur,m,0.29
amplificateurs,m,0.29
amplification,f,0.54
amplifications,f,0.54
amplis,m,1.15
amplitude,f,1.76
ampoule,f,19.12
ampoules,f,19.12
amputation,f,1.62
amputations,f,1.62
amputé,m,0.88
amputés,m,0.88
ampère,m,0.26
ampèremètre,m,0.02
ampères,m,0.26
ampélopsis,m,0.07
ampérage,m,0.01
amulette,f,3.08
amulettes,f,3.08
amure,f,0.27
amures,f,0.27
amuse-bouche,m,0.05
amuse-bouches,m,0.05
amuse-gueule,m,1.23
amuse-gueules,m,1.23
amusement,m,7.30
amusements,m,7.30
amusette,f,1.15
amusettes,f,1.15
amuseur,m,0.34
amuseurs,m,0.34
amygdale,f,1.50
amygdalectomie,f,0.14
amygdalectomies,f,0.14
amygdales,f,1.50
amygdalite,f,0.23
amylase,f,0.09
amyle,m,0.27
amé,m,0.01
amélioration,f,2.87
améliorations,f,2.87
aménagement,m,2.77
aménagements,m,2.77
aménité,f,1.96
aménités,f,1.96
aménorrhée,f,0.28
américain,m,47.43
américaine,f,47.43
américaines,f,47.43
américains,m,47.43
américanisation,f,0.07
américanisme,m,0.14
américanismes,m,0.14
américanité,f,0.07
américano,m,0.27
américanos,m,0.27
américium,m,0.03
amérindien,m,0.14
amérindienne,f,0.14
amérindiens,m,0.14
amérique,f,1.08
améthyste,f,0.81
améthystes,f,0.81
an,m,866.58
ana,m,4.91
anabase,f,0.14
anabolisant,m,0.09
anabolisants,m,0.09
anachorète,m,0.47
anachorètes,m,0.47
anachronisme,m,0.88
anachronismes,m,0.88
anacoluthe,f,0.10
anaconda,m,0.49
anacondas,m,0.49
anaglyphe,m,0.04
anagramme,f,0.60
anagrammes,f,0.60
analeptiques,m,0.01
analgésie,f,0.01
analgésique,m,0.64
analgésiques,m,0.64
analogie,f,2.03
analogies,f,2.03
analogue,m,0.54
analogues,m,0.54
analphabétisme,m,0.20
analysant,m,0.20
analysants,m,0.20
analyse,f,23.26
analyses,f,23.26
analyseur,m,0.45
analyseurs,m,0.45
analysé,m,0.14
analysée,f,0.14
analysées,f,0.14
analytique,f,0.07
anamnèse,f,0.07
anamorphose,f,0.27
ananas,m,3.51
anaphase,f,0.03
anaphylaxie,f,0.06
anarchie,f,4.80
anarchisme,m,0.71
anarcho-syndicalisme,m,0.07
anas,m,0.07
anastomose,f,0.08
anastomoses,f,0.08
anathème,m,1.12
anathèmes,m,1.12
anatidés,m,0.07
anatifes,m,0.07
anatomie,f,4.80
anatomies,f,4.80
ancestralité,f,0.07
anche,f,0.27
anchilops,m,0.07
anchois,m,2.57
anchoïade,f,0.07
ancien,m,29.66
ancienne,f,29.66
anciennes,f,29.66
ancienneté,f,1.55
anciens,m,29.66
ancolie,f,0.07
ancrage,m,0.41
ancre,f,5.81
ancres,f,5.81
anda,m,1.13
andain,m,0.20
andains,m,0.20
andalou,m,1.69
andalous,m,1.69
andalouse,f,1.69
andalouses,f,1.69
andante,m,0.47
andouille,f,6.94
andouiller,m,1.28
andouillers,m,1.28
andouilles,f,6.94
andouillette,f,0.74
andouillettes,f,0.74
andrinople,f,0.20
androgynie,f,0.07
androgènes,m,0.01
andropause,f,0.23
androïde,m,0.82
androïdes,m,0.82
anecdote,f,12.91
anecdotes,f,12.91
anecdotier,m,0.01
anesthésiant,m,0.44
anesthésiants,m,0.44
anesthésie,f,3.74
anesthésies,f,3.74
anesthésique,m,0.47
anesthésiques,m,0.47
aneth,m,0.61
anfractuosité,f,1.28
anfractuosités,f,1.28
ange,m,69.27
angelot,m,1.49
angelots,m,1.49
anges,m,69.27
angevine,f,0.14
angevins,m,0.14
angine,f,2.57
angines,f,2.57
angiocholite,f,0.01
angiographie,f,0.32
angiome,m,0.13
angioplastie,f,0.19
anglais,m,79.53
anglaise,f,79.53
anglaises,f,79.53
angle,m,57.64
angles,m,57.64
angleterre,f,0.47
anglican,m,0.07
anglicane,f,0.07
anglicans,m,0.07
anglicisation,f,0.07
anglicismes,m,0.07
anglo-américains,m,0.20
anglo-arabe,m,0.07
anglo-saxon,m,3.72
anglo-saxons,m,3.72
anglomanie,f,0.07
anglophobie,f,0.07
angoisse,f,68.99
angoisses,f,68.99
angoissé,m,1.22
angoissée,f,1.22
angoissées,f,1.22
angoissés,m,1.22
angolais,m,0.10
angon,m,0.41
angor,m,0.01
angora,m,0.47
angoras,m,0.47
angström,m,0.20
anguille,f,4.32
anguilles,f,4.32
anguillules,f,0.07
anguis,m,0.07
angulosité,f,0.07
angustura,f,0.27
angéite,f,0.01
angélique,f,0.81
angéliques,f,0.81
angélisme,m,0.47
angélus,m,1.28
anhydride,m,0.07
anhélations,f,0.07
anicroche,f,0.74
anicroches,f,0.74
aniline,f,0.27
animal,m,82.64
animal-roi,m,0.07
animalcule,m,0.14
animalerie,f,0.42
animalier,m,0.14
animaliers,m,0.14
animalité,f,1.42
animateur,m,2.72
animateurs,m,2.72
animation,f,8.31
animations,f,8.31
animatrice,f,2.72
animatrices,f,2.72
animaux,m,82.64
animaux-espions,m,0.01
animisme,m,0.07
animosité,f,2.64
animosités,f,2.64
animus,m,0.02
anis,m,2.50
anisette,f,1.15
anisettes,f,1.15
anisé,m,0.07
ankh,m,0.07
ankylose,f,0.95
ankyloses,f,0.95
annales,f,1.76
anneau,m,21.61
anneaux,m,21.61
annelets,m,0.07
annelures,f,0.07
annexe,f,2.97
annexes,f,2.97
annexion,f,0.74
annexions,f,0.74
annihilation,f,0.46
anniv,m,0.26
anniversaire,m,82.79
anniversaires,m,82.79
annonce,f,23.76
annonces,f,23.76
annonceur,m,0.58
annonceurs,m,0.58
annonceuse,f,0.58
annonciateur,m,0.34
annonciateurs,m,0.34
annonciation,f,0.61
annonciations,f,0.61
annonciatrices,f,0.34
annotation,f,0.88
annotations,f,0.88
annuaire,m,4.56
annuaires,m,4.56
annulaire,m,2.64
annulation,f,2.46
annulations,f,2.46
année,f,375.54
année-lumière,f,1.16
années,f,375.54
années-homme,f,0.01
années-lumière,f,1.16
anoblissement,m,0.14
anode,f,0.02
anomalie,f,3.96
anomalies,f,3.96
anomoure,m,0.07
anonymat,m,3.04
anonymographe,m,0.14
anophèle,m,0.01
anorak,m,0.88
anoraks,m,0.88
anorexie,f,0.88
anorexies,f,0.88
anormal,m,2.16
anormale,f,2.16
anormales,f,2.16
anormalité,f,0.20
anormaux,m,2.16
anosmie,f,0.07
anoxie,f,0.09
ans,m,866.58
anse,f,6.08
anses,f,6.08
antagonisme,m,1.55
antagonismes,m,1.55
antalgique,m,0.50
antalgiques,m,0.50
antan,m,4.86
ante,f,1.12
antenne,f,11.59
antennes,f,11.59
anthologie,f,0.81
anthologies,f,0.81
anthonome,m,0.01
anthracine,m,0.04
anthracite,m,1.82
anthracites,m,1.82
anthracose,f,0.01
anthracène,m,0.01
anthraquinone,f,0.01
anthrax,m,1.26
anthropologie,f,0.78
anthropomorphisme,m,0.34
anthropométrie,f,0.27
anthropophagie,f,0.61
anthropopithèque,m,0.14
anthropopithèques,m,0.14
anti-acné,f,0.02
anti-agression,f,0.07
anti-allergie,f,0.01
anti-apartheid,m,0.07
anti-avortement,m,0.12
anti-aérien,m,0.07
anti-beauf,m,0.01
anti-bison,m,0.07
anti-blindage,m,0.04
anti-blouson,m,0.07
anti-bombe,f,0.10
anti-bombes,f,0.10
anti-bosons,m,0.04
anti-braquage,m,0.01
anti-brouillard,m,0.07
anti-bruit,m,0.16
anti-cancer,m,0.04
anti-cellulite,f,0.01
anti-chambre,f,0.14
anti-chambres,f,0.14
anti-char,m,0.20
anti-chars,m,0.20
anti-chiens,m,0.07
anti-cité,f,0.07
anti-civilisation,f,0.07
anti-club,m,0.02
anti-colère,f,0.01
anti-communisme,m,0.14
anti-conformisme,m,0.14
anti-corps,m,0.08
anti-corruption,f,0.04
anti-crash,m,0.01
anti-crime,m,0.03
anti-criminalité,f,0.01
anti-dauphins,m,0.01
anti-desperado,m,0.01
anti-dieu,m,0.03
anti-discrimination,f,0.02
anti-dopage,m,0.06
anti-douleur,f,0.46
anti-douleurs,f,0.46
anti-drague,f,0.01
anti-drogue,f,0.42
anti-drogues,f,0.42
anti-débauche,f,0.07
anti-démon,m,0.04
anti-espionnes,f,0.01
anti-establishment,m,0.02
anti-existence,f,0.07
anti-explosion,f,0.04
anti-fantômes,m,0.02
anti-femme,f,0.01
anti-flingage,m,0.07
anti-flip,m,0.07
anti-frigo,m,0.07
anti-fusées,f,0.20
anti-gang,m,0.33
anti-gel,m,0.05
anti-gerce,f,0.01
anti-gouvernement,m,0.10
anti-graffiti,m,0.01
anti-gravité,f,0.06
anti-grimaces,f,0.01
anti-hannetons,m,0.07
anti-immigration,f,0.02
anti-incendie,m,0.16
anti-inertie,f,0.01
anti-inflammatoire,m,0.07
anti-insecte,m,0.07
anti-insectes,m,0.07
anti-instinct,m,0.07
anti-intimité,f,0.04
anti-japon,m,0.07
anti-mafia,f,0.07
anti-maison,f,0.14
anti-manipulation,f,0.01
anti-manoir,m,0.07
anti-mariage,m,0.03
anti-matière,f,0.09
anti-matières,f,0.09
anti-mecs,m,0.02
anti-missiles,m,0.03
anti-mite,f,0.14
anti-mites,f,0.14
anti-monde,m,0.07
anti-moustique,m,0.58
anti-moustiques,m,0.58
anti-médicaments,m,0.01
anti-météorites,f,0.20
anti-nausée,f,0.01
anti-navire,m,0.01
anti-nucléaires,m,0.01
anti-odeur,f,0.14
anti-odeurs,f,0.14
anti-origine,f,0.07
anti-panache,m,0.07
anti-particule,f,0.01
anti-pasteur,m,0.07
anti-piratage,m,0.01
anti-poison,m,0.14
anti-poisse,f,0.07
anti-pollution,f,0.04
anti-poux,m,0.04
anti-puces,f,0.14
anti-racket,m,0.06
anti-radiations,f,0.08
anti-rapt,m,0.07
anti-reflets,m,0.07
anti-rejet,m,0.20
anti-religion,f,0.01
anti-rhume,m,0.02
anti-rides,f,0.06
anti-romain,m,0.07
anti-rouille,f,0.01
anti-sida,m,0.02
anti-société,f,0.07
anti-somnolence,f,0.01
anti-souffle,m,0.03
anti-stress,m,0.35
anti-sémitisme,m,0.08
anti-taches,f,0.15
anti-tank,m,0.03
anti-tapisserie,f,0.07
anti-temps,m,0.27
anti-tension,f,0.01
anti-terrorisme,m,0.53
anti-tornades,f,0.01
anti-toux,f,0.01
anti-truie,f,0.01
anti-trusts,m,0.02
anti-venin,m,0.18
anti-vieillissement,m,0.04
anti-viol,m,0.09
anti-violence,f,0.01
anti-virus,m,0.09
anti-vol,m,0.36
anti-vols,m,0.36
anti-évasion,f,0.01
antiaméricanisme,m,0.07
antibiotique,m,5.22
antibiotiques,m,5.22
antibois,m,0.14
antibolchevisme,m,0.14
anticatalyseurs,m,0.07
antichambre,f,8.58
antichambres,f,8.58
antichristianisme,m,0.07
anticipation,f,2.23
anticipations,f,2.23
anticléricalisme,m,0.34
anticoagulant,m,0.21
anticoagulants,m,0.21
anticolonialisme,m,0.07
anticommunisme,m,0.88
anticonformisme,m,0.07
anticorps,m,1.35
anticyclone,m,0.07
antidote,m,4.48
antidotes,m,4.48
antidreyfusard,m,0.14
antidreyfusards,m,0.14
antidreyfusisme,m,0.07
antidémarrage,m,0.01
antidépresseur,m,0.98
antidépresseurs,m,0.98
antidérapant,m,0.07
antienne,f,1.62
antiennes,f,1.62
antifading,m,0.07
antifascisme,m,0.07
antifongique,m,0.03
antiféminisme,m,0.07
antigel,m,0.20
antigermanisme,m,0.07
antigravitation,f,0.01
antigravité,f,0.01
antigrippe,f,0.16
antigène,m,0.34
antigènes,m,0.34
antihistaminique,m,0.25
antihistaminiques,m,0.25
antihéros,m,0.04
antillais,m,4.12
antillaise,f,4.12
antillaises,f,4.12
antilope,f,2.16
antilopes,f,2.16
antimatière,f,0.14
antimilitarisme,m,0.34
antimissiles,m,0.06
antimite,m,0.61
antimites,m,0.61
antimitotiques,m,0.01
antimoine,m,0.27
antinazis,m,0.01
antinomie,f,0.34
antinomies,f,0.34
antioxydant,m,0.05
antioxydants,m,0.05
antipape,m,0.14
antipapes,m,0.14
antiparasite,m,0.14
antiparasites,m,0.14
antipathie,f,1.82
antipathies,f,1.82
antiphonaires,m,0.14
antiphrase,f,0.34
antipode,m,2.43
antipodes,m,2.43
antipoisons,m,0.07
antiproton,m,0.07
antiprotons,m,0.07
antiprotéase,f,0.01
antipsychiatrie,f,0.14
antipsychotique,m,0.10
antipsychotiques,m,0.10
antiquaille,f,0.41
antiquailleries,f,0.07
antiquailles,f,0.41
antiquark,m,0.01
antiquité,f,6.55
antiquités,f,6.55
antiracisme,m,0.11
antirouille,m,0.01
antisepsie,f,0.07
antiseptique,m,0.17
antiseptiques,m,0.17
antisocial,m,0.10
antisoviétisme,m,0.07
antispasmodique,m,0.02
antistaliniens,m,0.07
antisémitisme,m,1.62
antisérum,m,0.09
antiterrorisme,m,0.01
antithèse,f,0.88
antithèses,f,0.88
antitout,m,0.07
antitoxine,f,0.08
antituberculeux,m,0.14
antiviral,m,0.16
antiviraux,m,0.16
antivirus,m,0.66
antivol,m,0.30
antiémétique,m,0.01
antonomase,f,0.07
antonyme,m,0.14
antonymes,m,0.14
antre,m,4.66
antres,m,4.66
antéchrist,m,2.89
antéchrists,m,2.89
antécédent,m,5.71
antécédents,m,5.71
antépénultième,f,0.20
antépénultièmes,f,0.20
anus,m,1.82
anuscopie,f,0.01
anxieuse,f,0.49
anxieux,m,0.49
anxiolytique,m,0.28
anxiolytiques,m,0.28
anxiété,f,10.27
anxiétés,f,10.27
anya,m,0.26
anéantissement,m,3.38
anéantissements,m,3.38
anémie,f,1.31
anémomètre,m,0.14
anémone,f,3.45
anémones,f,3.45
anévrisme,m,1.33
anévrismes,m,1.33
aoriste,m,0.07
aorte,f,1.16
aouls,m,0.07
août,m,49.66
aoûtat,m,0.08
aoûtien,m,0.07
apaisement,m,7.23
apaisements,m,7.23
apanage,m,1.22
apanages,m,1.22
apartheid,m,0.53
aparté,m,1.69
apartés,m,1.69
apathie,f,1.49
apax,m,0.07
ape,m,0.23
aperceptions,f,0.14
aperçu,m,2.57
aperçus,m,2.57
apes,m,0.23
apesanteur,f,0.93
apex,m,0.33
aphaniptères,m,0.07
aphasie,f,0.27
aphonie,f,0.14
aphorisme,m,0.88
aphorismes,m,0.88
aphrodisiaque,m,1.27
aphrodisiaques,m,1.27
aphrodisie,f,0.14
aphrodite,f,0.01
aphtes,m,0.05
aphérèse,f,0.07
api,m,0.20
apiculteur,m,0.10
apiculteurs,m,0.10
apicultrice,f,0.10
apiculture,f,0.04
apion,m,0.07
apis,m,0.01
apitoiement,m,0.61
aplanissement,m,0.34
aplasie,f,0.01
aplat,m,0.27
aplatissement,m,0.54
aplatissements,m,0.54
aplats,m,0.27
aplomb,m,9.05
aplombs,m,9.05
apnée,f,0.60
apocalypse,f,6.35
apocalypses,f,6.35
apocope,f,0.01
apocryphe,m,0.14
apocryphes,m,0.14
apogée,m,1.76
apolitisme,m,0.07
apollon,m,0.14
apollons,m,0.14
apologie,f,1.22
apologue,m,0.61
aponévroses,f,0.07
apophtegmes,m,0.20
apoplexie,f,0.95
apoplexies,f,0.95
apoptose,f,0.03
apostasie,f,0.41
apostat,m,0.46
apostate,f,0.46
apostats,m,0.46
apostolat,m,1.08
apostrophe,f,1.76
apostrophes,f,1.76
apostume,m,0.07
apothicaire,m,1.28
apothicairerie,f,0.07
apothicaires,m,1.28
apothéose,f,4.26
apothéoses,f,4.26
apparat,m,4.86
apparatchik,m,0.34
apparatchiks,m,0.34
apparats,m,4.86
apparaux,m,0.20
appareil,m,51.53
appareil-photo,m,0.32
appareillage,m,1.89
appareillages,m,1.89
appareils,m,51.53
apparence,f,48.51
apparences,f,48.51
apparentement,m,0.07
appariteur,m,0.61
appariteurs,m,0.61
apparition,f,32.64
apparitions,f,32.64
appart,m,18.07
appartement,m,99.26
appartement-roi,m,0.07
appartements,m,99.26
appartenance,f,3.45
appartenances,f,3.45
apparts,m,18.07
appas,m,0.95
appauvrissement,m,0.74
appeau,m,0.41
appeaux,m,0.41
appel,m,100.18
appelant,m,0.54
appelants,m,0.54
appeleur,m,0.07
appellation,f,3.31
appellations,f,3.31
appels,m,100.18
appelé,m,3.65
appelés,m,3.65
appendice,m,1.96
appendicectomie,f,0.25
appendices,m,1.96
appendicite,f,1.75
appentis,m,2.64
appesantissement,m,0.07
applaudimètre,m,0.02
applaudissement,m,9.26
applaudissements,m,9.26
applaudisseur,m,0.01
applicabilité,f,0.02
applicateur,m,0.28
application,f,15.88
applications,f,15.88
applique,f,1.35
appliques,f,1.35
appoggiature,f,0.07
appoggiatures,f,0.07
appoint,m,1.76
appointements,m,0.74
appontage,m,0.20
appontement,m,0.47
apport,m,1.82
apports,m,1.82
apposition,f,0.14
apprenant,m,0.20
apprenti,m,17.64
apprenti-pilote,m,0.02
apprenti-sorcier,m,0.14
apprentie,f,17.64
apprenties,f,17.64
apprentis,m,17.64
apprentissage,m,10.47
apprentissages,m,10.47
approbation,f,9.80
approbations,f,9.80
approche,f,28.03
approches,f,28.03
approfondissement,m,0.02
appropriation,f,0.34
appropriations,f,0.34
approvisionnement,m,2.57
approvisionnements,m,2.57
approximation,f,1.35
approximations,f,1.35
appréciateur,m,0.54
appréciation,f,3.99
appréciations,f,3.99
appréciatrice,f,0.54
appréhension,f,10.20
appréhensions,f,10.20
apprêt,m,1.42
apprêts,m,1.42
appui,m,30.81
appui-main,m,0.14
appui-tête,m,0.01
appuie-tête,m,0.14
appuis,m,30.81
appât,m,6.74
appâts,m,6.74
appétence,f,0.34
appétences,f,0.34
appétit,m,26.76
appétits,m,26.76
aprèm,f,1.35
aprème,f,1.35
après-coup,m,0.02
après-déjeuner,m,0.07
après-dîner,m,0.74
après-dîners,m,0.74
après-mort,f,0.07
après-rasage,m,0.45
après-repas,m,0.07
après-shampoing,m,0.04
après-shampooing,m,0.07
après-ski,m,0.20
aptitude,f,4.59
aptitudes,f,4.59
apéritif,m,9.46
apéritifs,m,9.46
apéro,m,4.05
apéros,m,4.05
apôtre,m,6.28
apôtres,m,6.28
aquaculture,f,0.01
aquagym,f,0.04
aquaplane,m,0.07
aquarelle,f,8.85
aquarelles,f,8.85
aquariophilie,f,0.03
aquarium,m,5.88
aquariums,m,5.88
aquatinte,f,0.10
aquavit,m,0.18
aqueduc,m,1.15
aqueducs,m,1.15
aquilon,m,0.54
aquilons,m,0.54
ara,m,0.85
arabesque,f,4.53
arabesques,f,4.53
arabica,m,0.27
arabicas,m,0.27
arabisants,m,0.27
arac,m,0.03
arachide,f,0.61
arachides,f,0.61
arachnide,m,0.39
arachnides,m,0.39
arachnoïde,f,0.14
arachnoïdes,f,0.14
aragonais,m,0.20
aragonite,f,0.01
araigne,f,0.07
araignée,f,18.20
araignée-crabe,f,0.07
araignées,f,18.20
araire,m,0.01
arak,m,0.41
araldite,m,0.01
aralia,m,0.07
aramon,m,0.41
araméen,m,0.45
arapèdes,m,0.20
aras,m,0.85
araucan,m,0.07
araucaria,m,0.54
araucarias,m,0.54
arbalète,f,1.55
arbalètes,f,1.55
arbalétrier,m,0.88
arbalétriers,m,0.88
arbi,m,0.27
arbis,m,0.27
arbitrage,m,0.88
arbitrages,m,0.88
arbitraire,m,1.96
arborescence,f,0.20
arborescences,f,0.20
arboretum,m,0.09
arboriculteur,m,0.01
arboriculture,f,0.07
arborisations,f,0.07
arbouse,f,0.41
arbouses,f,0.41
arbousiers,m,0.41
arbre,m,208.58
arbres,m,208.58
arbres-refuges,m,0.07
arbrisseau,m,1.28
arbrisseaux,m,1.28
arbuste,m,7.30
arbustes,m,7.30
arc,m,17.30
arc-boutant,m,0.54
arc-boutants,m,0.54
arc-boutement,m,0.07
arc-en-ciel,m,4.46
arcade,f,12.36
arcades,f,12.36
arcadiens,m,0.01
arcan,m,0.74
arcane,m,1.35
arcanes,m,1.35
arcans,m,0.74
arcatures,f,0.07
arceau,m,3.04
arceaux,m,3.04
archange,m,4.46
archanges,m,4.46
archaïsant,m,0.07
archaïsme,m,0.54
arche,f,7.16
archer,m,3.77
archers,m,3.77
arches,f,7.16
archet,m,2.30
archets,m,2.30
archevêché,m,1.08
archevêchés,m,1.08
archevêque,m,6.28
archevêques,m,6.28
archi,m,0.75
archi-duchesse,f,4.46
archi-mortels,m,0.01
archi-morts,f,0.07
archi-méfiance,f,0.07
archi-nul,m,0.01
archi-nuls,m,0.23
archi-plein,m,0.07
archi-prudent,m,0.07
archi-ringard,m,0.07
archiatre,m,0.20
archidiacre,m,0.26
archidiocèse,m,0.19
archiduc,m,4.46
archiduchesse,f,4.46
archiducs,m,4.46
archie,m,0.01
archimandrite,m,0.61
archipel,m,3.85
archipels,m,3.85
archiprêtre,m,0.95
architecte,f,9.98
architectes,f,9.98
architectonie,f,0.14
architecture,f,12.23
architectures,f,12.23
architrave,f,0.20
archivage,m,0.06
archive,f,9.42
archives,f,9.42
archivolte,f,0.41
archivoltes,f,0.41
archonte,m,0.14
archères,f,3.77
archéologie,f,1.69
archéoptéryx,m,0.20
archétype,m,0.88
archétypes,m,0.88
arcs,m,17.30
arcs-boutants,m,0.54
arcs-en-ciel,m,4.46
ardennais,m,0.34
ardennaise,f,0.34
ardent,m,1.69
ardents,m,1.69
ardeur,f,25.74
ardeurs,f,25.74
ardillon,m,0.68
ardillons,m,0.68
ardin,m,0.07
ardoise,f,9.80
ardoises,f,9.80
ardoisière,f,0.07
ardéchois,m,0.07
are,m,15.80
area,f,0.12
arec,m,0.27
ares,m,15.80
arganier,m,0.34
arganiers,m,0.34
argans,m,0.07
argent,m,515.10
argenterie,f,3.99
argenteries,f,3.99
argentier,m,0.41
argentin,m,1.83
argentines,f,1.83
argentins,m,1.83
argenton,m,0.07
argents,m,515.10
argile,f,9.66
argiles,f,9.66
argilière,f,0.02
argol,m,0.14
argon,m,0.38
argonaute,m,0.10
argot,m,4.86
argots,m,4.86
argousin,m,1.35
argousins,m,1.35
argument,m,18.18
argumentaire,m,0.13
argumentateur,m,0.01
argumentatif,m,0.02
argumentation,f,0.88
argumentations,f,0.88
arguments,m,18.18
argus,m,0.68
argutie,f,0.54
arguties,f,0.54
aria,m,0.81
arianisme,m,0.07
arias,m,0.81
aridité,f,1.55
arien,m,0.07
ariens,m,0.07
ariettes,f,0.07
arioso,m,0.14
aristarque,m,0.14
aristarques,m,0.14
aristocratie,f,3.92
aristocratisme,m,0.07
aristoloche,f,0.14
aristoloches,f,0.14
arithmomètre,m,0.07
arithmétique,f,2.23
ariégeois,m,0.07
arkose,f,0.14
arlequin,m,0.47
arlequins,m,0.47
arlésien,m,0.14
arlésienne,f,0.20
arlésiennes,f,0.14
armada,f,1.35
armadas,f,1.35
armadille,f,0.07
armagnac,m,0.74
armagnacs,m,0.74
armateur,m,2.30
armateurs,m,2.30
armature,f,2.91
armatures,f,2.91
arme,f,220.22
arme-miracle,f,0.10
armement,m,9.80
armements,m,9.80
armes,f,220.22
armistice,m,15.54
armistices,m,15.54
armoire,f,45.54
armoires,f,45.54
armoirie,f,1.89
armoiries,f,1.89
armoise,f,0.38
armoises,f,0.38
armon,m,0.01
armorial,m,0.34
armure,f,8.11
armurerie,f,0.94
armureries,f,0.94
armures,f,8.11
armurier,m,1.69
armuriers,m,1.69
armée,f,146.55
armées,f,146.55
arménien,m,0.34
arménienne,f,0.34
arméniens,m,0.34
arméria,f,0.14
armérias,f,0.14
arnaque,f,6.27
arnaques,f,6.27
arnaqueur,m,1.47
arnaqueurs,m,1.47
arnaqueuse,f,1.47
arobase,f,0.14
aromate,m,0.88
aromates,m,0.88
aromathérapie,f,0.18
aromatiques,m,0.01
aronde,f,0.47
arousal,m,0.07
arpent,m,0.95
arpentage,m,0.27
arpentages,m,0.27
arpenteur,m,1.49
arpenteurs,m,1.49
arpents,m,0.95
arpion,m,1.08
arpions,m,1.08
arpège,m,1.49
arpèges,m,1.49
arquebusade,f,0.14
arquebuse,f,8.72
arquebuses,f,8.72
arquebusiers,m,0.40
arrachage,m,0.27
arrache-clou,m,0.07
arrachement,m,3.11
arrachements,m,3.11
arracheur,m,0.74
arracheurs,m,0.74
arracheuse,f,0.74
arracheuses,f,0.74
arrachures,f,0.07
arraché,m,1.08
arrachés,m,1.08
arrangement,m,10.23
arrangements,m,10.23
arrangeur,m,0.10
arrangeurs,m,0.10
arrestation,f,20.59
arrestations,f,20.59
arrhes,f,0.41
arrimage,m,0.61
arrivage,m,1.96
arrivages,m,1.96
arrivant,m,5.07
arrivante,f,5.07
arrivants,m,5.07
arrivisme,m,0.27
arrivé,m,2.52
arrivée,f,80.00
arrivées,f,80.00
arrivés,m,2.52
arrière,m,95.00
arrière-automne,m,0.14
arrière-ban,m,0.20
arrière-boutique,f,6.35
arrière-boutiques,f,6.35
arrière-cabinets,m,0.07
arrière-cour,f,1.35
arrière-cours,f,1.35
arrière-cousin,m,0.12
arrière-cuisine,f,0.14
arrière-cuisines,f,0.14
arrière-fond,m,0.95
arrière-garde,f,2.03
arrière-gardes,f,2.03
arrière-gorge,f,0.27
arrière-goût,m,1.28
arrière-goûts,m,1.28
arrière-grand-mère,f,2.57
arrière-grand-mères,f,2.57
arrière-grand-oncle,m,0.41
arrière-grand-père,m,4.12
arrière-grand-tante,f,0.20
arrière-grand-tantes,f,0.20
arrière-grands-mères,f,2.57
arrière-grands-parents,m,1.08
arrière-grands-pères,m,4.12
arrière-loge,m,0.07
arrière-magasin,m,0.07
arrière-monde,m,0.14
arrière-neveux,m,0.07
arrière-pays,m,1.15
arrière-pensée,f,5.95
arrière-pensées,f,5.95
arrière-petit-fils,m,0.61
arrière-petit-neveu,m,0.27
arrière-petite-fille,f,0.81
arrière-petite-nièce,f,0.14
arrière-petites-filles,f,0.81
arrière-petites-nièces,f,0.14
arrière-petits-enfants,m,0.36
arrière-petits-fils,m,0.41
arrière-petits-neveux,m,0.07
arrière-plan,m,2.70
arrière-plans,m,2.70
arrière-saison,f,1.22
arrière-salle,f,2.36
arrière-salles,f,2.36
arrière-train,m,1.69
arrière-trains,m,1.69
arrières,m,95.00
arriération,f,0.27
arriéré,m,2.03
arriérée,f,2.03
arriérés,m,2.03
arrogance,f,3.92
arrogant,m,1.12
arrogante,f,1.12
arrogantes,f,1.12
arrogants,m,1.12
arroi,m,0.68
arrondi,m,3.11
arrondis,m,3.11
arrondissement,m,8.38
arrondissements,m,8.38
arrosage,m,1.89
arroseur,m,0.47
arroseurs,m,0.47
arroseuse,f,0.47
arroseuses,f,0.47
arrosoir,m,3.58
arrosoirs,m,3.58
arrérages,m,0.20
arrêt,m,53.92
arrêt-buffet,m,0.07
arrête-boeuf,m,0.07
arrêts,m,53.92
arrêts-buffet,m,0.07
arrêté,m,3.04
arrêtés,m,3.04
ars,m,0.94
arsenal,m,5.74
arsenaux,m,5.74
arsenic,m,1.22
art,m,91.49
artefact,m,0.67
artefacts,m,0.67
arthrite,f,1.75
arthrites,f,1.75
arthrodèse,f,0.14
arthropathie,f,0.01
arthroplastie,f,0.01
arthropodes,m,0.07
arthroscopie,f,0.01
arthrose,f,0.86
arthroses,f,0.86
artichaut,m,2.57
artichauts,m,2.57
artiche,m,1.82
article,m,50.34
article-choc,m,0.07
articles,m,50.34
articulation,f,6.01
articulations,f,6.01
articulet,m,0.14
articulé,m,0.20
articulés,m,0.20
artifice,m,10.95
artifices,m,10.95
artificialité,f,0.01
artificier,m,1.35
artificiers,m,1.35
artiflot,m,0.34
artiflots,m,0.34
artillerie,f,17.36
artilleur,m,8.45
artilleurs,m,8.45
artimon,m,0.22
artisan,m,10.74
artisanat,m,1.15
artisane,f,10.74
artisans,m,10.74
artison,m,0.07
arts,m,91.49
artère,f,7.09
artères,f,7.09
artéfact,m,0.13
artériectomie,f,0.07
artériographie,f,0.09
artériole,f,0.14
artérioles,f,0.14
artériopathie,f,0.16
artériosclérose,f,0.27
artérite,f,0.07
arum,m,0.61
arums,m,0.61
aruspice,m,0.15
aruspices,m,0.15
aryen,m,0.20
aryenne,f,0.20
aryennes,f,0.20
aryens,m,0.20
arythmie,f,0.64
arzels,m,0.07
arçon,m,0.95
arçons,m,0.95
arène,f,5.54
arènes,f,5.54
aréflexie,f,0.02
aréna,m,0.05
aréole,f,0.54
aréoles,f,0.54
aréopage,m,1.08
aréopages,m,1.08
aréopagite,m,0.07
aréquier,m,0.14
arétin,m,0.07
arête,f,10.81
arêtes,f,10.81
arôme,m,2.70
arômes,m,2.70
as,m,18.80
as-rois,m,0.01
asa,m,0.02
asana,f,0.02
asbeste,m,0.01
asbestose,f,0.01
ascaris,m,0.20
ascendance,f,2.23
ascendances,f,2.23
ascendant,m,3.18
ascendants,m,3.18
ascenseur,m,25.88
ascenseurs,m,25.88
ascension,f,8.04
ascensions,f,8.04
ascite,f,0.04
asclépias,m,0.14
ascèse,f,1.35
ascèses,f,1.35
ascétisme,m,0.74
asdic,m,0.10
ase,f,18.80
asepsie,f,0.07
aseptisation,f,0.14
asexualité,f,0.01
ashram,m,0.16
asile,m,26.56
asiles,m,26.56
asociabilité,f,0.07
asocial,m,0.54
asociale,f,0.54
asociaux,m,0.54
asparagus,m,0.41
aspartam,m,0.07
aspartame,m,0.01
aspect,m,41.28
aspects,m,41.28
asperge,f,8.65
asperges,f,8.65
aspergillose,f,0.02
aspergillus,m,0.07
aspersion,f,0.68
aspersions,f,0.68
asphalte,m,6.89
asphodèle,m,0.61
asphodèles,m,0.61
asphyxie,f,1.35
aspic,m,1.08
aspics,m,1.08
aspidistra,m,0.41
aspidistras,m,0.41
aspirant,m,1.82
aspirante,f,1.82
aspirants,m,1.82
aspirateur,m,4.52
aspirateurs,m,4.52
aspirateurs-traîneaux,m,0.07
aspiration,f,6.22
aspirations,f,6.22
aspirine,f,9.18
aspirines,f,9.18
aspre,f,0.07
aspérité,f,2.77
aspérités,f,2.77
assa-foetida,f,0.27
assaillant,m,3.72
assaillants,m,3.72
assainissement,m,0.34
assaisonnement,m,0.52
assaisonnements,m,0.52
assassin,m,55.37
assassinat,m,12.16
assassinats,m,12.16
assassins,m,55.37
assaut,m,32.16
assauts,m,32.16
asse,f,0.66
asseau,m,0.03
assemblage,m,5.88
assemblages,m,5.88
assembleur,m,0.14
assembleurs,m,0.14
assemblée,f,35.14
assemblées,f,35.14
assentiment,m,3.45
assentiments,m,3.45
assertion,f,1.42
assertions,f,1.42
asservissement,m,1.15
asservissements,m,1.15
assesseur,m,1.28
assesseurs,m,1.28
assiduité,f,1.82
assiduités,f,1.82
assiette,f,56.62
assiettes,f,56.62
assiettée,f,0.95
assiettées,f,0.95
assignation,f,1.68
assignations,f,1.68
assignats,m,0.15
assignement,m,0.01
assimilation,f,1.49
assimilations,f,1.49
assimilée,f,0.34
assimilés,m,0.34
assise,f,9.66
assises,f,9.66
assistanat,m,0.14
assistance,f,20.00
assistances,f,20.00
assistant,m,31.93
assistante,f,31.93
assistantes,f,31.93
assistants,m,31.93
assisté,m,0.47
assistés,m,0.47
assiégeant,m,0.95
assiégeants,m,0.95
assiégé,m,1.89
assiégée,f,1.89
assiégées,f,1.89
assiégés,m,1.89
association,f,12.02
associations,f,12.02
associé,m,22.51
associée,f,22.51
associées,f,22.51
associés,m,22.51
assombrissement,m,0.14
assommeur,m,0.14
assommoir,m,0.68
assommoirs,m,0.68
assomption,f,0.47
assomptions,f,0.47
assonance,f,0.27
assonances,f,0.27
assortiment,m,2.23
assortiments,m,2.23
assoupissement,m,1.01
assouplissant,m,0.03
assouplissement,m,0.54
assouplissements,m,0.54
assourdissement,m,0.14
assouvissement,m,1.22
assujettissement,m,0.34
assurage,m,0.02
assurance,f,33.24
assurance-accidents,f,0.10
assurance-chômage,f,0.01
assurance-maladie,f,0.07
assurance-vie,f,1.32
assurances,f,33.24
assurances-vie,f,1.32
assureur,m,1.93
assureur-conseil,m,0.07
assureurs,m,1.93
assuré,m,2.03
assurée,f,2.03
assurés,m,2.03
assuétude,f,0.01
assyrien,m,0.14
assyriens,m,0.14
assèchement,m,0.47
astarté,f,0.07
aste,f,0.02
aster,m,0.47
asters,m,0.47
asthme,m,3.18
asthmes,m,3.18
asthénie,f,0.47
asthénies,f,0.47
asti,m,0.20
astic,m,0.07
asticot,m,2.23
asticotages,m,0.07
asticots,m,2.23
astigmatisme,m,0.07
astiquage,m,0.47
astiqueur,m,0.01
astragale,m,0.47
astragales,m,0.47
astrakan,m,1.69
astre,m,12.30
astreinte,f,0.07
astreintes,f,0.07
astres,m,12.30
astringent,m,0.02
astrochimie,f,0.04
astrolabe,m,0.14
astrolabes,m,0.14
astrologie,f,0.87
astrométrie,f,0.01
astronautique,f,0.07
astronef,m,0.27
astronomie,f,1.01
astrophore,m,0.14
astrophysicien,m,0.14
astrophysicienne,f,0.14
astrophysiciens,m,0.14
astrophysique,f,0.28
astroport,m,0.06
astroscope,m,0.01
astuce,f,5.07
astuces,f,5.07
asturienne,f,0.07
astérisme,m,0.14
astérisque,m,0.34
astérisques,m,0.34
astéroïde,m,2.28
astéroïdes,m,2.28
asymétrie,f,0.49
asystolie,f,0.27
atabeg,m,0.20
atabegs,m,0.20
ataman,m,0.14
atamans,m,0.14
ataraxie,f,0.07
atavisme,m,1.22
atavismes,m,1.22
ataxie,f,0.01
atelier,m,45.07
ateliers,m,45.07
atellanes,f,0.07
atermoiement,m,1.08
atermoiements,m,1.08
athanor,m,0.68
athlétisme,m,0.56
athéisme,m,1.76
athénien,m,1.08
athénienne,f,0.41
athéniennes,f,0.41
athéniens,m,1.08
athénée,m,0.01
atlante,m,0.41
atlantes,m,0.41
atlas,m,2.16
atmosphère,f,36.69
atmosphères,f,36.69
atoll,m,0.61
atolls,m,0.61
atome,m,4.12
atomes,m,4.12
atomiseur,m,0.11
atomisé,m,0.07
atonie,f,0.54
atour,m,1.35
atours,m,1.35
atout,m,5.74
atouts,m,5.74
atrium,m,0.30
atrocité,f,3.92
atrocités,f,3.92
atrophie,f,0.39
atropine,f,0.86
atrésie,f,0.04
attache,f,7.16
attachement,m,10.95
attachements,m,10.95
attaches,f,7.16
attaché,m,5.14
attaché-case,m,0.54
attachée,f,5.14
attachées,f,5.14
attachés,m,5.14
attachés-cases,m,0.54
attaquant,m,1.13
attaquante,f,1.13
attaquants,m,1.13
attaque,f,59.92
attaques,f,59.92
attaqueur,m,0.01
attardement,m,0.07
attardé,m,1.58
attardée,f,1.58
attardés,m,1.58
atteinte,f,7.97
atteintes,f,7.97
attelage,m,5.61
attelages,m,5.61
attelle,f,0.83
attelles,f,0.83
attendrissement,m,7.64
attendrissements,m,7.64
attendrisseur,m,0.01
attendu,m,1.42
attendus,m,1.42
attentat,m,14.58
attentats,m,14.58
attente,f,63.85
attentes,f,63.85
attention,f,158.52
attentions,f,158.52
attentisme,m,0.81
atterrages,m,0.20
atterrissage,m,9.06
atterrissages,m,9.06
attestation,f,1.00
attestations,f,1.00
attifiaux,m,0.07
attirail,m,3.99
attirance,f,2.91
attirances,f,2.91
attisement,m,0.07
attisoir,m,0.07
attitude,f,67.91
attitudes,f,67.91
attorney,m,0.15
attouchement,m,1.76
attouchements,m,1.76
attraction,f,7.64
attraction-vedette,f,0.01
attractions,f,7.64
attrait,m,9.39
attraits,m,9.39
attrapage,m,0.01
attrape,f,10.55
attrape-couillon,m,0.07
attrape-couillons,m,0.07
attrape-mouche,m,0.07
attrape-mouches,m,0.07
attrape-nigaud,m,0.20
attrapes,f,10.55
attrapeur,m,1.20
attribut,m,6.01
attribution,f,8.72
attributions,f,8.72
attributs,m,6.01
attrition,f,0.20
attritions,f,0.20
attroupement,m,3.85
attroupements,m,3.85
atténuateur,m,0.09
atténuation,f,0.07
atténuations,f,0.07
atèle,m,0.01
atélectasie,f,0.03
atémi,m,0.01
au-delà,m,3.98
aubade,f,0.47
aubain,m,14.19
aubaine,f,5.81
aubaines,f,5.81
aube,f,57.77
auberge,f,17.30
auberges,f,17.30
aubergine,f,1.44
aubergines,f,1.44
aubes,f,57.77
aubette,f,0.34
aubier,m,0.47
aubour,m,0.07
aubère,m,0.20
aubères,m,0.20
aubépine,f,2.03
aubépines,f,2.03
aucubas,m,0.14
audace,f,19.46
audaces,f,19.46
audience,f,14.02
audiences,f,14.02
audiencia,f,0.07
audimat,m,1.39
audimats,m,1.39
audioconférence,f,0.03
audiogramme,m,0.01
audiométrie,f,0.01
audiophone,m,0.02
audiovisuel,m,0.16
audit,m,0.54
auditeur,m,6.49
auditeurs,m,6.49
audition,f,11.64
auditions,f,11.64
auditoire,m,4.19
auditoires,m,4.19
auditorium,m,0.80
auditoriums,m,0.80
auditrice,f,6.49
auditrices,f,6.49
audits,m,0.54
auge,f,2.23
auges,f,2.23
augment,m,0.20
augmentation,f,6.85
augmentations,f,6.85
augure,m,3.38
augures,m,3.38
auguste,m,0.95
augustes,m,0.95
augustin,m,0.81
augustins,m,0.81
aula,f,0.01
aulnaie,f,0.07
aulne,m,2.16
aulnes,m,2.16
auloffée,f,0.07
aulos,m,0.07
aulx,m,0.27
aumône,f,3.78
aumônerie,f,0.07
aumônes,f,3.78
aumônier,m,4.53
aumôniers,m,4.53
aumônière,f,4.53
aumônières,f,4.53
aura,f,14.48
auras,f,14.48
aureus,m,0.03
auriculaire,m,1.01
auriculaires,m,1.01
auricule,f,0.07
aurige,m,0.14
aurochs,m,0.81
aurone,f,0.07
aurore,f,11.62
aurores,f,11.62
auréole,f,6.35
auréoles,f,6.35
auréomycine,f,0.07
auscultation,f,0.74
auscultations,f,0.74
auspices,m,0.95
aussière,f,0.20
aussières,f,0.20
australien,m,0.14
australienne,f,0.17
australiennes,f,0.17
australiens,m,0.14
australopithèque,m,0.07
australopithèques,m,0.07
austro-hongrois,m,0.07
austérité,f,4.73
austérités,f,4.73
ausweis,m,0.41
autan,m,0.07
autarcie,f,0.34
autel,m,15.34
autels,m,15.34
auteur,m,41.89
auteure,f,41.89
auteurs,m,41.89
authenticité,f,2.43
authentification,f,0.33
autisme,m,0.31
auto,f,42.36
auto-analyse,f,0.07
auto-intoxication,f,0.14
auto-stop,m,1.06
auto-stoppeur,m,0.67
auto-stoppeurs,m,0.67
auto-stoppeuse,f,0.67
auto-stoppeuses,f,0.67
auto-tamponneuse,f,0.26
auto-tamponneuses,f,0.26
auto-école,f,0.58
auto-érotisme,m,0.02
autobiographie,f,1.35
autobiographies,f,1.35
autobronzant,m,0.16
autobus,m,26.28
autocar,m,8.85
autocars,m,8.85
autocensure,f,0.35
autochenille,f,0.07
autoclave,m,0.14
autocollant,m,2.07
autocollants,m,2.07
autoconservation,f,0.07
autocratie,f,0.10
autocritique,f,1.22
autocritiques,f,1.22
autocréation,f,0.07
autocuiseur,m,0.28
autodafé,m,0.61
autodafés,m,0.61
autodestruction,f,2.14
autodiscipline,f,0.18
autodrome,m,0.01
autodéfense,f,1.74
autodénigrement,m,0.07
autodérision,f,0.04
autodétermination,f,0.47
autofinancement,m,0.01
autofocus,m,0.03
autogenèse,f,0.02
autogestion,f,0.20
autogire,m,0.07
autogires,m,0.07
autographe,m,8.52
autographes,m,8.52
autoguidage,m,0.05
autolysat,m,0.07
autolyse,f,0.01
automation,f,0.14
automatique,m,1.29
automatiques,m,1.29
automatisation,f,0.14
automatisme,m,1.22
automatismes,m,1.22
automitrailleuse,f,1.76
automitrailleuses,f,1.76
automne,m,43.65
automnes,m,43.65
automobile,f,19.46
automobile-club,f,0.03
automobiles,f,19.46
automoteurs,m,0.07
automutilation,f,0.27
automédication,f,0.08
autoneige,f,0.04
autoneiges,f,0.04
autonomie,f,2.76
autopilote,m,0.01
autoplastie,f,0.01
autoportrait,m,0.85
autoportraits,m,0.85
autoproduit,m,0.07
autopropulseur,m,0.01
autopsie,f,12.23
autopsies,f,12.23
autopunition,f,0.03
autoradio,m,1.40
autoradios,m,1.40
autorail,m,0.14
autoreproduction,f,0.01
autorisation,f,21.10
autorisations,f,21.10
autoritarisme,m,0.07
autorité,f,77.03
autorités,f,77.03
autoroute,f,15.00
autoroutes,f,15.00
autorégulation,f,0.14
autos,f,42.36
autosatisfaction,f,0.27
autostop,m,0.07
autostrade,f,0.27
autostrades,f,0.27
autosubsistance,f,0.01
autosuffisance,f,0.04
autosuggestion,f,0.14
autosurveillance,f,0.02
autour,m,2.03
autours,m,2.03
autre,m,9.12
autres,m,9.12
autrichien,m,8.51
autrichienne,f,8.51
autrichiennes,f,8.51
autrichiens,m,8.51
autruche,f,3.53
autruches,f,3.53
auvent,m,6.89
auvents,m,6.89
auvergnat,m,2.50
auvergnate,f,2.50
auvergnates,f,2.50
auvergnats,m,2.50
auvergne,f,1.22
auverpin,m,0.54
auverpins,m,0.54
auxerrois,m,0.07
avachissement,m,0.47
aval,m,3.99
avalage,m,0.07
avalanche,f,5.68
avalanches,f,5.68
avalement,m,0.14
avaleur,m,0.68
avaleurs,m,0.68
avaleuse,f,0.68
avaliseur,m,0.03
avaloires,f,0.07
avance,f,82.30
avancement,m,3.34
avancements,m,3.34
avances,f,82.30
avancée,f,4.39
avancées,f,4.39
avanie,f,1.42
avanies,f,1.42
avant,m,21.35
avant-avant-dernier,m,0.07
avant-bec,m,0.01
avant-bras,m,12.70
avant-centre,m,0.28
avant-clous,m,0.07
avant-corps,m,0.07
avant-coureur,m,0.27
avant-coureurs,m,0.27
avant-courrières,f,0.07
avant-cours,f,0.07
avant-dernier,m,1.15
avant-dernière,f,1.15
avant-dîner,m,0.07
avant-garde,f,7.91
avant-gardes,f,7.91
avant-goût,m,1.62
avant-monts,m,0.01
avant-papier,m,0.20
avant-plan,m,0.07
avant-port,m,0.07
avant-poste,m,3.72
avant-postes,m,3.72
avant-première,f,0.50
avant-premières,f,0.50
avant-printemps,m,0.07
avant-projet,m,0.04
avant-propos,m,0.41
avant-scène,f,0.88
avant-scènes,f,0.88
avant-toit,m,0.27
avant-toits,m,0.27
avant-train,m,0.34
avant-trains,m,0.34
avant-trou,m,0.01
avant-veille,f,3.65
avantage,m,32.16
avantages,m,32.16
avants,m,21.35
avançons,m,0.71
avarice,f,3.24
avarices,f,3.24
avaricieux,m,0.07
avarie,f,1.19
avaries,f,1.19
avaro,m,0.41
avaros,m,0.41
avatar,m,4.93
avatars,m,4.93
ave,m,3.75
avelines,f,0.07
avenant,m,0.88
avenants,m,0.88
avenir,m,113.72
avenirs,m,113.72
avent,m,0.47
aventure,f,84.86
aventures,f,84.86
aventurier,m,7.50
aventuriers,m,7.50
aventurines,f,0.07
aventurière,f,7.50
aventurières,f,7.50
avenue,f,47.70
avenues,f,47.70
avers,m,0.14
averse,f,11.96
averses,f,11.96
aversion,f,2.64
aversions,f,2.64
avertissement,m,9.60
avertissements,m,9.60
avertisseur,m,1.89
avertisseurs,m,1.89
aveu,m,21.55
aveugle-né,m,0.14
aveugle-née,f,0.14
aveuglement,m,4.46
aveuglements,m,4.46
aveux,m,21.55
aviateur,m,8.85
aviateurs,m,8.85
aviation,f,13.72
aviations,f,13.72
aviatrice,f,8.85
aviatrices,f,8.85
aviculture,f,0.10
avidité,f,7.97
avidités,f,7.97
avignonnais,m,0.07
avilissement,m,0.34
avion,m,128.35
avion-cargo,m,0.20
avion-citerne,m,0.03
avion-suicide,m,0.07
avion-école,m,0.01
avionique,f,0.13
avionnettes,f,0.07
avionneurs,m,0.01
avions,m,128.35
avions-cargos,m,0.20
avions-espions,m,0.01
aviron,m,2.36
avirons,m,2.36
avis,m,139.22
aviso,m,2.23
avisos,m,2.23
avitaminose,f,0.07
avocaillon,m,0.16
avocasseries,f,0.07
avocat,m,112.69
avocat-conseil,m,0.08
avocate,f,112.69
avocates,f,112.69
avocatier,m,0.04
avocats,m,112.69
avocette,f,0.14
avoine,f,6.96
avoines,f,6.96
avoir,m,3.31
avoirs,m,3.31
avortement,m,5.24
avortements,m,5.24
avorteur,m,0.68
avorteurs,m,0.68
avorteuse,f,0.68
avorteuses,f,0.68
avorton,m,2.30
avortons,m,2.30
avoué,m,0.74
avoués,m,0.74
avril,m,32.03
avrillée,f,0.07
avulsion,f,0.03
avunculat,m,0.07
avènement,m,3.92
avé,m,0.20
awacs,m,0.12
axe,m,10.88
axel,m,0.06
axels,m,0.06
axes,m,10.88
axiomatisation,f,0.07
axiome,m,0.61
axiomes,m,0.61
axis,m,3.87
axolotl,m,0.07
axolotls,m,0.07
axonge,f,0.07
aya,f,0.03
ayans,m,0.07
ayants droit,m,0.14
ayatollah,m,0.53
ayatollahs,m,0.53
aye-aye,m,0.01
ayuntamiento,m,0.07
azalée,f,1.22
azalées,f,1.22
azerbaïdjanais,m,0.07
azimut,m,1.69
azimuts,m,1.69
azoospermie,f,0.01
azote,m,1.05
azoture,m,0.01
azulejo,m,0.54
azulejos,m,0.54
azur,m,9.53
azurs,m,9.53
aède,m,0.27
aèdes,m,0.27
aérage,m,0.06
aérateur,m,0.20
aérateurs,m,0.20
aération,f,2.02
aérations,f,2.02
aérien,m,0.34
aériens,m,0.34
aéro,m,0.20
aéro-club,m,0.07
aérobic,m,1.21
aérobics,m,1.21
aérodrome,m,4.26
aérodromes,m,4.26
aérodynamique,f,0.20
aérodynamisme,m,0.07
aérofrein,m,0.07
aérofreins,m,0.07
aérogare,f,2.23
aérogares,f,2.23
aéroglisseur,m,0.75
aéroglisseurs,m,0.75
aérographe,m,0.07
aérolithe,m,0.47
aérolithes,m,0.47
aérologie,f,0.01
aéromodélisme,m,0.14
aéronautique,f,0.58
aéronautiques,f,0.58
aéronavale,f,0.48
aéronef,m,0.14
aéronefs,m,0.14
aéropathie,f,0.01
aérophagie,f,0.15
aéroplane,m,1.62
aéroplanes,m,1.62
aéroport,m,33.13
aéroports,m,33.13
aéropostale,f,0.01
aérosol,m,0.61
aérosols,m,0.61
aérospatiale,f,0.12
aérostat,m,0.16
aérostier,m,0.20
aérostiers,m,0.20
aérotrains,m,0.07
aînesse,f,0.47
aîné,m,22.84
aînée,f,22.84
aînées,f,22.84
aînés,m,22.84
aître,m,0.14
aîtres,m,0.14
aï,m,2.31
aïd,m,0.54
aïeul,m,10.61
aïeule,f,10.61
aïeules,f,10.61
aïeuls,m,10.61
aïeux,m,10.61
aïkido,m,0.07
aïoli,m,0.27
b,m,31.78
baba,m,1.89
baballe,f,0.34
babas,m,1.89
babel,m,0.05
babeurre,m,0.13
babi,m,0.02
babil,m,0.74
babillage,m,0.81
babillages,m,0.81
babillard,m,0.07
babils,m,0.74
babine,f,3.38
babines,f,3.38
babiole,f,2.03
babioles,f,2.03
babiroussa,m,0.07
babouche,f,2.64
babouches,f,2.64
babouchka,f,3.72
babouchkas,f,3.72
babouin,m,2.00
babouine,f,2.00
babouines,f,2.00
babouins,m,2.00
baby,m,13.20
baby-boom,m,0.05
baby-foot,m,0.74
baby-sitter,f,7.85
baby-sitters,f,7.85
baby-sitting,m,1.63
babylonien,m,0.14
babylonienne,f,0.14
babyloniens,m,0.14
babys,m,13.20
bac,m,16.08
baccalauréat,m,1.89
baccara,m,1.08
baccarat,m,0.05
bacchanal,m,0.14
bacchanale,f,0.54
bacchanales,f,0.54
bacchante,f,2.70
bacchantes,f,2.70
bachaghas,m,0.07
bachelier,m,1.76
bacheliers,m,1.76
bachelière,f,1.76
bachi-bouzouk,m,0.07
bachot,m,3.85
bachotage,m,0.02
bachots,m,3.85
bacille,m,1.15
bacilles,m,1.15
back,m,4.82
back up,m,0.09
backgammon,m,0.66
background,m,0.07
bacon,m,4.50
bacs,m,16.08
bactérie,f,5.00
bactéries,f,5.00
bactériologie,f,0.11
bactériophage,m,0.07
bactériémie,f,0.01
badamier,m,0.34
badamiers,m,0.34
badaud,m,6.82
badauderie,f,0.34
badauderies,f,0.34
badauds,m,6.82
baderne,f,0.47
badernes,f,0.47
badge,m,7.14
badges,m,7.14
badigeon,m,1.01
badigeonnage,m,0.20
badigeonnages,m,0.20
badigeonneur,m,0.07
badigeons,m,1.01
badigoinces,f,0.20
badinage,m,0.61
badinages,m,0.61
badine,f,1.42
badines,f,1.42
badminton,m,0.20
badois,m,0.07
baffe,f,3.58
baffes,f,3.58
baffle,m,0.68
baffles,m,0.68
bafouillage,m,0.47
bafouillages,m,0.47
bafouille,f,2.84
bafouilles,f,2.84
bafouilleur,m,0.01
bafouillis,m,0.27
bagage,m,29.69
bagagerie,f,0.14
bagages,m,29.69
bagarre,f,19.24
bagarres,f,19.24
bagarreur,m,0.61
bagarreurs,m,0.61
bagarreuse,f,0.61
bagasse,f,0.15
bagatelle,f,3.58
bagatelles,f,3.58
bagnard,m,2.57
bagnards,m,2.57
bagne,m,3.85
bagnes,m,3.85
bagnole,f,34.26
bagnoles,f,34.26
bagou,m,0.27
bagouse,f,0.20
bagout,m,0.81
bagouts,m,0.81
bagouze,f,0.20
bagouzes,f,0.20
baguage,m,0.02
bague,f,30.32
baguenaude,f,0.27
bagues,f,30.32
baguette,f,13.45
baguettes,f,13.45
baht,m,0.52
bahts,m,0.52
bahut,m,8.38
bahuts,m,8.38
baie,f,19.80
baies,f,19.80
baignade,f,2.84
baignades,f,2.84
baigneur,m,10.00
baigneurs,m,10.00
baigneuse,f,10.00
baigneuses,f,10.00
baignoire,f,15.27
baignoires,f,15.27
bail,m,11.49
baile,m,0.47
bailes,m,0.47
baille,f,0.74
bailles,f,0.74
bailleur,m,0.56
bailleurs,m,0.56
bailli,m,0.47
bailliage,m,0.20
baillis,m,0.47
baillive,f,0.07
bain,m,83.04
bain-marie,m,0.95
bains,m,83.04
bains-marie,m,0.95
baisade,f,0.07
baise,f,7.66
baise-en-ville,m,0.20
baisemain,m,0.81
baisemains,m,0.81
baisement,m,0.07
baiser,m,54.59
baisers,m,54.59
baises,f,7.66
baiseur,m,2.00
baiseurs,m,2.00
baiseuse,f,2.00
baisodrome,m,0.46
baisse,f,12.37
baissement,m,0.27
baisser,m,0.34
baisses,f,12.37
bajoue,f,2.50
bajoues,f,2.50
bajoyers,m,0.07
bakchich,m,0.61
bakchichs,m,0.61
baklava,m,0.34
baklavas,m,0.34
bakélite,f,1.08
bal,m,30.25
balade,f,7.71
balades,f,7.71
baladeur,m,0.68
baladeurs,m,0.68
baladeuse,f,0.68
baladin,m,0.88
baladins,m,0.88
balafon,m,0.14
balafons,m,0.14
balafre,f,1.69
balafres,f,1.69
balai,m,17.70
balai-brosse,m,0.61
balais,m,17.70
balais-brosses,m,0.61
balaise,m,0.47
balaises,m,0.47
balalaïka,f,0.41
balalaïkas,f,0.41
balan,m,0.07
balance,f,10.34
balancelle,f,0.34
balancelles,f,0.34
balancement,m,5.41
balancements,m,5.41
balances,f,10.34
balancier,m,4.05
balanciers,m,4.05
balancines,f,0.07
balandras,m,0.07
balanes,f,0.27
balançage,m,0.34
balançages,m,0.34
balançoire,f,3.11
balançoires,f,3.11
balatum,m,0.14
balayage,m,1.69
balayages,m,1.69
balayette,f,0.54
balayettes,f,0.54
balayeur,m,2.97
balayeurs,m,2.97
balayeuse,f,2.97
balayeuses,f,2.97
balayure,f,0.34
balayures,f,0.34
balboa,m,0.02
balbutiement,m,1.15
balbutiements,m,1.15
balbuzard,m,0.07
balcon,m,40.41
balconnet,m,0.54
balconnets,m,0.54
balcons,m,40.41
baldaquin,m,2.77
baldaquins,m,2.77
bale,f,0.50
baleine,f,16.68
baleineau,m,0.05
baleines,f,16.68
baleinier,m,0.81
baleiniers,m,0.81
baleinière,f,0.81
baleinières,f,0.81
bales,f,0.50
balisage,m,0.12
balise,f,2.82
balises,f,2.82
baliste,f,0.14
balistes,f,0.14
balistique,f,1.06
baliveau,m,1.08
baliveaux,m,1.08
baliverne,f,2.79
balivernes,f,2.79
ball-trap,m,0.20
ballade,f,4.54
ballades,f,4.54
ballant,m,0.34
ballants,m,0.34
ballast,m,2.57
ballasts,m,2.57
balle,f,122.07
ballerine,f,2.16
ballerines,f,2.16
balles,f,122.07
ballet,m,8.66
ballets,m,8.66
balloches,m,0.41
ballon,m,32.92
ballon-sonde,m,0.14
ballonnement,m,0.14
ballonnements,m,0.14
ballonnets,m,0.14
ballons,m,32.92
ballot,m,5.88
ballote,f,0.07
ballots,m,5.88
ballottage,m,0.14
ballottages,m,0.14
ballottement,m,0.14
ballottine,f,0.07
ballottines,f,0.07
balluche,m,0.14
balluches,m,0.14
balluchon,m,0.54
balluchonnage,m,0.07
balluchons,m,0.54
balnéothérapie,f,0.01
balourd,m,0.73
balourdise,f,0.88
balourdises,f,0.88
balourds,m,0.73
bals,m,30.25
balsa,m,0.13
balsamier,m,0.07
balsamiers,m,0.07
balsamine,f,0.61
balsamines,f,0.61
balthazar,m,0.54
balthazars,m,0.54
baluchon,m,2.30
baluchonnage,m,0.07
baluchonneur,m,0.20
baluchonneurs,m,0.20
baluchons,m,2.30
balustrade,f,11.28
balustrades,f,11.28
balustre,m,1.35
balustres,m,1.35
balzacien,m,0.07
balzanes,f,0.07
balèze,m,0.69
balèzes,m,0.69
bambin,m,4.66
bambine,f,4.66
bambines,f,4.66
bambinette,f,0.07
bambino,m,0.37
bambinos,m,0.37
bambins,m,4.66
bamboche,f,0.07
bambocheurs,m,0.14
bambou,m,6.15
bamboula,f,1.29
bambous,m,6.15
ban,m,2.16
banalisation,f,0.07
banalité,f,8.65
banalités,f,8.65
banane,f,11.14
bananeraie,f,0.20
bananes,f,11.14
bananier,m,3.85
bananiers,m,3.85
banc,m,66.42
banc-titre,m,0.14
banco,m,0.27
bancos,m,0.27
bancs,m,66.42
bandage,m,4.76
bandages,m,4.76
bandaison,f,0.74
bandaisons,f,0.74
bandana,m,0.50
bandanas,m,0.50
bande,f,78.36
bande-annonce,f,0.51
bande-son,f,0.27
bandeau,m,6.49
bandeaux,m,6.49
bandelette,f,1.15
bandelettes,f,1.15
bandera,f,0.27
banderas,f,0.27
banderille,f,0.88
banderillero,m,0.10
banderilleros,m,0.10
banderilles,f,0.88
banderole,f,4.19
banderoles,f,4.19
bandes,f,78.36
bandes-annonces,f,0.51
bandeur,m,0.14
bandeurs,m,0.14
bandit,m,19.70
banditisme,m,0.95
bandits,m,19.70
bandoline,f,0.07
bandonéon,m,0.20
bandothèque,f,0.01
bandoulière,f,4.19
bang,m,2.37
bangladais,m,0.07
bangs,m,2.37
banian,m,0.27
banians,m,0.27
banjo,m,3.13
banjos,m,3.13
bank-note,f,0.20
bank-notes,f,0.20
banlieue,f,23.85
banlieues,f,23.85
banlieusard,m,0.68
banlieusarde,f,0.68
banlieusardes,f,0.68
banlieusards,m,0.68
bannes,f,0.07
banni,m,0.88
bannie,f,0.88
bannis,m,0.88
bannissement,m,0.62
bannissements,m,0.62
bannière,f,6.96
bannières,f,6.96
banque,f,79.35
banqueroute,f,1.02
banqueroutes,f,1.02
banqueroutier,m,0.11
banqueroutiers,m,0.11
banques,f,79.35
banquet,m,5.88
banquets,m,5.88
banquette,f,30.88
banquettes,f,30.88
banquier,m,12.70
banquiers,m,12.70
banquise,f,1.55
banquises,f,1.55
banquière,f,12.70
banquières,f,12.70
bans,m,2.16
bantou,m,0.14
bantu,m,0.01
banyan,m,0.07
banyuls,m,0.74
baobab,m,1.15
baobabs,m,1.15
baou,m,0.20
baptiseur,m,0.07
baptistère,m,0.41
baptême,m,10.34
baptêmes,m,10.34
baquet,m,4.86
baquets,m,4.86
bar,m,67.57
bar-hôtel,m,0.01
bar-mitsva,f,0.41
bar-restaurant,m,0.07
bar-tabac,m,0.61
baragouin,m,0.41
baragouinage,m,0.10
baragouineur,m,0.01
baragouins,m,0.41
baraka,f,0.47
baralipton,m,0.07
baraque,f,30.47
baraquement,m,2.64
baraquements,m,2.64
baraques,f,30.47
baraterie,f,0.01
baratin,m,4.03
baratineur,m,0.74
baratineurs,m,0.74
baratineuse,f,0.74
baratins,m,4.03
barattage,m,0.10
baratte,f,0.41
barattes,f,0.41
barbacane,f,0.14
barbacanes,f,0.14
barbaque,f,3.18
barbarie,f,3.72
barbaries,f,3.72
barbarisme,m,0.34
barbarismes,m,0.34
barbe-de-capucin,f,0.07
barbeau,m,1.08
barbeaux,m,1.08
barbecue,m,5.87
barbecues,m,5.87
barbelé,m,8.38
barbelés,m,8.38
barbet,m,0.41
barbets,m,0.41
barbette,f,0.20
barbiche,f,3.78
barbiches,f,3.78
barbichette,f,0.81
barbier,m,22.50
barbiers,m,22.50
barbillon,m,0.81
barbillons,m,0.81
barbiquet,m,0.41
barbiquets,m,0.41
barbiturique,m,0.80
barbituriques,m,0.80
barbon,m,0.61
barbons,m,0.61
barbot,m,0.20
barbotages,m,0.07
barbote,f,0.20
barboteuse,f,0.34
barboteuses,f,0.34
barbotière,f,0.07
barbotte,f,0.07
barbottes,f,0.07
barbouillage,m,0.81
barbouillages,m,0.81
barbouille,f,0.81
barbouilleur,m,1.22
barbouilleurs,m,1.22
barbouillis,m,0.07
barbu,m,3.65
barbue,f,0.07
barbues,f,0.07
barbules,f,0.01
barbus,m,3.65
barcarolle,f,0.14
barcasse,f,0.68
barcasses,f,0.68
barda,m,2.16
bardage,m,0.01
bardane,f,0.34
bardanes,f,0.34
bardas,m,2.16
bardeau,m,0.41
bardeaux,m,0.41
bardeurs,m,0.07
bardo,m,0.20
bardolino,m,0.14
bardot,m,0.27
bardots,m,0.27
baret,m,0.07
barge,f,1.00
barges,f,1.00
baril,m,3.04
barillet,m,2.03
barillets,m,2.03
barils,m,3.04
barine,m,0.22
bariolage,m,0.61
bariolages,m,0.61
bariolures,f,0.07
barjo,m,1.01
barjos,m,1.01
barjot,m,0.32
barjots,m,0.32
barmaid,f,1.82
barmaids,f,1.82
barman,m,11.01
barmans,m,11.01
barmen,m,11.01
barnum,m,0.20
barolo,m,0.05
baromètre,m,2.91
baromètres,m,2.91
baron,m,28.24
baronet,m,0.07
baronne,f,28.24
baronnes,f,28.24
baronnet,m,0.34
baronnets,m,0.34
baronnie,f,0.14
baronnies,f,0.14
barons,m,28.24
baroque,m,1.08
baroques,m,1.08
barotraumatisme,m,0.01
baroud,m,1.35
baroudeur,m,0.68
baroudeurs,m,0.68
baroudeuse,f,0.68
barouf,m,0.68
barque,f,41.28
barques,f,41.28
barquette,f,0.54
barquettes,f,0.54
barracuda,m,2.26
barracudas,m,2.26
barrage,m,19.66
barrages,m,19.66
barre,f,29.39
barreau,m,19.53
barreaux,m,19.53
barres,f,29.39
barrette,f,2.50
barrettes,f,2.50
barreur,m,0.07
barreurs,m,0.07
barreuse,f,0.07
barricade,f,7.57
barricades,f,7.57
barricadier,m,0.14
barricadières,f,0.14
barrique,f,1.55
barriques,f,1.55
barrissement,m,0.88
barrissements,m,0.88
barrière,f,22.91
barrières,f,22.91
barrésien,m,0.07
bars,m,67.57
bartavelle,f,1.61
bartavelles,f,1.61
barye,f,0.01
baryon,m,0.01
baryte,f,0.07
baryton,m,2.70
barytons,m,2.70
baryum,m,0.14
barzoï,m,0.07
barème,m,0.54
barèmes,m,0.54
bas,m,119.86
bas-bleu,m,0.47
bas-bleus,m,0.47
bas-côté,m,5.34
bas-côtés,m,5.34
bas-empire,m,0.07
bas-flanc,m,0.14
bas-fond,m,3.72
bas-fonds,m,3.72
bas-relief,m,1.22
bas-reliefs,m,1.22
bas-ventre,m,2.30
basalte,m,1.01
basaltes,m,1.01
basane,f,0.95
basanes,f,0.95
bascule,f,5.95
basculement,m,0.14
bascules,f,5.95
base,f,59.22
base-ball,m,10.12
baseball,m,6.95
bases,f,59.22
basic,m,0.03
basileus,m,0.04
basilic,m,1.86
basilicum,m,0.07
basilique,f,4.19
basiliques,f,4.19
basin,m,0.07
basket-ball,m,1.38
basketteur,m,0.43
basketteurs,m,0.43
basketteuse,f,0.43
basketteuses,f,0.43
basmati,m,0.03
basoche,f,0.07
basse,f,4.53
basse-cour,f,3.85
basse-fosse,f,0.20
basse-taille,f,0.14
basses,f,4.53
basses-cours,f,3.85
basses-fosses,f,0.20
bassesse,f,3.65
bassesses,f,3.65
basset,m,1.49
bassets,m,1.49
bassette,f,0.07
bassin,m,25.20
bassine,f,8.99
bassines,f,8.99
bassinet,m,0.34
bassinoire,f,0.47
bassinoires,f,0.47
bassins,m,25.20
basson,m,0.07
bastide,f,1.14
bastides,f,1.14
bastille,f,4.32
bastilles,f,4.32
bastingage,m,2.03
bastingages,m,2.03
bastion,m,2.70
bastions,m,2.70
baston,m,1.51
bastonnade,f,0.47
bastonnades,f,0.47
bastonneurs,m,0.02
bastons,m,1.51
bastos,f,1.62
bastringue,m,1.08
bastringues,m,1.08
bat-flanc,m,2.84
bat-l'eau,m,0.07
bataclan,m,1.08
bataille,f,77.77
batailles,f,77.77
batailleur,m,0.01
bataillon,m,29.53
bataillonnaire,m,0.14
bataillonnaires,m,0.14
bataillons,m,29.53
batak,m,0.05
batardeau,m,0.02
bateau,m,124.82
bateau-citerne,m,0.03
bateau-lavoir,m,0.20
bateau-mouche,m,0.74
bateau-pilote,m,0.01
bateau-pompe,m,0.07
bateaux,m,124.82
bateaux-lavoirs,m,0.20
bateaux-mouches,m,0.74
batelets,m,0.20
bateleur,m,1.08
bateleurs,m,1.08
batelier,m,1.89
bateliers,m,1.89
batellerie,f,0.20
bathymètre,m,0.01
bathyscaphe,m,0.05
bathysphère,f,0.01
batifolage,m,0.25
batifolages,m,0.25
batifoleurs,m,0.14
batik,m,0.14
batiste,f,0.88
batracien,m,0.54
batraciens,m,0.54
battage,m,0.34
battages,m,0.34
battant,m,11.42
battante,f,11.42
battants,m,11.42
batte,f,6.87
battement,m,19.26
battements,m,19.26
batterie,f,15.54
batteries,f,15.54
battes,f,6.87
batteur,m,4.61
batteurs,m,4.61
batteuse,f,4.61
batteuses,f,4.61
battle-dress,m,0.14
battoir,m,2.43
battoires,m,0.07
battoirs,m,2.43
battu,m,0.54
battue,f,3.78
battues,f,3.78
battus,m,0.54
batée,f,0.07
bau,m,0.22
baud,m,0.01
baudet,m,0.54
baudets,m,0.54
baudrier,m,3.45
baudriers,m,3.45
baudroie,f,0.07
baudroies,f,0.07
baudruche,f,0.88
baudruches,f,0.88
bauge,f,1.35
bauges,f,1.35
baumier,m,0.07
baumiers,m,0.07
baux,m,0.34
bauxite,f,0.41
bavard,m,5.00
bavardage,m,9.73
bavardages,m,9.73
bavarde,f,5.00
bavardes,f,5.00
bavards,m,5.00
bavarois,m,1.01
bavaroise,f,1.01
bavaroises,f,1.01
bave,f,3.99
baves,f,3.99
bavette,f,0.95
bavettes,f,0.95
baveur,m,0.27
baveuse,f,0.27
baveux,m,1.08
bavoir,m,0.61
bavoirs,m,0.61
bavure,f,4.12
bavures,f,4.12
bayadère,f,0.27
bayadères,f,0.27
bayard,m,0.07
bayou,m,0.81
bayous,m,0.81
bazar,m,8.36
bazard,m,0.20
bazardeur,m,0.07
bazars,m,8.36
bazooka,m,1.57
bazookas,m,1.57
baïonnette,f,7.57
baïonnettes,f,7.57
be-bop,m,0.34
beagle,m,0.15
beagles,m,0.15
beat generation,f,0.14
beau,m,50.85
beau-fils,m,1.29
beau-frère,m,15.68
beau-papa,m,0.23
beau-parent,m,0.01
beau-père,m,16.54
beauf,m,1.07
beaufs,m,1.07
beaujolais,m,1.49
beaujolpif,m,0.41
beaupré,m,0.07
beauté,f,92.64
beautés,f,92.64
beaux-arts,m,3.38
beaux-enfants,m,0.06
beaux-fils,m,1.29
beaux-frères,m,15.68
beaux-parents,m,1.52
bec,m,26.96
bec-de-cane,m,1.42
bec-de-lièvre,m,0.61
becfigue,m,0.27
becfigues,m,0.27
becquet,m,0.07
becquetance,f,0.07
becquets,m,0.07
becquée,f,0.41
becs,m,26.96
bectance,f,0.95
bedaine,f,1.62
bedaines,f,1.62
bedeau,m,1.76
bedeaux,m,1.76
bedon,m,0.27
bedons,m,0.27
beefsteak,m,0.34
beefsteaks,m,0.34
beeper,m,0.34
beffroi,m,0.74
beigne,f,2.16
beignes,f,2.16
beignet,m,8.69
beignets,m,8.69
bel canto,m,0.41
belette,f,2.01
belettes,f,2.01
belgicains,m,0.07
belgique,f,0.27
belladone,f,0.47
belladones,f,0.47
belle,f,50.85
belle lurette,f,2.64
belle-doche,f,0.07
belle-famille,f,1.22
belle-fille,f,3.32
belle-maman,f,0.85
belle-mère,f,16.54
belle-soeur,f,15.68
belle-à-voir,f,0.27
belles,f,50.85
belles-de-jour,f,0.07
belles-de-nuit,f,0.34
belles-familles,f,1.22
belles-filles,f,3.32
belles-lettres,f,0.41
belles-mères,f,16.54
belles-soeurs,f,15.68
belligérance,f,0.34
belligérant,m,0.88
belligérante,f,0.88
belligérants,m,0.88
belluaire,m,0.14
bellâtre,m,1.01
belon,f,1.01
belons,f,1.01
belote,f,4.19
belotes,f,4.19
beloteurs,m,0.20
beluga,m,0.07
belvédère,m,0.74
belvédères,m,0.74
ben,m,61.43
benedictus,m,0.11
bengalais,m,0.27
bengali,m,0.61
bengalis,m,0.61
benjamin,m,0.81
benjamine,f,0.81
benjamins,m,0.81
benjoin,m,0.88
benne,f,3.11
bennes,f,3.11
benoîte,f,0.07
benzidine,f,0.01
benzine,f,0.41
benzoate,m,0.04
benzodiazépine,f,0.02
benzonaphtol,m,0.10
benzène,m,0.12
benzédrine,f,0.27
benêt,m,1.49
benêts,m,1.49
ber,m,0.16
bercail,m,2.33
berce,f,0.20
berceau,m,13.31
berceaux,m,13.31
bercelonnette,f,0.07
bercement,m,0.74
bercements,m,0.74
berces,f,0.20
berceuse,f,1.83
berceuses,f,1.83
berdouillette,f,0.20
berg,m,0.04
bergamasques,f,0.07
bergamote,f,0.16
berge,f,16.49
berger,m,24.80
bergerie,f,3.45
bergeries,f,3.45
bergeronnette,f,0.41
bergeronnettes,f,0.41
bergers,m,24.80
berges,f,16.49
bergère,f,24.80
bergères,f,24.80
berle,f,0.13
berline,f,2.30
berlines,f,2.30
berlingot,m,1.76
berlingots,m,1.76
berlingue,m,0.34
berlinois,m,0.47
berlinoises,f,0.47
berloque,f,0.14
berlue,f,1.35
berlues,f,1.35
berlure,f,1.08
berlures,f,1.08
berme,f,0.27
bermes,f,0.27
bermuda,m,0.61
bermudas,m,0.61
bernache,f,0.41
bernaches,f,0.41
bernard-l'ermite,m,0.34
bernard-l'hermite,m,0.14
bernardines,f,0.54
berne,f,1.49
bernicle,f,0.34
bernicles,f,0.34
bernique,f,0.61
berniques,f,0.61
bernois,m,0.14
bernoise,f,0.14
bersaglier,m,0.23
bersagliers,m,0.23
bertha,f,0.20
berthas,f,0.20
berthe,f,0.61
berzingue,f,1.49
besace,f,2.70
besaces,f,2.70
besaiguë,f,0.07
besant,m,0.07
besants,m,0.07
besicles,f,0.27
besogne,f,15.61
besognes,f,15.61
besogneux,m,0.47
besoin,m,771.24
besoins,m,771.24
besson,m,0.14
bessons,m,0.14
best,m,0.52
best of,m,0.17
best-seller,m,1.09
best-sellers,m,1.09
bestiaire,m,1.28
bestiaires,m,1.28
bestialité,f,1.49
bestialités,f,1.49
bestiasse,f,0.14
bestiau,m,6.35
bestiaux,m,6.35
bestiole,f,6.76
bestioles,f,6.76
bette,f,1.60
betterave,f,4.12
betteraves,f,4.12
betteravier,m,0.07
bettes,f,1.60
betting,m,0.03
beuglant,m,0.88
beuglante,f,0.88
beuglantes,f,0.88
beuglants,m,0.88
beuglement,m,1.15
beuglements,m,1.15
beurrage,m,0.07
beurre,m,27.97
beurres,m,27.97
beurrier,m,0.12
beurré,m,0.47
beurrée,f,0.47
beurrées,f,0.47
beurrés,m,0.47
beuverie,f,1.55
beuveries,f,1.55
bey,m,2.91
bi,m,1.27
biafrais,m,0.14
biais,m,16.69
biaisements,m,0.07
biathlon,m,0.30
bib,m,0.01
bibard,m,0.20
bibelot,m,7.43
bibelots,m,7.43
bibendum,m,0.20
biberon,m,6.65
biberonneurs,m,0.07
biberons,m,6.65
bibi,m,1.15
bibiche,f,3.04
bibine,f,3.99
bibines,f,3.99
bibis,m,1.15
bibite,f,0.27
bible,f,17.84
bibles,f,17.84
bibliobus,m,0.07
bibliographie,f,0.81
bibliographies,f,0.81
bibliophilie,f,0.14
bibliothèque,f,40.74
bibliothèques,f,40.74
bic,m,0.44
bicarbonate,m,1.20
bicarbonates,m,1.20
bicentenaire,m,0.36
biceps,m,3.72
biche,f,13.92
biches,f,13.92
bichette,f,0.09
bichon,m,0.68
biclou,m,0.14
biclous,m,0.14
bicoque,f,3.85
bicoques,f,3.85
bicorne,m,2.64
bicornes,m,2.64
bicot,m,4.46
bicots,m,4.46
bicycle,m,0.29
bicycles,m,0.29
bicyclette,f,28.51
bicyclettes,f,28.51
bicéphalie,f,0.20
bidasse,m,0.81
bidasses,m,0.81
bide,m,8.58
bides,m,8.58
bidet,m,3.45
bidets,m,3.45
bidoche,f,3.78
bidoches,f,3.78
bidon,m,16.28
bidonnage,m,0.14
bidons,m,16.28
bidonville,m,1.55
bidonvilles,m,1.55
bidouillage,m,0.05
bidouille,f,0.19
bidule,m,2.03
bidules,m,2.03
bief,m,0.61
biefs,m,0.61
bielle,f,1.86
bielles,f,1.86
bien,m,106.60
bien-aimé,m,8.50
bien-aimée,f,8.50
bien-aimées,f,8.50
bien-aimés,m,8.50
bien-fonds,m,0.07
bien-fondé,m,0.81
bien-manger,m,0.14
bien-pensants,m,0.47
bien-être,m,8.78
bienfaisance,f,1.96
bienfait,m,4.26
bienfaiteur,m,3.45
bienfaiteurs,m,3.45
bienfaitrice,f,3.45
bienfaitrices,f,3.45
bienfaits,m,4.26
bienheureuse,f,2.43
bienheureux,m,2.43
biennale,f,0.14
biens,m,106.60
bienséance,f,2.23
bienséances,f,2.23
bienveillance,f,7.30
bienveillances,f,7.30
bienvenu,m,14.30
bienvenue,f,22.63
bienvenues,f,22.63
bienvenus,m,14.30
bif,m,0.14
biface,m,0.07
biffe,f,0.54
biffeton,m,2.64
biffetons,m,2.64
biffin,m,1.62
biffins,m,1.62
bifteck,m,5.14
biftecks,m,5.14
bifton,m,2.84
biftons,m,2.84
biftèque,m,0.47
biftèques,m,0.47
bifurcation,f,0.54
bifurcations,f,0.54
big band,m,0.05
big bang,m,1.62
big-bang,m,0.41
bigaille,f,0.27
bigame,m,0.06
bigamie,f,0.47
bigarreau,m,0.07
bigarrure,f,0.74
bigarrures,f,0.74
bighorn,m,0.20
bighorns,m,0.20
bigles,m,0.07
bigleuse,f,1.88
bigleux,m,1.88
bigne,f,0.20
bignole,f,5.74
bignoles,f,5.74
bignolle,f,0.07
bignon,m,0.07
bignones,f,0.07
bignonias,m,0.07
bigo,m,0.54
bigophone,m,0.68
bigorne,f,0.20
bigorneau,m,1.55
bigorneaux,m,1.55
bigornes,f,0.20
bigot,m,1.01
bigote,f,1.01
bigoterie,f,0.20
bigotes,f,1.01
bigots,m,1.01
bigoudi,m,3.45
bigoudis,m,3.45
bigre,m,1.01
bigue,f,0.14
biguine,f,0.34
bihoreau,m,0.27
bijou,m,11.96
bijouterie,f,2.41
bijouteries,f,2.41
bijoutier,m,2.70
bijoutiers,m,2.70
bijoutière,f,2.70
bijoux,m,21.01
bikini,m,2.98
bikinis,m,2.98
bilan,m,7.36
bilans,m,7.36
bilbergia,f,0.07
bilboquet,m,1.15
bilboquets,m,1.15
bile,f,4.66
biles,f,4.66
bilharziose,f,0.20
bilinguisme,m,0.07
bilirubine,f,0.07
bill,m,0.56
billard,m,12.23
billards,m,12.23
bille,f,19.53
billes,f,19.53
billet,m,83.87
billets,m,83.87
billetterie,f,0.19
billetteries,f,0.19
billettes,f,0.07
billevesée,f,0.54
billevesées,f,0.54
billion,m,0.42
billions,m,0.42
billon,m,0.14
billot,m,2.50
billots,m,2.50
bills,m,0.56
bimbeloterie,f,0.61
bimbeloteries,f,0.61
bimestre,m,0.01
bimoteur,m,0.34
bimoteurs,m,0.34
bimétallisme,m,0.14
bin's,m,0.03
binaire,f,0.07
binaires,f,0.07
binet-simon,m,0.07
binette,f,1.49
binettes,f,1.49
bingo,m,9.08
biniou,m,0.81
binious,m,0.81
binocle,m,1.01
binocles,m,1.01
bintje,f,0.07
binôme,m,0.27
binômes,m,0.27
biochimie,f,0.63
biodiversité,f,0.05
biographie,f,5.34
biographies,f,5.34
biologie,f,4.13
bioluminescence,f,0.05
biomasse,f,0.03
biomécanique,f,0.16
biomécanisme,m,0.01
biométrie,f,0.03
biométrique,f,0.04
bionique,f,0.04
biophysique,f,0.06
biopsie,f,2.19
biopsies,f,2.19
biorythme,m,0.06
biorythmes,m,0.06
biosphère,f,0.08
biotechnique,f,0.15
biotechnologie,f,0.22
biotite,f,0.03
biotope,m,0.07
bioxyde,m,0.07
bip,m,7.68
bip-bip,m,0.47
bipartisme,m,0.07
biphényle,m,0.01
biplan,m,0.68
biplans,m,0.68
bipolarité,f,0.07
bips,m,7.68
bipède,m,0.78
bipèdes,m,0.78
bique,f,4.39
biques,f,4.39
biquet,m,2.77
biquets,m,2.77
biquette,f,1.35
biquettes,f,1.35
birbe,m,0.47
birbes,m,0.47
birchers,m,0.05
bire,f,0.07
biribi,m,0.74
birman,m,0.29
birmane,f,0.29
birmans,m,0.29
biroute,f,0.95
biroutes,f,0.95
birth control,m,0.14
biréfringence,f,0.01
bis,m,0.95
bisaïeul,m,0.20
bisaïeule,f,0.20
bisbille,f,0.34
bisbilles,f,0.34
biscaïen,m,0.20
bischof,m,0.14
biscoteaux,m,0.21
biscotos,m,0.34
biscotte,f,2.43
biscottes,f,2.43
biscuit,m,12.72
biscuiterie,f,0.68
biscuits,m,12.72
bise,f,8.72
biseau,m,0.95
biseaux,m,0.95
biseness,m,0.14
bises,f,8.72
bisets,m,0.14
bisette,f,0.07
bisexualité,f,0.07
bishop,m,0.02
bismuth,m,0.14
bisness,m,0.14
bison,m,3.38
bisons,m,3.38
bisou,m,18.40
bisou-éclair,m,0.01
bisous,m,18.40
bisque,f,0.61
bisques,f,0.61
bissac,m,0.34
bissacs,m,0.34
bissel,m,0.02
bistorte,f,0.14
bistouille,f,0.07
bistouquette,f,0.22
bistouri,m,2.36
bistouris,m,2.36
bistre,m,1.69
bistres,m,1.69
bistro,m,3.04
bistroquet,m,0.47
bistros,m,3.04
bistrot,m,27.57
bistrote,f,27.57
bistrotier,m,0.41
bistrotiers,m,0.41
bistrotière,f,0.41
bistrotières,f,0.41
bistrots,m,27.57
bistrouille,f,0.20
bisulfite,m,0.07
bit,m,1.24
bite,f,26.41
bites,f,26.41
bithynien,m,0.41
bithyniens,m,0.41
bitoniau,m,0.01
bitos,m,0.74
bits,m,1.24
bitte,f,1.01
bitter,m,0.16
bitters,m,0.16
bittes,f,1.01
bitume,m,6.01
bitumes,m,6.01
biture,f,1.22
bitures,f,1.22
biturin,m,0.27
biturins,m,0.27
bivalve,m,0.01
bivouac,m,3.85
bivouacs,m,3.85
bizarrerie,f,3.38
bizarreries,f,3.38
bizness,m,2.02
bizou,m,0.07
bizut,m,2.30
bizutage,m,1.02
bizutages,m,1.02
bizuteurs,m,0.01
bizuth,m,0.02
bizuts,m,2.30
bière,f,81.67
bières,f,81.67
bla bla,m,1.51
bla-bla,m,1.51
bla-bla-bla,m,0.41
blabla,m,1.42
blablabla,m,0.88
blablateurs,m,0.07
black,m,4.07
black-bass,m,0.07
black-jack,m,0.75
black-out,m,1.00
blacks,m,4.07
blague,f,72.63
blagues,f,72.63
blagueur,m,0.35
blagueurs,m,0.35
blagueuse,f,0.35
blair,m,1.35
blaireau,m,4.14
blaireaux,m,4.14
blairs,m,1.35
blaisois,m,0.07
blanc,m,72.36
blanc-bec,m,1.50
blanc-bleu,m,0.41
blanc-seing,m,0.27
blanche,f,11.82
blanchecaille,f,0.54
blanchecailles,f,0.54
blanchement,m,0.07
blanches,f,11.82
blanchet,m,1.15
blancheur,f,15.27
blancheurs,f,15.27
blanchiment,m,0.75
blanchiments,m,0.75
blanchissage,m,0.31
blanchissement,m,0.14
blanchisserie,f,3.45
blanchisseur,m,3.65
blanchisseurs,m,3.65
blanchisseuse,f,3.65
blanchisseuses,f,3.65
blanchoiement,m,0.07
blanchon,m,1.28
blancs,m,72.36
blancs-becs,m,1.50
blandices,f,0.14
blanque,f,0.07
blanquette,f,1.01
blanquettes,f,1.01
blase,m,1.55
blases,m,1.55
blason,m,3.45
blasons,m,3.45
blasphème,m,5.51
blasphèmes,m,5.51
blasphémateur,m,0.68
blasphémateurs,m,0.68
blasphématrice,f,0.68
blastula,f,0.01
blatte,f,0.86
blattes,f,0.86
blaze,m,3.18
blazer,m,3.24
blazers,m,3.24
blazes,m,3.18
bled,m,8.04
bleds,m,8.04
blennies,f,0.07
blennorragie,f,0.14
blessing,m,0.01
blessure,f,41.81
blessures,f,41.81
blessé,m,30.34
blessée,f,30.34
blessées,f,30.34
blessés,m,30.34
blettes,f,0.20
blettissement,m,0.14
bleu,m,56.22
bleu-noir,m,0.34
bleu-roi,m,0.02
bleubite,m,0.27
bleubites,m,0.27
bleuet,m,1.98
bleuets,m,1.98
bleuette,f,0.03
bleus,m,56.22
bleusaille,f,0.38
bleusailles,f,0.38
bliaut,m,0.27
blindage,m,1.01
blindages,m,1.01
blinde,f,0.47
blindes,f,0.47
blindé,m,3.31
blindés,m,3.31
blini,m,0.93
blinis,m,0.93
blitzkrieg,m,0.09
blizzard,m,1.12
blizzards,m,1.12
blob,m,0.19
bloc,m,38.78
bloc-cylindres,m,0.01
bloc-moteur,m,0.01
bloc-notes,m,0.61
blocage,m,1.82
blocages,m,1.82
blocaille,f,0.07
block,m,1.06
blockhaus,m,6.15
blocks,m,1.06
blocs,m,38.78
blocs-notes,m,0.07
blocus,m,2.36
blond,m,33.45
blonde,f,33.45
blondes,f,33.45
blondeur,f,2.64
blondeurs,f,2.64
blondin,m,0.07
blondinet,m,0.95
blondinets,m,0.95
blonds,m,33.45
bloody mary,m,1.32
bloom,m,0.01
bloomer,m,0.01
bloqueur,m,0.24
bloqueurs,m,0.24
blot,m,1.76
blots,m,1.76
blottissement,m,0.07
bloum,m,0.07
blouse,f,32.64
blouses,f,32.64
blouson,m,25.20
blousons,m,25.20
blue jeans,m,2.03
blue note,f,0.02
blue-jean,m,2.03
blue-jeans,m,2.03
blues,m,7.81
bluets,m,0.07
bluette,f,0.61
bluettes,f,0.61
bluff,m,3.02
bluffeur,m,0.30
bluffeurs,m,0.30
bluffeuses,f,0.30
bluffs,m,3.02
blush,m,0.20
blutoir,m,0.07
blâme,m,4.73
blâmes,m,4.73
blèsement,m,0.07
blé,m,28.65
blédard,m,0.14
blédards,m,0.14
blépharite,f,0.14
blés,m,28.65
boa,m,2.30
boas,m,2.30
boat people,m,0.07
bob,m,0.88
bobard,m,3.13
bobards,m,3.13
bobbies,m,0.20
bobby,m,0.32
bobinage,m,0.14
bobinard,m,0.41
bobinards,m,0.41
bobine,f,5.88
bobineau,m,0.07
bobines,f,5.88
bobinette,f,0.20
bobinettes,f,0.20
bobineuse,f,0.20
bobineuses,f,0.20
bobino,m,0.41
bobo,m,2.42
bobonne,f,1.15
bobonnes,f,1.15
bobos,m,2.42
bobs,m,0.88
bobsleigh,m,0.91
bobèche,f,0.14
bobèches,f,0.14
boc,m,0.07
bocage,m,2.84
bocages,m,2.84
bocal,m,7.50
bocard,m,0.07
bocaux,m,7.50
bochiman,m,0.01
bock,m,1.35
bocks,m,1.35
bocson,m,0.27
bodega,f,0.65
bodegas,f,0.65
bodhi,f,2.21
bodhisattva,m,0.38
bodo,m,1.00
body,m,1.24
body-building,m,0.01
bodybuilding,m,0.01
boer,m,0.41
boers,m,0.41
boeuf,m,21.01
boeufs,m,21.01
boggie,m,0.41
boggies,m,0.41
boghei,m,2.64
bogie,m,0.14
bogomiles,m,0.07
boguet,m,0.07
bohémien,m,4.08
bohémienne,f,4.08
bohémiennes,f,4.08
bohémiens,m,4.08
boire,m,2.67
bois,m,299.46
boiserie,f,5.00
boiseries,f,5.00
boiseur,m,0.07
boisseau,m,0.61
boisseaux,m,0.61
boisselier,m,0.27
boisson,f,18.55
boissons,f,18.55
boitement,m,0.05
boiterie,f,0.54
boiteux,m,2.32
boitillement,m,0.14
boitillements,m,0.14
bol,m,25.14
bola,f,0.47
bolas,f,0.47
bolchevisme,m,1.08
boldo,m,0.20
bolduc,m,0.34
bolet,m,0.81
bolets,m,0.81
bolge,f,0.07
bolide,m,2.70
bolides,m,2.70
bolivar,m,0.47
bolivien,m,0.39
bolivienne,f,0.39
boliviens,m,0.39
bolognaise,f,0.14
bolonaise,f,0.07
bols,m,25.14
bolée,f,0.27
bolées,f,0.27
boléro,m,1.22
boléros,m,1.22
bombage,m,0.20
bombance,f,0.54
bombances,f,0.54
bombarde,f,0.95
bombardement,m,17.16
bombardements,m,17.16
bombardes,f,0.95
bombardier,m,3.31
bombardiers,m,3.31
bombardon,m,0.27
bombardons,m,0.27
bombe,f,64.39
bombements,m,0.07
bombes,f,64.39
bombes-test,f,0.01
bombeur,m,0.03
bombillement,m,0.07
bombinette,f,0.20
bombinettes,f,0.20
bombonne,f,0.47
bombonnes,f,0.47
bombyx,m,0.12
bon,m,102.33
bon-papa,m,1.55
bonace,f,0.14
bonaces,f,0.14
bonasserie,f,0.07
bonbon,m,23.45
bonbonne,f,2.43
bonbonnes,f,2.43
bonbonnière,f,1.35
bonbonnières,f,1.35
bonbons,m,23.45
bond,m,25.74
bondage,m,0.41
bondages,m,0.41
bonde,f,0.61
bondes,f,0.61
bondieusard,m,0.01
bondieuserie,f,0.68
bondieuseries,f,0.68
bondissement,m,0.61
bondissements,m,0.61
bondrée,f,0.20
bonds,m,25.74
bongo,m,0.21
bongos,m,0.21
bonheur,m,162.36
bonheur-du-jour,m,0.14
bonheurs,m,162.36
bonheurs-du-jour,m,0.14
bonhomie,f,4.12
bonhomme,m,29.80
boni,m,0.68
boniche,f,1.28
boniches,f,1.28
bonification,f,0.07
boniment,m,3.99
bonimenteur,m,0.47
bonimenteurs,m,0.47
boniments,m,3.99
bonis,m,0.68
bonjour,m,570.57
bonjours,m,570.57
bonne,f,59.44
bonne-maman,f,2.03
bonnes,f,59.44
bonnet,m,18.58
bonneteau,m,1.35
bonneterie,f,0.61
bonneteries,f,0.61
bonneteur,m,0.07
bonneteurs,m,0.07
bonnets,m,18.58
bonnette,f,0.14
bonnettes,f,0.14
bonniche,f,2.91
bonniches,f,2.91
bons,m,102.33
bons-cadeaux,m,0.07
bons-chrétiens,m,0.07
bonsaï,m,0.23
bonsaïs,m,0.23
bonshommes,m,29.80
bonsoir,m,161.17
bonsoirs,m,161.17
bonté,f,19.80
bontés,f,19.80
bonus,m,3.80
bonzaï,m,0.20
bonze,m,1.55
bonzes,m,1.55
boogie-woogie,m,0.28
book,m,2.89
bookmaker,m,2.07
bookmakers,m,2.07
books,m,2.89
boom,m,2.83
boomer,m,2.19
boomerang,m,2.17
booms,m,2.83
booster,m,0.63
boosters,m,0.63
bootlegger,m,0.22
bootleggers,m,0.22
boots,m,0.95
bop,m,0.27
boqueteau,m,3.04
boqueteaux,m,3.04
boquillons,m,0.14
borax,m,0.16
borborygme,m,1.96
borborygmes,m,1.96
borchtch,m,0.07
bord,m,228.11
bordage,m,0.47
bordages,m,0.47
bordeau,m,0.02
bordeaux,m,3.78
bordel,m,98.77
bordelais,m,1.28
bordelaise,f,1.28
bordelaises,f,1.28
bordelières,f,0.07
bordels,m,98.77
bordereau,m,1.09
bordereaux,m,1.09
borderie,f,0.01
borderline,m,0.14
bordes,f,0.07
bordille,f,0.07
bordj,m,0.74
bords,m,228.11
bordure,f,12.91
bordures,f,12.91
bordé,m,0.74
bordée,f,3.45
bordées,f,3.45
bordés,m,0.74
bore,m,0.17
borie,f,0.61
bornage,m,0.61
bornages,m,0.61
borne,f,20.61
borne-fontaine,f,0.20
bornes,f,20.61
bornes-fontaines,f,0.20
borough,m,0.18
borsalino,m,0.07
bortch,m,0.02
bortsch,m,1.03
borée,f,0.14
bosco,m,1.01
boskoop,f,0.14
bosquet,m,5.81
bosquets,m,5.81
boss,m,13.45
bossa-nova,f,0.12
bossage,m,0.01
bosse,f,12.57
bossellement,m,0.14
bossellements,m,0.14
bosselure,f,0.07
bosses,f,12.57
bosseur,m,0.59
bosseurs,m,0.59
bosseuse,f,0.59
bossoir,m,0.27
bossoirs,m,0.27
bosson,m,0.07
bossons,m,0.07
bossu,m,4.74
bossus,m,4.74
boston,m,0.47
bostonien,m,0.20
bostoniens,m,0.20
botanique,f,0.62
botte,f,44.93
bottes,f,44.93
botteur,m,0.14
botteurs,m,0.14
botticellienne,f,0.07
bottier,m,0.74
bottiers,m,0.74
bottillon,m,0.74
bottillons,m,0.74
bottin,m,1.35
bottine,f,4.86
bottines,f,4.86
bottins,m,1.35
botté,m,0.74
bottés,m,0.74
botulisme,m,0.15
boubou,m,2.30
boubous,m,2.30
bouc,m,10.07
boucan,m,3.22
boucanerie,f,0.07
boucanier,m,0.36
boucaniers,m,0.36
bouchage,m,0.07
boucharde,f,0.27
bouche,f,283.45
bouche-trou,m,0.25
bouche-trous,m,0.25
bouche-à-bouche,m,0.20
bouche-à-oreille,m,0.07
boucher,m,11.55
boucherie,f,8.92
boucheries,f,8.92
bouchers,m,11.55
bouches,f,283.45
bouchon,m,14.46
bouchons,m,14.46
bouchot,m,0.14
bouchoteurs,m,0.07
bouchots,m,0.14
bouchure,f,0.07
bouchère,f,11.55
bouchères,f,11.55
bouchée,f,11.49
bouchées,f,11.49
bouclage,m,0.54
boucle,f,29.86
boucles,f,29.86
bouclette,f,1.49
bouclettes,f,1.49
bouclier,m,14.45
boucliers,m,14.45
boucs,m,10.07
bouddha,m,1.55
bouddhas,m,1.55
bouddhisme,m,1.89
bouderie,f,1.69
bouderies,f,1.69
boudeur,m,0.14
boudeuse,f,0.14
boudin,m,7.57
boudine,f,0.10
boudins,m,7.57
boudoir,m,3.92
boudoirs,m,3.92
boue,f,53.31
boues,f,53.31
boueur,m,0.07
boueux,m,0.88
bouffant,m,0.07
bouffarde,f,1.01
bouffardes,f,1.01
bouffe,f,14.51
bouffes,f,14.51
bouffetance,f,0.14
bouffettes,f,0.07
bouffeur,m,0.84
bouffeurs,m,0.84
bouffeuse,f,0.84
bouffeuses,f,0.84
bouffissure,f,0.41
bouffissures,f,0.41
bouffon,m,6.79
bouffonne,f,6.79
bouffonnerie,f,1.01
bouffonneries,f,1.01
bouffons,m,6.79
bouffée,f,26.35
bouffées,f,26.35
bouftance,f,0.07
bougainvillier,m,0.14
bougainvilliers,m,0.14
bougainvillée,f,1.42
bougainvillées,f,1.42
bouge,m,34.79
bougeoir,m,2.57
bougeoirs,m,2.57
bougeotte,f,1.15
bouges,m,34.79
bougie,f,29.86
bougies,f,29.86
bougnat,m,2.57
bougnats,m,2.57
bougnoul,m,0.11
bougonnement,m,0.01
bougran,m,0.23
bougre,m,11.22
bougrerie,f,0.14
bougreries,f,0.14
bougres,m,11.22
bougresse,f,0.47
bougé,m,0.26
boui-boui,m,0.39
bouiboui,m,0.14
bouibouis,m,0.14
bouif,m,0.14
bouillabaisse,f,0.66
bouillasse,f,0.61
bouille,f,6.55
bouilles,f,6.55
bouilleur,m,0.34
bouilleurs,m,0.34
bouilli,m,0.34
bouillie,f,9.73
bouillies,f,9.73
bouillis,m,0.34
bouilloire,f,3.85
bouilloires,f,3.85
bouillon,m,8.92
bouillonnement,m,3.11
bouillonnements,m,3.11
bouillonné,m,0.34
bouillonnés,m,0.34
bouillons,m,8.92
bouillotte,f,1.96
bouillottes,f,1.96
bouis-bouis,m,0.39
boukha,f,0.14
boulange,f,0.27
boulanger,m,13.31
boulanger-pâtissier,m,0.14
boulangerie,f,8.04
boulangeries,f,8.04
boulangers,m,13.31
boulangisme,m,0.07
boulangère,f,13.31
boulangères,f,13.31
boulants,m,0.07
boulder,m,0.46
boule,f,61.22
boule-de-neige,f,0.07
bouleau,m,4.05
bouleaux,m,4.05
bouledogue,m,2.09
bouledogues,m,2.09
boules,f,61.22
boulet,m,8.11
boulets,m,8.11
boulette,f,6.13
boulettes,f,6.13
boulevard,m,61.15
boulevardier,m,0.07
boulevardiers,m,0.07
boulevards,m,61.15
bouleversement,m,7.30
bouleversements,m,7.30
boulgour,m,0.15
boulier,m,1.96
bouliers,m,1.96
boulimie,f,0.54
boulimies,f,0.54
bouline,f,0.07
boulines,f,0.07
boulingrins,m,0.27
boulins,m,0.07
boulle,m,0.14
boulodrome,m,0.07
bouloir,m,0.01
boulon,m,3.51
boulonnage,m,0.01
boulonnerie,f,0.07
boulons,m,3.51
boulot,m,202.97
boulots,m,202.97
boulotte,f,0.27
boulottes,f,0.27
boum,m,7.01
boums,m,7.01
bouniouls,m,0.07
bouquet,m,37.09
bouquetier,m,0.41
bouquetin,m,0.34
bouquetins,m,0.34
bouquetière,f,0.41
bouquets,m,37.09
bouquin,m,27.70
bouquinage,m,0.07
bouquineur,m,0.01
bouquins,m,27.70
bour,m,0.14
bourbe,f,0.20
bourbier,m,1.35
bourbiers,m,1.35
bourbon,m,6.96
bourbons,m,6.96
bourdaine,f,0.14
bourdaines,f,0.14
bourdalous,m,0.07
bourde,f,1.54
bourdes,f,1.54
bourdillon,m,0.14
bourdon,m,5.54
bourdonnement,m,10.54
bourdonnements,m,10.54
bourdons,m,5.54
bourg,m,15.88
bourgade,f,3.99
bourgades,f,3.99
bourgeois,m,28.65
bourgeoise,f,28.65
bourgeoises,f,28.65
bourgeoisie,f,10.27
bourgeoisies,f,10.27
bourgeoisisme,m,0.07
bourgeon,m,2.84
bourgeonnement,m,0.27
bourgeonnements,m,0.27
bourgeons,m,2.84
bourgeron,m,1.28
bourgerons,m,1.28
bourgmestre,m,1.49
bourgmestres,m,1.49
bourgogne,m,1.35
bourgognes,m,1.35
bourgs,m,15.88
bourgueil,m,0.07
bourgues,m,0.07
bourguignon,m,1.96
bourguignonne,f,1.96
bourguignonnes,f,1.96
bourguignons,m,1.96
bourlingue,f,0.01
bourlingueur,m,0.34
bourlingueuses,f,0.34
bourrache,f,0.07
bourrade,f,4.80
bourrades,f,4.80
bourrage,m,0.27
bourrages,m,0.27
bourrasque,f,6.01
bourrasques,f,6.01
bourre-mou,m,0.01
bourre-pif,m,0.07
bourreau,m,12.91
bourreaux,m,12.91
bourrelet,m,6.22
bourrelets,m,6.22
bourrelier,m,0.88
bourreliers,m,0.88
bourrellerie,f,0.27
bourreur,m,0.14
bourriche,f,0.68
bourriches,f,0.68
bourrichon,m,0.40
bourricot,m,1.08
bourricots,m,1.08
bourrier,m,0.34
bourrin,m,1.62
bourrine,f,0.01
bourrins,m,1.62
bourrique,f,2.97
bourriques,f,2.97
bourriquet,m,0.16
bourriquets,m,0.16
bourrée,f,1.08
bourrées,f,0.27
bourse,f,19.66
bourses,f,19.66
boursicot,m,0.07
boursicotage,m,0.07
boursicoteur,m,0.14
boursicoteurs,m,0.14
boursier,m,0.41
boursiers,m,0.41
boursière,f,0.41
boursouflement,m,0.07
boursouflure,f,1.82
boursouflures,f,1.82
bousards,m,0.07
bousbir,m,0.54
bousbirs,m,0.54
bousculade,f,6.28
bousculades,f,6.28
bouse,f,5.14
bouses,f,5.14
bouseuse,f,2.44
bouseux,m,2.44
bousier,m,0.34
bousiers,m,0.34
bousillage,m,0.27
bousillages,m,0.27
bousilleur,m,0.03
bousin,m,0.14
bousine,f,0.14
bousins,m,0.14
boussole,f,4.66
boussoles,f,4.66
boustifaille,f,0.81
boustifailles,f,0.81
boustifailleuse,f,0.07
boustrophédon,m,0.20
bout,m,398.11
bout-dehors,m,0.20
bout-rimé,m,0.14
boutade,f,1.49
boutades,f,1.49
boutanche,f,2.16
boutanches,f,2.16
boutargue,f,0.07
boute-en-train,m,0.74
bouteille,f,104.05
bouteilles,f,104.05
bouteillon,m,0.68
bouteillons,m,0.68
bouteur,m,0.07
bouteurs,m,0.07
bouthéon,m,1.15
bouthéons,m,1.15
boutillier,m,0.14
boutique,f,48.92
boutique-cadeaux,f,0.02
boutiques,f,48.92
boutiquier,m,1.76
boutiquiers,m,1.76
boutiquière,f,1.76
boutiquières,f,1.76
boutisses,f,0.07
boutoir,m,2.23
bouton,m,44.46
bouton-d'or,m,0.20
bouton-pression,m,0.14
boutonnage,m,0.34
boutonnière,f,3.65
boutonnières,f,3.65
boutons,m,44.46
boutons-d'or,m,0.20
boutons-pression,m,0.14
boutre,m,0.81
boutres,m,0.81
bouts,m,398.11
bouts-rimés,m,0.14
bouture,f,0.47
boutures,f,0.47
bouvet,m,0.07
bouvier,m,1.01
bouviers,m,1.01
bouvillon,m,0.20
bouvreuil,m,0.27
bouvreuils,m,0.27
bouzine,f,0.27
bouzouki,m,0.47
bouzy,m,0.07
bouée,f,5.47
bouées,f,5.47
bovidé,m,0.68
bovidés,m,0.68
bovin,m,1.49
bovins,m,1.49
bow-window,m,0.54
bow-windows,m,0.54
bowling,m,1.08
box,m,4.05
box-calf,m,0.27
box-office,m,0.35
box-offices,m,0.35
boxe,f,9.32
boxer,m,0.75
boxer-short,m,0.07
boxers,m,0.75
boxes,f,9.32
boxeur,m,8.71
boxeurs,m,8.71
boxeuse,f,8.71
boxon,m,1.01
boxons,m,1.01
boy,m,12.82
boy-friend,m,0.14
boy-scout,m,2.09
boy-scouts,m,2.09
boyard,m,3.96
boyards,m,3.96
boyau,m,13.58
boyaux,m,13.58
boycott,m,0.64
boys,m,12.82
bozo,m,0.25
boëttes,f,0.07
boîte,f,134.05
boîtes,f,134.05
boîtes-repas,f,0.07
boîtier,m,1.04
boîtiers,m,1.04
brabant,m,0.20
brabançons,m,0.07
bracelet,m,13.45
bracelet-montre,m,2.70
bracelets,m,13.45
bracelets-montres,m,2.70
brachiosaure,m,0.02
braco,m,0.20
braconnage,m,0.61
braconnages,m,0.61
braconnier,m,2.77
braconniers,m,2.77
braconnière,f,2.77
braconnières,f,2.77
bractées,f,0.20
braderie,f,0.31
braderies,f,0.31
bradillon,m,0.20
bradillons,m,0.20
bradycardie,f,0.17
bragard,m,0.07
braguette,f,6.69
braguettes,f,6.69
brahmane,m,0.47
brahmanes,m,0.47
brahmanisme,m,0.07
brai,m,0.02
braiement,m,0.07
braiements,m,0.07
braies,f,0.81
braille,m,0.55
braillement,m,0.54
braillements,m,0.54
brailleur,m,0.07
brailleurs,m,0.07
brailleuse,f,0.07
braiment,m,7.91
braiments,m,7.91
brain-trust,m,0.07
brainstorming,m,0.04
brais,m,0.02
braise,f,12.23
braises,f,12.23
brame,m,3.58
bramement,m,0.20
bramements,m,0.20
brames,m,3.58
bran,m,0.16
brancard,m,7.30
brancardier,m,3.92
brancardiers,m,3.92
brancards,m,7.30
branchage,m,4.46
branchages,m,4.46
branche,f,85.61
branchement,m,0.52
branchements,m,0.52
branches,f,85.61
branchette,f,2.30
branchettes,f,2.30
branchie,f,0.50
branchies,f,0.50
brand,m,0.14
brandade,f,0.14
brande,f,0.14
brandebourgs,m,1.15
brandevin,m,0.01
brandevinier,m,0.41
brandillon,m,0.61
brandillons,m,0.61
brandon,m,0.81
brandons,m,0.81
brandy,m,3.10
branlage,m,0.07
branle,m,4.32
branle-bas,m,1.82
branlement,m,0.07
branles,m,4.32
branlette,f,3.25
branlettes,f,3.25
branleur,m,5.22
branleurs,m,5.22
branleuse,f,5.22
branleuses,f,5.22
branlée,f,0.80
branquignol,m,0.07
branquignols,m,0.07
braquage,m,7.74
braquages,m,7.74
braque,m,0.54
braquemart,m,0.61
braquemarts,m,0.61
braques,m,0.54
braquet,m,0.20
braquets,m,0.20
braqueur,m,3.12
braqueurs,m,3.12
braqueuse,f,3.12
braqueuses,f,3.12
bras,m,487.97
brasage,m,0.07
brasero,m,1.82
braseros,m,1.82
brasier,m,6.42
brasiers,m,6.42
brasillement,m,0.20
brassage,m,0.81
brassages,m,0.81
brassard,m,4.93
brassards,m,4.93
brasse,f,2.16
brasserie,f,9.05
brasserie-hôtel,f,0.07
brasseries,f,9.05
brasses,f,2.16
brasseur,m,0.54
brasseurs,m,0.54
brassière,f,0.55
brassières,f,0.55
brassée,f,3.18
brassées,f,3.18
brasure,f,0.07
bravache,m,0.27
bravaches,m,0.27
bravade,f,1.69
bravades,f,1.69
braveries,f,0.07
bravissimo,m,0.20
bravo,m,8.93
bravos,m,8.93
bravoure,f,3.18
braye,f,0.61
brayons,m,0.07
break,m,7.18
break-down,m,0.14
breakdance,f,0.10
breakfast,m,1.22
breakfasts,m,1.22
breaks,m,7.18
brebis,f,7.03
brechtienne,f,0.07
bredin,m,0.07
bredouillage,m,0.14
bredouillement,m,0.68
bredouillements,m,0.68
bredouilleurs,m,0.07
bredouillis,m,0.14
bref,m,0.95
brefs,m,0.95
bregma,m,0.01
breitschwanz,m,0.20
brelan,m,1.29
brelans,m,1.29
breloque,f,1.69
breloques,f,1.69
bressanes,f,0.07
brestois,m,0.20
brestoise,f,0.20
bretelle,f,13.04
bretelles,f,13.04
breton,m,4.86
bretonne,f,4.86
bretonnes,f,4.86
bretons,m,4.86
brette,f,0.01
bretteur,m,0.31
bretteurs,m,0.31
breuil,m,0.14
breuils,m,0.14
breuvage,m,2.57
breuvages,m,2.57
brevet,m,3.58
brevets,m,3.58
breveté,m,0.14
brevetés,m,0.14
bri,m,0.54
briard,m,0.20
briards,m,0.20
bribe,f,14.73
bribes,f,14.73
bric-à-brac,m,3.24
bricheton,m,0.68
brick,m,1.51
bricks,m,1.51
bricolage,m,1.76
bricolages,m,1.76
bricole,f,5.68
bricoles,f,5.68
bricoleur,m,0.58
bricoleurs,m,0.58
bricoleuse,f,0.58
bricolo,m,0.27
bricolos,m,0.27
bride,f,10.07
brides,f,10.07
bridge,m,4.33
bridges,m,4.33
bridgeurs,m,0.07
bridgeuse,f,0.07
bridon,m,0.41
bridons,m,0.41
briefing,m,3.25
briefings,m,3.25
brigade,f,16.65
brigades,f,16.65
brigadier,m,14.53
brigadier-chef,m,1.96
brigadiers,m,14.53
brigadiers-chefs,m,1.96
brigand,m,5.14
brigandage,m,0.74
brigandages,m,0.74
brigandeaux,m,0.07
brigands,m,5.14
brigantin,m,0.20
brigantine,f,0.07
brignolet,m,0.27
brigues,f,0.34
brillance,f,0.74
brillances,f,0.74
brillant,m,6.08
brillantage,m,0.07
brillantine,f,1.96
brillants,m,6.08
brimade,f,2.91
brimades,f,2.91
brimbalement,m,0.14
brimbalements,m,0.14
brimborion,m,0.34
brimborions,m,0.34
brin,m,19.26
brindes,f,0.03
brindille,f,6.55
brindilles,f,6.55
bringue,f,1.42
brins,m,19.26
brio,m,1.89
brioche,f,7.09
brioches,f,7.09
brions,m,0.03
briquage,m,0.14
brique,f,31.55
briques,f,31.55
briquet,m,13.65
briquetage,m,0.14
briqueterie,f,0.45
briqueteries,f,0.45
briquetier,m,0.07
briquets,m,13.65
briquette,f,0.61
briquettes,f,0.61
bris,m,1.35
brisant,m,1.35
brisants,m,1.35
briscard,m,0.34
briscards,m,0.34
brise,f,11.49
brise-bise,m,0.41
brise-fer,m,0.01
brise-glace,m,0.20
brise-jet,m,0.07
brise-lame,m,0.14
brise-vent,m,0.01
brises,f,11.49
briseur,m,1.11
briseurs,m,1.11
briseuse,f,1.11
brisis,m,0.05
brisque,f,0.03
bristol,m,1.55
bristols,m,1.55
brisure,f,0.95
brisures,f,0.95
brisée,f,1.49
brisées,f,1.49
brivadois,m,0.14
brize,f,0.47
brièveté,f,1.35
broc,m,4.53
brocante,f,1.42
brocantes,f,1.42
brocanteur,m,9.26
brocanteurs,m,9.26
brocanteuse,f,9.26
brocard,m,1.01
brocards,m,1.01
brocart,m,3.99
brocarts,m,3.99
brocatelle,f,0.07
brochage,m,0.20
brochages,m,0.20
broche,f,5.74
broches,f,5.74
brochet,m,3.99
brochets,m,3.99
brochette,f,3.04
brochettes,f,3.04
brocheur,m,0.34
brocheurs,m,0.34
brochoirs,m,0.07
brochure,f,3.99
brochures,f,3.99
broché,m,0.01
brocoli,m,1.32
brocolis,m,1.32
brocs,m,4.53
brodequin,m,4.12
brodequins,m,4.12
broderie,f,6.22
broderies,f,6.22
brodeuse,f,0.47
brodeuses,f,0.47
broiement,m,0.20
broiements,m,0.20
broker,m,0.07
brol,m,0.01
brome,m,0.14
bromure,m,0.52
bromures,m,0.52
bronche,f,2.23
bronches,f,2.23
bronchioles,f,0.14
bronchite,f,2.36
bronchites,f,2.36
broncho,m,0.03
broncho-pneumonie,f,0.41
broncho-pneumopathie,f,0.07
bronchoscope,m,0.01
bronchoscopie,f,0.13
brontosaure,m,0.12
brontosaures,m,0.12
bronzage,m,1.67
bronzages,m,1.67
bronze,m,19.26
bronzes,m,19.26
bronzette,f,0.14
bronzettes,f,0.14
bronzier,m,0.07
brook,m,0.12
brooks,m,0.12
broquarts,m,0.07
broque,f,0.74
broques,f,0.74
broquettes,f,0.07
broquille,f,1.15
broquilles,f,1.15
brossage,m,0.20
brosse,f,19.59
brosses,f,19.59
brosseur,m,0.20
brosseurs,m,0.20
brossier,m,0.07
brou,m,0.74
brouet,m,0.81
brouets,m,0.81
brouette,f,6.76
brouettes,f,6.76
brouettée,f,0.27
brouettées,f,0.27
brouhaha,m,9.66
brouhahas,m,9.66
brouillade,f,0.07
brouillage,m,0.95
brouillages,m,0.95
brouillamini,m,0.27
brouillard,m,35.20
brouillards,m,35.20
brouillasse,f,0.27
brouille,f,2.50
brouilles,f,2.50
brouilleur,m,0.78
brouilleurs,m,0.78
brouillon,m,4.93
brouillons,m,4.93
broussaille,f,7.16
broussailles,f,7.16
broussard,m,0.28
brousse,f,11.01
brousses,f,11.01
brout,m,0.81
broutage,m,0.03
broutard,m,0.14
broutille,f,1.87
broutilles,f,1.87
brown sugar,m,0.07
browning,m,0.20
brownings,m,0.20
broyage,m,0.14
broyages,m,0.14
broyeur,m,1.56
broyeurs,m,1.56
bru,f,3.24
bruant,m,0.14
bruants,m,0.14
brucellose,f,0.07
brugeois,m,0.07
brugnon,m,0.27
brugnons,m,0.27
bruine,f,2.77
bruines,f,2.77
bruissement,m,8.24
bruissements,m,8.24
bruit,m,281.49
bruitage,m,0.54
bruitages,m,0.54
bruiteur,m,0.20
bruiteuse,f,0.20
bruits,m,281.49
brumaille,f,0.07
brumaire,m,0.27
brume,f,42.57
brumes,f,42.57
brumisateur,m,0.01
brun,m,9.05
brunch,m,1.63
brunches,m,1.63
brunchs,m,1.63
brune,f,7.77
brunes,f,7.77
brunette,f,0.54
brunettes,f,0.54
bruni,m,0.14
brunissage,m,0.02
brunissoir,m,0.07
brunissures,f,0.07
bruns,m,9.05
brus,f,3.24
brushing,m,0.65
brusquerie,f,4.32
brusqueries,f,4.32
brut,m,0.61
brutalité,f,11.15
brutalités,f,11.15
brute,f,14.03
brutes,f,14.03
bruts,m,0.61
bruyère,f,6.01
bruyères,f,6.01
brèche,f,9.59
brèches,f,9.59
brème,f,1.49
brèmes,f,1.49
brève,f,1.42
brèves,f,1.42
bréchet,m,0.54
brésil,m,0.20
brésilien,m,2.88
brésilienne,f,2.88
brésiliennes,f,2.88
brésiliens,m,2.88
brésils,m,0.20
bréviaire,m,1.69
brûlage,m,0.20
brûle-gueule,m,0.41
brûleur,m,0.37
brûleurs,m,0.37
brûleuse,f,0.37
brûlis,m,0.34
brûloirs,m,0.07
brûlot,m,1.35
brûlots,m,1.35
brûlure,f,12.50
brûlures,f,12.50
brûlé,m,4.12
brûlée,f,4.12
brûlées,f,4.12
brûlés,m,4.12
buanderie,f,1.69
buanderies,f,1.69
bubble gum,m,0.08
bubble-gum,m,0.08
bubon,m,0.34
bubons,m,0.34
buccin,m,0.14
buccinateur,m,0.07
bucco,m,0.21
bucoliastes,m,0.07
bucoliques,f,0.20
bucranes,m,0.14
bucéphales,m,0.07
buddha,m,0.40
budget,m,11.21
budgets,m,11.21
budgétisation,f,0.01
buen retiro,m,0.14
buffet,m,21.35
buffets,m,21.35
buffle,m,4.19
buffles,m,4.19
buffleterie,f,0.74
buffleteries,f,0.74
bufflonne,f,0.07
bufo,m,0.01
bug,m,1.90
buggy,m,0.28
bugle,m,0.34
bugles,m,0.34
bugne,f,0.14
bugnes,f,0.14
bugs,m,1.90
building,m,3.24
buildings,m,3.24
buires,f,0.07
buis,m,7.23
buisson,m,27.09
buisson-ardent,m,0.01
buissons,m,27.09
bulbe,m,1.82
bulbes,m,1.82
bulbul,m,0.47
bulge,m,0.02
bull,m,1.04
bull-dog,m,0.68
bull-dogs,m,0.68
bull-finch,m,0.14
bull-terrier,m,0.02
bullaire,m,0.01
bulldog,m,0.49
bulldogs,m,0.49
bulldozer,m,2.64
bulldozers,m,2.64
bulle,f,16.55
bulles,f,16.55
bulletin,m,7.50
bulletins,m,7.50
bulls,m,1.04
bulot,m,0.07
bulots,m,0.07
bumper,m,0.14
buna,m,0.01
bungalow,m,12.84
bungalows,m,12.84
bunker,m,4.51
bunkers,m,4.51
bunraku,m,0.07
bunsen,m,0.07
buprestes,m,0.07
bureau,m,167.13
bureaucratie,f,1.17
bureaucraties,f,1.17
bureautique,f,0.01
bureaux,m,167.13
burette,f,1.62
burettes,f,1.62
burg,m,0.20
burger,m,2.31
burgers,m,2.31
burgraviat,m,0.07
burin,m,2.23
burins,m,2.23
burlesque,m,0.74
burlesques,m,0.74
burlingue,m,1.15
burlingues,m,1.15
burne,f,1.49
burnes,f,1.49
burnous,m,1.76
burons,m,0.07
bursite,f,0.09
burundais,m,0.01
bus,m,50.63
busard,m,0.74
busards,m,0.74
buse,f,2.84
buses,f,2.84
bush,m,0.24
bushi,m,0.20
bushido,m,0.01
bushman,m,0.07
business,m,15.62
businessman,m,1.31
businessmen,m,1.31
buste,m,24.46
bustes,m,24.46
bustier,m,0.34
but,m,78.43
butadiène,m,0.03
butagaz,m,0.47
butane,m,1.08
bute,m,0.01
buteur,m,0.39
butin,m,6.35
butins,m,6.35
butoir,m,0.81
butoirs,m,0.81
butor,m,1.08
butors,m,1.08
buts,m,78.43
butte,f,7.03
buttes,f,7.03
butteur,m,0.11
buttoir,m,0.07
butée,f,0.88
buvant,m,0.20
buvard,m,4.32
buvards,m,4.32
buvette,f,3.04
buvettes,f,3.04
buveur,m,4.66
buveurs,m,4.66
buveuse,f,4.66
buée,f,13.51
buées,f,13.51
by,m,12.49
by-pass,m,0.03
bytes,m,0.09
bytures,m,0.07
byzantinisme,m,0.34
byzantins,m,0.34
bâbord,m,1.97
bâche,f,13.38
bâches,f,13.38
bâcleurs,m,0.07
bâfrements,m,0.07
bâfreur,m,0.07
bâfreurs,m,0.07
bâillement,m,4.19
bâillements,m,4.19
bâillon,m,1.96
bâillons,m,1.96
bât,m,2.57
bâtard,m,13.66
bâtarde,f,13.66
bâtardes,f,13.66
bâtardise,f,3.04
bâtardises,f,3.04
bâtards,m,13.66
bâti,m,0.95
bâtiment,m,36.82
bâtiments,m,36.82
bâtis,m,0.95
bâtisse,f,9.59
bâtisses,f,9.59
bâtisseur,m,1.01
bâtisseurs,m,1.01
bâtisseuse,f,1.01
bâtière,f,0.07
bâton,m,30.27
bâtonnet,m,2.84
bâtonnets,m,2.84
bâtonnier,m,1.35
bâtons,m,30.27
bâts,m,2.57
béance,f,0.61
béarnaise,f,0.01
béat,m,0.81
béatification,f,0.27
béatifications,f,0.27
béatitude,f,5.74
béatitudes,f,5.74
béats,m,0.81
bébé,m,191.63
bébés,m,191.63
bébés-éprouvette,m,0.01
bécabunga,m,0.07
bécane,f,4.80
bécanes,f,4.80
bécard,m,0.07
bécarre,m,0.07
bécasse,f,1.56
bécasses,f,1.56
bécassine,f,0.20
bécassines,f,0.20
béchamel,f,0.41
bécher,m,0.01
bécot,m,0.47
bécoteur,m,0.02
bécots,m,0.47
bédane,m,0.20
bédouin,m,0.54
bédouine,f,0.54
bédouines,f,0.54
bédouins,m,0.54
bédé,f,0.29
bédés,f,0.29
bégaiement,m,2.23
bégaiements,m,2.23
bégonias,m,1.15
bégueule,f,0.20
bégueulerie,f,0.07
bégueules,f,0.20
béguin,m,3.11
béguinage,m,0.07
béguine,f,0.14
béguineuse,f,0.14
béguins,m,3.11
bégum,f,0.27
béhème,f,0.20
béhémoth,m,0.47
béjaune,m,0.20
bélier,m,3.99
béliers,m,3.99
bélinogramme,m,0.07
bélouga,m,0.02
béluga,m,0.02
bélître,m,0.07
bémol,m,1.01
bémols,m,1.01
bénard,m,1.82
bénards,m,1.82
bénef,m,0.71
bénefs,m,0.71
bénignité,f,0.20
bénisseuse,f,0.07
bénitier,m,1.96
bénitiers,m,1.96
bénouze,m,0.20
bénédicité,m,0.43
bénédicités,m,0.43
bénédictin,m,0.74
bénédictine,f,0.74
bénédictines,f,0.74
bénédictins,m,0.74
bénédiction,f,11.15
bénédictions,f,11.15
bénéfice,m,11.42
bénéfices,m,11.42
bénévolat,m,0.98
bénévolence,f,0.07
béotien,m,0.47
béotienne,f,0.47
béotiens,m,0.47
béquille,f,6.15
béquilles,f,6.15
béret,m,15.07
bérets,m,15.07
béribéri,m,0.18
bérullienne,f,0.07
béryl,m,0.27
béryllium,m,0.20
béryls,m,0.27
bérézina,f,0.41
bésiclard,m,0.07
bésicles,f,0.20
bésigue,m,0.06
bétail,m,9.71
bétaillère,f,0.20
bétaillères,f,0.20
bétails,m,9.71
bétel,m,2.94
bétoine,f,0.01
béton,m,15.68
bétonnage,m,0.14
bétonneurs,m,0.54
bétonneuse,f,0.54
bétonneuses,f,0.54
bétonnière,f,0.23
bétonnières,f,0.23
bétons,m,15.68
bévue,f,1.22
bévues,f,1.22
bézoard,m,0.01
bêche,f,3.72
bêches,f,3.72
bêcheur,m,1.22
bêcheurs,m,1.22
bêcheuse,f,1.22
bêcheuses,f,1.22
bêlement,m,1.22
bêlements,m,1.22
bêta,m,2.36
bêtas,m,2.36
bêtasse,f,2.36
bêtatron,m,0.01
bête,f,117.36
bêtes,f,117.36
bêtise,f,39.31
bêtises,f,39.31
bêtisier,m,0.04
bôme,f,0.47
bûche,f,13.18
bûcher,m,9.59
bûcheron,m,8.24
bûcherons,m,8.24
bûchers,m,9.59
bûches,f,13.18
bûchette,f,0.61
bûchettes,f,0.61
bûcheur,m,0.61
bûcheurs,m,0.61
bûcheuse,f,0.61
bûcheuses,f,0.61
c,m,59.73
cab,m,0.42
cabale,f,0.88
cabales,f,0.88
caballero,f,0.20
caban,m,1.49
cabane,f,29.46
cabanes,f,29.46
cabanettes,f,0.07
cabanon,m,2.09
cabanons,m,2.09
cabans,m,1.49
cabaret,m,6.69
cabaretier,m,0.74
cabaretiers,m,0.74
cabaretière,f,0.74
cabarets,m,6.69
cabas,m,5.68
caberlot,m,0.07
cabernet,m,0.16
cabestan,m,0.34
cabiais,m,0.01
cabillaud,m,0.27
cabillots,m,0.07
cabine,f,35.07
cabines,f,35.07
cabinet,m,36.49
cabinets,m,36.49
caboche,f,1.49
caboches,f,1.49
cabochon,m,1.35
cabochons,m,1.35
cabossages,m,0.07
cabosse,f,0.14
cabosses,f,0.14
cabot,m,1.52
cabotage,m,0.20
caboteur,m,1.01
cabotin,m,0.81
cabotinage,m,0.47
cabotine,f,0.81
cabotins,m,0.81
cabots,m,1.52
caboulot,m,0.68
caboulots,m,0.68
cabrade,f,0.07
cabrage,m,0.04
cabrette,f,0.20
cabri,m,1.08
cabriole,f,1.15
cabrioles,f,1.15
cabriolet,m,3.38
cabriolets,m,3.38
cabris,m,1.08
cabs,m,0.42
cabèche,f,0.54
cabèches,f,0.54
cabécous,m,0.07
caca,m,3.09
cacahouète,f,1.00
cacahouètes,f,1.00
cacahuète,f,7.29
cacahuètes,f,7.29
cacao,m,1.42
cacaos,m,1.42
cacaotier,m,0.01
cacaoyer,m,0.01
cacas,m,3.09
cacatois,m,0.07
cacatoès,m,0.34
cachalot,m,0.95
cachalots,m,0.95
cache-brassière,m,0.07
cache-cache,m,3.42
cache-col,m,1.35
cache-corset,m,0.14
cache-nez,m,2.09
cache-pot,m,0.81
cache-pots,m,0.81
cache-poussière,m,0.20
cache-sexe,m,0.27
cache-tampon,m,0.20
cachemire,m,2.84
cachemires,m,2.84
cachemiris,m,0.01
cachet,m,16.46
cacheton,m,0.59
cachetons,m,0.59
cachets,m,16.46
cachette,f,16.96
cachettes,f,16.96
cachexie,f,0.07
cachot,m,7.09
cachots,m,7.09
cachotterie,f,0.93
cachotteries,f,0.93
cachottier,m,0.71
cachottiers,m,0.71
cachottière,f,0.71
cachou,m,0.68
cachous,m,0.68
cacique,m,0.20
caciques,m,0.20
cacodylate,m,0.07
cacophonie,f,1.35
cacophonies,f,1.35
cactus,m,2.86
cactées,f,0.47
cadastre,m,3.58
cadastres,m,3.58
cadavre,m,54.05
cadavres,m,54.05
caddie,m,2.43
caddies,m,2.43
caddy,m,1.49
cade,m,0.14
cadeau,m,125.79
cadeaux,m,125.79
cadenas,m,2.43
cadence,f,13.78
cadences,f,13.78
cadet,m,8.85
cadets,m,8.85
cadette,f,8.85
cadettes,f,8.85
cadi,m,2.30
cadmium,m,0.13
cadogan,m,0.20
cador,m,1.96
cadors,m,1.96
cadrage,m,0.59
cadrages,m,0.59
cadran,m,7.70
cadrans,m,7.70
cadratin,m,0.14
cadratins,m,0.14
cadre,m,42.84
cadres,m,42.84
cadreur,m,0.14
cadreurs,m,0.14
caducité,f,0.07
caducée,m,0.20
caducées,m,0.20
caduques,f,0.07
cadènes,f,1.01
caecum,m,0.01
caesium,m,0.11
cafard,m,9.87
cafardage,m,0.11
cafardeur,m,0.29
cafardeuse,f,0.29
cafardeux,m,0.04
cafards,m,9.87
cafetan,m,0.29
cafetans,m,0.29
cafeteria,f,1.35
cafeterias,f,1.35
cafeteur,m,0.01
cafetier,m,2.97
cafetiers,m,2.97
cafetière,f,5.88
cafetières,f,5.88
cafeton,m,0.14
cafouillage,m,0.54
cafouillages,m,0.54
cafouillis,m,0.14
cafre,m,0.03
caftage,m,0.07
caftan,m,2.64
caftans,m,2.64
cafteur,m,0.51
cafteurs,m,0.51
cafteuse,f,0.51
café,m,177.30
café-concert,m,0.47
café-crème,m,0.95
café-hôtel,m,0.07
café-restaurant,m,0.41
café-tabac,m,1.22
café-théâtre,m,0.27
caféier,m,0.07
caféiers,m,0.07
caféine,f,1.58
cafés,m,177.30
cafés-concerts,m,0.47
cafétéria,f,4.12
cafétérias,f,4.12
cagade,f,0.68
cagades,f,0.68
cage,f,41.82
cageot,m,7.36
cageots,m,7.36
cages,f,41.82
cagette,f,0.54
cagettes,f,0.54
cagibi,m,5.34
cagibis,m,5.34
cagna,f,2.64
cagnas,f,2.64
cagne,f,0.07
cagnotte,f,1.09
cagot,m,0.41
cagote,f,0.41
cagots,m,0.41
cagou,m,0.01
cagoulard,m,0.54
cagoulards,m,0.54
cagoule,f,2.84
cagoules,f,2.84
cahier,m,31.55
cahiers,m,31.55
cahors,m,0.14
cahot,m,4.39
cahotement,m,0.27
cahots,m,4.39
cahute,f,1.69
cahutes,f,1.69
caillasse,f,2.70
caillasses,f,2.70
caille,f,4.59
caillebotis,m,0.20
caillera,f,0.03
cailles,f,4.59
caillette,f,0.01
caillot,m,3.09
caillots,m,3.09
caillou,m,38.58
cailloutage,m,0.07
cailloutis,m,0.54
cailloux,m,38.58
caillé,m,0.14
cairn,m,0.08
cairns,m,0.08
caisse,f,69.39
caisses,f,69.39
caissette,f,1.15
caissettes,f,1.15
caissier,m,7.09
caissiers,m,7.09
caissière,f,7.09
caissières,f,7.09
caisson,m,3.04
caissons,m,3.04
cajolerie,f,0.81
cajoleries,f,0.81
cajoleur,m,0.20
cajoleurs,m,0.20
cajoleuse,f,0.20
cajou,m,0.18
cajous,m,0.18
cake,m,3.13
cake-walk,m,0.03
cakes,m,3.13
cal,m,3.54
calabrais,m,0.23
calade,f,0.20
calaisiens,m,0.07
calaison,f,0.10
calamar,m,1.09
calamars,m,1.09
calame,m,0.27
calames,m,0.27
calamine,f,0.20
calamines,f,0.20
calamité,f,2.84
calamités,f,2.84
calandre,f,0.68
calanque,f,0.41
calanques,f,0.41
calao,m,0.01
calbar,m,0.34
calbars,m,0.34
calbombe,f,0.54
calbombes,f,0.54
calcaire,m,1.55
calcaires,m,1.55
calcif,m,0.74
calcification,f,0.14
calcifs,m,0.74
calcination,f,0.20
calcite,m,0.01
calcium,m,0.98
calcul,m,19.86
calculateur,m,0.47
calculateurs,m,0.47
calculatrice,f,0.56
calculatrices,f,0.56
calculette,f,0.20
calculettes,f,0.20
calculs,m,19.86
calcémie,f,0.03
caldarium,m,0.07
caldeira,f,0.05
cale,f,6.15
cale-pied,m,0.34
cale-pieds,m,0.34
calebar,m,0.16
calebasse,f,1.69
calebasses,f,1.69
calebassier,m,0.07
calebombe,f,0.07
calecif,m,0.14
calembour,m,2.23
calembours,m,2.23
calembredaine,f,0.54
calembredaines,f,0.54
calendes,f,0.61
calendo,m,0.07
calendos,m,0.88
calendre,f,0.01
calendrier,m,14.53
calendriers,m,14.53
calendula,m,0.15
calepin,m,3.72
calepins,m,3.72
cales,f,6.15
caleçon,m,7.58
caleçonnade,f,0.07
caleçons,m,7.58
calf,m,0.07
calfat,m,0.27
calfatage,m,0.07
calfats,m,0.27
calfeutrage,m,0.14
calibrage,m,0.13
calibrages,m,0.13
calibration,f,0.07
calibre,m,7.32
calibres,m,7.32
calice,m,2.97
calices,m,2.97
calicot,m,2.09
calicots,m,2.09
califat,m,0.14
calife,m,3.51
califes,m,3.51
californie,f,0.09
californien,m,0.28
californienne,f,0.28
californiens,m,0.28
californium,m,0.03
calisson,m,0.14
calissons,m,0.14
call girl,f,1.36
call girls,f,1.36
call-girl,f,1.36
call-girls,f,1.36
calla,f,0.13
calligrammes,m,0.07
calligraphie,f,1.35
calligraphies,f,1.35
callosité,f,0.20
callosités,f,0.20
calmant,m,7.38
calmants,m,7.38
calmar,m,1.10
calmars,m,1.10
calme,m,105.20
calmes,m,105.20
calo,m,0.08
calomel,m,0.20
calomniateur,m,0.27
calomniateurs,m,0.27
calomniatrice,f,0.27
calomnie,f,4.49
calomnies,f,4.49
caloporteur,m,0.01
calorie,f,1.43
calories,f,1.43
calorifuges,m,0.07
calorifère,m,0.81
calorifères,m,0.81
calot,m,5.81
calotin,m,0.14
calotins,m,0.14
calots,m,5.81
calotte,f,4.73
calottes,f,4.73
calque,m,0.61
calques,m,0.61
cals,m,3.54
calumet,m,0.27
calumets,m,0.27
calus,m,0.07
calva,m,2.36
calvados,m,1.35
calvaire,m,8.24
calvaires,m,8.24
calvas,m,2.36
calville,f,0.14
calvilles,f,0.14
calvinisme,m,0.10
calvitie,f,2.84
calvities,f,2.84
calypso,m,0.20
calèche,f,3.72
calèches,f,3.72
calédoniens,m,0.14
caléidoscope,m,0.11
camail,m,0.61
camails,m,0.61
camaraderie,f,3.58
camaraderies,f,3.58
camarde,f,0.20
camarero,m,0.14
camareros,m,0.14
camarguaises,f,0.07
camarilla,f,0.07
camarin,m,0.34
camarins,m,0.34
camarluche,m,0.07
camaro,m,0.38
camaïeu,m,0.34
camaïeux,m,0.14
cambodgien,m,0.47
cambodgienne,f,0.47
cambodgiennes,f,0.47
cambodgiens,m,0.47
cambouis,m,4.59
cambrement,m,0.14
cambriolage,m,8.05
cambriolages,m,8.05
cambrioleur,m,4.70
cambrioleurs,m,4.70
cambrioleuse,f,4.70
cambrousse,f,1.96
cambrousses,f,1.96
cambrure,f,1.01
cambrures,f,1.01
cambuse,f,2.50
cambuses,f,2.50
cambusier,m,0.02
came,f,16.77
camellia,m,0.01
camelot,m,2.50
camelote,f,4.80
camelotes,f,4.80
camelots,m,2.50
camembert,m,3.85
camemberts,m,3.85
cameraman,m,1.68
cameramen,m,1.68
camerounais,m,0.34
cames,f,16.77
camion,m,59.46
camion-benne,m,0.14
camion-citerne,m,0.70
camion-grue,m,0.14
camionnage,m,0.18
camionnette,f,17.97
camionnettes,f,17.97
camionneur,m,2.36
camionneurs,m,2.36
camions,m,59.46
camions-bennes,m,0.14
camions-citernes,m,0.70
camisards,m,0.07
camisole,f,2.62
camisoles,f,2.62
camomille,f,1.16
camomilles,f,1.16
camorra,f,0.20
camouflage,m,2.43
camouflages,m,2.43
camouflet,m,0.61
camouflets,m,0.61
camp,m,114.93
campagnard,m,0.74
campagnards,m,0.74
campagne,f,107.23
campagnes,f,107.23
campagnol,m,0.41
campagnols,m,0.41
campanelles,f,0.07
campanile,m,2.09
campaniles,m,2.09
campanule,f,0.47
campanules,f,0.47
campement,m,6.49
campements,m,6.49
campeur,m,4.26
campeurs,m,4.26
campeuse,f,4.26
campeuses,f,4.26
camphre,m,0.74
camphrier,m,0.14
camping,m,4.20
camping-car,m,1.06
camping-cars,m,1.06
camping-gaz,m,0.47
campings,m,4.20
campo,m,1.49
campos,m,1.49
camps,m,114.93
campus,m,6.04
campêche,m,0.14
camus,m,0.16
camé,m,2.69
camée,m,1.01
camées,m,1.01
camélia,m,2.23
camélias,m,2.23
camélidé,m,0.14
camélidés,m,0.14
caméléon,m,2.51
caméléons,m,2.51
caméra,f,56.18
caméra-espion,f,0.01
caméraman,m,1.28
caméramans,m,1.28
caméras,f,56.18
camériste,f,1.01
caméristes,f,1.01
camés,m,2.69
caméscope,m,0.78
caméscopes,m,0.78
canada,f,0.54
canadair,m,0.26
canadairs,m,0.26
canadien,m,1.96
canadienne,f,4.39
canadiennes,f,4.39
canadiens,m,1.96
canaille,f,6.09
canaillerie,f,0.41
canailles,f,6.09
canal,m,27.43
canalicules,m,0.14
canalisateur,m,0.01
canalisation,f,1.47
canalisations,f,1.47
canapé,m,20.27
canapé-lit,m,1.15
canapés,m,20.27
canapés-lits,m,1.15
canard,m,29.46
canardeaux,m,0.07
canards,m,29.46
canari,m,2.77
canaris,m,2.77
canasson,m,1.49
canassons,m,1.49
canasta,f,0.68
canaux,m,27.43
cancan,m,1.76
cancaneries,f,0.07
cancanier,m,0.07
cancanières,f,0.07
cancans,m,1.76
cancel,m,0.27
cancer,m,23.15
cancers,m,23.15
canche,f,0.01
cancoillotte,f,0.20
cancre,m,3.78
cancrelat,m,0.95
cancrelats,m,0.95
cancres,m,3.78
cancéreuse,f,0.18
cancéreuses,f,0.18
cancéreux,m,0.18
cancérigènes,m,0.01
cancérogène,m,0.01
cancérologie,f,0.01
candeur,f,4.59
candeurs,f,4.59
candida,m,0.13
candidat,m,17.70
candidate,f,17.70
candidates,f,17.70
candidats,m,17.70
candidature,f,2.71
candidatures,f,2.71
candidose,f,0.04
candélabre,m,3.24
candélabres,m,3.24
cane,f,29.46
canebière,f,1.28
canepetière,f,0.07
canes,f,29.46
canetille,f,0.07
caneton,m,1.82
canetons,m,1.82
canette,f,6.62
canettes,f,6.62
canevas,m,1.35
canfouine,f,0.41
cangue,f,0.07
caniche,m,3.99
caniches,m,3.99
canicule,f,3.58
canicules,f,3.58
canidés,m,0.07
canif,m,4.93
canifs,m,4.93
canine,f,1.15
canines,f,1.15
caninette,f,0.07
canisses,f,0.07
caniveau,m,7.16
caniveaux,m,7.16
canna,m,0.54
cannabis,m,1.05
cannage,m,0.20
cannas,m,0.54
canne,f,34.32
canne-épée,f,0.54
canneberge,f,0.46
canneberges,f,0.46
canneliers,m,0.20
cannelle,f,2.97
cannelloni,m,0.93
cannellonis,m,0.93
cannelure,f,0.95
cannelures,f,0.95
cannes,f,34.32
cannes-épées,f,0.54
cannette,f,0.66
cannettes,f,0.66
cannibalisme,m,1.61
canon,m,48.99
canonisation,f,0.47
canonisations,f,0.47
canonnade,f,2.70
canonnades,f,2.70
canonnage,m,0.01
canonnier,m,0.95
canonniers,m,0.95
canonnière,f,0.61
canonnières,f,0.61
canons,m,48.99
canope,m,0.09
canopes,m,0.09
canot,m,9.19
canotage,m,0.34
canoteurs,m,0.07
canotier,m,3.04
canotiers,m,3.04
canots,m,9.19
canoë,m,1.95
canoës,m,1.95
cantabile,m,0.61
cantal,m,0.27
cantaloup,m,0.07
cantaloups,m,0.07
cantate,f,0.54
cantates,f,0.54
cantatrice,f,2.43
cantatrices,f,2.43
canter,m,0.27
canthare,m,0.20
canthares,m,0.20
cantharide,f,0.14
cantharides,f,0.14
cantilever,m,0.07
cantilène,f,0.34
cantine,f,12.16
cantines,f,12.16
cantinier,m,1.15
cantiniers,m,1.15
cantinière,f,1.15
cantinières,f,1.15
cantique,m,6.62
cantiques,m,6.62
canton,m,4.73
cantonade,f,3.45
cantonais,m,0.11
cantonnement,m,5.20
cantonnements,m,5.20
cantonnier,m,3.04
cantonniers,m,3.04
cantonnières,f,3.04
cantons,m,4.73
cantre,m,0.07
canular,m,1.98
canulars,m,1.98
canule,f,0.23
canut,m,0.14
canuts,m,0.14
canyon,m,4.45
canyons,m,4.45
canzonettes,f,0.07
caoua,m,2.43
caouas,m,2.43
caoutchouc,m,16.55
caoutchoucs,m,16.55
cap,m,19.49
cap-hornier,m,0.07
capacité,f,17.29
capacités,f,17.29
capades,f,0.06
caparaçon,m,0.54
caparaçons,m,0.54
cape,f,11.69
capelage,m,0.07
capeline,f,2.50
capelines,f,2.50
capes,f,11.69
capharnaüm,m,1.49
capillaire,m,0.30
capillaires,m,0.30
capillarité,f,0.07
capilliculteur,m,0.01
capilotade,f,0.74
capilotades,f,0.74
capisco,m,0.20
capitaine,m,152.69
capitainerie,f,0.15
capitaines,m,152.69
capital,m,9.86
capital-risque,m,0.04
capitale,f,26.62
capitales,f,26.62
capitalisation,f,0.14
capitalisme,m,3.65
capitan,m,0.81
capitanat,m,0.01
capitane,m,0.01
capitans,m,0.81
capitaux,m,9.86
capitole,m,0.10
capiton,m,0.54
capitonnage,m,0.27
capitons,m,0.54
capitouls,m,0.07
capitulard,m,0.01
capitulation,f,7.77
capitulations,f,7.77
capitule,m,0.07
capitules,m,0.07
capo,m,2.17
capoc,m,0.07
caporal,m,18.99
caporal-chef,m,0.54
caporale,f,18.99
caporaux,m,18.99
capos,m,2.17
capot,m,8.18
capote,f,18.04
capotes,f,18.04
capots,m,8.18
cappa,f,0.01
cappuccino,m,1.98
cappuccinos,m,1.98
caprice,m,18.31
caprices,m,18.31
capricorne,m,0.34
capricornes,m,0.34
caps,m,19.49
capsule,f,5.69
capsules,f,5.69
captage,m,0.02
captation,f,0.14
captations,f,0.14
capteur,m,2.79
capteurs,m,2.79
captif,m,3.45
captifs,m,3.45
captive,f,3.45
captives,f,3.45
captivité,f,4.46
capture,f,3.00
captures,f,3.00
capuccino,m,0.27
capuche,f,1.60
capuches,f,1.60
capuchon,m,6.42
capuchons,m,6.42
capucin,m,1.15
capucinade,f,0.14
capucinades,f,0.14
capucine,f,1.22
capucines,f,1.22
capucino,m,0.07
capucins,m,1.15
capulet,m,0.07
caput mortuum,m,0.07
caque,f,0.54
caquelon,m,0.07
caques,f,0.54
caquet,m,0.61
caquetage,m,1.22
caquetages,m,1.22
caqueteuse,f,0.07
caquets,m,0.61
caquètement,m,0.47
caquètements,m,0.47
car,m,19.86
carabas,m,0.20
carabe,m,0.20
carabes,m,0.20
carabin,m,0.47
carabine,f,11.15
carabines,f,11.15
carabinier,m,2.91
carabiniers,m,2.91
carabins,m,0.47
carabosse,f,1.62
caracal,m,0.14
caraco,m,1.01
caracolade,f,0.27
caracole,f,0.07
caracos,m,1.01
caractère,m,62.16
caractères,m,62.16
caractérielle,f,0.07
caractérisation,f,0.01
caractéristique,f,3.69
caractéristiques,f,3.69
caractérologie,f,0.07
caracul,m,0.27
carafe,f,5.47
carafes,f,5.47
carafon,m,0.68
carafons,m,0.68
carambar,m,0.43
carambars,m,0.43
carambolage,m,0.48
carambolages,m,0.48
carambole,f,0.14
caramboles,f,0.14
carambouillage,m,0.14
carambouille,f,0.27
carambouilleurs,m,0.20
caramel,m,3.38
caramels,m,3.38
carapace,f,8.38
carapaces,f,8.38
caraque,f,0.20
carat,m,2.23
carats,m,2.23
caravane,f,11.64
caravanes,f,11.64
caravanier,m,1.22
caravaniers,m,1.22
caravaning,m,0.20
caravanings,m,0.20
caravanière,f,1.22
caravanières,f,1.22
caravansérail,m,0.81
caravansérails,m,0.81
caravelle,f,0.95
caravelles,f,0.95
carbets,m,0.07
carboglace,m,0.05
carbonade,f,0.14
carbonari,m,0.07
carbonate,m,0.14
carbone,m,3.18
carbones,m,3.18
carbonisation,f,0.03
carboxyhémoglobine,f,0.04
carburant,m,5.67
carburants,m,5.67
carburateur,m,1.22
carburateurs,m,1.22
carburation,f,0.14
carbure,m,1.55
carcajou,m,0.07
carcan,m,4.19
carcans,m,4.19
carcasse,f,13.85
carcasses,f,13.85
carcharodon,m,0.03
carcinome,m,0.13
carcinoïde,m,0.01
cardage,m,0.14
cardamome,f,0.34
cardamomes,f,0.34
cardan,m,0.34
cardans,m,0.34
carde,f,0.27
carderie,f,0.20
cardes,f,0.27
cardeur,m,1.01
cardeuse,f,1.01
cardeuses,f,1.01
cardia,m,0.01
cardiaque,m,0.68
cardiaques,m,0.68
cardigan,m,0.61
cardigans,m,0.61
cardinal,m,6.62
cardinal-archevêque,m,0.07
cardinal-légat,m,0.07
cardinaux,m,6.62
cardiogramme,m,0.11
cardiographe,m,0.01
cardiographie,f,0.01
cardiologie,f,0.82
cardiomyopathie,f,0.09
cardiomégalie,f,0.04
cardite,f,0.01
cardium,m,0.07
cardon,m,1.15
cardons,m,1.15
cardères,f,0.07
cardés,m,0.07
care,f,1.42
carence,f,1.76
carences,f,1.76
caresse,f,33.04
caresses,f,33.04
caresseuse,f,0.20
caresseuses,f,0.20
caret,m,0.14
carex,m,0.20
cargaison,f,7.57
cargaisons,f,7.57
cargo,m,7.09
cargos,m,7.09
cari,m,0.95
cariatide,f,0.54
cariatides,f,0.54
caribou,m,0.91
caribous,m,0.91
caricature,f,6.49
caricatures,f,6.49
carie,f,1.15
caries,f,1.15
carillon,m,5.88
carillonneur,m,0.07
carillonneuse,f,0.07
carillons,m,5.88
carioca,m,0.01
caris,m,0.95
carlin,m,0.96
carlines,f,0.07
carlingue,f,2.77
carlingues,f,2.77
carlins,m,0.96
carlisme,m,0.20
carmagnole,f,0.54
carmagnoles,f,0.54
carme,m,0.61
carmel,m,0.28
carmes,m,0.61
carmin,m,0.81
carmins,m,0.81
carmélite,f,1.35
carmélites,f,1.35
carnage,m,5.59
carnages,m,5.59
carnassier,m,2.09
carnassiers,m,2.09
carnassière,f,2.09
carnassières,f,2.09
carnation,f,1.08
carnaval,m,7.86
carnavals,m,7.86
carne,f,2.77
carnes,f,2.77
carnet,m,31.82
carnets,m,31.82
carnier,m,0.27
carniers,m,0.27
carnivore,m,0.49
carnivores,m,0.49
carogne,f,0.14
carole,f,0.07
carolus,m,0.10
caronades,f,0.14
caroncule,f,0.14
carotide,f,1.28
carotides,f,1.28
carottage,m,0.02
carotte,f,8.31
carottes,f,8.31
carotteur,m,0.02
carotène,m,0.01
caroube,f,0.13
caroubier,m,0.34
caroubiers,m,0.34
carouble,f,0.74
caroubles,f,0.74
caroubleur,m,0.14
carousse,f,0.07
carpaccio,m,0.18
carpe,f,3.85
carpes,f,3.85
carpette,f,2.36
carpettes,f,2.36
carpillon,m,0.27
carquois,m,0.68
carrare,m,0.07
carre,f,0.07
carreau,m,41.69
carreaux,m,41.69
carrefour,m,35.95
carrefours,m,35.95
carrelage,m,13.18
carrelages,m,13.18
carrelet,m,1.82
carrelets,m,1.82
carreleur,m,0.34
carreleurs,m,0.34
carres,f,0.07
carrick,m,0.28
carrier,m,0.74
carriers,m,0.74
carriole,f,10.47
carrioles,f,10.47
carrière,f,36.54
carrières,f,36.54
carriérisme,m,0.01
carron,m,0.01
carrosse,m,4.05
carrosserie,f,6.55
carrosseries,f,6.55
carrosses,m,4.05
carrossier,m,0.27
carrossiers,m,0.27
carrousel,m,2.50
carrousels,m,2.50
carrure,f,4.53
carrures,f,4.53
carry,m,0.61
carré,m,32.23
carrée,f,4.53
carrées,f,4.53
carrés,m,32.23
cars,m,19.86
cartable,m,11.28
cartables,m,11.28
carte,f,144.96
carte-clé,f,0.03
carte-lettre,f,0.41
cartel,m,2.04
cartels,m,2.04
carter,m,1.14
carterie,f,0.07
carters,m,1.14
cartes,f,144.96
cartes-lettres,f,0.41
carthaginois,m,0.27
carthame,m,0.02
cartilage,m,1.42
cartilages,m,1.42
cartographie,f,0.37
cartomancie,f,0.01
cartomancien,m,1.15
cartomancienne,f,1.15
cartomanciennes,f,1.15
carton,m,44.86
carton-pâte,m,1.28
cartonnage,m,0.54
cartonnages,m,0.54
cartonneuses,f,0.07
cartonnier,m,0.34
cartonniers,m,0.34
cartons,m,44.86
cartoon,m,0.76
cartoons,m,0.76
cartothèque,f,0.10
cartoucherie,f,0.07
cartouchière,f,2.16
cartouchières,f,2.16
cartulaires,m,0.14
cartésianisme,m,0.20
cartésien,m,0.07
carvi,m,0.04
cary,m,0.01
caryatides,f,0.07
caryotype,m,0.04
carène,f,0.54
carènes,f,0.54
carénage,m,0.41
carénages,m,0.41
carême,m,1.96
carême-prenant,m,0.07
carêmes,m,1.96
cas,m,280.59
casa,f,2.57
casaniers,m,0.07
casanière,f,0.07
casanières,f,0.07
casaque,f,2.84
casaques,f,2.84
casaquin,m,0.14
casbah,f,4.32
cascade,f,11.55
cascades,f,11.55
cascadeur,m,2.81
cascadeurs,m,2.81
cascadeuse,f,2.81
cascara,f,0.04
cascatelle,f,0.14
cascatelles,f,0.14
case,f,14.53
casemate,f,3.18
casemates,f,3.18
caserne,f,16.49
casernement,m,0.68
casernements,m,0.68
casernes,f,16.49
cases,f,14.53
casette,f,0.06
casettes,f,0.06
cash,m,0.98
cashmere,m,0.46
casier,m,17.81
casiers,m,17.81
casimir,m,0.27
casino,m,12.75
casinos,m,12.75
casoar,m,0.61
casoars,m,0.61
casque,m,29.19
casques,m,29.19
casquette,f,38.58
casquettes,f,38.58
casquettiers,m,0.07
cassage,m,0.54
cassages,m,0.54
cassandre,m,0.07
cassate,f,0.07
cassation,f,0.95
cassations,f,0.95
casse-bonbons,m,0.10
casse-burnes,m,0.05
casse-couilles,m,1.47
casse-croûte,m,4.46
casse-croûtes,m,4.46
casse-dalle,m,0.95
casse-dalles,m,0.95
casse-graine,m,0.95
casse-gueule,m,0.10
casse-noisette,m,0.41
casse-noisettes,m,0.27
casse-noix,m,0.20
casse-pattes,m,0.20
casse-pipe,m,0.74
casse-pipes,m,0.20
casse-tête,m,0.88
cassement,m,0.20
cassements,m,0.20
casserole,f,22.84
casseroles,f,22.84
casserolée,f,0.34
casserolées,f,0.34
cassetins,m,0.07
cassette,f,32.40
cassettes,f,32.40
casseur,m,3.24
casseurs,m,3.24
casseuse,f,3.24
casseuses,f,3.24
cassier,m,0.07
cassine,f,1.55
cassis,m,3.18
cassitérite,f,0.07
cassolette,f,0.68
cassolettes,f,0.68
cassonade,f,0.32
cassons,m,0.04
cassoulet,m,1.62
cassure,f,3.78
cassures,f,3.78
castagne,f,0.95
castagnette,f,2.57
castagnettes,f,2.57
castard,m,0.01
caste,f,4.19
castel,m,1.08
castelet,m,0.07
castes,f,4.19
castillan,m,0.61
castillane,f,0.61
castillanes,f,0.61
castillans,m,0.61
castille,f,0.01
castine,f,0.07
casting,m,3.03
castings,m,3.03
castor,m,2.86
castors,m,2.86
castrat,m,0.41
castration,f,1.28
castrats,m,0.41
castreur,m,0.20
castreurs,m,0.20
castrisme,m,0.14
casuel,m,0.41
casuistes,m,0.07
casuistique,f,0.41
casus belli,m,0.05
caséine,f,0.14
cata,f,0.61
catachrèse,f,0.07
cataclysme,m,5.27
cataclysmes,m,5.27
catacombe,f,2.04
catacombes,f,2.04
catadioptre,m,0.14
catadioptres,m,0.14
catafalque,m,1.69
catafalques,m,1.69
catalan,m,1.09
catalanes,f,1.09
catalans,m,1.09
catalepsie,f,0.61
catalepsies,f,0.61
catalogage,m,0.02
catalogne,f,0.07
catalogue,m,7.16
catalogues,m,7.16
catalpa,m,0.47
catalpas,m,0.47
catalyses,f,0.07
catalyseur,m,1.31
catalyseurs,m,1.31
catamaran,m,0.27
cataphotes,m,0.14
cataplasme,m,1.49
cataplasmes,m,1.49
cataplexie,f,0.02
catapulte,f,1.42
catapultes,f,1.42
cataracte,f,3.51
cataractes,f,3.51
catarrhe,m,0.14
catastrophe,f,30.14
catastrophes,f,30.14
catastrophisme,m,0.07
catatonie,f,0.19
catch,m,2.47
catcheur,m,0.76
catcheurs,m,0.76
catcheuse,f,0.76
catcheuses,f,0.76
caterpillar,m,0.03
catgut,m,0.14
catguts,m,0.14
cathare,m,0.68
cathares,m,0.68
catharsis,f,0.23
catherinette,f,0.07
cathexis,f,0.01
cathode,f,0.32
catholicisme,m,2.43
catholicité,f,0.20
cathèdre,f,0.20
cathèdres,f,0.20
cathédrale,f,21.28
cathédrales,f,21.28
cathéter,m,0.73
cathétérisme,m,0.01
cati,m,0.70
catiche,m,0.07
catin,f,2.83
catins,f,2.83
cation,m,0.01
cato,f,1.00
catoblépas,m,0.07
catogan,m,0.54
catogans,m,0.54
cattleyas,m,0.07
caté,m,0.07
catéchisme,m,4.93
catéchismes,m,4.93
catécholamine,f,0.01
catéchèse,f,0.07
catégorie,f,13.24
catégories,f,13.24
catégorisation,f,0.03
caténaire,f,0.20
caténaires,f,0.20
caucasien,m,0.19
caucasienne,f,0.19
caucasiens,m,0.19
cauchemar,m,36.94
cauchemars,m,36.94
cauchoise,f,0.07
caudebec,m,0.14
caudillo,m,0.07
cauri,m,0.74
cauris,m,0.74
causa,m,0.14
causalité,f,0.34
causalités,f,0.34
cause,f,218.60
causerie,f,2.09
causeries,f,2.09
causes,f,218.60
causette,f,1.76
causettes,f,1.76
causeur,m,0.68
causeurs,m,0.68
causeuse,f,0.68
causeuses,f,0.68
causse,m,0.95
causses,m,0.95
causticité,f,0.07
caustique,m,0.07
caustiques,m,0.07
caution,f,10.88
cautionnement,m,0.02
cautions,f,10.88
cautèle,f,0.27
cautèles,f,0.27
cautère,m,0.54
cautères,m,0.54
cautérisation,f,0.07
cavaillon,m,0.34
cavalcade,f,3.72
cavalcades,f,3.72
cavale,f,4.32
cavalerie,f,12.70
cavaleries,f,12.70
cavales,f,4.32
cavaleur,m,0.20
cavaleurs,m,0.20
cavaleuse,f,0.20
cavalier,m,34.19
cavaliers,m,34.19
cavalière,f,34.19
cavalières,f,34.19
cave,f,56.35
caveau,m,5.68
caveaux,m,5.68
caverne,f,10.54
cavernes,f,10.54
caves,f,56.35
cavette,f,0.54
cavettes,f,0.54
caviar,m,6.29
cavillon,m,0.27
cavillonne,f,0.27
cavillons,m,0.27
cavitation,f,0.02
cavité,f,2.16
cavités,f,2.16
cavum,m,0.01
cavée,f,0.27
cavées,f,0.27
cayenne,f,0.07
caïd,m,7.97
caïds,m,7.97
caïman,m,1.02
caïmans,m,1.02
caïque,m,5.47
caïques,m,5.47
cañon,m,0.07
ceinture,f,35.20
ceintures,f,35.20
ceinturon,m,7.23
ceinturons,m,7.23
cela,m,0.30
cella,f,0.81
cellier,m,3.65
celliers,m,3.65
cellophane,f,2.43
cellular,m,0.20
cellule,f,46.28
cellules,f,46.28
cellulite,f,1.15
cellulites,f,1.15
cellulose,f,0.27
celluloïd,m,3.38
celtiques,m,0.14
celtisme,m,0.07
cendre,f,28.85
cendres,f,28.85
cendrier,m,14.73
cendriers,m,14.73
cendrillon,f,0.20
cendrillons,f,0.20
cendrée,f,0.20
cendrées,f,0.20
cens,m,0.34
censeur,m,1.96
censeurs,m,1.96
censier,m,0.07
censure,f,3.51
censures,f,3.51
cent,m,21.69
centaine,f,41.82
centaines,f,41.82
centaure,m,0.74
centaures,m,0.74
centaurée,f,0.05
centavo,m,0.20
centavos,m,0.20
centigrade,m,0.07
centigrades,m,0.07
centigrammes,m,0.10
centile,m,0.96
centilitres,m,0.14
centime,m,7.14
centimes,m,7.14
centimètre,m,27.84
centimètres,m,27.84
centon,m,0.32
centrage,m,0.11
central,m,7.35
centrale,f,8.04
centrales,f,8.04
centralisation,f,0.16
centralisme,m,0.41
centraux,m,7.35
centre,m,84.46
centre-ville,m,2.87
centres,m,84.46
centrifugation,f,0.01
centrifugeur,m,0.28
centrifugeuse,f,0.28
centrifugeuses,f,0.28
centriole,m,0.14
centrouse,f,0.20
centrum,m,0.14
centuple,m,1.08
centurie,f,1.15
centuries,f,1.15
centurion,m,1.04
centurions,m,1.04
cep,m,1.49
ceps,m,1.49
cerbère,m,0.47
cerbères,m,0.47
cerceau,m,2.77
cerceaux,m,2.77
cerclage,m,0.03
cercle,m,54.26
cercles,m,54.26
cercleux,m,0.07
cercueil,m,22.16
cercueils,m,22.16
cerf,m,25.54
cerf-roi,m,0.01
cerf-volant,m,1.85
cerfeuil,m,0.95
cerfs,m,25.54
cerfs-volants,m,1.85
cerisaie,f,0.36
cerise,f,10.07
cerises,f,10.07
cerisier,m,3.51
cerisiers,m,3.51
cerne,m,5.20
cerneau,m,0.14
cerneaux,m,0.14
cernes,m,5.20
cerque,m,0.14
certif,m,1.08
certificat,m,12.30
certification,f,0.09
certificats,m,12.30
certifs,m,1.08
certitude,f,41.89
certitudes,f,41.89
cerveau,m,61.59
cerveaux,m,61.59
cervelas,m,0.27
cervelet,m,0.85
cervelets,m,0.85
cervelle,f,15.81
cervelles,f,15.81
cervidés,m,0.14
cervoise,f,0.02
cessation,f,0.95
cesse,f,71.96
cesses,f,71.96
cessez-le-feu,m,1.54
cession,f,0.47
cessionnaire,m,0.01
cessions,f,0.47
ceste,m,0.07
cha-cha-cha,m,0.61
chabichou,m,0.27
chablis,m,0.09
chaboisseaux,m,0.07
chabot,m,0.14
chabots,m,0.14
chabraque,f,0.41
chabrot,m,0.27
chacal,m,3.02
chacals,m,3.02
chachlik,m,0.10
chaconne,f,0.07
chafaud,m,0.14
chafauds,m,0.14
chafouin,m,0.27
chafouins,m,0.27
chagatte,f,0.88
chagattes,f,0.88
chagrin,m,44.05
chagrins,m,44.05
chah,m,0.04
chahut,m,2.70
chahuteur,m,0.41
chahuteurs,m,0.41
chahuteuse,f,0.41
chahuts,m,2.70
chai,m,1.62
chair,f,101.69
chaire,f,5.74
chaires,f,5.74
chairman,m,0.27
chairs,f,101.69
chais,m,1.62
chaise,f,118.31
chaises,f,118.31
chaisière,f,0.68
chaisières,f,0.68
chaix,m,0.27
chaland,m,3.11
chalands,m,3.11
chalazions,m,0.07
chaldéen,m,0.20
chaldéens,m,0.20
chalet,m,8.11
chalets,m,8.11
chaleur,f,116.22
chaleurs,f,116.22
challenge,m,1.69
challenger,m,1.47
challengers,m,1.47
challenges,m,1.69
challengeur,m,0.01
chalon,m,2.64
chalons,m,2.64
chaloupe,f,2.50
chaloupes,f,2.50
chalumeau,m,2.70
chalumeaux,m,2.70
chalut,m,0.27
chalutier,m,3.18
chalutier-patrouilleur,m,0.07
chalutiers,m,3.18
chaluts,m,0.27
chamade,f,1.35
chamaille,f,0.01
chamaillerie,f,0.77
chamailleries,f,0.77
chamaillis,m,0.07
chaman,m,1.03
chamane,m,0.14
chamanes,m,0.14
chamanisme,m,0.14
chamans,m,1.03
chamarrures,f,0.07
chambard,m,0.22
chambardement,m,0.68
chambardements,m,0.68
chambellan,m,0.88
chambellans,m,0.88
chambertin,m,0.68
chambertins,m,0.68
chamboulement,m,0.20
chamboulements,m,0.20
chambranle,m,4.26
chambranles,m,4.26
chambre,f,413.31
chambre-salon,f,0.07
chambres,f,413.31
chambrette,f,2.50
chambrière,f,1.35
chambrières,f,1.35
chambrée,f,1.89
chambrées,f,1.89
chameau,m,10.99
chameaux,m,10.99
chamelier,m,0.41
chameliers,m,0.41
chamelle,f,10.99
chamelles,f,10.99
chamois,m,2.57
chamoisine,f,0.07
champ,m,106.49
champ',m,106.49
champagne,m,32.49
champagnes,m,32.49
champenois,m,4.19
champenoises,f,4.19
champi,m,0.14
champignon,m,12.97
champignonnière,f,0.34
champignonnières,f,0.34
champignons,m,12.97
champion,m,35.02
championnat,m,8.24
championnats,m,8.24
championne,f,35.02
championnes,f,35.02
champions,m,35.02
champis,m,0.14
champs,m,106.49
champs élysées,m,0.14
chance,f,360.60
chancel,m,0.01
chancelier,m,3.08
chanceliers,m,3.08
chancelière,f,0.06
chancelières,f,3.08
chancellerie,f,2.70
chancelleries,f,2.70
chances,f,360.60
chanci,m,0.07
chancre,m,1.08
chancres,m,1.08
chand,m,0.14
chandail,m,14.19
chandails,m,14.19
chandeleur,f,0.52
chandelier,m,4.12
chandeliers,m,4.12
chandelle,f,12.57
chandelles,f,12.57
chanfrein,m,0.54
change,m,14.45
changement,m,37.70
changements,m,37.70
changes,m,14.45
changeur,m,0.61
changeurs,m,0.61
changeuse,f,0.61
chanoine,m,11.96
chanoines,m,11.96
chanoinesse,f,0.54
chanoinesses,f,0.54
chanson,f,84.92
chansonnette,f,2.43
chansonnettes,f,2.43
chansonnier,m,1.62
chansonniers,m,1.62
chansons,f,84.92
chant,m,42.03
chantage,m,8.51
chantages,m,8.51
chanteau,m,0.14
chanterelle,f,0.27
chanterelles,f,0.27
chanteur,m,21.17
chanteurs,m,21.17
chanteuse,f,21.17
chanteuse-vedette,f,0.07
chanteuses,f,21.17
chantier,m,22.50
chantiers,m,22.50
chantilly,f,0.74
chantonnement,m,0.74
chantoung,m,0.20
chantre,m,1.82
chantrerie,f,0.01
chantres,m,1.82
chants,m,42.03
chanvre,m,2.91
chanvres,m,2.91
chançard,m,0.17
chançarde,f,0.17
chaos,m,11.30
chaouch,m,0.54
chaouchs,m,0.54
chapardage,m,0.27
chapardages,m,0.27
chapardeur,m,0.68
chapardeurs,m,0.68
chapardeuse,f,0.68
chaparral,m,0.12
chaparrals,m,0.12
chape,f,2.23
chapeau,m,88.04
chapeaux,m,88.04
chapelain,m,0.74
chapelains,m,0.74
chapelet,m,12.91
chapelets,m,12.91
chapelier,m,0.88
chapeliers,m,0.88
chapelle,f,35.88
chapellerie,f,0.20
chapelles,f,35.88
chapelure,f,0.54
chapelures,f,0.54
chaperon,m,3.84
chaperons,m,3.84
chapes,f,2.23
chapiteau,m,3.45
chapiteaux,m,3.45
chapiteaux-dortoirs,m,0.07
chapitre,m,38.65
chapitres,m,38.65
chapka,f,1.15
chapon,m,1.16
chapons,m,1.16
chappe,m,0.20
chapska,m,0.20
chapskas,m,0.20
char,m,27.57
charabia,m,2.46
charabias,m,2.46
charade,f,0.74
charades,f,0.74
charale,f,0.03
charançon,m,0.47
charançons,m,0.47
charbon,m,24.59
charbonnages,m,0.68
charbonnette,f,0.14
charbonnier,m,2.50
charbonniers,m,2.50
charbonnière,f,0.34
charbonnières,f,2.50
charbons,m,24.59
charcutage,m,0.14
charcutaille,f,0.27
charcuterie,f,5.20
charcuteries,f,5.20
charcutier,m,4.73
charcutiers,m,4.73
charcutière,f,4.73
charcutières,f,4.73
chardon,m,3.38
chardonay,m,0.04
chardonnay,m,0.41
chardonneret,m,0.34
chardonnerets,m,0.34
chardons,m,3.38
charentaise,f,2.09
charentaises,f,2.09
charge,f,41.28
chargement,m,7.14
chargements,m,7.14
charges,f,41.28
chargeur,m,4.63
chargeurs,m,4.63
charia,f,0.01
chariot,m,14.40
chariots,m,14.40
charisme,m,0.75
charité,f,14.53
charités,f,14.53
charivari,m,1.08
charivaris,m,1.08
charlatan,m,4.44
charlatanerie,f,0.07
charlatanisme,m,0.34
charlatanismes,m,0.34
charlatans,m,4.44
charleston,m,0.41
charlot,m,0.46
charlots,m,0.46
charlotte,f,0.99
charlottes,f,0.99
charme,m,53.45
charmes,m,53.45
charmeur,m,1.35
charmeurs,m,1.35
charmeuse,f,1.35
charmeuses,f,1.35
charmille,f,1.55
charmilles,f,1.55
charnier,m,3.72
charniers,m,3.72
charnière,f,1.82
charnières,f,1.82
charognard,m,2.03
charognards,m,2.03
charogne,f,7.16
charognerie,f,0.27
charognes,f,7.16
charolaise,f,0.14
charolaises,f,0.14
charpente,f,5.27
charpenterie,f,0.04
charpentes,f,5.27
charpentier,m,3.11
charpentiers,m,3.11
charpentière,f,3.11
charpie,f,2.50
charpies,f,2.50
charre,m,2.03
charres,m,2.03
charretier,m,1.89
charretiers,m,1.89
charretière,f,1.89
charreton,m,0.61
charretons,m,0.61
charrette,f,20.95
charrettes,f,20.95
charretée,f,0.74
charretées,f,0.74
charriage,m,0.14
charrieurs,m,0.01
charrière,f,0.20
charrières,f,0.20
charroi,m,1.82
charrois,m,1.82
charron,m,0.47
charrons,m,0.47
charrue,f,4.32
charrues,f,4.32
chars,m,27.57
charte,f,2.30
charter,m,0.99
charters,m,0.99
chartes,f,2.30
chartre,f,0.01
chartreuse,f,1.15
chartreuses,f,1.15
chartreux,m,1.15
charybde,m,0.68
chas,m,0.74
chasse,f,59.46
chasse-d'eau,f,0.07
chasse-goupilles,f,0.20
chasse-mouche,m,0.14
chasse-mouches,m,0.61
chasse-neige,m,0.58
chasse-pierres,m,0.01
chasselas,m,0.14
chasseresse,f,41.55
chasseresses,f,41.55
chasses,f,59.46
chasseur,m,41.55
chasseurs,m,41.55
chasseuse,f,41.55
chassie,f,0.14
chassé,m,0.54
chassé-croisé,m,1.01
chassés,m,0.54
chassés-croisés,m,1.01
chasteté,f,3.92
chasuble,f,1.76
chasubles,f,1.76
chat,m,130.74
chat-huant,m,0.27
chat-tigre,m,0.14
chateaubriand,m,0.27
chateaubriands,m,0.27
chatière,f,0.54
chatoiement,m,1.35
chatoiements,m,1.35
chaton,m,4.66
chatons,m,4.66
chatouille,f,0.88
chatouillement,m,0.81
chatouillements,m,0.81
chatouilles,f,0.88
chatouilleuse,f,0.03
chatouilleuses,f,0.03
chatouillis,m,0.34
chats,m,130.74
chatte,f,130.74
chattemite,f,0.14
chatterie,f,0.54
chatteries,f,0.54
chatterton,m,0.34
chattes,f,130.74
chaud,m,19.05
chaud-froid,m,0.41
chaude,f,19.05
chaude-pisse,f,0.34
chaudes,f,19.05
chaudes-pisses,f,0.34
chaudière,f,3.51
chaudières,f,3.51
chaudron,m,5.81
chaudronnerie,f,0.34
chaudronneries,f,0.34
chaudronnier,m,0.47
chaudronniers,m,0.47
chaudronnée,f,0.07
chaudrons,m,5.81
chauds,m,19.05
chauds-froids,m,0.41
chauffage,m,6.08
chauffagiste,m,0.04
chauffard,m,1.62
chauffards,m,1.62
chauffe,f,1.35
chauffe-biberon,m,0.10
chauffe-eau,m,0.63
chauffe-plats,m,0.14
chaufferette,f,0.81
chaufferettes,f,0.81
chaufferie,f,0.88
chaufferies,f,0.88
chauffeur,m,49.86
chauffeur-livreur,m,0.14
chauffeurs,m,49.86
chauffeuse,f,49.86
chaume,m,7.09
chaumes,m,7.09
chaumine,f,0.47
chaumines,f,0.47
chaumière,f,2.77
chaumières,f,2.77
chausse-pied,m,0.24
chausse-trape,f,0.20
chausse-trapes,f,0.20
chausse-trappe,f,0.07
chausses,f,1.15
chaussette,f,22.84
chaussettes,f,22.84
chausseur,m,0.54
chausseurs,m,0.54
chausson,m,5.95
chaussons,m,5.95
chaussure,f,73.58
chaussures,f,73.58
chaussée,f,24.32
chaussées,f,24.32
chauve-souris,f,7.16
chauves-souris,f,7.16
chauvin,m,2.03
chauvine,f,2.03
chauvinisme,m,0.74
chaux,f,7.36
chavignol,m,0.07
chavirement,m,0.34
chavirements,m,0.34
chaîne,f,57.77
chaînes,f,57.77
chaînette,f,2.77
chaînettes,f,2.77
chaînon,m,0.70
chaînons,m,0.70
cheap,m,0.04
check up,m,0.69
check-list,f,0.22
check-up,m,0.69
cheddar,m,0.53
cheddite,f,0.20
cheese-cake,m,0.32
cheese-cakes,m,0.32
cheeseburger,m,3.06
cheeseburgers,m,3.06
chef-d'oeuvre,m,12.77
chef-lieu,m,1.82
chefs-d'oeuvre,m,12.77
chefs-lieux,m,0.27
cheftaine,f,0.54
cheftaines,f,0.54
cheik,m,0.95
cheikh,m,0.32
cheiks,m,0.95
chelem,m,0.31
chemin,m,231.42
chemineau,m,1.62
chemineaux,m,1.62
cheminement,m,6.08
cheminements,m,6.08
cheminot,m,2.50
cheminots,m,2.50
chemins,m,231.42
cheminée,f,43.99
cheminées,f,43.99
chemise,f,91.42
chemiserie,f,0.16
chemises,f,91.42
chemisette,f,4.12
chemisettes,f,4.12
chemisier,m,7.97
chemisiers,m,7.97
chenal,m,4.73
chenapan,m,1.08
chenapans,m,1.08
chenaux,m,4.73
chenet,m,0.81
chenets,m,0.81
chenil,m,3.24
chenille,f,5.68
chenilles,f,5.68
chenillette,f,0.34
chenillettes,f,0.34
chenils,m,3.24
cheptel,m,1.35
cher,f,26.65
cherche-midi,m,0.27
chercheur,m,5.74
chercheurs,m,5.74
chercheuse,f,5.74
chercheuses,f,5.74
chergui,m,0.74
cherokee,m,0.34
cherokees,m,0.34
cherry,m,0.34
cherté,f,0.47
chester,m,0.12
cheval,m,179.26
cheval-vapeur,m,0.20
chevalerie,f,2.23
chevaleries,f,2.23
chevalet,m,6.22
chevalets,m,6.22
chevalier,m,36.15
chevaliers,m,36.15
chevalière,f,2.97
chevalières,f,2.97
chevance,f,0.20
chevau-léger,m,0.14
chevauchement,m,0.14
chevaucheur,m,0.07
chevauchée,f,4.19
chevauchées,f,4.19
chevaux,m,179.26
chevaux-vapeur,m,0.20
chevelure,f,27.50
chevelures,f,27.50
chevesne,m,1.35
chevesnes,m,1.35
chevet,m,18.92
chevets,m,18.92
cheveu,m,270.68
cheveux,m,270.68
chevillage,m,0.07
chevillard,m,0.14
chevillards,m,0.14
cheville,f,22.16
chevilles,f,22.16
chevillette,f,0.10
cheviotte,f,0.20
chevreau,m,3.38
chevreaux,m,3.38
chevrette,f,0.81
chevrettes,f,0.81
chevreuil,m,5.14
chevreuils,m,5.14
chevrier,m,0.35
chevriers,m,0.35
chevrière,f,0.35
chevron,m,2.50
chevrons,m,2.50
chevrotement,m,0.41
chevrotements,m,0.41
chevrotine,f,1.42
chevrotines,f,1.42
chevêche,f,0.41
chevêches,f,0.41
chewing gum,m,3.58
chewing-gum,m,3.58
chewing-gums,m,3.58
chez-soi,m,0.41
chi,m,1.29
chialeries,f,0.07
chialeur,m,0.07
chialeuse,f,0.07
chianti,m,0.95
chiard,m,0.68
chiards,m,0.68
chiasma,m,0.07
chiasme,m,0.01
chiasse,f,1.49
chiasses,f,1.49
chibouk,m,0.34
chibre,m,0.74
chic,m,4.73
chica,f,0.71
chicane,f,2.16
chicaneries,f,0.03
chicanes,f,2.16
chicaneur,m,0.21
chicaniers,m,0.07
chicano,m,0.25
chicanos,m,0.25
chicas,f,0.71
chiche-kebab,m,0.24
chichi,m,5.00
chichis,m,5.00
chicon,m,0.05
chicorée,f,1.69
chicorées,f,1.69
chicot,m,3.58
chicote,f,3.58
chicotin,m,0.01
chicots,m,3.58
chicotte,f,0.07
chics,m,4.73
chien,m,223.53
chien-assis,m,0.07
chien-loup,m,1.08
chien-robot,m,0.01
chien-étoile,m,0.07
chienchien,m,0.30
chienchiens,m,0.30
chiendent,m,2.16
chienne,f,223.53
chiennerie,f,0.68
chienneries,f,0.68
chiennes,f,223.53
chiens,m,223.53
chiens-loups,m,1.08
chierie,f,0.88
chieries,f,0.88
chieur,m,2.30
chieurs,m,2.30
chieuse,f,2.30
chieuses,f,2.30
chiffe,f,1.62
chiffes,f,1.62
chiffon,m,18.99
chiffonnade,f,0.14
chiffonnades,f,0.14
chiffonnier,m,3.58
chiffonniers,m,3.58
chiffonnière,f,3.58
chiffonnières,f,3.58
chiffons,m,18.99
chiffrage,m,0.07
chiffre,m,33.11
chiffrement,m,0.13
chiffres,m,33.11
chiffres-clés,m,0.07
chiffreur,m,0.02
chiffreuse,f,0.02
chignole,f,0.47
chignoles,f,0.47
chignon,m,12.77
chignons,m,12.77
chihuahua,m,0.38
chihuahuas,m,0.38
chiles,m,0.03
chili,m,2.21
chilien,m,0.83
chilienne,f,0.42
chiliennes,f,0.42
chiliens,m,0.83
chilis,m,2.21
chilom,m,0.10
chimie,f,5.29
chimies,f,5.29
chimiothérapie,f,1.05
chimpanzé,m,2.35
chimpanzés,m,2.35
chimère,f,5.54
chimères,f,5.54
chinchard,m,0.07
chinchilla,m,0.41
chinchillas,m,0.41
chinetoque,m,1.80
chinetoques,m,1.80
chineur,m,0.34
chineurs,m,0.34
chinois,m,24.73
chinoise,f,24.73
chinoiserie,f,0.68
chinoiseries,f,0.68
chinoises,f,24.73
chinook,m,0.27
chintz,m,0.27
chiot,m,5.67
chiots,m,5.67
chiotte,f,14.73
chiottes,f,14.73
chiourme,f,0.20
chipie,f,0.88
chipies,f,0.88
chipolata,f,0.47
chipolatas,f,0.47
chipotage,m,0.20
chipotages,m,0.20
chippendale,m,0.12
chippendales,m,0.12
chique,f,2.23
chiquenaude,f,1.22
chiquenaudes,f,1.22
chiques,f,2.23
chiqueur,m,0.27
chiqueurs,m,0.27
chiqueuses,f,0.27
chiqué,m,1.08
chiqués,m,1.08
chiromancie,f,0.07
chiromancien,m,0.20
chiromancienne,f,0.20
chiromanciens,m,0.20
chiropracteur,m,0.57
chiropraticien,m,0.06
chiropraticienne,f,0.06
chiropratique,f,0.02
chiropraxie,f,0.07
chiroptère,m,0.03
chiroubles,m,0.20
chirurgie,f,11.84
chirurgien,m,15.57
chirurgienne,f,15.57
chirurgiens,m,15.57
chirurgies,f,11.84
chisel,m,0.01
chistera,m,0.11
chitine,f,0.07
chiton,m,0.07
chiure,f,1.08
chiures,f,1.08
chiée,f,0.95
chiées,f,0.95
chlamyde,f,0.20
chlamydia,f,0.42
chlamydiae,f,0.42
chleuh,m,0.54
chleuhs,m,0.54
chloral,m,0.20
chloramphénicol,m,0.09
chlorate,m,0.14
chlore,m,0.81
chlorhydrate,m,0.17
chloroforme,m,0.63
chloroformisation,f,0.07
chlorophylle,f,0.68
chlorophytums,m,0.01
chloroplaste,m,0.01
chloroquine,f,0.01
chlorpromazine,f,0.06
chlorure,m,0.33
chlorures,m,0.33
chnord,m,0.07
chnouf,f,0.07
choanes,m,0.01
choc,m,44.19
chocard,m,0.07
chochotte,f,1.65
chochottes,f,1.65
chocolat,m,34.86
chocolaterie,f,0.27
chocolateries,f,0.27
chocolatier,m,0.27
chocolatière,f,0.27
chocolats,m,34.86
chocottes,f,0.95
chocs,m,44.19
choeur,m,26.69
choeurs,m,26.69
choix,m,113.35
choke,m,0.01
cholestérol,m,1.81
choline,f,0.11
cholines,f,0.11
cholinestérase,f,0.02
cholécystectomie,f,0.03
cholécystite,f,0.03
choléra,m,2.52
choléras,m,2.52
chop suey,m,0.13
chope,f,2.57
chopes,f,2.57
chopine,f,2.70
chopines,f,2.70
chopper,m,0.29
choppers,m,0.29
choral,m,0.95
chorale,f,2.63
chorales,f,2.63
chorals,m,0.95
chorba,f,0.07
choreutes,m,0.07
chorizo,m,1.57
chorizos,m,1.57
chortens,m,0.07
chorus,m,1.49
chorée,f,0.04
chorégraphie,f,1.06
chorégraphies,f,1.06
chose,f,1773.62
choses,f,1773.62
chosification,f,0.07
chotts,m,0.14
chou,m,29.86
chou-fleur,m,1.01
chou-palmiste,m,0.07
chou-rave,m,0.20
chouan,m,1.28
chouannerie,f,0.34
chouans,m,1.28
choucas,m,0.16
chouchou,m,3.44
chouchous,m,3.44
chouchoutage,m,0.14
chouchoute,f,0.21
chouchoutes,f,0.21
choucroute,f,3.04
choucroutes,f,3.04
chouette,f,6.01
chouettes,f,6.01
chouia,m,1.01
choupette,f,0.10
chouquet,m,0.06
chouquette,f,0.07
chouraveur,m,0.54
chouraveurs,m,0.54
chouraveuse,f,0.54
chouraveuses,f,0.54
chourineurs,m,0.07
choute,f,29.86
choutes,f,29.86
choux,m,29.86
choux-fleurs,m,1.28
choux-raves,m,0.07
chouya,m,0.07
chouïa,m,1.82
christ,m,3.18
christiania,m,0.07
christianisme,m,4.32
christocentrisme,m,0.20
christs,m,3.18
chromage,m,0.01
chromatisme,m,0.20
chromatismes,m,0.20
chromatogramme,m,0.01
chromatographie,f,0.07
chrome,m,3.04
chromes,m,3.04
chromosome,m,1.72
chromosomes,m,1.72
chromosphère,f,0.05
chronique,f,9.59
chroniques,f,9.59
chroniqueur,m,2.91
chroniqueurs,m,2.91
chroniqueuse,f,2.91
chroniqueuses,f,2.91
chrono,m,2.67
chronographe,m,0.01
chronologie,f,3.24
chronomètre,m,2.23
chronomètres,m,2.23
chronométrage,m,0.37
chronométreur,m,0.03
chronophotographie,f,0.02
chronos,m,2.67
chrysalide,f,0.68
chrysalides,f,0.68
chrysanthème,m,2.09
chrysanthèmes,m,2.09
chrysolite,f,0.01
chrysolithe,f,0.01
chrysostome,m,0.07
chrétien,m,16.76
chrétienne,f,16.76
chrétiennes,f,16.76
chrétiens,m,16.76
chrétienté,f,2.70
chrême,m,0.14
chtar,m,0.20
chtibe,m,0.14
chtouille,f,0.42
chtourbe,f,0.27
chuchotement,m,8.11
chuchotements,m,8.11
chuchoteries,f,0.07
chuchoteuse,f,0.03
chuchotis,m,2.43
chuintante,f,0.07
chuintement,m,4.46
chuintements,m,4.46
chulo,m,0.34
chum,m,0.38
churros,m,0.69
chute,f,41.28
chutes,f,41.28
chutney,m,0.23
chyle,m,0.14
chypre,m,0.14
châle,m,12.09
châles,m,12.09
châlit,m,0.41
châlits,m,0.41
châlonnais,m,0.07
châsse,f,8.99
châsses,m,8.99
châssis,m,4.46
châtaigne,f,2.50
châtaigneraie,f,0.54
châtaigneraies,f,0.54
châtaignes,f,2.50
châtaignier,m,3.38
châtaigniers,m,3.38
château,m,74.12
château-fort,m,0.07
châteaubriant,m,0.13
châteaux,m,74.12
châtelain,m,4.26
châtelaine,f,4.26
châtelaines,f,4.26
châtelains,m,4.26
châtelet,m,0.14
châtellenie,f,0.07
châtiment,m,9.12
châtiments,m,9.12
châtrage,m,0.07
châtron,m,0.14
châtrons,m,0.14
chèche,m,0.68
chèches,m,0.68
chènevis,m,0.27
chèque,m,32.03
chèque-cadeau,m,0.05
chèques,m,32.03
chère,f,26.65
chères,f,26.65
chèvre,f,20.61
chèvrefeuille,m,2.70
chèvrefeuilles,m,2.70
chèvres,f,20.61
chéchia,f,1.28
chéchias,f,1.28
chéfesse,f,0.34
chélate,m,0.01
chélidoine,f,0.20
chélidoines,f,0.20
chéloïde,f,0.03
chéneau,m,0.81
chéneaux,m,0.81
chéquier,m,1.94
chéquiers,m,1.94
chérie,f,171.98
chéries,f,171.98
chérif,m,6.69
chéris,m,171.98
chérubin,m,2.09
chérubins,m,2.09
chétivité,f,0.07
chênaie,f,0.61
chênaies,f,0.61
chêne,m,23.51
chêne-liège,m,0.95
chênes,m,23.51
chênes-lièges,m,0.95
chêneteau,m,0.07
chômage,m,12.50
chômedu,m,0.47
chômeur,m,4.55
chômeurs,m,4.55
chômeuse,f,4.55
chômeuses,f,4.55
cibiche,f,0.81
cibiches,f,0.81
cibiste,m,0.07
cibistes,m,0.07
ciblage,m,0.34
cible,f,33.55
cibles,f,33.55
ciboire,m,1.15
ciboires,m,1.15
ciboule,f,0.07
ciboulette,f,0.95
ciboulot,m,1.55
ciboulots,m,1.55
cicatrice,f,13.00
cicatrices,f,13.00
cicatrisation,f,0.48
cicero,m,0.68
cicindèle,f,0.88
cicindèles,f,0.88
cicérone,m,0.34
cicérones,m,0.34
cidre,m,3.99
cidrerie,f,0.01
ciel,m,305.20
ciels,m,305.20
cierge,m,15.95
cierges,m,15.95
cieux,m,20.05
cigale,f,4.93
cigales,f,4.93
cigalon,m,0.02
cigalou,m,0.07
cigare,m,24.93
cigares,m,24.93
cigarette,f,114.93
cigarettes,f,114.93
cigarettier,m,0.01
cigarillo,m,1.08
cigarillos,m,1.08
cigarière,f,0.20
cigarières,f,0.20
cigogne,f,3.22
cigognes,f,3.22
ciguë,f,0.88
ciguës,f,0.88
cil,m,19.26
cilice,m,0.27
cillement,m,0.81
cillements,m,0.81
cils,m,19.26
cimaise,f,0.47
cimaises,f,0.47
cimarron,m,0.07
cime,f,9.73
ciment,m,18.85
cimenterie,f,0.61
cimenteries,f,0.61
ciments,m,18.85
cimes,f,9.73
cimeterre,m,1.28
cimeterres,m,1.28
cimetière,m,44.19
cimetières,m,44.19
cimier,m,0.68
cimiers,m,0.68
cinabre,m,0.14
cinglage,m,0.05
cinglement,m,0.07
cinglons,m,0.07
cinglé,m,12.37
cinglée,f,12.37
cinglées,f,12.37
cinglés,m,12.37
cinname,m,0.07
cinoche,m,6.35
cinoches,m,6.35
cinoques,m,0.14
cinquantaine,f,9.93
cinquantaines,f,9.93
cinquante,m,7.70
cinquantenaire,m,0.20
cinquantenaires,m,0.20
cintrage,m,0.01
cintre,m,4.86
cintres,m,4.86
cinzano,m,0.88
ciné,m,10.35
ciné-club,m,0.74
ciné-clubs,m,0.74
ciné-roman,m,0.14
cinéma,m,78.51
cinéma-vérité,m,0.20
cinémas,m,78.51
cinémascope,m,0.20
cinémathèque,f,0.72
cinémathèques,f,0.72
cinématique,f,0.03
cinématographe,m,0.68
cinématographes,m,0.68
cinématographie,f,0.07
cinémomètres,m,0.07
cinéraire,f,0.07
cinérama,m,0.07
cinés,m,10.35
cinétique,f,0.01
cipal,m,0.14
cipaye,m,0.41
cipayes,m,0.41
cipolin,m,0.07
cippes,m,0.14
cirage,m,4.39
circassien,m,0.14
circassienne,f,0.20
circassiennes,f,0.20
circaète,m,0.41
circoncis,m,0.27
circoncision,f,2.30
circoncisions,f,2.30
circonférence,f,1.28
circonlocutions,f,0.88
circonscription,f,0.78
circonscriptions,f,0.78
circonscriptions-clés,f,0.01
circonspection,f,2.70
circonspections,f,2.70
circonstance,f,58.24
circonstances,f,58.24
circonvallation,f,0.14
circonvallations,f,0.14
circonvolution,f,1.08
circonvolutions,f,1.08
circuit,m,10.23
circuits,m,10.23
circulaire,f,1.22
circulaires,f,1.22
circularité,f,0.14
circulation,f,14.46
circulations,f,14.46
circumnavigation,f,0.27
cire,f,15.88
cires,f,15.88
cireur,m,1.22
cireurs,m,1.22
cireuse,f,1.22
ciron,m,0.14
cirons,m,0.14
cirque,m,23.25
cirques,m,23.25
cirrhose,f,0.90
cirrus,m,0.14
cirses,m,0.07
ciré,m,2.70
cirés,m,2.70
cisaillage,m,0.07
cisaille,f,1.60
cisaillement,m,0.14
cisailles,f,1.60
ciseau,m,13.85
ciseaux,m,13.85
ciselet,m,0.07
ciseleurs,m,0.07
ciselure,f,0.27
ciselures,f,0.27
cisterciennes,f,0.07
cisterciens,m,0.07
citadelle,f,6.42
citadelles,f,6.42
citadin,m,3.72
citadine,f,3.72
citadines,f,3.72
citadins,m,3.72
citation,f,8.11
citations,f,8.11
citerne,f,4.19
citernes,f,4.19
cithare,f,0.95
cithares,f,0.95
citizen band,f,0.01
citoyen,m,29.60
citoyenne,f,29.60
citoyennes,f,29.60
citoyenneté,f,1.13
citoyens,m,29.60
citrate,m,0.20
citrine,f,0.07
citron,m,10.92
citronnade,f,1.01
citronnades,f,1.01
citronnelle,f,0.88
citronnelles,f,0.88
citronnier,m,1.49
citronniers,m,1.49
citrons,m,10.92
citrouille,f,2.91
citrouilles,f,2.91
citrus,m,0.17
city,f,0.54
cité,f,23.99
cité-dortoir,f,0.27
cité-jardin,f,0.20
cités,f,23.99
cités-dortoirs,f,0.27
civadière,f,0.01
civelles,f,0.30
civelots,m,0.14
civet,m,2.43
civets,m,2.43
civette,f,0.54
civil,m,14.23
civile,f,14.23
civiles,f,14.23
civilisation,f,19.32
civilisations,f,19.32
civilisé,m,0.60
civilisés,m,0.60
civilité,f,1.48
civilités,f,1.48
civils,m,14.23
civisme,m,0.54
civière,f,4.46
civières,f,4.46
clabaudage,m,0.07
clabaudages,m,0.07
clabauderies,f,0.07
clafouti,m,0.07
clafoutis,m,0.54
claie,f,2.43
claies,f,2.43
claim,m,0.08
clair,m,14.12
clair-obscur,m,1.96
claire,f,6.80
claire-voie,f,2.43
claires,f,6.80
claires-voies,f,2.43
clairet,m,0.02
clairette,f,0.41
clairière,f,17.77
clairières,f,17.77
clairon,m,5.61
clairons,m,5.61
clairs,m,14.12
clairs-obscurs,m,1.96
clairvoyance,f,1.89
clairvoyances,f,1.89
clam,m,0.34
clameur,f,9.73
clameurs,f,9.73
clamp,m,1.09
clampin,m,0.34
clampins,m,0.34
clamps,m,1.09
clams,m,0.34
clan,m,16.42
clandestin,m,2.86
clandestine,f,2.86
clandestines,f,2.86
clandestinité,f,4.80
clandestinités,f,4.80
clandestins,m,2.86
clandé,m,1.35
clandés,m,1.35
clans,m,16.42
clap,m,1.43
clapet,m,1.15
clapets,m,1.15
clapette,f,0.07
clapier,m,2.84
clapiers,m,2.84
clapot,m,0.47
clapotement,m,1.08
clapotements,m,1.08
clapotis,m,5.41
clappement,m,0.54
clappements,m,0.54
claquage,m,0.10
claque-merde,m,0.27
claquedents,m,0.07
claquement,m,14.73
claquements,m,14.73
claquet,m,0.02
claquette,f,1.71
claquettes,f,1.71
claqueurs,m,0.07
claquoirs,m,0.14
clarification,f,0.07
clarine,f,0.54
clarines,f,0.54
clarinette,f,3.58
clarinettes,f,3.58
clarisse,f,0.41
clarisses,f,0.41
clarissimes,m,0.14
clarté,f,30.68
clartés,f,30.68
clash,m,1.70
classe,f,108.92
classement,m,2.65
classements,m,2.65
classes,f,108.92
classeur,m,3.38
classeurs,m,3.38
classicisme,m,0.34
classification,f,1.08
classifications,f,1.08
clathres,m,0.14
claudication,f,0.68
clause,f,3.47
clauses,f,3.47
claustration,f,1.01
claustrophobie,f,0.26
clavaire,f,0.20
clavaires,f,0.20
claveaux,m,0.14
clavecin,m,2.43
clavecins,m,2.43
clavette,f,0.01
clavicule,f,1.96
clavicules,f,1.96
clavier,m,3.58
claviers,m,3.58
clayettes,f,0.07
claymore,f,0.20
clayon,m,0.14
clayonnage,m,0.20
clayonnages,m,0.20
clayons,m,0.14
clearing,m,0.04
clebs,m,3.11
clef,f,44.86
clefs,f,44.86
clenche,f,0.47
clenches,f,0.47
clepsydre,f,1.62
cleptomanie,f,0.02
clerc,m,9.26
clercs,m,9.26
clergeon,m,0.14
clergyman,m,0.81
clergymen,m,0.81
clergé,m,3.99
clergés,m,3.99
clermontois,m,0.14
clic,m,1.17
clichage,m,0.07
clicherie,f,0.27
clicheur,m,0.07
cliché,m,11.96
clichés,m,11.96
click,m,0.40
clics,m,1.17
client,m,112.12
client-roi,m,0.07
cliente,f,112.12
clientes,f,112.12
clients,m,112.12
clientèle,f,18.78
clientèles,f,18.78
clignement,m,2.03
clignements,m,2.03
clignotant,m,1.35
clignotants,m,1.35
clignotement,m,1.49
clignotements,m,1.49
clignoteur,m,0.07
climat,m,18.99
climatisation,f,1.79
climatiseur,m,0.85
climatiseurs,m,0.85
climats,m,18.99
climax,m,0.18
clin,m,19.46
clin-d'oeil,m,0.01
clinche,f,0.07
clinicat,m,0.07
clinicien,m,0.20
clinicienne,f,0.20
cliniciens,m,0.20
clinique,f,18.79
cliniques,f,18.79
clinker,m,0.14
clinquant,m,1.01
clinquants,m,1.01
clins,m,19.46
clip,m,2.98
clipper,m,0.50
clippers,m,0.50
clips,m,2.98
clique,f,3.11
cliques,f,3.11
cliquet,m,0.16
cliquetis,m,8.04
cliquets,m,0.16
cliquettement,m,0.07
cliquettes,f,0.07
cliquètement,m,0.27
cliquètements,m,0.27
clito,m,0.41
clitoridectomie,f,0.03
clitoris,m,1.28
clivage,m,0.61
clivages,m,0.61
cloaque,m,1.89
cloaques,m,1.89
cloc,m,0.07
clochard,m,10.88
clocharde,f,10.88
clochardes,f,10.88
clochardisation,f,0.20
clochards,m,10.88
cloche,f,34.59
cloche-pied,f,0.14
clocher,m,13.65
clochers,m,13.65
cloches,f,34.59
clocheton,m,2.09
clochetons,m,2.09
clochette,f,5.74
clochettes,f,5.74
clodo,m,4.12
clodos,m,4.12
cloison,f,18.24
cloisonnement,m,0.68
cloisonnements,m,0.68
cloisons,f,18.24
clonage,m,1.05
clone,m,3.49
clones,m,3.49
clopeur,m,0.07
clopinements,m,0.07
clopinettes,f,0.94
cloporte,m,2.97
cloportes,m,2.97
cloque,f,3.45
cloques,f,3.45
clos,m,3.18
close-combat,m,0.07
close-up,m,0.07
closerie,f,0.81
clou,m,27.50
clouage,m,0.07
cloueur,m,0.16
cloueuse,f,0.16
clous,m,27.50
cloutage,m,0.07
cloutier,m,0.62
cloué,m,0.47
cloués,m,0.47
clown,m,9.19
clownerie,f,0.34
clowneries,f,0.34
clowns,m,9.19
cloître,m,7.23
cloîtres,m,7.23
club,m,67.51
club-house,m,0.07
clubhouse,m,0.05
clubman,m,0.07
clubs,m,67.51
cluse,f,0.14
cluses,f,0.14
cluster,m,0.03
clystère,m,0.20
clystères,m,0.20
clé,f,118.13
clébard,m,4.19
clébards,m,4.19
clématite,f,0.68
clématites,f,0.68
clémence,f,3.44
clémentine,f,0.02
cléricalisme,m,0.20
cléricature,f,0.07
clés,f,118.13
clôture,f,10.68
clôtures,f,10.68
cm,m,10.89
co-animateur,m,0.03
co-auteur,m,0.46
co-avocat,m,0.01
co-capitaine,m,0.09
co-dépendance,f,0.01
co-existence,f,0.07
co-production,f,0.11
co-productions,f,0.11
co-proprio,m,0.07
co-proprios,m,0.07
co-propriété,f,0.34
co-président,m,0.07
co-tuteur,m,0.07
co-vedette,f,0.02
co-voiturage,m,0.07
co-équipier,m,0.21
co-équipière,f,4.21
coaccusé,m,0.04
coaccusés,m,0.04
coach,m,7.37
coaches,m,0.04
coachs,m,7.37
coadjuteur,m,0.07
coagulant,m,0.15
coagulants,m,0.15
coagulation,f,0.33
coalisés,m,0.34
coalition,f,3.45
coalitions,f,3.45
coaltar,m,0.20
coassement,m,0.41
coassements,m,0.41
coati,m,0.01
coauteur,m,0.12
coauteurs,m,0.12
coaxial,m,0.02
cob,m,0.04
cobalt,m,0.61
cobaye,m,4.27
cobayes,m,4.27
cobelligérants,m,0.07
cobol,m,0.01
cobra,m,4.24
cobras,m,4.24
coca-cola,m,1.01
cocagne,f,0.81
cocagnes,f,0.81
cocard,m,0.34
cocarde,f,1.49
cocardes,f,1.49
cocards,m,0.34
cocasserie,f,0.47
cocaïne,f,5.57
coccinelle,f,1.82
coccinelles,f,1.82
coccyx,m,0.69
coche,m,1.89
cochelet,m,0.07
cochenille,f,0.09
cochenilles,f,0.09
cocher,m,5.27
cochers,m,5.27
coches,m,1.89
cochlée,f,0.01
cochon,m,31.18
cochonceté,f,0.24
cochoncetés,f,0.24
cochonnaille,f,0.47
cochonnailles,f,0.47
cochonne,f,31.18
cochonnerie,f,5.25
cochonneries,f,5.25
cochonnes,f,31.18
cochonnet,m,0.76
cochonnets,m,0.76
cochonnée,f,0.01
cochons,m,31.18
cochylis,m,0.07
cocker,m,1.08
cockney,m,0.24
cockneys,m,0.24
cockpit,m,1.93
cocktail,m,10.27
cocktails,m,10.27
cocon,m,3.24
cocons,m,3.24
cocoon,m,0.09
cocorico,m,1.27
cocoricos,m,1.27
cocoteraies,f,0.07
cocotier,m,2.43
cocotiers,m,2.43
cocotte,f,6.15
cocotte-minute,f,0.34
cocottes,f,6.15
coction,f,0.07
cocu,m,3.78
cocuage,m,0.14
cocuages,m,0.14
cocue,f,3.78
cocus,m,3.78
coda,f,0.14
codage,m,0.30
codages,m,0.30
code,m,51.27
code-barre,m,0.07
code-barres,m,0.18
code-clé,m,0.01
codes,m,51.27
codes-clés,m,0.01
codeur,m,0.04
codex,m,0.62
codicille,m,0.27
codicilles,m,0.27
codification,f,0.15
codon,m,0.01
codéine,f,0.21
codétenu,m,0.20
codétenus,m,0.20
coefficient,m,1.22
coefficients,m,1.22
coelacanthe,m,0.07
coentreprise,f,0.03
coenzyme,f,0.03
coercition,f,0.48
coeur,m,400.74
coeur-poumons,m,0.07
coeurs,m,400.74
coexistence,f,0.49
coffee shop,m,0.10
coffin,m,0.33
coffio,m,0.74
coffios,m,0.74
coffiot,m,0.34
coffiots,m,0.34
coffrage,m,0.88
coffrages,m,0.88
coffre,m,39.35
coffre-fort,m,4.62
coffres,m,39.35
coffres-forts,m,4.62
coffret,m,6.42
coffrets,m,6.42
cofinancement,m,0.01
cofondateur,m,0.29
cofondateurs,m,0.29
cofondatrice,f,0.29
cogitation,f,0.61
cogitations,f,0.61
cogito,m,0.34
cognac,m,12.07
cognacs,m,12.07
cognassier,m,0.50
cognassiers,m,0.50
cogne,m,2.77
cognement,m,0.20
cognements,m,0.20
cognes,m,2.77
cogneur,m,0.48
cogneurs,m,0.48
cogneuse,f,0.48
cognition,f,0.01
cognée,f,1.55
cognées,f,1.55
cogérant,m,0.01
cohabitation,f,1.15
cohabitations,f,1.15
cohorte,f,4.53
cohortes,f,4.53
cohue,f,7.70
cohues,f,7.70
cohérence,f,3.51
cohérences,f,3.51
cohéritier,m,0.14
cohéritiers,m,0.14
cohésion,f,4.59
coiffe,f,5.41
coiffes,f,5.41
coiffeur,m,21.82
coiffeurs,m,21.82
coiffeuse,f,21.82
coiffeuses,f,21.82
coiffure,f,15.81
coiffures,f,15.81
coin,m,199.26
coin-coin,m,0.34
coin-repas,m,0.02
coinceur,m,0.07
coing,m,2.13
coings,m,2.13
coins,m,199.26
coinstot,m,0.74
coinstots,m,0.74
coinçage,m,0.27
coinçages,m,0.27
coir,m,0.01
coke,f,8.54
cokes,f,8.54
col,m,57.43
col-de-cygne,m,0.01
col-vert,m,0.14
cola,m,0.74
colas,m,0.74
colback,m,0.47
colbacks,m,0.47
colchicine,f,0.13
colchique,m,0.34
colchiques,m,0.34
colcotar,m,0.07
cold-cream,m,0.07
colectomie,f,0.01
colibacilles,m,0.07
colibri,m,0.61
colibris,m,0.61
colifichet,m,1.08
colifichets,m,1.08
colimaçon,m,1.76
colimaçons,m,1.76
colin,m,0.54
colin-maillard,m,0.95
colique,f,2.03
coliques,f,2.03
colis,m,10.54
colis-cadeau,m,0.02
colis-repas,m,0.07
colistier,m,0.02
colite,f,0.41
colites,f,0.41
collaborateur,m,11.49
collaborateurs,m,11.49
collaboration,f,12.50
collaborations,f,12.50
collaboratrice,f,11.49
collaboratrices,f,11.49
collage,m,1.31
collages,m,1.31
collagène,m,1.23
collant,m,4.46
collante,f,4.46
collantes,f,4.46
collants,m,4.46
collapsus,m,0.17
collation,f,2.03
collationnement,m,0.01
collations,f,2.03
collatéraux,m,0.27
colle,f,9.32
collecte,f,3.13
collectes,f,3.13
collecteur,m,1.28
collecteurs,m,1.28
collectif,m,3.44
collection,f,25.68
collectionneur,m,4.32
collectionneurs,m,4.32
collectionneuse,f,4.32
collections,f,25.68
collectivisation,f,0.27
collectivisme,m,0.34
collectivité,f,2.91
collectivités,f,2.91
collector,m,0.24
collerette,f,2.09
collerettes,f,2.09
colles,f,9.32
collet,m,3.72
colletage,m,0.07
colletin,m,0.14
collets,m,3.72
colleur,m,0.34
colleurs,m,0.34
colleuse,f,0.01
colley,m,0.28
colleys,m,0.28
collier,m,20.00
colliers,m,20.00
collignon,m,2.54
collimateur,m,0.81
collimation,f,0.07
colline,f,55.61
collines,f,55.61
collision,f,3.91
collisions,f,3.91
collodion,m,0.14
colloque,m,2.23
colloques,m,2.23
colloïde,m,0.07
collure,f,0.03
collusion,f,0.74
collusions,f,0.74
collutoire,m,0.07
collyre,m,0.50
collyres,m,0.50
collège,m,26.82
collèges,m,26.82
collégiale,f,0.41
collégialité,f,0.14
collégien,m,4.66
collégienne,f,4.66
collégiennes,f,4.66
collégiens,m,4.66
colmatage,m,0.07
colo,f,2.91
colocation,f,0.23
colombages,m,0.68
colombe,f,6.84
colombelle,f,1.22
colombes,f,6.84
colombien,m,1.17
colombienne,f,1.17
colombiens,m,1.17
colombier,m,1.49
colombiers,m,1.49
colombin,m,0.61
colombins,m,0.61
colombo,m,0.07
colombophilie,f,0.14
colon,m,4.05
colonel,m,103.70
colonelle,f,103.70
colonels,m,103.70
colonial,m,1.22
colonialisme,m,0.74
colonialismes,m,0.74
coloniaux,m,1.22
colonie,f,19.05
colonies,f,19.05
colonisateur,m,0.20
colonisateurs,m,0.20
colonisation,f,0.71
colonisations,f,0.71
colonisé,m,0.14
colonisés,m,0.14
colonnade,f,2.84
colonnades,f,2.84
colonne,f,50.07
colonnes,f,50.07
colonnette,f,1.82
colonnettes,f,1.82
colonoscopie,f,0.01
colons,m,4.05
colopathie,f,0.01
colophane,f,0.28
coloquinte,f,0.27
coloquintes,f,0.27
colorant,m,0.47
colorants,m,0.47
coloration,f,1.49
colorations,f,1.49
colorature,f,0.14
coloriage,m,0.49
coloriages,m,0.49
coloris,m,1.62
colorisation,f,0.04
colos,f,2.91
coloscopie,f,0.13
colosse,m,6.82
colosses,m,6.82
colostomie,f,0.09
colostrum,m,0.01
colportage,m,0.14
colporteur,m,1.42
colporteurs,m,1.42
colporteuse,f,1.42
colposcopie,f,0.01
cols,m,57.43
cols-de-cygne,m,0.07
cols-verts,m,0.14
colt,m,1.82
coltin,m,0.27
coltinage,m,0.34
coltinages,m,0.34
coltineur,m,0.07
colts,m,1.82
columbarium,m,0.54
colvert,m,0.68
colverts,m,0.68
colza,m,0.81
colzas,m,0.81
colère,f,100.07
colères,f,100.07
colée,f,0.07
coléoptère,m,1.49
coléoptères,m,1.49
com,m,40.90
coma,m,12.66
comanche,m,0.36
comas,m,12.66
comateuse,f,0.14
combat,m,72.57
combativité,f,0.41
combats,m,72.57
combattant,m,18.31
combattante,f,18.31
combattantes,f,18.31
combattants,m,18.31
combe,f,4.59
combes,f,4.59
combette,f,0.14
combi,m,0.69
combinaison,f,17.43
combinaisons,f,17.43
combinard,m,0.50
combinards,m,0.50
combinat,m,0.23
combine,f,8.24
combines,f,8.24
combiné,m,3.65
combinés,m,3.65
combis,m,0.69
combisme,m,0.07
comble,m,27.30
combles,m,27.30
combo,m,0.40
combourgeois,m,0.07
combustible,m,1.49
combustibles,m,1.49
combustion,f,3.78
combustions,f,3.78
comestibilité,f,0.01
comestible,m,0.20
comestibles,m,0.20
comic book,m,0.08
comic books,m,0.08
comice,m,0.34
comices,m,0.34
comics,m,0.69
comitadji,m,0.07
comite,m,0.14
comites,m,0.14
comité,m,63.65
comités,m,63.65
comma,m,0.03
command,m,0.44
commandant,m,55.24
commandants,m,55.24
commande,f,31.36
commandement,m,47.23
commandements,m,47.23
commanderie,f,0.14
commanderies,f,0.14
commandes,f,31.36
commandeur,m,2.55
commandeurs,m,2.55
commandite,f,0.04
commandites,f,0.04
commandité,m,0.01
commando,m,6.82
commandos,m,6.82
commandos-suicide,m,0.01
commedia dell'arte,f,0.14
commencement,m,16.55
commencements,m,16.55
commensal,m,0.88
commensalisme,m,0.07
commensaux,m,0.88
comment,m,0.95
commentaire,m,20.81
commentaires,m,20.81
commentateur,m,1.89
commentateurs,m,1.89
commentatrice,f,1.89
commençant,m,0.01
commerce,m,29.93
commerces,m,29.93
commercial,m,0.63
commerciale,f,0.63
commerciales,f,0.63
commercialisation,f,0.41
commerciaux,m,0.63
commerçant,m,16.28
commerçante,f,16.28
commerçants,m,16.28
commettant,m,0.07
commettants,m,0.07
commis,m,10.00
commis-voyageur,m,0.41
commis-voyageurs,m,0.41
commissaire-priseur,m,0.81
commissaires-priseurs,m,0.81
commissariat,m,15.05
commissariats,m,15.05
commission,f,24.50
commissions,f,24.50
commissure,f,5.41
commissures,f,5.41
commisération,f,2.50
commode,f,12.09
commode-toilette,f,0.14
commodes,f,12.09
commodité,f,3.31
commodités,f,3.31
commodore,m,1.00
commodores,m,1.00
commotion,f,2.24
commotions,f,2.24
commun,m,22.77
communal,m,9.39
communale,f,9.39
communard,m,0.88
communards,m,0.88
communauté,f,23.36
communautés,f,23.36
communaux,m,9.39
commune,f,10.27
communes,f,10.27
communiant,m,3.18
communiante,f,3.18
communiantes,f,3.18
communiants,m,3.18
communicabilité,f,0.07
communicant,m,0.03
communicantes,f,0.03
communicateur,m,0.49
communicateurs,m,0.49
communication,f,26.82
communications,f,26.82
communion,f,13.04
communions,f,13.04
communiqué,m,8.99
communiqués,m,8.99
communisme,m,9.66
communs,m,22.77
commutateur,m,2.77
commutateurs,m,2.77
commutation,f,0.14
commère,f,3.78
commères,f,3.78
commémoration,f,1.22
commémorations,f,1.22
commérage,m,1.54
commérages,m,1.54
compacité,f,0.20
compact,m,0.27
compactage,m,0.01
compacteur,m,0.13
compacteurs,m,0.13
compacts,m,0.27
compadre,m,0.42
compadres,m,0.42
compagne,f,80.00
compagnes,f,80.00
compagnie,f,97.16
compagnies,f,97.16
compagnon,m,80.00
compagnonnage,m,0.68
compagnonnages,m,0.68
compagnonnes,f,80.00
compagnons,m,80.00
comparabilité,f,0.01
comparaison,f,13.72
comparaisons,f,13.72
comparateur,m,0.03
comparatif,m,0.07
comparatifs,m,0.07
compartiment,m,13.58
compartimentage,m,0.07
compartiments,m,13.58
comparution,f,0.34
compas,m,2.84
compassion,f,10.15
compatibilité,f,0.40
compatible,m,0.24
compatibles,m,0.24
compendium,m,0.07
compendiums,m,0.07
compensation,f,5.81
compensations,f,5.81
compil,f,0.19
compilateur,m,0.14
compilation,f,0.47
compilations,f,0.47
complainte,f,2.30
complaintes,f,2.30
complaisance,f,11.22
complaisances,f,11.22
complet,m,10.54
complet-veston,m,0.54
complets,m,10.54
complexe,m,8.45
complexes,m,8.45
complexion,f,0.68
complexité,f,2.64
complexités,f,2.64
complication,f,8.38
complications,f,8.38
complicité,f,24.46
complicités,f,24.46
complies,f,0.95
compliment,m,17.18
compliments,m,17.18
complot,m,10.45
comploteur,m,0.34
comploteurs,m,0.34
comploteuse,f,0.34
complots,m,10.45
complètement,m,0.16
complètements,m,0.16
complément,m,3.51
complémentarité,f,0.14
compléments,m,3.51
complétude,f,0.14
compo,f,1.35
componction,f,1.76
components,m,0.07
comporte,f,0.27
comportement,m,20.94
comportementalisme,m,0.07
comportements,m,20.94
comportes,f,0.27
composant,m,2.81
composante,f,2.81
composantes,f,2.81
composants,m,2.81
composeur,m,0.69
composite,m,0.10
composites,m,0.10
compositeur,m,4.32
compositeurs,m,4.32
composition,f,17.43
compositions,f,17.43
compositrice,f,4.32
compost,m,0.15
composteur,m,0.54
composteurs,m,0.54
composé,m,1.08
composée,f,1.08
composés,m,1.08
compote,f,3.31
compotes,f,3.31
compotier,m,0.68
compotiers,m,0.68
comprador,m,0.02
comprenette,f,0.14
compresse,f,2.03
compresses,f,2.03
compresseur,m,0.88
compresseurs,m,0.88
compression,f,1.45
compressions,f,1.45
comprimé,m,4.27
comprimés,m,4.27
compromis,m,6.26
compromission,f,1.62
compromissions,f,1.62
compréhension,f,10.00
compréhensions,f,10.00
comptabilisation,f,0.14
comptabilité,f,4.53
comptabilités,f,4.53
comptage,m,0.30
comptant,m,1.25
compte,m,208.38
compte-fils,m,0.34
compte-gouttes,m,1.42
compte-rendu,m,2.21
compte-tours,m,0.41
comptes,m,208.38
comptes-rendus,m,2.21
compteur,m,5.95
compteurs,m,5.95
comptine,f,2.00
comptines,f,2.00
comptoir,m,41.55
comptoirs,m,41.55
compulsion,f,0.17
compulsoire,m,0.07
comput,m,0.14
computations,f,0.07
computer,m,0.17
computers,m,0.17
computeur,m,0.07
computeurs,m,0.07
compère,m,3.85
compères,m,3.85
compétence,f,5.98
compétences,f,5.98
compétiteur,m,0.34
compétiteurs,m,0.34
compétition,f,9.15
compétitions,f,9.15
compétitivité,f,0.06
compétitrice,f,0.34
comte,m,67.77
comtes,m,67.77
comtesse,f,67.77
comtesses,f,67.77
comtois,m,0.27
comtoise,f,0.27
comté,m,11.64
comtés,m,11.64
comète,f,2.50
comètes,f,2.50
comédie,f,29.73
comédien,m,10.74
comédienne,f,10.74
comédiennes,f,10.74
comédiens,m,10.74
comédies,f,29.73
comédons,m,0.07
con,m,122.62
conard,m,0.47
conarde,f,0.47
conards,m,0.47
conasse,f,0.34
conasses,f,0.34
concassage,m,0.14
concasseur,m,0.68
concasseurs,m,0.68
concaténation,f,0.01
concavité,f,0.34
concentrateur,m,0.12
concentration,f,10.41
concentrations,f,10.41
concentré,m,1.42
concentrés,m,1.42
concept,m,8.66
concepteur,m,0.77
concepteurs,m,0.77
conception,f,11.55
conceptions,f,11.55
conceptrice,f,0.77
concepts,m,8.66
concert,m,31.65
concertation,f,0.17
concertations,f,0.17
concertina,m,0.01
concerto,m,2.77
concertos,m,2.77
concerts,m,31.65
concession,f,14.12
concessions,f,14.12
concetto,m,0.07
conciergerie,f,0.74
conciergeries,f,0.74
concile,m,3.11
conciles,m,3.11
conciliabule,m,3.58
conciliabules,m,3.58
conciliateur,m,0.14
conciliateurs,m,0.14
conciliation,f,1.82
conciliations,f,1.82
conciliatrice,f,0.14
concision,f,0.61
concitoyen,m,4.46
concitoyenne,f,4.46
concitoyennes,f,4.46
concitoyens,m,4.46
conclave,m,0.47
conclaviste,m,0.07
conclusion,f,20.68
conclusions,f,20.68
concoction,f,0.20
concombre,m,4.12
concombres,m,4.12
concomitance,f,0.07
concordance,f,0.54
concordat,m,0.07
concorde,f,1.22
concours,m,31.69
concret,m,1.27
concrets,m,1.27
concrétion,f,0.81
concrétions,f,0.81
concrétisation,f,0.07
concubin,m,2.84
concubinage,m,0.77
concubinages,m,0.77
concubine,f,2.84
concubines,f,2.84
concubins,m,2.84
concupiscence,f,2.09
concupiscences,f,2.09
concurrence,f,6.00
concurrences,f,6.00
concurrent,m,6.36
concurrents,m,6.36
concussion,f,0.20
concédant,m,0.07
condamnation,f,8.85
condamnations,f,8.85
condamné,m,9.93
condamnée,f,9.93
condamnées,f,9.93
condamnés,m,9.93
condensateur,m,1.02
condensateurs,m,1.02
condensation,f,1.22
condenseur,m,0.01
condensé,m,0.34
condescendance,f,4.53
condiment,m,0.68
condiments,m,0.68
condition,f,91.62
conditionnel,m,0.81
conditionnels,m,0.81
conditionnement,m,0.95
conditionnements,m,0.95
conditionneur,m,0.14
conditionneurs,m,0.14
conditions,f,91.62
condo,m,1.01
condoléance,f,10.82
condoléances,f,10.82
condom,m,0.18
condominium,m,0.14
condor,m,1.33
condors,m,1.33
condos,m,1.01
condottiere,m,0.61
condottieres,m,0.61
condottieri,m,0.07
conductance,f,0.03
conducteur,m,15.14
conducteurs,m,15.14
conductibilité,f,0.01
conduction,f,0.07
conductivité,f,0.02
conductrice,f,15.14
conductrices,f,15.14
conduit,m,5.89
conduite,f,26.76
conduite-intérieure,f,0.27
conduites,f,26.76
conduits,m,5.89
condyle,m,0.14
condyles,m,0.14
condé,m,6.49
condés,m,6.49
confection,f,3.51
confectionneur,m,0.47
confectionneurs,m,0.47
confectionneuse,f,0.47
confectionneuses,f,0.47
confesse,f,0.95
confesseur,m,2.70
confesseurs,m,2.70
confession,f,12.84
confessionnal,m,1.89
confessionnaux,m,1.89
confessions,f,12.84
confetti,m,3.78
confettis,m,3.78
confiance,f,162.90
confiances,f,162.90
confidence,f,24.53
confidences,f,24.53
confident,m,5.54
confidente,f,5.54
confidentes,f,5.54
confidentialité,f,1.31
confidents,m,5.54
configuration,f,1.55
configurations,f,1.55
confinement,m,1.01
confins,m,7.30
confiote,f,0.20
confiotes,f,0.20
confirmation,f,5.55
confirmations,f,5.55
confiscation,f,0.81
confiscations,f,0.81
confiserie,f,1.69
confiseries,f,1.69
confiseur,m,1.15
confiseurs,m,1.15
confiseuse,f,1.15
confit,m,0.74
confiteor,m,0.41
confits,m,0.74
confiture,f,15.41
confitures,f,15.41
confituriers,m,0.14
confiturière,f,0.14
conflagration,f,0.41
conflit,m,14.12
conflits,m,14.12
confluence,f,0.27
confluent,m,0.88
confluents,m,0.88
conformation,f,0.27
conformisme,m,3.31
conformismes,m,3.31
conformité,f,1.22
confort,m,17.03
conforts,m,17.03
confraternité,f,0.07
confrontation,f,3.45
confrontations,f,3.45
confrère,m,11.28
confrères,m,11.28
confrérie,f,3.02
confréries,f,3.02
confucianisme,m,0.14
confusion,f,20.61
confusionnisme,m,0.07
confusions,f,20.61
confédération,f,1.15
confédéré,m,0.95
confédérés,m,0.95
conférence,f,22.03
conférences,f,22.03
conférences-débats,f,0.07
conférencier,m,0.95
conférenciers,m,0.95
conférencière,f,0.95
conférents,m,0.07
conga,f,0.20
congas,f,0.20
congayes,f,0.07
congaïs,f,0.07
congestion,f,1.76
congestions,f,1.76
conglobation,f,0.07
conglomérat,m,0.54
conglomérats,m,0.54
congolais,m,0.07
congratulations,f,0.41
congre,m,0.44
congres,m,0.44
congrès,m,15.77
congrégation,f,1.34
congrégations,f,1.34
congère,f,1.15
congères,f,1.15
congé,m,21.62
congédiement,m,0.14
congélateur,m,2.00
congélateurs,m,2.00
congélation,f,0.49
congés,m,21.62
conifère,m,0.81
conifères,m,0.81
conjecture,f,1.55
conjectures,f,1.55
conjoint,m,1.76
conjointe,f,1.76
conjoints,m,1.76
conjoncteur,m,0.01
conjonctif,m,0.01
conjonction,f,2.43
conjonctions,f,2.43
conjonctive,f,0.07
conjonctives,f,0.07
conjonctivite,f,0.54
conjonctivites,f,0.54
conjoncture,f,2.50
conjonctures,f,2.50
conjugaison,f,1.15
conjugaisons,f,1.15
conjugalité,f,0.27
conjungo,m,0.27
conjungos,m,0.27
conjurateur,m,0.01
conjuration,f,1.69
conjurations,f,1.69
conjuré,m,0.56
conjurée,f,0.56
conjurés,m,0.56
connaissance,f,67.50
connaissances,f,67.50
connaissement,m,0.07
connaissements,m,0.07
connaisseur,m,5.61
connaisseurs,m,5.61
connaisseuse,f,5.61
connaisseuses,f,5.61
connard,m,50.13
connards,m,50.13
connasse,f,5.29
connasses,f,5.29
conne,f,122.62
conneau,m,0.27
conneaux,m,0.27
connecteur,m,0.08
connectivité,f,0.06
connerie,f,95.42
conneries,f,95.42
connes,f,122.62
connexion,f,4.45
connexions,f,4.45
connils,m,0.07
connivence,f,6.69
connivences,f,6.69
connotation,f,0.54
connotations,f,0.54
connétable,m,2.03
connétables,m,2.03
conque,f,2.23
conques,f,2.23
conquistador,m,1.69
conquistadores,m,1.69
conquistadors,m,1.69
conquérant,m,5.20
conquérante,f,5.20
conquérantes,f,5.20
conquérants,m,5.20
conquête,f,16.42
conquêtes,f,16.42
cons,m,122.62
consacrant,m,0.07
consanguine,f,0.07
consanguinité,f,0.27
consanguinités,f,0.27
consanguins,m,0.07
conscience,f,81.55
consciences,f,81.55
consciencieuse,f,0.20
consciencieux,m,0.20
conscient,m,1.17
conscients,m,1.17
conscription,f,0.20
conscrit,m,1.89
conscrits,m,1.89
conseil,m,87.14
conseiller,m,23.02
conseillers,m,23.02
conseilleurs,m,0.07
conseillère,f,23.02
conseillères,f,23.02
conseils,m,87.14
consensus,m,0.65
consentement,m,5.95
consentements,m,5.95
conservateur,m,5.20
conservateurs,m,5.20
conservation,f,3.24
conservatisme,m,0.54
conservatoire,m,4.68
conservatoires,m,4.68
conservatrice,f,0.27
conservatrices,f,0.27
conserve,f,14.26
conserverie,f,0.74
conserveries,f,0.74
conserves,f,14.26
considérant,m,0.27
considérants,m,0.27
considération,f,20.34
considérations,f,20.34
consignation,f,0.40
consignations,f,0.40
consigne,f,15.81
consignes,f,15.81
consistance,f,7.43
consistances,f,7.43
consistoire,m,0.14
conso,f,0.19
consoeur,f,0.68
consoeurs,f,0.68
consolateur,m,0.47
consolateurs,m,0.47
consolation,f,10.74
consolations,f,10.74
consolatrice,f,0.47
console,f,3.72
consoles,f,3.72
consolidation,f,0.41
consommateur,m,6.22
consommateurs,m,6.22
consommation,f,9.66
consommations,f,9.66
consommatrice,f,6.22
consommatrices,f,6.22
consommé,m,0.61
consommés,m,0.61
consomption,f,0.27
consonance,f,1.89
consonances,f,1.89
consonne,f,1.69
consonnes,f,1.69
consort,m,0.41
consortium,m,0.81
consortiums,m,0.81
consorts,m,0.41
consos,f,0.19
consoude,f,0.07
conspirateur,m,1.89
conspirateurs,m,1.89
conspiration,f,5.24
conspirations,f,5.24
conspiratrice,f,1.89
conspiratrices,f,1.89
constable,m,0.14
constance,f,2.97
constances,f,2.97
constante,f,1.54
constantes,f,1.54
constat,m,3.45
constatation,f,4.86
constatations,f,4.86
constats,m,3.45
constellation,f,6.76
constellations,f,6.76
consternation,f,4.53
constipation,f,1.69
constipations,f,1.69
constipé,m,0.34
constipée,f,0.34
constipées,f,0.34
constipés,m,0.34
constituant,m,1.01
constituante,f,1.01
constituants,m,1.01
constitution,f,9.12
constitutionnalité,f,0.02
constitutions,f,9.12
constricteur,m,0.11
constricteurs,m,0.11
constriction,f,0.61
constrictor,m,0.05
constrictors,m,0.05
constructeur,m,1.82
constructeurs,m,1.82
construction,f,24.12
constructions,f,24.12
constructivisme,m,0.01
consul,m,10.07
consulat,m,3.84
consulats,m,3.84
consuls,m,10.07
consultant,m,1.76
consultante,f,1.76
consultants,m,1.76
consultation,f,8.24
consultations,f,8.24
consulte,f,0.07
consumation,f,0.07
consumérisme,m,0.43
consécration,f,1.15
consécution,f,0.07
conséquence,f,34.86
conséquences,f,34.86
contact,m,69.85
contacteur,m,0.07
contacts,m,69.85
contagieuse,f,0.34
contagieux,m,0.34
contagion,f,3.72
container,m,3.00
containers,m,3.00
containeur,m,0.01
contaminateur,m,0.01
contamination,f,2.27
contaminations,f,2.27
conte,m,15.07
contemplateur,m,0.20
contemplatif,m,0.41
contemplatifs,m,0.41
contemplation,f,9.66
contemplations,f,9.66
contemplatrice,f,0.20
contemporain,m,5.54
contemporaine,f,5.54
contemporaines,f,5.54
contemporains,m,5.54
contempteur,m,0.27
contempteurs,m,0.27
contenance,f,6.15
contenances,f,6.15
contenant,m,0.74
contenants,m,0.74
conteneur,m,2.92
conteneurs,m,2.92
content,m,7.22
contentement,m,6.35
contentements,m,6.35
contentieux,m,0.47
contention,f,0.41
contentions,f,0.41
contents,m,7.22
contenu,m,16.82
contenus,m,16.82
contes,m,15.07
contestation,f,3.24
contestations,f,3.24
conteste,m,1.01
conteur,m,4.46
conteurs,m,4.46
conteuse,f,4.46
contexte,m,4.50
contextes,m,4.50
contiguïté,f,0.07
continence,f,0.61
continent,m,15.95
continental,m,1.00
continentale,f,1.00
continentaux,m,1.00
continents,m,15.95
contingence,f,1.76
contingences,f,1.76
contingent,m,2.64
contingentement,m,0.01
contingents,m,2.64
continu,m,0.72
continuateur,m,0.34
continuateurs,m,0.34
continuation,f,1.09
continuité,f,4.73
continus,m,0.72
continuum,m,0.55
contorsion,f,2.23
contorsions,f,2.23
contour,m,16.28
contournement,m,0.14
contournements,m,0.14
contours,m,16.28
contra,m,0.20
contraceptif,m,0.55
contraceptifs,m,0.55
contraception,f,0.68
contractant,m,0.14
contractants,m,0.14
contraction,f,3.05
contractions,f,3.05
contractuel,m,0.71
contractuelle,f,0.71
contractuelles,f,0.71
contractuels,m,0.71
contracture,f,0.34
contractures,f,0.34
contradicteur,m,0.14
contradicteurs,m,0.14
contradiction,f,12.97
contradictions,f,12.97
contrainte,f,5.81
contraintes,f,3.31
contraire,m,126.01
contraires,m,126.01
contralto,m,0.28
contraltos,m,0.28
contrariété,f,3.99
contrariétés,f,3.99
contras,m,0.20
contraste,m,12.50
contrastes,m,12.50
contrat,m,53.23
contrat-type,m,0.07
contrats,m,53.23
contravention,f,2.76
contraventions,f,2.76
contre,m,5.81
contre-accusations,f,0.01
contre-alizés,m,0.07
contre-allée,f,0.34
contre-allées,f,0.34
contre-amiral,m,0.19
contre-appel,m,0.07
contre-assurance,f,0.07
contre-attaque,f,2.16
contre-attaques,f,2.16
contre-champ,m,0.07
contre-chant,m,0.14
contre-chocs,m,0.07
contre-clés,f,0.07
contre-courant,m,1.96
contre-culture,f,0.03
contre-emploi,m,0.01
contre-espionnage,m,0.67
contre-exemple,m,0.07
contre-expertise,f,0.52
contre-expertises,f,0.52
contre-feu,m,0.07
contre-feux,m,0.07
contre-fiches,f,0.07
contre-fil,m,0.07
contre-gré,m,0.14
contre-indication,f,0.07
contre-indications,f,0.07
contre-interrogatoire,m,0.48
contre-interrogatoires,m,0.48
contre-jour,m,6.01
contre-la-montre,m,0.80
contre-lame,f,0.07
contre-lettre,f,0.14
contre-manifestants,m,0.14
contre-mesure,f,0.42
contre-mesures,f,0.42
contre-mine,f,0.14
contre-mines,f,0.14
contre-offensive,f,0.41
contre-offensives,f,0.41
contre-ordre,m,0.95
contre-ordres,m,0.95
contre-pente,f,0.34
contre-performance,f,0.14
contre-performances,f,0.14
contre-pied,m,0.61
contre-pieds,m,0.61
contre-plaqué,m,0.54
contre-plongée,f,0.47
contre-pouvoirs,m,0.07
contre-pression,f,0.02
contre-propagande,f,0.07
contre-proposition,f,0.40
contre-propositions,f,0.40
contre-réaction,f,0.01
contre-réforme,f,0.61
contre-révolution,f,0.37
contre-terrorisme,m,0.07
contre-test,m,0.07
contre-torpilleur,m,1.22
contre-torpilleurs,m,1.22
contre-transfert,m,0.01
contre-ut,m,0.07
contre-voie,f,0.27
contre-vérité,f,0.07
contre-épreuve,f,0.07
contre-épreuves,f,0.07
contrebande,f,3.72
contrebandier,m,1.43
contrebandiers,m,1.43
contrebandière,f,1.43
contrechamp,m,0.46
contrechamps,m,0.46
contrecoeur,m,3.38
contrecoup,m,2.03
contrecoups,m,2.03
contredanse,f,0.54
contredanses,f,0.54
contredit,m,0.27
contredits,m,0.27
contrefacteurs,m,0.07
contrefaçon,f,1.15
contrefaçons,f,1.15
contrefiche,f,0.07
contrefort,m,3.65
contreforts,m,3.65
contremarches,f,0.07
contremarques,f,0.07
contremaître,m,3.99
contremaîtres,m,3.99
contremaîtresse,f,0.27
contrepartie,f,2.16
contreplaqué,m,1.35
contrepoids,m,1.82
contrepoint,m,1.62
contrepoison,m,0.47
contrepoisons,m,0.47
contreproposition,f,0.01
contrepèterie,f,0.20
contrepèteries,f,0.20
contres,m,5.81
contrescarpe,f,0.61
contreseing,m,0.21
contresens,m,1.55
contretemps,m,3.18
contrevallation,f,0.01
contrevenant,m,0.50
contrevenants,m,0.50
contrevent,m,1.15
contrevents,m,1.15
contrevérité,f,0.14
contrevérités,f,0.14
contributeur,m,0.02
contribution,f,5.34
contributions,f,5.34
contrition,f,1.76
contritions,f,1.76
contrordre,m,0.41
contrordres,m,0.41
controverse,f,2.57
controverses,f,2.57
contrée,f,5.41
contrées,f,5.41
contrôle,m,66.28
contrôles,m,66.28
contrôleur,m,8.93
contrôleurs,m,8.93
contrôleuse,f,8.93
contumace,f,0.61
contumaces,f,0.61
contusion,f,3.23
contusions,f,3.23
convaincu,m,1.55
convaincus,m,1.55
convalescence,f,3.24
convalescences,f,3.24
convalescent,m,1.96
convalescents,m,1.96
convalo,f,0.34
convalos,f,0.34
convecteur,m,0.01
convection,f,0.06
convenance,f,5.47
convenances,f,5.47
convenant,m,0.01
convent,m,0.07
conventicule,m,0.07
convention,f,12.64
conventionnel,m,0.47
conventionnels,m,0.47
conventions,f,12.64
convergence,f,0.68
conversation,f,115.34
conversations,f,115.34
converse,f,1.28
conversion,f,3.92
conversions,f,3.92
converti,m,1.22
convertie,f,1.22
converties,f,1.22
convertis,m,1.22
convertisseur,m,0.35
convertisseurs,m,0.35
convexité,f,0.20
convict,m,0.07
conviction,f,37.23
convictions,f,37.23
convicts,m,0.07
convivialité,f,0.42
convocation,f,3.65
convocations,f,3.65
convoi,m,18.78
convois,m,18.78
convoitise,f,5.20
convoitises,f,5.20
convoyage,m,0.20
convoyages,m,0.20
convoyeur,m,1.10
convoyeurs,m,1.10
convoyeuse,f,1.10
convulsion,f,5.61
convulsions,f,5.61
cookie,m,8.22
cookies,m,8.22
coolie,m,0.41
coolie-pousse,m,0.01
coolies,m,0.41
cooptation,f,0.14
coopé,f,0.27
coopérant,m,0.14
coopérante,f,0.14
coopérants,m,0.14
coopérateur,m,0.03
coopération,f,6.96
coopératisme,m,0.01
coopérative,f,1.66
coopératives,f,1.66
coordinateur,m,0.83
coordinateurs,m,0.83
coordination,f,2.16
coordinatrice,f,0.83
coordonnateur,m,0.02
coordonnée,f,8.30
coordonnées,f,8.30
coordonnés,m,0.16
cop,f,0.63
copain,m,158.62
copains,m,158.62
copal,m,0.01
copaïba,m,0.07
copeau,m,5.41
copeaux,m,5.41
copiage,m,0.01
copie,f,25.70
copies,f,25.70
copieur,m,0.30
copieurs,m,0.30
copieuse,f,0.30
copieuses,f,0.30
copilote,m,1.50
copinage,m,0.27
copine,f,158.62
copines,f,158.62
copla,f,0.07
coppa,f,0.01
copra,m,0.07
coprins,m,0.07
coproculture,f,0.01
coproducteur,m,0.11
coproducteurs,m,0.11
coproduction,f,0.27
coprologie,f,0.07
coprophagie,f,0.20
coprophilie,f,0.02
copropriété,f,0.56
coprésidence,f,0.01
cops,m,0.41
copte,m,0.34
coptes,m,0.34
copulant,m,0.07
copulation,f,0.47
copulations,f,0.47
copule,f,0.14
copyright,m,0.41
coq,m,19.12
coq-à-l'âne,m,0.14
coqs,m,19.12
coquard,m,0.41
coquards,m,0.41
coquart,m,0.14
coquarts,m,0.14
coque,f,12.64
coquebin,m,0.20
coquelet,m,0.10
coquelicot,m,3.24
coquelicots,m,3.24
coquelle,f,0.07
coqueluche,f,2.43
coqueluches,f,2.43
coquemar,m,0.07
coquerelle,f,0.07
coquerie,f,0.05
coqueron,m,0.02
coques,f,12.64
coquetel,m,0.07
coquetier,m,0.61
coquetiers,m,0.61
coquette,f,2.23
coquetterie,f,7.03
coquetteries,f,7.03
coquettes,f,2.23
coquillage,m,10.47
coquillages,m,10.47
coquillard,m,0.74
coquillards,m,0.74
coquillart,m,0.07
coquille,f,13.45
coquilles,f,13.45
coquillettes,f,0.61
coquin,m,7.55
coquine,f,7.55
coquinerie,f,0.20
coquineries,f,0.20
coquines,f,7.55
coquins,m,7.55
cor,m,3.92
cora,f,0.34
corail,m,3.51
coramine,f,0.10
coran,m,2.43
coras,f,0.34
coraux,m,3.51
corbeau,m,8.85
corbeaux,m,8.85
corbeille,f,19.12
corbeilles,f,19.12
corbillard,m,4.19
corbillards,m,4.19
corbin,m,0.47
corbières,m,0.14
cordage,m,3.85
cordages,m,3.85
corde,f,48.38
cordeau,m,1.76
cordeaux,m,1.76
cordelette,f,3.72
cordelettes,f,3.72
cordelier,m,2.77
cordeliers,m,2.77
cordelière,f,2.77
cordelières,f,2.77
cordelle,f,1.76
corderie,f,0.14
cordes,f,48.38
cordial,m,1.96
cordialité,f,3.65
cordialités,f,3.65
cordiers,m,0.74
cordillère,f,0.28
cordite,f,0.13
cordobas,m,0.01
cordon,m,12.23
cordon-bleu,m,0.27
cordonnerie,f,0.20
cordonnet,m,0.81
cordonnets,m,0.81
cordonnier,m,3.92
cordonniers,m,3.92
cordonnière,f,3.92
cordons,m,12.23
cordons-bleus,m,0.27
cordée,f,0.61
cordées,f,0.61
coriacité,f,0.07
coriandre,f,0.27
corindon,m,0.14
corinthien,m,0.45
corinthiens,m,0.45
cormier,m,0.08
cormoran,m,1.22
cormorans,m,1.22
corn flakes,f,0.14
corn-flakes,m,0.22
cornac,m,0.41
cornaline,f,0.14
cornalines,f,0.14
cornard,m,0.71
cornards,m,0.71
corne,f,19.46
corneille,f,2.36
corneilles,f,2.36
cornemuse,f,1.38
cornemuses,f,1.38
cornemuseur,m,0.01
corner,m,0.30
corners,m,0.30
cornes,f,19.46
cornet,m,8.04
cornets,m,8.04
corniaud,m,5.34
corniauds,m,5.34
corniche,f,7.03
corniches,f,7.03
cornichon,m,4.17
cornichons,m,4.17
cornillon,m,0.20
cornières,f,0.34
cornouaillais,m,0.06
cornouille,f,0.14
cornouiller,m,0.34
cornouillers,m,0.34
cornouilles,f,0.14
cornue,f,1.08
cornues,f,1.08
cornée,f,1.22
cornées,f,1.22
corollaire,m,0.74
corollaires,m,0.74
corolle,f,3.65
corolles,f,3.65
coron,m,1.76
corona,f,0.50
coronarien,m,0.01
coroner,m,2.02
coroners,m,2.02
coronilles,f,0.20
corons,m,1.76
corozo,m,0.20
corporal,m,0.11
corporalité,f,0.07
corporation,f,2.77
corporations,f,2.77
corporatisme,m,0.07
corps,m,480.34
corps-mort,m,0.07
corpsard,m,0.07
corpulence,f,1.76
corpus,m,0.88
corpus delicti,m,0.03
corpuscule,f,0.47
corpuscules,f,0.47
corral,m,1.08
corrals,m,1.08
correcteur,m,0.74
correcteurs,m,0.74
correctif,m,0.20
correction,f,8.89
correctionnelle,f,1.82
correctionnelles,f,1.82
corrections,f,8.89
corrector,m,0.14
corregidor,m,0.15
correspondance,f,13.51
correspondances,f,13.51
correspondancier,m,0.01
correspondant,m,5.88
correspondante,f,5.88
correspondantes,f,5.88
correspondants,m,5.88
corrida,f,4.53
corridas,f,4.53
corridor,m,12.50
corridors,m,12.50
corrigé,m,0.20
corrigés,m,0.20
corroboration,f,0.03
corroierie,f,0.07
corrompu,m,1.02
corrompus,m,1.02
corrosion,f,0.20
corrupteur,m,0.41
corrupteurs,m,0.41
corruption,f,6.59
corruptions,f,6.59
corruptrice,f,0.41
corrélation,f,0.20
cors,m,3.92
corsage,m,15.14
corsages,m,15.14
corselet,m,0.88
corselets,m,0.88
corset,m,2.91
corsetière,f,0.07
corsets,m,2.91
corso,m,1.08
corsos,m,1.08
cortes,f,0.01
cortex,m,8.68
cortine,f,0.03
cortisol,m,0.03
cortisone,f,1.28
corton,m,0.27
cortège,m,20.34
cortèges,m,20.34
cortès,f,0.07
coruscation,f,0.07
corvette,f,1.55
corvettes,f,1.55
corvée,f,16.76
corvées,f,16.76
corybantes,m,0.07
coryphène,m,0.01
coryphée,m,0.07
coryste,m,0.07
coryza,m,0.68
coré,f,0.40
coréen,m,1.79
coréenne,f,1.79
coréennes,f,1.79
coréens,m,1.79
coseigneurs,m,0.07
cosinus,m,0.28
cosmodromes,m,0.01
cosmogonie,f,0.27
cosmogonies,f,0.27
cosmographie,f,0.14
cosmologie,f,0.09
cosmopolitisme,m,0.47
cosmos,m,2.34
cosméticienne,f,0.07
cosmétologie,f,0.07
cossard,m,0.47
cossarde,f,0.47
cossards,m,0.47
cosse,f,0.68
cosses,f,0.68
cossus,m,0.07
costar,m,0.03
costard,m,6.82
costards,m,6.82
costaud,m,4.86
costauds,m,4.86
costume,m,55.88
costumes,m,55.88
costumier,m,0.47
costumiers,m,0.47
costumière,f,0.47
cosy,m,0.95
cosy-corner,m,0.54
cosy-corners,m,0.54
cosys,m,0.95
cotation,f,0.31
cotations,f,0.31
cote,f,8.48
coteau,m,7.70
coteaux,m,7.70
coterie,f,1.55
coteries,f,1.55
cotes,f,8.48
cothurne,m,0.41
cothurnes,m,0.41
cotillon,m,0.81
cotillons,m,0.81
cotisant,m,0.14
cotisants,m,0.14
cotisation,f,1.15
cotisations,f,1.15
coton,m,26.22
coton-tige,m,0.43
cotonnade,f,3.18
cotonnades,f,3.18
cotonnerie,f,0.01
cotonnier,m,0.07
cotonnière,f,0.01
cotons,m,26.22
cotons-tiges,m,0.43
cotonéasters,m,0.07
cotre,m,1.96
cotres,m,1.96
cotrets,m,0.14
cotriade,f,0.07
cottage,m,1.54
cottages,m,1.54
cotte,f,4.05
cottes,f,4.05
coturne,m,0.07
cotylédons,m,0.07
cou,m,115.34
cou-de-pied,m,0.27
couac,m,1.01
couacs,m,1.01
couaille,f,0.14
couard,m,0.47
couardise,f,0.54
couards,m,0.47
couchage,m,1.86
couchant,m,7.16
couchants,m,7.16
couche,f,32.91
couche-culotte,f,0.27
coucher,m,8.92
coucherie,f,1.15
coucheries,f,1.15
couchers,m,8.92
couches,f,32.91
couches-culottes,f,0.27
couchette,f,6.28
couchettes,f,6.28
coucheur,m,0.47
coucheurs,m,0.47
coucheuse,f,0.47
couchoir,m,0.07
couché,m,4.60
coucou,m,13.16
coucous,m,13.16
coude,m,54.19
coudes,m,54.19
coudreuse,f,0.07
coudrier,m,10.41
coudriers,m,10.41
coudée,f,1.55
coudées,f,1.55
couenne,f,1.82
couennes,f,1.82
couette,f,2.03
couettes,f,2.03
couffin,m,1.96
couffins,m,1.96
couguar,m,1.01
couguars,m,1.01
couic,m,1.22
couillard,m,0.07
couille,f,38.80
couilles,f,38.80
couillettes,f,0.27
couillon,m,5.75
couillonnade,f,0.82
couillonnades,f,0.82
couillons,m,5.75
couinement,m,1.76
couinements,m,1.76
coulage,m,0.47
coulant,m,0.47
coulants,m,0.47
coule,f,1.14
coulemelle,f,0.07
couleur,f,198.72
couleurs,f,198.72
couleuvre,f,2.91
couleuvres,f,2.91
couleuvrine,f,0.23
couleuvrines,f,0.23
coulis,m,0.68
coulisse,f,9.05
coulissements,m,0.07
coulisses,f,9.05
coulissier,m,0.14
couloir,m,104.53
couloir-symbole,m,0.07
couloirs,m,104.53
coulombs,m,0.07
coulpe,f,0.14
coulure,f,0.41
coulures,f,0.41
coulé,m,0.42
coulée,f,9.80
coulées,f,9.80
coulés,m,0.42
coumarine,f,0.01
coup,m,837.70
coup-de-poing,m,0.13
coupage,m,0.20
coupages,m,0.20
coupe,f,42.23
coupe-chou,m,0.34
coupe-choux,m,0.27
coupe-cigare,m,0.20
coupe-cigares,m,0.20
coupe-circuit,m,0.34
coupe-circuits,m,0.34
coupe-coupe,m,0.68
coupe-faim,m,0.09
coupe-faims,m,0.09
coupe-feu,m,0.14
coupe-file,m,0.03
coupe-gorge,m,0.61
coupe-jarret,m,0.03
coupe-jarrets,m,0.03
coupe-ongle,m,0.05
coupe-ongles,m,0.26
coupe-papier,m,0.95
coupe-pâte,m,0.07
coupe-racines,m,0.07
coupe-vent,m,0.34
coupelle,f,0.61
coupelles,f,0.61
couperet,m,2.09
couperets,m,2.09
couperose,f,0.88
coupes,f,42.23
coupeur,m,0.55
coupeurs,m,0.55
coupeuse,f,0.55
couplage,m,0.11
couplages,m,0.11
couple,m,63.99
couples,m,63.99
couplet,m,5.34
couplets,m,5.34
coupleur,m,0.18
coupleurs,m,0.18
couplé,m,0.07
coupole,f,8.92
coupoles,f,8.92
coupon,m,2.09
coupon-cadeau,m,0.01
coupons,m,2.09
coups,m,837.70
coups-de-poing,m,0.14
coupure,f,11.08
coupures,f,11.08
coupé,m,2.84
coupée,f,1.35
coupées,f,1.35
coupés,m,2.84
couques,f,0.07
cour,f,150.14
cour-jardin,f,0.07
courage,m,70.73
courages,m,70.73
courant,m,111.58
courante,f,0.41
courantes,f,0.41
courants,m,111.58
courbature,f,1.62
courbatures,f,1.62
courbe,f,18.11
courbes,f,18.11
courbette,f,2.70
courbettes,f,2.70
courbure,f,2.50
courbures,f,2.50
courette,f,2.09
courettes,f,2.09
coureur,m,8.31
coureurs,m,8.31
coureuse,f,8.31
coureuses,f,8.31
courge,f,2.46
courges,f,2.46
courgette,f,1.24
courgettes,f,1.24
courlis,m,0.47
couronne,f,23.15
couronnement,m,2.40
couronnements,m,2.40
couronnes,f,23.15
courriel,m,0.24
courrier,m,24.46
courriers,m,24.46
courroie,f,5.61
courroies,f,5.61
courroux,m,3.55
course,f,81.22
course-poursuite,f,0.34
courses,f,81.22
coursier,m,4.81
coursiers,m,4.81
coursive,f,3.38
coursives,f,3.38
coursière,f,4.81
court,m,8.72
court-bouillon,m,0.68
court-circuit,m,1.76
court-circuits,m,0.02
court-courrier,m,0.01
court-jus,m,0.03
court-métrage,m,0.17
courtage,m,0.36
courtages,m,0.36
courtaud,m,0.14
courtaude,f,0.14
courtepointe,f,1.35
courtepointes,f,1.35
courtier,m,2.96
courtiers,m,2.96
courtilière,f,0.14
courtilières,f,0.14
courtils,m,0.07
courtine,f,2.43
courtines,f,2.43
courtisan,m,6.82
courtisane,f,6.82
courtisanerie,f,0.41
courtisanes,f,6.82
courtisans,m,6.82
courtière,f,2.96
courtières,f,2.96
courtoisie,f,8.18
courtoisies,f,8.18
courts,m,8.72
courts-circuits,m,1.76
cous,m,115.34
cous-de-pied,m,0.07
couscous,m,3.24
couscoussier,m,0.34
couscoussiers,m,0.34
cousette,f,0.68
cousettes,f,0.68
couseuse,f,0.01
cousin,m,89.93
cousinage,m,0.88
cousinages,m,0.88
cousine,f,89.93
cousines,f,89.93
cousins,m,89.93
coussin,m,22.70
coussinet,m,0.88
coussinets,m,0.88
coussins,m,22.70
couteau,m,58.15
couteau-scie,m,0.07
couteaux,m,58.15
coutelas,m,1.22
coutelier,m,0.20
coutellerie,f,0.20
coutelleries,f,0.20
coutil,m,1.28
coutume,f,25.14
coutumes,f,25.14
coutumier,m,0.20
coutumiers,m,0.20
couture,f,10.54
coutures,f,10.54
couturier,m,10.27
couturiers,m,10.27
couturière,f,10.27
couturières,f,10.27
couvade,f,0.01
couvaison,f,0.20
couvaisons,f,0.20
couvent,m,26.15
couventine,f,0.41
couventines,f,0.41
couvents,m,26.15
couvercle,m,22.09
couvercles,m,22.09
couvert,m,25.14
couverts,m,25.14
couverture,f,62.03
couvertures,f,62.03
couvet,m,0.14
couveuse,f,0.95
couveuses,f,0.95
couvre-chef,m,1.55
couvre-chefs,m,1.55
couvre-feu,m,3.63
couvre-feux,m,0.04
couvre-lit,m,2.77
couvre-lits,m,2.77
couvre-pied,m,0.47
couvre-pieds,m,0.47
couvreur,m,1.01
couvreurs,m,1.01
couvée,f,1.42
couvées,f,1.42
covenant,m,0.05
cover-girl,f,0.47
cover-girls,f,0.47
covoiturage,m,0.07
cow-boy,m,5.27
cow-boys,m,5.27
coxalgie,f,0.07
coyote,m,4.01
coyotes,m,4.01
coéquipier,m,4.21
coéquipiers,m,4.21
coéquipière,f,4.21
coéquipières,f,4.21
coïncidence,f,18.04
coïncidences,f,18.04
coït,m,3.38
coïts,m,3.38
coût,m,5.04
coûts,m,5.04
crabe,m,12.36
crabes,m,12.36
crabillon,m,0.20
crabillons,m,0.20
crabs,m,0.41
crac,m,6.01
crachat,m,3.72
crachats,m,3.72
crachement,m,0.68
crachements,m,0.68
cracheur,m,1.08
cracheurs,m,1.08
cracheuse,f,1.08
cracheuses,f,1.08
crachin,m,2.03
crachins,m,2.03
crachoir,m,0.61
crachoirs,m,0.61
crachotement,m,0.27
crachotements,m,0.27
crachouillis,m,0.14
crack,m,7.77
cracker,m,2.22
crackers,m,2.22
cracking,m,0.01
cracks,m,7.77
craie,f,10.68
craies,f,10.68
crainte,f,52.64
craintes,f,52.64
cramouille,f,0.47
cramouilles,f,0.47
crampe,f,6.01
crampes,f,6.01
crampette,f,0.14
crampettes,f,0.14
crampon,m,1.49
crampons,m,1.49
cran,m,13.97
crane,m,0.96
craniométrie,f,0.03
craniotomie,f,0.03
crans,m,13.97
crapaud,m,11.30
crapaud-buffle,m,0.14
crapauds,m,11.30
crapauds-buffles,m,0.14
crapouillot,m,0.20
crapouillots,m,0.20
craps,m,0.73
crapule,f,7.09
crapulerie,f,0.27
crapules,f,7.09
craquage,m,0.04
craque,f,0.81
craquelin,m,1.01
craquelins,m,1.01
craquelure,f,1.15
craquelures,f,1.15
craquement,m,13.45
craquements,m,13.45
craques,f,0.81
craquèlement,m,0.14
craquée,f,0.07
crase,f,0.01
crash,m,6.68
crash-test,m,0.02
crashes,m,0.02
crasse,f,13.45
crasses,f,13.45
crassier,m,0.07
crassiers,m,0.07
crassula,f,0.14
crataegus,m,0.07
cratère,m,4.66
cratères,m,4.66
cravache,f,3.72
cravaches,f,3.72
cravant,m,0.27
cravants,m,0.27
cravatage,m,0.07
cravate,f,34.12
cravates,f,34.12
cravateur,m,0.14
cravatière,f,0.07
crawl,m,0.74
crayon,m,30.47
crayon-encre,m,0.27
crayonnage,m,0.14
crayonnages,m,0.14
crayonneur,m,0.14
crayonneurs,m,0.14
crayons,m,30.47
crayons-feutres,m,0.14
credo,m,2.84
creek,m,0.78
creeks,m,0.78
crematorium,m,0.22
crescendo,m,0.28
cresson,m,1.01
cressonnette,f,0.07
cressonnière,f,0.14
cressonnières,f,0.14
cressons,m,1.01
creton,m,1.69
cretonne,f,1.69
cretonnes,f,1.69
cretons,m,1.69
creusement,m,0.41
creusements,m,0.41
creuset,m,1.15
creusets,m,1.15
creuseur,m,0.07
creux,m,49.93
crevage,m,0.07
crevaison,f,0.63
crevaisons,f,0.63
crevard,m,0.74
crevarde,f,0.74
crevards,m,0.74
crevasse,f,4.86
crevasses,f,4.86
crevette,f,9.03
crevettes,f,9.03
crevettier,m,0.16
crevettiers,m,0.16
crevure,f,0.52
crevures,f,0.52
cri,m,155.41
criaillement,m,0.07
criaillerie,f,1.69
criailleries,f,1.69
crib,m,0.04
criblage,m,0.14
crible,m,1.15
cribles,m,1.15
cric,m,1.42
cricket,m,2.94
crickets,m,2.94
cricri,m,1.42
cricris,m,1.42
crics,m,1.42
crieur,m,2.09
crieurs,m,2.09
crieuse,f,2.09
crime,m,104.07
crimes,m,104.07
criminalité,f,1.91
criminel,m,35.62
criminelle,f,35.62
criminelles,f,35.62
criminels,m,35.62
criminologie,f,0.48
crin,m,6.22
crincrin,m,0.27
crincrins,m,0.27
crinière,f,10.27
crinières,f,10.27
crinoline,f,0.47
crinolines,f,0.47
crins,m,6.22
crique,f,5.20
criques,f,5.20
criquet,m,2.36
criquets,m,2.36
cris,m,155.41
cris-craft,m,0.07
crise,f,50.15
crises,f,50.15
crispation,f,3.92
crispations,f,3.92
crispin,m,0.20
crissement,m,9.32
crissements,m,9.32
cristal,m,18.51
cristallerie,f,0.07
cristalleries,f,0.07
cristallin,m,0.74
cristallins,m,0.74
cristallisation,f,0.27
cristallographie,f,0.07
cristallomancie,f,0.02
cristaux,m,18.51
critère,m,3.55
critères,m,3.55
critérium,m,0.38
critériums,m,0.38
criée,f,1.42
criées,f,1.42
croassement,m,0.27
croassements,m,0.27
crobard,m,0.27
croc,m,7.84
croc-en-jambe,m,0.61
croche,f,0.41
croche-patte,m,0.34
croche-pied,m,0.68
croche-pieds,m,0.68
croches,f,0.41
crochet,m,15.81
crochetage,m,0.04
crocheteur,m,0.29
crocheteurs,m,0.29
crochets,m,15.81
croco,m,1.51
crocodile,m,9.26
crocodiles,m,9.26
crocos,m,1.51
crocs,m,7.84
crocs-en-jambe,m,0.20
crocus,m,0.95
croisade,f,6.15
croisades,f,6.15
croisement,m,6.22
croisements,m,6.22
croisette,f,1.01
croiseur,m,4.59
croiseurs,m,4.59
croisillon,m,2.03
croisillons,m,2.03
croisière,f,5.81
croisières,f,5.81
croissance,f,4.16
croissances,f,4.16
croissant,m,18.72
croissants,m,18.72
croisé,m,7.64
croisée,f,6.62
croisées,f,6.62
croisés,m,7.64
croix,f,71.62
cromlech,m,0.14
cromlechs,m,0.14
cromorne,m,0.54
crooner,m,0.25
crooners,m,0.25
croquant,m,1.42
croquants,m,1.42
croque-madame,m,0.03
croque-mitaine,m,0.61
croque-monsieur,m,0.28
croque-mort,m,3.31
croque-morts,m,3.31
croquemitaine,m,0.47
croquemitaines,m,0.47
croquemort,m,0.14
croquemorts,m,0.14
croquenots,m,0.95
croquet,m,1.49
croqueton,m,0.14
croquetons,m,0.14
croquette,f,2.04
croquettes,f,2.04
croqueur,m,0.17
croqueuse,f,0.17
croquis,m,7.64
croquis-minute,m,0.07
crosne,m,0.27
crosnes,m,0.27
cross,m,0.41
cross-country,m,0.34
crosse,f,11.96
crosses,f,11.96
crossman,m,0.01
crotale,m,0.95
crotales,m,0.95
croton,m,0.28
crotte,f,6.76
crottes,f,6.76
crottin,m,2.57
crottins,m,2.57
crouillat,m,0.88
crouillats,m,0.88
croulant,m,0.92
croulante,f,0.92
croulantes,f,0.92
croulants,m,0.92
croule,f,0.07
croulement,m,0.07
croup,m,0.61
croupade,f,0.14
croupe,f,14.05
croupes,f,14.05
croupier,m,0.63
croupiers,m,0.63
croupion,m,1.08
croupions,m,1.08
croupissoir,m,0.07
croupissure,f,0.20
croupière,f,0.27
croupières,f,0.27
croupon,m,0.20
croustade,f,0.20
croustades,f,0.20
croustillance,f,0.07
croustille,f,0.05
croustilles,f,0.05
croustillon,m,0.20
croustillons,m,0.20
crown,m,0.03
croyance,f,7.95
croyances,f,7.95
croyant,m,6.96
croyante,f,6.96
croyantes,f,6.96
croyants,m,6.96
croît,m,0.01
croûte,f,17.30
croûtes,f,17.30
croûton,m,3.78
croûtons,m,3.78
cru,m,7.30
cruauté,f,15.88
cruautés,f,15.88
cruche,f,4.46
cruches,f,4.46
cruchon,m,0.81
cruchons,m,0.81
crucifiement,m,0.20
crucifix,m,7.43
crucifixion,f,0.95
crucifixions,f,0.95
crucifié,m,1.76
crucifiés,m,1.76
crucifère,f,0.27
crucifères,f,0.27
crudité,f,1.96
crudités,f,1.96
crue,f,3.58
crues,f,3.58
cruiser,m,0.17
crumble,m,0.11
crus,m,7.30
crustacé,m,1.89
crustacés,m,1.89
cruzeiro,m,0.80
cruzeiros,m,0.80
cryofracture,f,0.14
cryogénie,f,0.27
cryogénisation,f,0.17
cryotechnique,f,0.01
cryptage,m,0.52
crypte,f,3.18
cryptes,f,3.18
crypto,m,0.07
cryptogames,m,0.14
cryptogramme,m,0.40
cryptogrammes,m,0.40
cryptographie,f,0.10
cryptologie,f,0.03
cryptomère,m,0.01
crâne,m,56.82
crânerie,f,0.27
crânes,m,56.82
crâneur,m,0.95
crâneurs,m,0.95
crâneuse,f,0.95
crâneuses,f,0.95
crèche,f,9.39
crèches,f,9.39
crève,f,5.79
crèves,f,5.79
créance,f,1.55
créances,f,1.55
créancier,m,1.42
créanciers,m,1.42
créateur,m,6.54
créateurs,m,6.54
créatif,m,0.33
créatifs,m,0.33
créatine,f,0.13
créatinine,f,0.15
création,f,18.72
créationnisme,m,0.14
créations,f,18.72
créative,f,0.02
créativité,f,2.15
créatrice,f,6.54
créatrices,f,6.54
créature,f,35.22
créatures,f,35.22
crécelle,f,1.82
crécelles,f,1.82
crécerelle,f,0.20
crécerelles,f,0.20
crécy,f,0.20
crédence,f,0.95
crédences,f,0.95
crédibilité,f,1.89
crédit,m,28.21
crédit-bail,m,0.02
créditeur,m,0.22
créditeurs,m,0.22
crédits,m,28.21
crédulité,f,1.69
crédulités,f,1.69
crémaillère,f,1.14
crémaillères,f,1.14
crémant,m,0.14
crémateurs,m,0.14
crémation,f,0.78
crémations,f,0.78
crématoire,m,0.92
crématoires,m,0.92
crématorium,m,0.81
crémerie,f,0.81
crémeries,f,0.81
crémier,m,1.82
crémiers,m,1.82
crémière,f,1.82
crémières,f,1.82
crémone,f,0.34
créneau,m,5.34
créneaux,m,5.34
créosote,f,0.41
crépi,m,3.31
crépine,f,0.07
crépinette,f,0.14
crépinettes,f,0.14
crépins,m,0.07
crépis,m,3.31
crépissage,m,0.07
crépitation,f,0.01
crépitement,m,8.18
crépitements,m,8.18
crépon,m,0.47
crépons,m,0.47
crépuscule,m,26.35
crépuscules,m,26.35
créquier,m,0.07
crésol,m,0.01
crésus,m,0.01
crésyl,m,0.41
crétacé,m,0.23
crételle,f,0.14
crétin,m,33.54
crétine,f,33.54
crétinerie,f,0.14
crétineries,f,0.14
crétinisation,f,0.07
crétinisme,m,0.41
crétins,m,33.54
crétois,m,0.74
crétoise,f,0.74
crêpage,m,0.14
crêpages,m,0.14
crêpelure,f,0.14
crêt,m,0.03
crête,f,26.22
crêtes,f,26.22
crêtes-de-coq,f,0.07
csardas,f,0.30
cuadrilla,f,0.74
cuadrillas,f,0.74
cubage,m,0.34
cubages,m,0.34
cubain,m,2.69
cubaine,f,2.69
cubaines,f,2.69
cubains,m,2.69
cube,m,11.76
cubes,m,11.76
cubisme,m,0.54
cubitainer,m,0.04
cubitières,f,0.14
cubitus,m,0.20
cucaracha,f,0.15
cucurbitacée,f,0.14
cucurbite,f,0.14
cucurbites,f,0.14
cucuterie,f,0.01
cueillaison,f,0.01
cueillette,f,1.89
cueillettes,f,1.89
cueilleur,m,0.41
cueilleurs,m,0.41
cueilleuse,f,0.41
cueilleuses,f,0.41
cuesta,f,0.39
cueva,f,1.01
cuevas,f,1.01
cui-cui,m,0.34
cuiller,f,10.20
cuilleron,m,0.07
cuillers,f,10.20
cuillerée,f,4.46
cuillerées,f,4.46
cuillère,f,11.89
cuillères,f,11.89
cuir,m,79.19
cuirasse,f,5.14
cuirassements,m,0.07
cuirasses,f,5.14
cuirassier,m,5.54
cuirassiers,m,5.54
cuirassé,m,2.64
cuirassés,m,2.64
cuirs,m,79.19
cuiseurs,m,0.10
cuisine,f,135.41
cuisines,f,135.41
cuisinette,f,0.14
cuisinier,m,26.42
cuisiniers,m,26.42
cuisinière,f,26.42
cuisinières,f,26.42
cuissage,m,0.34
cuissard,m,1.76
cuissardes,f,1.76
cuissards,m,1.76
cuisse,f,69.73
cuisse-madame,f,0.07
cuisseau,m,0.14
cuisses,f,69.73
cuissette,f,0.14
cuissettes,f,0.14
cuisson,f,3.38
cuissons,f,3.38
cuissot,m,0.95
cuissots,m,0.95
cuistance,f,1.96
cuistances,f,1.96
cuistot,m,4.46
cuistots,m,4.46
cuistre,m,1.55
cuistrerie,f,0.34
cuistreries,f,0.34
cuistres,m,1.55
cuite,f,4.12
cuites,f,4.12
cuivre,m,36.08
cuivres,m,36.08
cul,m,150.81
cul-blanc,m,0.20
cul-bénit,m,0.20
cul-de-basse-fosse,m,0.41
cul-de-four,m,0.20
cul-de-jatte,m,1.42
cul-de-lampe,m,0.20
cul-de-plomb,m,0.07
cul-de-porc,m,0.02
cul-de-poule,m,0.14
cul-de-sac,m,1.55
cul-terreux,m,2.23
culasse,f,3.51
culasses,f,3.51
culbutages,m,0.07
culbute,f,1.72
culbutes,f,1.72
culbuteur,m,0.27
culbuteurs,m,0.27
culbuto,m,0.14
culex,m,0.02
culminance,f,0.07
culmination,f,0.34
culot,m,9.73
culots,m,9.73
culotte,f,37.30
culottes,f,37.30
culottier,m,0.41
culottiers,m,0.41
culottière,f,0.41
culottières,f,0.41
culpabilisation,f,0.20
culpabilité,f,11.57
culs,m,150.81
culs-blancs,m,0.20
culs-bénits,m,0.20
culs-de-basse-fosse,m,0.27
culs-de-jatte,m,1.42
culs-de-lampe,m,0.20
culs-de-sac,m,1.55
culs-terreux,m,2.23
culte,m,14.93
cultes,m,14.93
cultivateur,m,2.84
cultivateurs,m,2.84
cultivatrice,f,2.84
cultivatrices,f,2.84
culturalismes,m,0.07
culture,f,28.51
cultures,f,28.51
culturisme,m,0.41
culée,f,0.07
cumin,m,0.74
cumul,m,0.20
cumulard,m,0.01
cumulation,f,0.07
cumulo-nimbus,m,0.14
cumulus,m,0.81
cunnilinctus,m,0.07
cunnilingus,m,0.24
cupidité,f,1.96
cupidon,m,0.27
cupidons,m,0.27
cupressus,m,0.27
cupronickel,m,0.01
cupule,f,0.20
cupules,f,0.20
curage,m,0.07
curaille,f,0.07
curaillon,m,0.14
curare,m,0.47
curateur,m,0.14
curatif,m,0.01
curatrice,f,0.14
curaçao,m,0.54
curaçaos,m,0.54
curcuma,m,0.07
cure,f,9.12
cure-dent,m,1.39
cure-dents,m,1.39
cure-pipe,m,0.07
cure-pipes,m,0.07
cures,f,9.12
curetage,m,0.14
cureton,m,2.50
curetons,m,2.50
curette,f,0.02
curettes,f,0.02
curieuse,f,10.61
curieuses,f,10.61
curieux,m,10.61
curiosité,f,54.39
curiosités,f,54.39
curling,m,0.14
curricula,m,0.41
curriculum,m,0.41
curriculum vitae,m,0.74
curry,m,1.65
curseur,m,0.11
cursive,f,0.07
cursus,m,0.54
curvimètres,m,0.07
curé,m,51.82
curée,f,1.22
curées,f,1.22
curés,m,51.82
custode,f,0.14
custom,m,0.01
cuti,f,0.47
cuti-réaction,f,0.07
cuticule,f,0.18
cuticules,f,0.18
cutis,f,0.47
cutter,m,2.41
cutters,m,2.41
cuve,f,4.32
cuveau,m,0.34
cuveaux,m,0.34
cuves,f,4.32
cuvette,f,12.97
cuvettes,f,12.97
cuvier,m,0.20
cuviers,m,0.20
cuvée,f,0.57
cuvées,f,0.57
cyan,m,0.19
cyanoacrylate,m,0.05
cyanobactérie,f,0.01
cyanogène,m,0.03
cyanose,f,0.06
cyanure,m,2.23
cybercafé,m,0.17
cyberespace,m,0.13
cybermonde,m,0.01
cybernéticien,m,0.01
cybernétique,f,0.14
cybernétiques,f,0.14
cyberspace,m,0.02
cycas,m,0.01
cyclamen,m,0.34
cyclamens,m,0.34
cycle,m,8.20
cycles,m,8.20
cyclisme,m,1.01
cyclo,m,1.06
cyclo-cross,m,0.07
cyclo-pousse,m,0.05
cyclomoteur,m,0.23
cyclomoteurs,m,0.23
cyclone,m,3.51
cyclones,m,3.51
cyclope,m,2.36
cyclopes,m,2.36
cyclopousses,m,0.07
cyclorama,m,0.02
cyclosporine,f,0.17
cyclostomes,m,0.07
cyclothymie,f,0.10
cyclotron,m,0.27
cygne,m,7.57
cygnes,m,7.57
cylindre,m,5.20
cylindres,m,5.20
cylindrée,f,0.68
cylindrées,f,0.68
cymbale,f,1.89
cymbales,f,1.89
cymbalum,m,0.14
cymes,f,0.07
cynips,m,0.01
cynisme,m,6.49
cynismes,m,6.49
cynocéphale,m,0.14
cynocéphales,m,0.14
cynodrome,m,0.01
cynos,m,0.07
cynégétique,f,0.07
cyphoscoliose,f,0.01
cyphose,f,0.07
cyprin,m,1.82
cyprinidé,m,0.14
cyprinidés,m,0.14
cyprins,m,1.82
cyprès,m,8.51
cyrard,m,0.27
cyrards,m,0.27
cystite,f,0.09
cystotomie,f,0.01
cytises,m,0.27
cytologie,f,0.01
cytomégalovirus,m,0.08
cytoplasme,m,0.04
cytosine,f,0.04
czar,m,0.54
czardas,f,0.14
czars,m,0.54
câblage,m,0.44
câblages,m,0.44
câble,m,17.04
câblerie,f,0.02
câbles,m,17.04
câbleur,m,0.19
câbleurs,m,0.19
câblier,m,0.01
câblogramme,m,0.02
câlin,m,6.38
câline,f,6.38
câlinerie,f,0.61
câlineries,f,0.61
câlins,m,6.38
câpre,f,0.47
câpres,f,0.47
câpriers,m,0.07
cèdre,m,3.85
cèdres,m,3.85
cène,f,0.20
cèpe,m,1.15
cèpes,m,1.15
céara,m,0.14
cécidomyies,f,0.07
cécité,f,3.65
cédant,m,0.07
cédrat,m,0.27
cédratier,m,0.07
cédrats,m,0.27
cédule,f,0.01
cégep,m,0.54
céladon,m,0.47
céleri,m,1.62
céleris,m,1.62
célestin,m,0.20
célestins,m,0.20
célibat,m,1.75
célimène,f,0.79
célébrant,m,0.74
célébrants,m,0.74
célébration,f,2.79
célébrations,f,2.79
célébrité,f,6.42
célébrités,f,6.42
célérifère,m,0.07
célérité,f,0.88
cénacle,m,0.41
cénacles,m,0.41
cénobite,m,0.07
cénobites,m,0.07
cénotaphe,m,0.41
cépage,m,0.04
céphaline,f,0.01
céphalopode,m,0.05
céphalopodes,m,0.05
céphalosporine,f,0.03
céphalée,f,0.20
céphalées,f,0.20
cépée,f,0.20
cépées,f,0.20
céramique,f,3.24
céramiques,f,3.24
cérumen,m,0.41
céruse,f,0.14
céréale,f,4.67
céréales,f,4.67
cérébral,m,0.20
cérébralité,f,0.07
cérémoniaires,m,0.07
cérémonial,m,4.46
cérémonials,m,4.46
cérémonie,f,30.95
cérémonies,f,30.95
césar,m,1.15
césarienne,f,1.64
césariennes,f,1.64
césars,m,1.15
césium,m,0.20
césure,f,0.47
césures,f,0.47
cétacé,m,0.19
cétacés,m,0.19
cétoine,f,0.27
cétoines,f,0.27
cétone,f,0.01
cévadille,f,0.07
cévenol,m,0.07
cézigue,m,3.51
côlon,m,0.23
cône,m,3.38
cônes,m,3.38
côte,f,112.50
côtelette,f,3.45
côtelettes,f,3.45
côtes,f,112.50
côtes-du-rhône,m,0.47
côtoiements,m,0.07
côté,m,566.49
côtés,m,566.49
d,m,2.62
d',m,2.62
dab,m,1.35
daba,f,0.01
dabe,m,1.42
dabs,m,1.35
dabuche,f,0.54
dabuches,f,0.54
dache,m,0.27
dacron,m,0.07
dactyle,m,0.20
dactyles,m,0.20
dactylographie,f,0.41
dactyloptères,m,0.02
dactyloscopie,f,0.11
dada,m,2.57
dadais,m,1.28
dadas,m,2.57
dadaïsme,m,0.01
dague,f,2.46
daguerréotype,m,0.34
daguerréotypes,m,0.34
dagues,f,2.46
daguet,m,0.41
daguets,m,0.41
dahlia,m,2.50
dahlias,m,2.50
dahu,m,0.19
dahus,m,0.19
daim,m,5.74
daims,m,5.74
daine,f,0.07
daiquiri,m,0.41
daiquiris,m,0.41
dais,m,3.04
dakin,m,0.07
dal,m,0.01
dalaï-lama,m,0.20
dale,m,0.16
dallage,m,3.04
dallages,m,3.04
dalle,f,29.19
dalles,f,29.19
dalmatien,m,0.33
dalmatienne,f,0.33
dalmatiens,m,0.33
dalmatique,f,0.68
dalmatiques,f,0.68
daltonien,m,0.12
daltoniens,m,0.12
daltonisme,m,0.02
daltons,m,0.07
dam,m,1.69
damage,m,0.10
damas,m,0.61
damasquin,m,0.14
damasquinage,m,0.01
damasquinerie,f,0.07
damasquins,m,0.14
damasquinure,f,0.07
dame,f,151.35
dame-jeanne,f,0.20
dameret,m,0.07
dames,f,151.35
dames-jeannes,f,0.20
damier,m,2.57
damiers,m,2.57
damnation,f,3.92
damnations,f,3.92
damné,m,3.24
damnée,f,3.24
damnés,m,3.24
damoiseau,m,20.00
damoiselle,f,0.60
damoiselles,f,0.60
dams,m,1.69
dan,m,0.49
danaïde,f,0.07
dancing,m,3.51
dancings,m,3.51
dandinement,m,0.74
dandinements,m,0.74
dandy,m,3.51
dandys,m,3.51
dandysme,m,0.41
danger,m,80.61
dangerosité,f,0.14
dangers,m,80.61
dano,m,0.25
danois,m,2.36
danoise,f,2.36
danse,f,51.23
danses,f,51.23
danseur,m,25.68
danseurs,m,25.68
danseuse,f,25.68
danseuses,f,25.68
dao,m,0.09
daphné,m,0.13
darce,f,0.02
dard,m,2.84
dards,m,2.84
darioles,f,0.01
darne,f,0.14
daron,m,2.50
daronne,f,2.50
daronnes,f,2.50
darons,m,2.50
darse,f,0.61
darses,f,0.61
dartres,f,0.14
dasein,m,0.07
datage,m,0.01
datation,f,0.20
datcha,f,1.74
datchas,f,1.74
date,f,45.74
dates,f,45.74
dateur,m,0.01
datif,m,0.02
datte,f,2.64
dattes,f,2.64
dattier,m,1.62
dattiers,m,1.62
datura,m,0.20
daturas,m,0.20
daube,f,0.99
daubes,f,0.99
daubière,f,0.01
dauphin,m,11.82
dauphinat,m,0.20
dauphine,f,11.82
dauphines,f,11.82
dauphins,m,11.82
daurade,f,0.95
daurades,f,0.95
davier,m,0.20
daya,f,4.13
daïmios,m,0.14
daïquiri,m,0.14
daïquiris,m,0.14
dc,m,0.07
de amicis,m,0.07
de profundis,m,0.41
de santis,m,0.10
deal,m,8.76
dealer,m,12.65
dealers,m,12.65
deals,m,8.76
debater,m,0.07
decca,m,0.26
deck,m,0.22
decrescendo,m,0.14
dedans,m,8.45
degré,m,27.97
degrés,m,27.97
dehors,m,37.64
delco,m,0.34
delirium,m,0.41
delirium tremens,m,0.27
della francesca,m,0.34
della porta,m,0.07
della robbia,m,0.07
delphinidés,m,0.01
delphinium,m,0.04
delphiniums,m,0.04
delta,m,6.59
delta-plane,m,0.07
deltaplane,m,0.26
deltas,m,6.59
deltoïde,m,0.20
deltoïdes,m,0.20
demain,m,50.40
demains,m,50.40
demande,f,64.64
demanderesse,f,0.78
demandes,f,64.64
demandeur,m,0.78
demandeurs,m,0.78
demandeuse,f,0.78
demeure,f,28.11
demeures,f,28.11
demeuré,m,2.92
demeurée,f,2.92
demeurées,f,2.92
demeurés,m,2.92
demi,m,9.80
demi-bas,m,0.14
demi-bonheur,m,0.07
demi-bottes,f,0.14
demi-bouteille,f,0.47
demi-brigade,f,0.68
demi-brigades,f,0.68
demi-cent,m,0.07
demi-centimètre,m,0.20
demi-centre,m,0.07
demi-cercle,m,4.80
demi-cercles,m,4.80
demi-chagrin,m,0.07
demi-clair,m,0.07
demi-clarté,f,0.20
demi-cloison,f,0.20
demi-coma,m,0.27
demi-confidence,f,0.07
demi-conscience,f,0.20
demi-cylindre,m,0.14
demi-degré,m,0.01
demi-deuil,m,0.34
demi-dieu,m,0.47
demi-dieux,m,0.47
demi-dose,f,0.03
demi-douzaine,f,6.55
demi-figure,f,0.07
demi-finale,f,1.13
demi-finales,f,1.13
demi-fond,m,0.21
demi-fou,m,0.14
demi-fous,m,0.14
demi-frère,m,2.91
demi-frères,m,2.91
demi-gros,m,0.47
demi-heure,f,26.65
demi-heures,f,26.65
demi-jour,m,1.28
demi-journée,f,1.65
demi-journées,f,1.65
demi-juif,m,0.01
demi-kilomètre,m,0.14
demi-liberté,f,0.07
demi-lieue,f,0.41
demi-litre,m,0.81
demi-livre,f,0.34
demi-longueur,f,0.06
demi-louis,m,0.07
demi-lueur,f,0.07
demi-lumière,f,0.07
demi-lune,f,2.36
demi-lunes,f,2.36
demi-luxe,m,0.07
demi-mal,m,0.07
demi-mensonge,m,0.07
demi-mesure,f,0.54
demi-mesures,f,0.54
demi-mille,m,0.07
demi-milliard,m,0.87
demi-millimètre,m,0.07
demi-million,m,3.08
demi-minute,f,0.07
demi-mois,m,0.15
demi-mondaine,f,0.74
demi-mondaines,f,0.74
demi-monde,m,0.14
demi-mort,m,0.27
demi-morte,f,0.27
demi-morts,m,0.27
demi-mot,m,1.49
demi-muid,m,0.07
demi-mètre,m,0.54
demi-nu,m,0.14
demi-nuit,f,0.27
demi-obscurité,f,1.96
demi-ouvrier,m,0.07
demi-page,f,0.41
demi-part,f,0.01
demi-pas,m,0.27
demi-pension,f,0.41
demi-pied,m,0.07
demi-pinte,f,0.07
demi-pièce,f,0.07
demi-place,f,0.11
demi-point,m,0.14
demi-pointes,f,0.07
demi-porte,f,0.14
demi-portion,f,1.23
demi-portions,f,1.23
demi-pouce,m,0.07
demi-quart,m,0.07
demi-queue,m,0.20
demi-ronde,f,0.34
demi-réussite,f,0.14
demi-révérence,f,0.07
demi-rêve,m,0.20
demi-saison,f,0.95
demi-saisons,f,0.95
demi-sang,m,0.54
demi-sangs,m,0.54
demi-seconde,f,1.01
demi-section,f,0.41
demi-sel,m,0.47
demi-sels,m,0.47
demi-siècle,m,5.95
demi-siècles,m,5.95
demi-soeur,f,9.05
demi-soeurs,f,9.05
demi-solde,f,0.14
demi-soldes,f,0.14
demi-sommeil,m,2.50
demi-sommeils,m,2.50
demi-somnolence,f,0.14
demi-sourire,m,2.84
demi-sourires,m,2.84
demi-succès,m,0.20
demi-suicide,m,0.07
demi-talent,m,0.05
demi-tarif,m,0.56
demi-tasse,f,0.08
demi-teinte,f,0.95
demi-teintes,f,0.95
demi-ton,m,0.61
demi-tonne,f,0.61
demi-tonneau,m,0.07
demi-tons,m,0.61
demi-tour,m,19.27
demi-tours,m,19.27
demi-tête,f,0.14
demi-verre,m,1.22
demi-vertu,f,0.07
demi-vie,f,0.11
demi-vierge,f,0.20
demi-vierges,f,0.20
demi-vies,f,0.11
demi-volte,f,0.07
demi-voltes,f,0.07
demi-volume,m,0.07
demi-volée,f,0.07
demi-vérité,f,0.32
demi-échec,m,0.07
demie,f,9.80
demies,f,9.80
demis,m,9.80
demoiselle,f,20.00
demoiselles,f,20.00
dendrite,f,0.01
dengue,f,0.02
denier,m,1.97
deniers,m,1.97
denim,m,0.07
denims,m,0.07
denrée,f,4.73
denrées,f,4.73
densimètre,m,0.01
densité,f,5.74
densités,f,5.74
dent,f,125.68
dent-de-lion,f,0.07
dentaire,f,0.05
dentaires,f,0.05
dentelle,f,25.07
dentelles,f,25.07
dentellière,f,2.36
dentelure,f,0.88
dentelures,f,0.88
dentier,m,2.77
dentiers,m,2.77
dentifrice,m,3.87
dentifrices,m,3.87
dentisterie,f,0.16
dentition,f,1.08
dentitions,f,1.08
dents,f,125.68
denture,f,2.16
dentures,f,2.16
deo gratias,m,0.20
derby,m,0.39
derbys,m,0.39
derche,m,3.04
derches,m,3.04
dermatite,f,0.08
dermatoglyphes,m,0.07
dermatologie,f,0.23
dermatose,f,0.14
dermatoses,f,0.14
derme,m,0.52
dermeste,m,0.01
dermite,f,0.09
dermites,f,0.09
dermographie,f,0.14
dernier,m,86.08
dernier-né,m,1.01
derniers,m,86.08
derniers-nés,m,1.01
dernière,f,86.08
dernière-née,f,0.20
dernières,f,86.08
derrick,m,2.04
derricks,m,2.04
derrière,m,15.47
derrières,m,15.47
derviche,m,1.76
derviches,m,1.76
descamisados,m,0.07
descendance,f,1.96
descendances,f,1.96
descendant,m,5.00
descendante,f,5.00
descendantes,f,5.00
descendants,m,5.00
descendeur,m,0.07
descendeurs,m,0.07
descenseur,m,0.01
descente,f,23.24
descentes,f,23.24
descriptif,m,0.41
descriptifs,m,0.41
description,f,11.49
descriptions,f,11.49
desiderata,m,0.27
design,m,1.54
designs,m,1.54
desk,m,0.14
desperado,m,0.47
desperados,m,0.47
despotisme,m,0.81
desquamation,f,0.07
dessaisissement,m,0.07
dessein,m,14.86
desseins,m,14.86
desserrage,m,0.07
desserre,f,0.07
dessert,m,13.40
desserte,f,1.76
dessertes,f,1.76
desserts,m,13.40
desservant,m,0.20
dessiccation,f,0.07
dessin,m,56.28
dessinateur,m,7.30
dessinateurs,m,7.30
dessinatrice,f,7.30
dessins,m,56.28
dessiné,m,0.54
dessinés,m,0.54
dessous,m,29.46
dessous-de-bras,m,0.07
dessous-de-plat,m,0.54
dessous-de-table,m,0.21
dessous-de-verre,m,0.01
dessus,m,54.77
dessus-de-lit,m,1.08
dessèchement,m,0.07
destin,m,67.23
destination,f,10.88
destinations,f,10.88
destinatrice,f,0.14
destins,m,67.23
destinée,f,11.22
destinées,f,11.22
destitution,f,0.34
destrier,m,0.74
destriers,m,0.74
destroyer,m,2.82
destroyers,m,2.82
destructeur,m,0.94
destructeurs,m,0.94
destruction,f,15.34
destructions,f,15.34
destructrice,f,0.94
destructrices,f,0.94
dette,f,26.13
dettes,f,26.13
deuche,f,0.07
deuil,m,26.22
deuils,m,26.22
deus ex machina,m,0.47
deutérium,m,0.07
deutéronome,m,0.23
deux-chevaux,f,1.22
deux-deux,m,0.02
deux-mâts,m,0.14
deux-pièces,m,1.82
deux-points,m,0.01
deux-ponts,m,0.07
deux-quatre,m,0.03
deux-roues,m,0.11
devanciers,m,0.07
devant,m,11.08
devants,m,11.08
devanture,f,7.64
devantures,f,7.64
devenir,m,3.38
devin,m,1.82
devineresse,f,0.20
devineresses,f,0.20
devinette,f,2.97
devinettes,f,2.97
devineur,m,0.20
devins,m,1.82
devis,m,1.62
devise,f,7.77
devises,f,7.77
devoir,m,63.59
devoirs,m,63.59
devon,m,1.98
devons,m,1.98
dexaméthasone,f,0.01
dextre,f,0.54
dextrose,m,0.12
dextérité,f,2.16
dey,m,1.96
dharma,m,0.26
dhole,m,0.08
diable,m,93.34
diablerie,f,0.61
diableries,f,0.61
diables,m,93.34
diablesse,f,1.28
diablesses,f,1.28
diablotin,m,0.53
diablotins,m,0.53
diabolique,m,0.47
diaboliques,m,0.47
diabolisme,m,0.04
diabolo,m,0.88
diabolos,m,0.88
diabète,m,2.27
diabètes,m,2.27
diaclase,f,0.14
diaconesse,f,0.20
diaconesses,f,0.20
diaconie,f,0.07
diacre,m,1.15
diacres,m,1.15
diacétylmorphine,f,0.01
diadème,m,1.76
diadèmes,m,1.76
diagnose,f,0.01
diagnostic,m,6.78
diagnostics,m,6.78
diagnostiqueur,m,0.01
diagonale,f,4.32
diagonales,f,4.32
diagramme,m,0.77
diagrammes,m,0.77
dialecte,m,2.57
dialectes,m,2.57
dialecticien,m,0.34
dialecticienne,f,0.34
dialecticiens,m,0.34
dialectique,f,2.23
dialectiques,f,2.23
dialogue,m,19.19
dialogues,m,19.19
dialyse,f,1.06
dialyses,f,1.06
diam,m,1.01
diamant,m,22.91
diamants,m,22.91
diamine,f,0.01
diamorphine,f,0.01
diams,m,1.01
diamètre,m,2.23
diane,f,0.47
dianes,f,0.47
diantre,m,0.41
diapason,m,1.49
diapasons,m,1.49
diaphragme,m,1.49
diaphragmes,m,1.49
diapo,f,1.78
diaporama,m,0.07
diaporamas,m,0.07
diapos,f,1.78
diapositive,f,0.92
diapositives,f,0.92
diaprures,f,0.07
diarrhée,f,3.38
diarrhées,f,3.38
diaspora,f,0.61
diasporas,f,0.61
diastole,f,0.07
diastoles,f,0.07
diatomée,f,0.07
diatomées,f,0.07
diatribe,f,2.09
diatribes,f,2.09
dicastères,m,0.07
dichotomie,f,0.20
dichroïsme,m,0.07
dico,m,0.77
dicos,m,0.77
dictames,m,0.14
dictaphone,m,0.42
dictaphones,m,0.42
dictateur,m,5.74
dictateurs,m,5.74
dictatrice,f,5.74
dictats,m,0.14
dictature,f,5.27
dictatures,f,5.27
diction,f,1.49
dictionnaire,m,10.88
dictionnaires,m,10.88
dicton,m,2.83
dictons,m,2.83
dictée,f,4.05
dictées,f,4.05
didactique,f,0.14
dieffenbachia,f,0.07
diem,m,0.58
dies irae,m,0.54
diesel,m,1.71
diesels,m,1.71
dieu,m,903.41
dieu-roi,m,0.07
dieux,m,903.41
diffamateur,m,0.21
diffamateurs,m,0.21
diffamation,f,1.98
diffamations,f,1.98
diffamatrice,f,0.21
difficulté,f,49.80
difficultés,f,49.80
difformité,f,0.81
difformités,f,0.81
diffraction,f,0.04
diffuseur,m,0.19
diffuseurs,m,0.19
diffusion,f,2.55
diffusions,f,2.55
différence,f,55.88
différences,f,55.88
différenciation,f,0.14
différenciations,f,0.14
différend,m,2.68
différends,m,2.68
différentiel,m,0.21
différé,m,0.20
digest,m,0.41
digeste,m,0.07
digestif,m,0.68
digestifs,m,0.68
digestion,f,2.97
digestions,f,2.97
digests,m,0.41
digicode,m,0.07
digit,m,0.01
digitale,f,0.74
digitales,f,0.74
digitaline,f,0.88
digitaliseur,m,0.03
dignité,f,32.77
dignités,f,32.77
digression,f,1.62
digressions,f,1.62
digue,f,10.20
digues,f,10.20
diktat,m,0.20
diktats,m,0.20
dilapidation,f,0.07
dilatateur,m,0.02
dilatateurs,m,0.02
dilatation,f,1.08
dilatations,f,1.08
dilation,f,0.03
dilection,f,0.54
dilemme,m,2.24
dilemmes,m,2.24
dilettantisme,m,0.47
dilettantismes,m,0.47
diligence,f,3.49
diligences,f,3.49
diluant,m,0.21
dilution,f,0.20
dimanche,m,101.15
dimanches,m,101.15
dimension,f,23.11
dimensionnement,m,0.01
dimensions,f,23.11
diminutif,m,1.89
diminutifs,m,1.89
diminution,f,1.15
diminutions,f,1.15
dinamiteros,m,0.20
dinanderie,f,0.07
dinar,m,1.74
dinars,m,1.74
dinde,f,9.32
dindes,f,9.32
dindon,m,1.73
dindonneau,m,0.17
dindonneaux,m,0.17
dindons,m,1.73
dine,m,1.24
dingo,m,0.95
dingos,m,0.95
dinguerie,f,0.88
dingueries,f,0.88
dinosaure,m,4.46
dinosaures,m,4.46
diocèse,m,1.15
diocèses,m,1.15
diode,f,0.07
diodon,m,0.20
dionée,f,0.03
dioptre,m,0.07
dioptries,f,0.14
diorama,m,0.34
dioramas,m,0.34
diorite,f,0.04
dioxine,f,0.14
dioxines,f,0.14
dioxyde,m,0.56
diphtongue,f,0.34
diphtongues,f,0.34
diphtérie,f,0.68
diphényle,m,0.07
diplodocus,m,0.68
diplomatie,f,5.68
diplopie,f,0.03
diplôme,m,17.27
diplômes,m,17.27
diplômé,m,1.81
diplômée,f,1.81
diplômées,f,1.81
diplômés,m,1.81
dipneuste,m,0.07
dipneustes,m,0.07
dipsomanie,f,0.01
diptyque,m,0.14
dipôle,m,0.01
dire,m,53.88
direct,m,16.34
directeur,m,64.71
directeur-adjoint,m,0.14
directeurs,m,64.71
direction,f,108.04
directions,f,108.04
directive,f,4.93
directives,f,4.93
directoire,m,2.09
directorat,m,0.01
directrice,f,64.71
directrices,f,64.71
directs,m,16.34
dires,m,53.88
dirham,m,0.43
dirhams,m,0.43
dirigeable,m,0.62
dirigeables,m,0.62
dirigeant,m,10.00
dirigeante,f,10.00
dirigeants,m,10.00
dirlo,m,1.76
dirlos,m,1.76
disc-jockey,m,0.18
disc-jockeys,m,0.18
discernement,m,2.50
discipline,f,22.03
disciplines,f,22.03
discobole,m,0.24
discoboles,m,0.24
discographie,f,0.01
discontinuité,f,0.68
discordance,f,0.68
discordances,f,0.68
discorde,f,2.09
discordes,f,2.09
discothèque,f,1.32
discothèques,f,1.32
discount,m,0.39
discoureur,m,0.14
discoureurs,m,0.14
discours,m,50.54
discrimination,f,1.60
discriminations,f,1.60
discrédit,m,0.61
discrétion,f,21.22
disculpation,f,0.04
discussion,f,33.51
discussions,f,33.51
discutailleries,f,0.14
discutailleur,m,0.07
disette,f,1.76
disettes,f,1.76
diseur,m,0.68
diseurs,m,0.68
diseuse,f,0.68
diseuses,f,0.68
disfonctionnement,m,0.44
disgrâce,f,4.46
disgrâces,f,4.46
disharmonie,f,0.07
disjoncteur,m,1.45
disjoncteurs,m,1.45
disjonction,f,0.14
disjonctions,f,0.14
diskette,f,0.81
dislocation,f,1.35
dislocations,f,1.35
disparition,f,23.38
disparitions,f,23.38
disparité,f,0.27
disparu,m,10.07
disparue,f,10.07
disparues,f,10.07
disparus,m,10.07
dispatching,m,0.14
dispensaire,m,1.76
dispensaires,m,1.76
dispensateur,m,1.15
dispensateurs,m,1.15
dispensation,f,0.07
dispensatrice,f,1.15
dispensatrices,f,1.15
dispense,f,1.11
dispenses,f,1.11
dispersement,m,0.14
dispersion,f,4.19
dispersions,f,4.19
disponibilité,f,3.58
disponibilités,f,3.58
disposant,m,0.14
dispositif,m,5.74
dispositifs,m,5.74
disposition,f,45.07
dispositions,f,45.07
disproportion,f,0.95
disproportions,f,0.95
dispute,f,16.54
disputes,f,16.54
disputeur,m,0.07
disqualification,f,0.15
disqualifications,f,0.15
disque,m,42.16
disque-jockey,m,0.07
disques,m,42.16
disquette,f,2.48
disquettes,f,2.48
disruption,f,0.01
dissection,f,0.88
dissections,f,0.88
dissemblance,f,0.27
dissension,f,1.28
dissensions,f,1.28
dissentiment,m,0.34
dissentiments,m,0.34
dissertation,f,3.04
dissertations,f,3.04
dissidence,f,0.81
dissidences,f,0.81
dissident,m,0.88
dissidentes,f,0.88
dissidents,m,0.88
dissimulation,f,2.30
dissimulations,f,2.30
dissipateur,m,0.27
dissipateurs,m,0.27
dissipation,f,0.95
dissipations,f,0.95
dissociation,f,0.41
dissociations,f,0.41
dissolution,f,2.50
dissolvant,m,0.41
dissolvants,m,0.41
dissonance,f,0.54
dissonances,f,0.54
dissuasion,f,0.29
dissymétrie,f,0.54
dissémination,f,0.14
disséqueur,m,0.01
distance,f,62.43
distances,f,62.43
distanciation,f,0.01
distension,f,0.07
distillat,m,0.07
distillateur,m,0.14
distillateurs,m,0.14
distillation,f,0.47
distillations,f,0.47
distillerie,f,0.98
distilleries,f,0.98
distinction,f,10.14
distinctions,f,10.14
distinguo,m,0.20
distinguos,m,0.20
distorsion,f,1.05
distorsions,f,1.05
distraction,f,14.05
distractions,f,14.05
distrait,m,1.82
distraits,m,1.82
distributeur,m,7.88
distributeurs,m,7.88
distribution,f,8.85
distributions,f,8.85
distributrice,f,7.88
district,m,6.14
districts,m,6.14
dit,m,7.27
dithyrambe,m,0.34
dithyrambes,m,0.34
dits,m,7.27
diurèse,f,0.07
diurétique,m,0.20
diurétiques,m,0.20
diva,f,4.16
divagation,f,2.23
divagations,f,2.23
divan,m,24.46
divans,m,24.46
divas,f,4.16
divergence,f,2.84
divergences,f,2.84
diversification,f,0.14
diversion,f,6.22
diversions,f,6.22
diversité,f,3.85
diversités,f,3.85
diverticule,m,0.03
diverticulose,f,0.04
divertimento,m,0.14
divertissement,m,5.47
divertissements,m,5.47
dividende,m,0.57
dividendes,m,0.57
divination,f,1.08
divinations,f,1.08
divinité,f,5.95
divinités,f,5.95
diviseur,m,0.20
diviseuse,f,0.20
division,f,43.51
divisionnisme,m,0.07
divisions,f,43.51
divorce,m,23.23
divorces,m,23.23
divorcé,m,2.37
divorcée,f,2.37
divorcées,f,2.37
divorcés,m,2.37
divulgation,f,0.61
dix-cors,m,0.88
dixie,m,1.40
dixieland,m,0.14
dizain,m,0.14
dizaine,f,44.73
dizaines,f,44.73
dièdre,m,0.41
dièdres,m,0.41
dièse,m,0.27
dièses,m,0.27
diète,f,0.54
diérèses,f,0.07
diététicien,m,0.61
diététicienne,f,0.61
diététiciens,m,0.61
diététique,f,0.68
djebel,m,2.84
djebels,m,2.84
djellaba,f,1.69
djellabas,f,1.69
djemââ,f,0.07
djihad,m,0.44
djihads,m,0.44
djinn,m,0.61
djinns,m,0.61
dna,m,0.09
do,m,16.66
doberman,m,1.03
dobermans,m,1.03
doc,m,4.04
doche,f,0.07
docilité,f,3.85
dock,m,3.99
docker,m,3.18
dockers,m,3.18
docks,m,3.99
docte,m,0.88
doctes,m,0.88
docteur,m,233.86
docteurs,m,233.86
doctorat,m,4.07
doctorats,m,4.07
doctoresse,f,233.86
doctrine,f,7.77
doctrines,f,7.77
docudrame,m,0.03
document,m,24.86
documentaire,m,4.88
documentaires,m,4.88
documentation,f,2.43
documentations,f,2.43
documents,m,24.86
dodo,m,7.53
dodos,m,7.53
dodécagone,m,0.07
dodécaèdre,m,0.14
dog-cart,m,0.04
dogaresse,f,0.14
dogaresses,f,0.14
doge,m,3.45
doges,m,3.45
dogger,m,0.14
dogmatisme,m,0.34
dogme,m,2.77
dogmes,m,2.77
dogue,m,1.42
dogues,m,1.42
doguin,m,0.07
doigt,m,256.15
doigtier,m,0.20
doigts,m,256.15
doigté,m,1.15
doit,m,0.27
dojo,m,0.93
dol,m,0.34
dolby,m,0.05
dolichocéphalie,f,0.07
doline,f,0.01
dolique,m,0.01
dollar,m,134.10
dollars,m,134.10
dolman,m,1.15
dolmans,m,1.15
dolmen,m,1.89
dolmens,m,1.89
dolomies,f,0.14
dolomite,f,0.08
dolorisme,m,0.07
doléance,f,1.76
doléances,f,1.76
dom,m,0.39
domaine,m,46.22
domaines,m,46.22
domestication,f,0.47
domesticité,f,0.88
domicile,m,15.34
domiciles,m,15.34
domiciliation,f,0.07
dominance,f,0.14
dominant,m,0.34
dominante,f,1.15
dominantes,f,1.15
dominants,m,0.34
dominateur,m,0.38
dominateurs,m,0.38
domination,f,5.88
dominations,f,5.88
dominatrice,f,0.38
dominatrices,f,0.38
dominicain,m,2.57
dominicaine,f,2.57
dominicaines,f,2.57
dominicains,m,2.57
dominion,m,0.54
dominions,m,0.54
domino,m,3.18
dominos,m,3.18
dommage,m,65.59
dommages,m,65.59
dommages-intérêts,m,0.04
domotique,f,0.02
domptage,m,0.14
dompteur,m,2.57
dompteurs,m,2.57
dompteuse,f,2.57
dompteuses,f,2.57
don,m,43.78
dona,f,1.15
donateur,m,1.69
donateurs,m,1.69
donation,f,1.89
donations,f,1.89
donatrice,f,1.69
dondaine,f,0.14
dondaines,f,0.14
dondon,f,0.47
dondons,f,0.47
donjon,m,3.31
donjons,m,3.31
donjuanisme,m,0.54
donne,f,25.03
donner,m,0.06
donnes,f,25.03
donneur,m,6.76
donneurs,m,6.76
donneuse,f,6.76
donneuses,f,6.76
donné,m,1.32
donnée,f,20.92
données,f,20.92
donnés,m,1.32
donquichottisme,m,0.01
dons,m,43.78
donzelle,f,1.22
donzelles,f,1.22
dopage,m,0.10
dopamine,f,1.10
doping,m,0.34
doppler,m,0.01
dorade,f,0.62
dorades,f,0.62
dorage,m,0.07
dorcades,f,0.07
doreurs,m,0.07
dormance,f,0.07
dormant,m,0.34
dormants,m,0.34
dormeur,m,5.95
dormeurs,m,5.95
dormeuse,f,5.95
dormeuses,f,5.95
dormition,f,0.14
dorsale,f,0.14
dortoir,m,12.36
dortoirs,m,12.36
dorure,f,3.99
dorures,f,3.99
doryphore,m,0.81
doryphores,m,0.81
dorée,f,1.55
dorées,f,1.55
dos,m,213.99
dos-d'âne,m,0.34
dosage,m,1.89
dosages,m,1.89
dose,f,18.44
doses,f,18.44
doseur,m,0.19
doseurs,m,0.19
dosimètre,m,0.03
dossard,m,0.54
dossards,m,0.54
dosseret,m,0.07
dossier,m,78.91
dossiers,m,78.91
dossière,f,0.27
dossières,f,0.27
dot,f,4.73
dotation,f,0.41
dots,f,4.73
douaire,m,0.07
douairière,f,1.62
douairières,f,1.62
douane,f,9.46
douanes,f,9.46
douanier,m,7.57
douaniers,m,7.57
douar,m,0.61
douars,m,0.61
doublage,m,0.43
doublages,m,0.43
doublard,m,0.14
doublards,m,0.14
double,m,19.32
double-croche,f,0.01
double-décimètre,m,0.07
double-fond,m,0.01
double-six,m,0.20
doubleau,m,0.20
doubleaux,m,0.20
doublement,m,0.27
doubler,m,0.18
doubles,m,19.32
doublet,m,0.20
doublets,m,0.20
doublette,f,0.14
doubleur,m,0.09
doubleuse,f,0.09
doubleuses,f,0.09
doublon,m,0.41
doublons,m,0.41
doublure,f,4.53
doublures,f,4.53
doublé,m,0.81
doublés,m,0.81
douce,m,0.01
douce-amère,f,0.14
douces-amères,f,0.14
doucette,f,0.14
douceur,f,70.00
douceurs,f,70.00
douche,f,36.06
douches,f,36.06
doucheur,m,0.07
doucin,m,0.14
doucine,f,0.01
doucins,m,0.14
doudou,f,6.76
doudoune,f,0.92
doudounes,f,0.92
douelle,f,0.61
douelles,f,0.61
douglas,m,0.09
douille,f,3.67
douilles,f,3.67
douillette,f,0.41
douillettes,f,0.41
douillons,m,0.54
douleur,f,91.89
douleurs,f,91.89
douma,f,0.34
doura,m,0.07
douro,m,0.54
douros,m,0.54
doutance,f,0.27
doutances,f,0.27
doute,m,350.07
doutes,m,350.07
douve,f,1.42
douves,f,1.42
doux,m,7.16
douzaine,f,18.58
douzaines,f,18.58
downing street,f,0.34
doyen,m,6.76
doyenne,f,6.76
doyenné,m,0.07
doyens,m,6.76
doña,f,2.44
drachme,f,2.57
drachmes,f,2.57
drag,m,0.73
dragage,m,0.15
drageoir,m,0.47
drageoirs,m,0.47
dragon,m,13.98
dragonnades,f,0.14
dragonne,f,13.98
dragonnier,m,0.10
dragons,m,13.98
drags,m,0.73
dragster,m,0.04
drague,f,3.11
dragues,f,3.11
dragueur,m,1.49
dragueurs,m,1.49
dragueuse,f,1.49
dragée,f,3.04
dragées,f,3.04
drailles,f,0.41
drain,m,1.11
drainage,m,0.61
drainages,m,0.61
drains,m,1.11
draisienne,f,0.07
draisine,f,0.07
drakkar,m,0.27
drakkars,m,0.27
dramatisation,f,0.17
dramaturgie,f,0.26
drame,m,39.93
drames,m,39.93
drap,m,74.12
drapeau,m,37.64
drapeaux,m,37.64
drapelets,m,0.07
draperie,f,3.31
draperies,f,3.31
drapier,m,0.41
drapiers,m,0.41
draps,m,74.12
drapé,m,0.88
drapés,m,0.88
drave,f,0.07
draveurs,m,0.07
dreadlocks,f,0.11
dream team,f,0.07
drelin,m,0.43
drepou,f,0.07
dressage,m,1.82
dressages,m,1.82
dressement,m,0.07
dresseur,m,0.86
dresseurs,m,0.86
dresseuse,f,0.86
dressing,m,0.28
dressing-room,m,0.01
dressoir,m,0.47
dressoirs,m,0.47
dreyfusard,m,0.27
dreyfusards,m,0.27
dreyfusisme,m,0.07
dribble,m,0.69
dribbles,m,0.69
dribbleur,m,0.14
drift,m,0.07
drifter,m,37.50
drifters,m,37.50
drill,m,0.07
drille,m,1.22
drilles,m,1.22
drink,m,0.92
drinks,m,0.92
drisse,f,0.81
drisses,f,0.81
drive,m,1.45
drive-in,m,0.94
driver,m,0.34
drivers,m,0.34
drives,m,1.45
drogman,m,0.27
drogmans,m,0.27
drogue,f,58.76
droguerie,f,0.54
drogueries,f,0.54
drogues,f,58.76
droguet,m,1.08
droguets,m,1.08
drogué,m,6.35
droguée,f,6.35
droguées,f,6.35
drogués,m,6.35
droicos,m,0.27
droit,m,207.62
droit-fil,m,0.07
droite,f,117.97
droites,f,117.97
droitier,m,0.35
droitiers,m,0.35
droits,m,207.62
droiture,f,1.76
dromadaire,m,1.22
dromadaires,m,1.22
drome,f,0.07
dromes,f,0.07
drone,m,1.79
drone-espion,m,0.02
drones,m,1.79
dronte,m,0.07
drop,m,1.11
droppage,m,0.04
drosophile,f,0.10
drosophiles,f,0.10
dross,m,0.07
drossart,m,0.07
droséra,m,0.01
drugstore,m,1.89
drugstores,m,1.89
druide,m,4.86
druides,m,4.86
druidesse,f,0.20
druidesses,f,0.20
druidisme,m,0.54
drumlin,m,0.11
drummer,m,0.17
drums,m,0.07
dryade,f,0.27
dryades,f,0.27
drège,f,0.01
drépanocytose,f,0.01
drôlerie,f,3.72
drôleries,f,3.72
drôlesse,f,0.21
drôlesses,f,0.21
drôlet,m,0.07
dualisme,m,0.34
dualité,f,0.68
dubitation,f,0.14
dubitations,f,0.14
duc,m,23.51
ducasse,f,0.27
ducasses,f,0.27
ducat,m,1.28
ducaton,m,0.14
ducats,m,1.28
duce,m,2.97
duces,m,2.97
duchesse,f,23.51
duchesses,f,23.51
duché,m,0.14
ducon,m,6.86
ducs,m,23.51
ducs-d'albe,m,0.07
duel,m,7.54
duels,m,7.54
duffel-coat,m,0.07
duffle-coat,m,0.34
duffle-coats,m,0.34
dugong,m,0.27
dugongs,m,0.27
duit,m,0.07
dulcinée,f,0.47
dumper,m,0.01
dumping,m,0.07
dundee,m,0.07
dune,f,12.84
dunes,f,12.84
dunette,f,0.68
dunettes,f,0.68
dunkerque,m,0.14
duo,m,2.58
duodi,m,0.07
duodénum,m,0.27
duopole,m,0.01
duos,m,2.58
dupe,f,1.28
duperie,f,0.88
duperies,f,0.88
dupes,f,1.28
dupeur,m,0.01
duplex,m,1.35
duplicata,m,0.41
duplicate,m,0.03
duplicateur,m,0.23
duplicateurs,m,0.23
duplication,f,0.47
duplice,f,0.14
duplicité,f,1.28
dur,m,20.68
durabilité,f,0.01
duralumin,m,0.27
durant,m,0.02
durcissement,m,0.74
durcisseur,m,0.03
dure,f,5.81
dure-mère,f,0.07
dures,f,5.81
dureté,f,12.23
duretés,f,12.23
durham,m,0.09
durian,m,2.21
durillon,m,1.01
durillons,m,1.01
durit,f,0.04
durite,f,0.50
durites,f,0.50
durs,m,20.68
durée,f,19.39
durées,f,19.39
duvet,m,8.85
duvets,m,8.85
duègne,f,0.81
dyke,m,0.16
dykes,m,0.16
dynamique,f,1.23
dynamiques,f,1.23
dynamisme,m,1.82
dynamitage,m,0.07
dynamite,f,8.12
dynamiteur,m,0.34
dynamiteurs,m,0.34
dynamo,f,0.95
dynamomètre,m,0.07
dynamos,f,0.95
dynastie,f,3.65
dynasties,f,3.65
dynes,f,0.07
dyscinésie,f,0.01
dyscrasie,f,0.01
dysenterie,f,1.49
dysenteries,f,1.49
dysfonction,f,0.09
dysfonctionnement,m,0.77
dysfonctionnements,m,0.77
dyslexie,f,0.12
dysménorrhée,f,0.01
dyspepsie,f,0.14
dysphonie,f,0.01
dysphorie,f,0.02
dysplasie,f,0.07
dyspnée,f,0.05
dysthymie,f,0.10
dystocie,f,0.03
dystrophie,f,0.05
dysurie,f,0.01
dytique,m,0.07
dèche,f,1.96
dèches,f,1.96
dèmes,m,0.14
dé,m,23.36
déambulateur,m,0.13
déambulation,f,1.42
déambulations,f,1.42
déambulatoire,m,0.07
débagoulage,m,0.07
déballage,m,1.76
déballages,m,1.76
déballonnage,m,0.07
débandade,f,3.51
débarbot,m,0.20
débarbots,m,0.20
débarbouillette,f,0.02
débarcadère,m,1.62
débarcadères,m,1.62
débardage,m,0.20
débardages,m,0.20
débardeur,m,1.42
débardeurs,m,1.42
débarquement,m,15.00
débarquements,m,15.00
débarras,m,6.96
débat,m,15.81
débats,m,15.81
débatteur,m,0.07
débattue,f,0.01
débauche,f,9.39
débauches,f,9.39
débaucheur,m,0.02
débaucheurs,m,0.02
débauché,m,1.35
débauchée,f,1.35
débauchées,f,1.35
débauchés,m,1.35
débectage,m,0.07
débectance,f,0.20
débilitation,f,0.14
débilité,f,0.88
débilités,f,0.88
débine,f,0.88
débineurs,m,0.14
débineuses,f,0.14
débit,m,6.35
débitage,m,0.07
débitant,m,0.27
débitants,m,0.27
débite,f,0.07
débiteur,m,1.28
débiteurs,m,1.28
débits,m,6.35
déblai,m,0.74
déblaiement,m,0.74
déblais,m,0.74
déblatérations,f,0.07
déblayage,m,0.14
déblayeurs,m,0.07
déblocage,m,0.27
déblocages,m,0.27
débobinage,m,0.07
débogage,m,0.01
déboire,m,3.51
déboires,m,3.51
déboisement,m,0.01
débord,m,0.14
débordement,m,3.78
débordements,m,3.78
débotté,m,0.16
débouchage,m,0.01
déboucheur,m,0.20
déboucheurs,m,0.20
débouchoir,m,0.02
débouchoirs,m,0.02
débouché,m,3.51
débouchés,m,3.51
déboulé,m,0.41
déboulés,m,0.41
débourrage,m,0.07
débours,m,0.20
déboursement,m,0.01
déboutonnage,m,0.27
déboîtement,m,0.01
débraillé,m,1.55
débraillée,f,1.55
débraillés,m,1.55
débranchement,m,0.02
débrayage,m,0.47
débrayages,m,0.47
débridement,m,0.04
débriefing,m,0.58
débris,m,13.85
débrouillage,m,0.14
débrouillard,m,0.47
débrouillarde,f,0.47
débrouillardise,f,0.34
débrouillards,m,0.47
débrouille,f,0.34
débrouilles,f,0.34
débrouilleurs,m,0.01
débroussaillage,m,0.14
débroussailleuse,f,0.07
débucher,m,0.07
début,m,141.49
débutant,m,5.82
débutante,f,5.82
débutantes,f,5.82
débutants,m,5.82
débuts,m,141.49
débâcle,f,6.69
débâcles,f,6.69
déca,m,1.16
décachetage,m,0.01
décade,f,1.15
décadence,f,4.73
décadent,m,0.14
décadente,f,0.14
décadentes,f,0.14
décadentisme,m,0.07
décadents,m,0.14
décades,f,1.15
décadi,m,0.34
décadis,m,0.34
décaféiné,m,0.22
décaissement,m,0.01
décalage,m,3.92
décalages,m,3.92
décalcification,f,0.01
décalcomanie,f,0.61
décalcomanies,f,0.61
décalitre,m,0.14
décalitres,m,0.14
décalogue,m,0.20
décalque,m,0.47
décalques,m,0.47
décamètre,m,0.20
décamètres,m,0.20
décan,m,0.07
décantation,f,0.10
décanteur,m,0.01
décapage,m,0.01
décapant,m,0.34
décapants,m,0.34
décapeur,m,0.07
décapitation,f,0.55
décapitations,f,0.55
décapode,m,0.07
décapotable,f,1.77
décapotables,f,1.77
décapotage,m,0.07
décapsuleur,m,0.34
décarpillage,m,0.20
décarrade,f,2.50
décarrades,f,2.50
décathlon,m,0.27
décathlons,m,0.27
décavé,m,0.07
décembre,m,31.22
décembres,m,31.22
décence,f,2.92
décences,f,2.92
décennie,f,2.67
décennies,f,2.67
décentralisation,f,0.07
décentrement,m,0.01
déception,f,16.82
déceptions,f,16.82
décervelage,m,0.14
déchard,m,0.27
déchards,m,0.27
décharge,f,12.77
déchargement,m,0.88
décharges,f,12.77
déchargeur,m,0.07
décharnement,m,0.07
déchaînement,m,3.38
déchaînements,m,3.38
déchaîné,m,1.42
déchaînée,f,1.42
déchaînées,f,1.42
déchaînés,m,1.42
déchet,m,7.04
déchets,m,7.04
déchetterie,f,0.11
déchiffrage,m,0.41
déchiffrement,m,1.22
déchiffreur,m,0.14
déchiquetage,m,0.27
déchiqueteur,m,0.20
déchiqueteurs,m,0.20
déchiqueteuse,f,0.20
déchiqueteuses,f,0.20
déchirage,m,0.14
déchirages,m,0.14
déchirement,m,5.68
déchirements,m,5.68
déchireur,m,0.02
déchirure,f,7.03
déchirures,f,7.03
déchéance,f,6.42
déchéances,f,6.42
déci,m,0.01
décibel,m,0.88
décibels,m,0.88
décideur,m,0.23
décideurs,m,0.23
décigramme,m,0.14
décigrammes,m,0.14
décile,m,0.01
décilitre,m,0.07
décimalisation,f,0.01
décimalité,f,0.01
décimateur,m,0.01
décimation,f,0.42
décimes,m,0.07
décimètre,m,0.81
décimètres,m,0.81
décision,f,66.48
décision-clé,f,0.01
décisions,f,66.48
déclamation,f,0.81
déclamations,f,0.81
déclamatrice,f,0.14
déclaration,f,21.82
déclarations,f,21.82
déclassement,m,0.20
déclassé,m,0.95
déclassée,f,0.95
déclassées,f,0.95
déclassés,m,0.95
déclenche,f,0.20
déclenchement,m,2.50
déclencheur,m,0.94
déclencheurs,m,0.94
déclic,m,7.97
déclics,m,7.97
déclin,m,6.42
déclinaison,f,0.47
déclinaisons,f,0.47
déclins,m,6.42
déclivité,f,1.08
déclivités,f,1.08
décocheuses,f,0.07
décoction,f,1.08
décoctions,f,1.08
décodage,m,0.19
décodages,m,0.19
décodeur,m,0.39
décodeurs,m,0.39
décodeuse,f,0.39
décoffrage,m,0.02
décoinçage,m,0.01
décollage,m,7.23
décollages,m,7.23
décollation,f,0.07
décollement,m,0.27
décollements,m,0.27
décolleté,m,3.92
décolletés,m,3.92
décolonisation,f,0.41
décolorant,m,0.02
décoloration,f,0.53
décolorations,f,0.53
décombres,m,6.55
décompensation,f,0.01
décomposeur,m,0.01
décomposition,f,3.45
décompositions,f,3.45
décompression,f,0.50
décompressions,f,0.50
décompte,m,1.15
décomptes,m,1.15
déconcentration,f,0.07
déconditionnement,m,0.03
déconfiture,f,1.55
déconfitures,f,1.55
décongestif,m,0.01
décongestion,f,0.01
décongélation,f,0.31
déconnage,m,0.61
déconnages,m,0.61
déconnection,f,0.03
déconneur,m,0.20
déconneurs,m,0.20
déconneuse,f,0.20
déconnexion,f,0.16
déconomètre,m,0.07
déconophone,m,0.20
déconophones,m,0.20
déconsidération,f,0.01
déconstruction,f,0.08
décontamination,f,0.96
décontraction,f,1.28
décontracté,m,0.41
décontractée,f,0.41
décontractées,f,0.41
décontractés,m,0.41
déconvenue,f,2.16
déconvenues,f,2.16
décor,m,45.61
décorateur,m,3.11
décorateurs,m,3.11
décoration,f,11.76
décorations,f,11.76
décoratrice,f,3.11
décoratrices,f,3.11
décors,m,45.61
décorticage,m,0.14
décortication,f,0.01
décorum,m,0.54
découpage,m,1.96
découpages,m,1.96
découpe,f,2.30
découpes,f,2.30
découpeur,m,0.17
découpeurs,m,0.17
découpeuse,f,0.17
découplage,m,0.01
découpure,f,1.01
découpures,f,1.01
découragement,m,6.82
découragements,m,6.82
décours,m,0.14
découvert,m,5.00
découverte,f,29.53
découvertes,f,29.53
découverts,m,5.00
découvreur,m,0.81
découvreurs,m,0.81
découvreuse,f,0.81
décrassage,m,0.20
décret,m,9.12
décret-loi,m,0.07
décrets,m,9.12
décris,m,0.07
décrochage,m,0.54
décrochages,m,0.54
décrochement,m,0.47
décrochements,m,0.47
décrochez-moi-ça,m,0.07
décroissance,f,0.01
décrottages,m,0.07
décrottoir,m,0.14
décroît,m,0.07
décrue,f,0.14
décryptage,m,0.20
décrypteur,m,0.27
décrypteurs,m,0.27
décrépitude,f,1.62
décrêpage,m,0.07
déculottée,f,0.13
déculottées,f,0.13
déculottés,m,0.01
décès,m,12.82
décélération,f,0.30
décérébration,f,0.03
dédaigneuse,f,0.07
dédain,m,10.07
dédains,m,10.07
dédale,m,5.88
dédales,m,5.88
dédicace,f,2.30
dédicaces,f,2.30
dédit,m,0.41
dédommagement,m,1.18
dédommagements,m,1.18
dédouanement,m,0.14
dédoublement,m,1.01
déducteur,m,0.14
déductibilité,f,0.07
déduction,f,2.16
déductions,f,2.16
déduit,m,0.27
déesse,f,13.56
déesses,f,13.56
défaillance,f,7.57
défaillances,f,7.57
défaite,f,21.82
défaites,f,21.82
défaitisme,m,0.68
défaut,m,38.45
défauts,m,38.45
défaveur,f,0.41
défavorisé,m,0.27
défavorisées,f,0.27
défavorisés,m,0.27
défection,f,1.35
défections,f,1.35
défectuosité,f,0.14
défenderesse,f,0.50
défendeur,m,0.50
défendeurs,m,0.50
défends,m,0.20
défenestration,f,0.09
défens,m,0.01
défense,f,52.30
défenses,f,52.30
défenseur,m,6.35
défenseurs,m,6.35
défensive,f,1.89
déferlante,f,0.34
déferlantes,f,0.34
déferlement,m,4.66
déferlements,m,4.66
défi,m,17.36
défiance,f,2.09
défiances,f,2.09
défibreur,m,0.01
défibrillateur,m,0.58
défibrillateurs,m,0.58
défibrillation,f,0.14
déficience,f,1.22
déficiences,f,1.22
déficient,m,0.07
déficients,m,0.07
déficit,m,1.92
déficits,m,1.92
défiguration,f,0.25
défigurations,f,0.25
défigurement,m,0.01
défilement,m,0.68
défilements,m,0.68
défilé,m,14.73
défilés,m,14.73
défini,m,0.14
définis,m,0.14
définition,f,7.23
définitions,f,7.23
défis,m,17.36
défiscalisations,f,0.01
déflagration,f,2.09
déflagrations,f,2.09
déflecteur,m,0.20
déflecteurs,m,0.20
déflexion,f,0.09
défloraison,f,0.20
défloration,f,0.20
défoliant,m,0.01
défonce,f,0.95
défoncement,m,0.34
défoncements,m,0.34
défonceuse,f,0.14
déforestation,f,0.04
déformation,f,2.43
déformations,f,2.43
défoulement,m,0.27
défouloir,m,0.15
défragmenteur,m,0.01
défraiement,m,0.42
défraiements,m,0.42
défrichage,m,0.14
défrichement,m,0.47
défrichements,m,0.47
défricheurs,m,0.14
défrisage,m,0.01
défroque,f,2.16
défroques,f,2.16
défroqué,m,0.04
défunt,m,6.42
défunte,f,6.42
défuntes,f,6.42
défunts,m,6.42
défécation,f,0.81
défécations,f,0.81
déférence,f,4.26
dégagement,m,0.74
dégagements,m,0.74
dégagé,m,0.41
dégagés,m,0.41
dégaine,f,3.18
dégaines,f,3.18
dégauchisseuse,f,0.07
dégazage,m,0.03
dégel,m,3.31
dégelée,f,1.35
dégelées,f,1.35
dégivrage,m,0.03
déglingue,f,0.34
déglutition,f,1.08
déglutitions,f,1.08
dégobillage,m,0.01
dégommage,m,0.14
dégonflage,m,0.07
dégonflard,m,0.27
dégonflement,m,0.01
dégonflé,m,3.63
dégonflée,f,3.63
dégonflées,f,3.63
dégonflés,m,3.63
dégorgement,m,0.14
dégoulinade,f,0.41
dégoulinades,f,0.41
dégoulinement,m,0.07
dégoulinements,m,0.07
dégoulinures,f,0.07
dégourdi,m,0.41
dégourdie,f,0.41
dégourdis,m,0.41
dégouttante,f,0.07
dégoût,m,30.14
dégoûtant,m,4.26
dégoûtante,f,4.26
dégoûtantes,f,4.26
dégoûtants,m,4.26
dégoûtation,f,0.47
dégoûtations,f,0.47
dégoûts,m,30.14
dégoûté,m,2.09
dégoûtée,f,2.09
dégoûtées,f,2.09
dégoûtés,m,2.09
dégradation,f,2.91
dégradations,f,2.91
dégradé,m,1.15
dégradés,m,1.15
dégrafeur,m,0.01
dégraissage,m,0.07
dégraissant,m,0.01
dégriffeur,m,0.27
dégringolade,f,1.89
dégringolades,f,1.89
dégrisement,m,0.20
dégrossissage,m,0.07
dégrèvement,m,0.07
dégrèvements,m,0.07
déguenillée,f,0.02
dégueulando,m,0.20
dégueulasserie,f,0.61
dégueulasseries,f,0.61
dégueulis,m,1.15
déguisement,m,5.07
déguisements,m,5.07
déguisé,m,0.69
déguisée,f,0.69
déguisés,m,0.69
dégustateur,m,0.20
dégustateurs,m,0.20
dégustation,f,1.82
dégustations,f,1.82
dégustatrice,f,0.20
dégât,m,14.22
dégâts,m,14.22
dégénération,f,0.10
dégénérescence,f,1.22
dégénérescences,f,1.22
dégénéré,m,2.16
dégénérée,f,2.16
dégénérés,m,2.16
déhanchement,m,1.76
déhanchements,m,1.76
déhiscence,f,0.14
déification,f,0.07
déisme,m,0.10
déité,f,0.20
déités,f,0.20
déjection,f,2.36
déjections,f,2.36
déjeuner,m,59.66
déjeuners,m,59.66
déjà-vu,m,0.34
dékoulakisation,f,0.07
délabrement,m,1.62
délai,m,18.85
délais,m,18.85
délaissement,m,0.68
délaissements,m,0.68
délaissé,m,0.95
délaissée,f,0.95
délaissées,f,0.95
délaissés,m,0.95
délassement,m,0.47
délateur,m,0.88
délateurs,m,0.88
délation,f,1.55
délations,f,1.55
délatrice,f,0.88
délayage,m,0.20
délectation,f,3.38
délectations,f,3.38
délestage,m,0.14
délibération,f,1.89
délibérations,f,1.89
délibéré,m,0.26
délibérés,m,0.26
délicat,m,2.16
délicatesse,f,13.58
délicatesses,f,13.58
délicats,m,2.16
délice,m,19.73
délices,f,19.73
délimitation,f,0.34
délimitations,f,0.34
délinquance,f,1.54
délinquances,f,1.54
délinquant,m,4.16
délinquante,f,4.16
délinquantes,f,4.16
délinquants,m,4.16
délinéaments,m,0.07
déliquescence,f,0.16
délire,m,19.80
délires,m,19.80
délit,m,13.52
délits,m,13.52
délivrance,f,5.74
délivrances,f,5.74
délivre,m,0.34
délivreurs,m,0.07
délié,m,1.35
déliés,m,1.35
délocalisation,f,0.06
déloyauté,f,0.34
déloyautés,f,0.34
déluge,m,8.58
déluges,m,8.58
délégation,f,12.77
délégations,f,12.77
délégué,m,12.16
délégué-général,m,0.14
déléguée,f,12.16
délégués,m,12.16
démagogie,f,1.35
démangeaison,f,2.30
démangeaisons,f,2.30
démantèlement,m,0.41
démantèlements,m,0.41
démaquillage,m,0.14
démaquillant,m,0.41
démarcation,f,1.76
démarchage,m,0.07
démarche,f,32.91
démarches,f,32.91
démarcheur,m,1.15
démarcheurs,m,1.15
démarcheuse,f,1.15
démarrage,m,3.31
démarrages,m,3.31
démarreur,m,2.23
démarreurs,m,2.23
démasquage,m,0.01
dématérialisation,f,0.01
démembrement,m,0.34
démembrements,m,0.34
démence,f,2.75
dément,m,2.03
démente,f,2.03
démentes,f,2.03
démenti,m,2.70
démentis,m,2.70
déments,m,2.03
démerdard,m,0.16
démerdards,m,0.16
démerde,f,0.20
démesure,f,1.15
démilitarisation,f,0.14
déminage,m,0.69
démineur,m,0.54
démineurs,m,0.54
démission,f,7.60
démissions,f,7.60
démiurge,m,1.01
démiurges,m,1.01
démobilisation,f,1.28
démobilisé,m,0.54
démobilisés,m,0.54
démocratie,f,15.68
démocraties,f,15.68
démocratisation,f,0.20
démocratisations,f,0.20
démodulateur,m,0.03
démodulateurs,m,0.03
démographie,f,0.54
démolisseur,m,0.61
démolisseurs,m,0.61
démolisseuse,f,0.61
démolition,f,2.36
démolitions,f,2.36
démon,m,61.00
démone,f,61.00
démones,f,61.00
démonologie,f,0.16
démonomanie,f,0.01
démons,m,61.00
démonstrateur,m,0.54
démonstrateurs,m,0.54
démonstratif,m,0.07
démonstratifs,m,0.07
démonstration,f,12.23
démonstrations,f,12.23
démonstratrice,f,0.54
démontage,m,0.14
démontages,m,0.14
démonte-pneu,m,0.26
démonte-pneus,m,0.26
démoralisateur,m,0.07
démoralisateurs,m,0.07
démoralisation,f,0.61
démotivation,f,0.01
démultiplicateur,m,0.07
démultiplication,f,0.07
démuni,m,1.28
démunie,f,1.28
démunis,m,1.28
démystificateur,m,0.03
démystification,f,0.10
démystifications,f,0.10
déménagement,m,6.69
déménagements,m,6.69
déménageur,m,3.18
déménageurs,m,3.18
déménageuse,f,3.18
démérite,m,0.20
démérites,m,0.20
démêlage,m,0.07
démêlant,m,0.29
démêloir,m,0.07
démêlés,m,1.22
dénatalité,f,0.01
dénaturation,f,0.02
dénaturé,m,0.27
dénaturée,f,0.27
dénaturées,f,0.27
dénaturés,m,0.27
dénazification,f,0.03
déneigement,m,0.01
dénervation,f,0.01
déni,m,0.84
déniaisement,m,0.14
dénicheur,m,0.50
dénicheurs,m,0.50
dénicheuse,f,0.50
dénigrement,m,0.54
dénigrements,m,0.54
dénigreuses,f,0.07
dénis,m,0.84
dénivellation,f,1.22
dénivellations,f,1.22
dénivelé,m,0.03
dénivelés,m,0.03
dénombrement,m,0.47
dénombrements,m,0.47
dénominateur,m,0.47
dénomination,f,1.15
dénominations,f,1.15
dénommé,m,2.67
dénonciateur,m,0.74
dénonciation,f,2.50
dénonciations,f,2.50
dénonciatrice,f,0.74
dénouement,m,4.05
dénouements,m,4.05
dénoyauteur,m,0.03
dénudation,f,0.18
dénuement,m,3.92
dénégation,f,2.50
dénégations,f,2.50
déodorant,m,1.00
déodorants,m,1.00
déontologie,f,0.41
dépannage,m,1.31
dépannages,m,1.31
dépanneur,m,1.86
dépanneurs,m,1.86
dépanneuse,f,1.86
dépanneuses,f,1.86
départ,m,123.04
département,m,15.53
départementale,f,1.42
départementales,f,1.42
départements,m,15.53
départs,m,123.04
dépassant,m,0.41
dépassement,m,0.61
dépassements,m,0.61
dépaysement,m,3.11
dépaysements,m,3.11
dépeceur,m,0.47
dépeceurs,m,0.47
dépenaillement,m,0.14
dépenaillements,m,0.14
dépenaillé,m,0.61
dépenaillée,f,0.61
dépenaillées,f,0.61
dépenaillés,m,0.61
dépendance,f,5.34
dépendances,f,5.34
dépendeur,m,0.34
dépendeurs,m,0.34
dépens,m,3.99
dépense,f,8.72
dépenses,f,8.72
dépensier,m,0.07
dépensiers,m,0.07
dépensière,f,0.07
déperdition,f,0.34
déperditions,f,0.34
dépersonnalisation,f,0.02
dépeçage,m,0.34
déphasage,m,0.16
déphaseurs,m,0.01
dépigmentation,f,0.07
dépiquage,m,0.20
dépistage,m,0.76
dépistages,m,0.76
dépit,m,44.12
déplacement,m,11.49
déplacements,m,11.49
déplacé,m,1.01
déplacée,f,1.01
déplacées,f,1.01
déplacés,m,1.01
déplaisir,m,1.96
déplaisirs,m,1.96
déplantoir,m,0.04
dépliant,m,1.69
dépliants,m,1.69
dépliement,m,0.14
déploiement,m,3.04
déploiements,m,3.04
déploration,f,0.20
dépollution,f,0.03
dépopulation,f,0.07
déport,m,0.14
déportation,f,2.23
déportations,f,2.23
déportements,m,0.27
déporté,m,5.74
déportée,f,5.74
déportés,m,5.74
déposant,m,0.02
dépose,f,0.54
déposes,f,0.54
déposition,f,11.25
dépositions,f,11.25
dépossession,f,1.22
dépotoir,m,1.82
dépouillage,m,0.01
dépouille,f,6.62
dépouillement,m,2.64
dépouillements,m,2.64
dépouilles,f,6.62
dépoussiérage,m,0.07
dépravation,f,0.95
dépravations,f,0.95
dépravé,m,1.07
dépravée,f,1.07
dépravés,m,1.07
dépressif,m,0.48
dépressifs,m,0.48
dépression,f,10.41
dépressions,f,10.41
dépressurisation,f,0.36
déprime,f,2.03
déprimes,f,2.03
déprimé,m,0.66
déprimée,f,0.66
déprimées,f,0.66
déprimés,m,0.66
déprogrammation,f,0.07
dépréciation,f,0.41
déprédateurs,m,0.14
déprédation,f,0.41
déprédations,f,0.41
dépucelage,m,0.41
dépucelages,m,0.41
dépuceleur,m,0.07
dépuceleurs,m,0.07
dépuratifs,m,0.07
députation,f,0.34
députations,f,0.34
député,m,10.88
député-maire,m,0.34
députée,f,10.88
députés,m,10.88
dépècements,m,0.07
dépérissement,m,0.34
dépêche,f,8.29
dépêches,f,8.29
dépôt,m,13.20
dépôt-vente,m,0.03
dépôts,m,13.20
déracinement,m,0.54
déraciné,m,0.95
déracinée,f,0.95
déracinées,f,0.95
déracinés,m,0.95
déraillement,m,0.54
déraillements,m,0.54
dérailleur,m,0.81
déraison,f,1.35
déraisons,f,1.35
dérangement,m,3.74
dérangements,m,3.74
dérangé,m,0.34
dérangés,m,0.34
dérapage,m,2.36
dérapages,m,2.36
dératisation,f,0.27
dératisations,f,0.27
dératé,m,1.22
dératées,f,1.22
dératés,m,1.22
déresponsabilisation,f,0.07
dérision,f,8.51
dérivatif,m,0.54
dérivatifs,m,0.54
dérivation,f,0.68
dérivations,f,0.68
dérive,f,6.89
dérives,f,6.89
dériveur,m,0.20
dériveurs,m,0.20
dérivé,m,0.68
dérivée,f,0.68
dérivés,m,0.68
dérobade,f,2.77
dérobades,f,2.77
dérogation,f,0.42
dérogations,f,0.42
dérouillement,m,0.07
dérouillée,f,1.22
dérouillées,f,1.22
déroulement,m,5.95
déroulements,m,5.95
dérouleur,m,0.34
dérouleurs,m,0.34
dérouleuse,f,0.34
déroutage,m,0.07
déroute,f,5.95
déroutement,m,0.28
déroutes,f,5.95
dérèglement,m,1.29
dérèglements,m,1.29
déréglage,m,0.01
déréglementation,f,0.06
dérégulation,f,0.04
déréliction,f,0.61
dés,m,23.36
désabonnements,m,0.14
désabusement,m,0.41
désabusé,m,1.42
désabusée,f,1.42
désabusées,f,1.42
désabusés,m,1.42
désaccord,m,5.20
désaccords,m,5.20
désacralisation,f,0.20
désactivation,f,0.41
désaffectation,f,0.07
désaffection,f,0.54
désagrégation,f,1.35
désagrément,m,2.64
désagréments,m,2.64
désalinisation,f,0.02
désaliénation,f,0.07
désamiantage,m,0.09
désaminase,f,0.01
désamorçage,m,0.18
désamour,m,0.34
désappointement,m,0.81
désappointements,m,0.81
désappointé,m,0.14
désappointée,f,0.14
désappointés,m,0.14
désapprobation,f,1.55
désargentés,m,0.01
désarmement,m,1.04
désarrimage,m,0.02
désarroi,m,14.12
désarrois,m,14.12
désarticulation,f,0.14
désastre,m,23.72
désastres,m,23.72
désavantage,m,0.88
désavantages,m,0.88
désaveu,m,0.61
désaveux,m,0.07
désaxement,m,0.07
désaxé,m,0.40
désaxées,f,0.40
désaxés,m,0.40
désemparé,m,2.03
désemparée,f,2.03
désemparés,m,2.03
désenchantement,m,1.76
désenchantements,m,1.76
désenchanté,m,0.34
désenchantée,f,0.34
désenchantés,m,0.34
désenchaînement,m,0.07
désenclavement,m,0.07
désengagement,m,0.14
désensibilisation,f,0.32
désenvoûteurs,m,0.07
désert,m,41.89
déserteur,m,5.54
déserteurs,m,5.54
désertion,f,2.43
désertions,f,2.43
déserts,m,41.89
désespoir,m,46.89
désespoirs,m,46.89
désespérance,f,1.08
désespéré,m,3.72
désespérée,f,3.72
désespérées,f,3.72
désespérés,m,3.72
déshabillage,m,0.81
déshabillage-éclair,m,0.07
déshabillages,m,0.81
déshabillé,m,3.58
déshabillés,m,3.58
désharmonie,f,0.07
désherbage,m,0.15
désherbant,m,0.07
désherbants,m,0.07
déshonneur,m,3.28
déshumanisation,f,0.15
déshumidification,f,0.10
déshydratation,f,0.61
déshérence,f,0.20
déshéritée,f,0.74
déshéritées,f,0.74
déshérités,m,0.74
désignation,f,1.62
désignations,f,1.62
désillusion,f,2.23
désillusionnement,m,0.10
désillusions,f,2.23
désincarcération,f,0.01
désincarnation,f,0.01
désincarné,m,0.34
désincarnée,f,0.34
désincarnés,m,0.34
désindividualisation,f,0.10
désinence,f,0.20
désinences,f,0.20
désinfectant,m,1.62
désinfectants,m,1.62
désinfection,f,0.72
désinfections,f,0.72
désinformation,f,0.41
désinformations,f,0.41
désinsectisation,f,0.19
désintoxication,f,1.46
désintégrateur,m,0.03
désintégration,f,0.88
désintégrations,f,0.88
désintéressement,m,2.09
désintérêt,m,0.68
désinvolture,f,9.86
désinvoltures,f,9.86
désir,m,117.09
désirabilité,f,0.07
désirs,m,117.09
désiré,m,0.27
désirés,m,0.27
désistement,m,0.12
désobligeance,f,0.14
désobéissance,f,0.91
désobéissances,f,0.91
désobéissante,f,0.01
désodorisant,m,0.45
désodorisants,m,0.45
désoeuvre,f,0.07
désoeuvrement,m,2.36
désoeuvrements,m,2.36
désoeuvré,m,1.49
désoeuvrée,f,1.49
désoeuvrées,f,1.49
désoeuvrés,m,1.49
désolation,f,6.82
désolations,f,6.82
désorbitation,f,0.01
désordonné,m,0.61
désordonnée,f,0.61
désordonnées,f,0.61
désordonnés,m,0.61
désordre,m,42.23
désordres,m,42.23
désorganisateur,m,0.07
désorganisation,f,0.47
désorientation,f,0.43
désossage,m,0.01
désossement,m,0.01
désosseur,m,0.01
désoxygénation,f,0.01
déspiritualisation,f,0.07
déstabilisation,f,0.18
déstalinisation,f,0.07
déstockage,m,0.03
déstructuration,f,0.03
désunion,f,0.20
désuétude,f,0.27
désynchronisation,f,0.01
déségrégation,f,0.03
déséquilibre,m,2.64
déséquilibres,m,2.64
déséquilibré,m,1.42
déséquilibrée,f,1.42
déséquilibrées,f,1.42
déséquilibrés,m,1.42
détachant,m,0.54
détachants,m,0.54
détachement,m,17.84
détachements,m,17.84
détacheur,m,0.10
détaché,m,0.88
détachée,f,0.88
détachées,f,0.88
détachés,m,0.88
détail,m,91.15
détaillant,m,0.14
détaillants,m,0.14
détails,m,91.15
détartrage,m,0.12
détartrant,m,0.02
détaxe,f,0.02
détaxes,f,0.02
détecteur,m,8.05
détecteurs,m,8.05
détection,f,1.89
détections,f,1.89
dételage,m,0.01
détendeur,m,0.48
détente,f,10.68
détentes,f,10.68
détenteur,m,1.55
détenteurs,m,1.55
détention,f,6.98
détentions,f,6.98
détentrice,f,1.55
détenu,m,12.67
détenue,f,12.67
détenues,f,12.67
détenus,m,12.67
détergent,m,1.25
détergents,m,1.25
déterminant,m,0.14
déterminants,m,0.14
détermination,f,4.86
déterminations,f,4.86
déterminisme,m,0.47
déterrage,m,0.01
déterreur,m,0.07
déterreurs,m,0.07
déterreuse,f,0.07
déterré,m,0.40
déterrée,f,0.40
déterrés,m,0.40
détestation,f,0.61
détestations,f,0.61
détonateur,m,4.84
détonateurs,m,4.84
détonation,f,9.26
détonations,f,9.26
détour,m,24.86
détourage,m,0.14
détournement,m,2.60
détournements,m,2.60
détourneur,m,0.07
détours,m,24.86
détracteur,m,1.15
détracteurs,m,1.15
détraquement,m,0.14
détraqué,m,1.57
détraquée,f,1.57
détraquées,f,1.57
détraqués,m,1.57
détrempe,f,0.14
détresse,f,19.05
détresses,f,19.05
détriment,m,3.04
détriments,m,3.04
détritus,m,4.80
détroit,m,3.04
détroits,m,3.04
détrousseur,m,0.17
détrousseurs,m,0.17
détrônement,m,0.01
détérioration,f,0.68
détériorations,f,0.68
dévalement,m,0.34
dévalorisation,f,0.27
dévaluation,f,0.54
dévaluations,f,0.54
dévastateur,m,0.03
dévastateurs,m,0.03
dévastation,f,1.28
dévastations,f,1.28
déveinards,m,0.07
déveine,f,1.08
déveines,f,1.08
développement,m,11.15
développements,m,11.15
développeur,m,0.17
développée,f,0.14
développées,f,0.14
dévergondage,m,0.27
dévergondages,m,0.27
dévergondé,m,1.39
dévergondée,f,1.39
dévergondées,f,1.39
déverrouillage,m,0.28
déversement,m,0.17
déversements,m,0.17
déversoir,m,0.95
déviance,f,0.18
déviances,f,0.18
déviant,m,0.21
déviante,f,0.21
déviants,m,0.21
déviation,f,1.29
déviationnisme,m,0.14
déviations,f,1.29
dévideur,m,0.07
dévidoir,m,0.27
dévidoirs,m,0.27
dévirilisation,f,0.20
dévissage,m,0.07
dévissé,m,0.03
dévitalisation,f,0.07
dévoiement,m,0.14
dévoilement,m,0.47
dévoilements,m,0.47
dévolu,m,0.74
dévolus,m,0.74
dévolution,f,0.07
dévonien,m,0.01
dévoration,f,0.07
dévoreur,m,1.08
dévoreurs,m,1.08
dévoreuse,f,1.08
dévoreuses,f,1.08
dévot,m,2.03
dévote,f,2.03
dévotes,f,2.03
dévotion,f,8.11
dévotions,f,8.11
dévots,m,2.03
dévouement,m,9.32
dévouements,m,9.32
dévoyé,m,0.68
dévoyée,f,0.68
dévoyés,m,0.68
déçu,m,1.89
déçue,f,1.89
déçues,f,1.89
déçus,m,1.89
dîme,f,1.28
dîmes,f,1.28
dîner,m,88.45
dîners,m,88.45
dînette,f,1.55
dînettes,f,1.55
dîneur,m,2.57
dîneurs,m,2.57
dîneuse,f,2.57
dôle,m,0.01
dôme,m,4.93
dômes,m,4.93
dôngs,m,0.14
dû,m,2.77
e,m,60.91
e-commerce,m,0.03
e-mail,m,6.47
e-mails,m,6.47
east river,f,0.07
eau,f,459.86
eau-de-vie,f,4.73
eau-forte,f,0.30
eau-minute,f,0.01
eaux,f,459.86
eaux-de-vie,f,4.73
eaux-fortes,f,0.14
ecchymose,f,1.22
ecchymoses,f,1.22
ecclésiastique,m,1.55
ecclésiastiques,m,1.55
ecstasy,m,3.85
ectasie,f,0.01
ecthyma,m,0.07
ectopie,f,0.04
ectoplasme,m,0.95
ectoplasmes,m,0.95
eczéma,m,1.55
eczémas,m,1.55
eczémateux,m,0.07
edelweiss,m,0.54
effacement,m,2.77
effacements,m,2.77
effaceur,m,0.10
effarement,m,1.82
effarouchement,m,0.20
effarouchements,m,0.20
effarvatte,f,0.14
effarvattes,f,0.14
effaçage,m,0.01
effectif,m,7.64
effectifs,m,7.64
effectivité,f,0.07
effendi,m,1.62
effervescence,f,3.85
effervescences,f,3.85
effet,m,192.36
effets,m,192.36
effeuillage,m,0.08
effeuilleuse,f,0.20
effeuilleuses,f,0.20
efficacité,f,8.51
efficience,f,0.34
effigie,f,4.19
effigies,f,4.19
effilement,m,0.07
effilochage,m,0.07
effilochure,f,0.47
effilochures,f,0.47
effilure,f,0.14
effilures,f,0.14
effilé,m,0.34
effilés,m,0.34
effleurage,m,0.07
effleurement,m,1.22
effleurements,m,1.22
efflorescence,f,0.27
effluent,m,0.01
effluve,m,6.49
effluves,m,6.49
effondrement,m,6.82
effondrements,m,6.82
effort,m,136.62
efforts,m,136.62
effraction,f,7.76
effractions,f,7.76
effraie,f,0.47
effraies,f,0.47
effritement,m,0.47
effritements,m,0.47
effroi,m,12.91
effronterie,f,1.22
effronteries,f,1.22
effronté,m,1.65
effrontée,f,1.65
effrontées,f,1.65
effrontés,m,1.65
effusion,f,6.42
effusions,f,6.42
efrit,m,0.07
ego,m,4.16
eider,m,0.34
eiders,m,0.34
ektachromes,m,0.14
eldorado,m,0.04
elfe,m,3.26
elfes,m,3.26
ellipse,f,1.42
ellipses,f,1.42
elliptique,f,0.01
ellébore,m,0.07
elzévir,m,0.07
emails,m,0.65
emballage,m,6.08
emballages,m,6.08
emballement,m,0.61
emballements,m,0.61
emballeur,m,0.81
emballeurs,m,0.81
emballeuse,f,0.81
emballeuses,f,0.81
embarcadère,m,2.16
embarcadères,m,2.16
embarcation,f,4.80
embarcations,f,4.80
embardée,f,1.96
embardées,f,1.96
embargo,m,0.75
embargos,m,0.75
embarquement,m,4.19
embarquements,m,4.19
embarras,m,12.09
embarrure,f,0.01
embase,f,0.14
embases,f,0.14
embauchage,m,0.07
embauche,f,2.97
embauches,f,2.97
embauchoir,m,0.07
embauchoirs,m,0.07
embaumement,m,0.68
embaumements,m,0.68
embaumeur,m,0.88
embaumeurs,m,0.88
embaumeuse,f,0.88
embellie,f,2.70
embellies,f,2.70
embellissement,m,0.41
embellissements,m,0.41
emblavages,m,0.07
emblavure,f,0.27
emblavures,f,0.27
emblème,m,4.32
emblèmes,m,4.32
embole,m,0.04
embolie,f,1.05
embolies,f,1.05
embonpoint,m,1.96
embouche,f,0.14
embouchoir,m,0.14
embouchoirs,m,0.14
embouchure,f,3.99
embouchures,f,3.99
embourgeoisement,m,0.34
embourgeoisé,m,0.10
embourgeoisés,m,0.10
embout,m,0.81
embouteillage,m,3.93
embouteillages,m,3.93
emboutisseur,m,0.14
emboutisseuse,f,0.14
embouts,m,0.81
emboîtage,m,0.20
emboîtages,m,0.20
emboîtement,m,0.07
emboîtures,f,0.07
embranchement,m,3.11
embranchements,m,3.11
embrasement,m,1.62
embrasements,m,1.62
embrassade,f,1.89
embrassades,f,1.89
embrasse,f,3.92
embrassement,m,0.95
embrassements,m,0.95
embrasses,f,3.92
embrasseur,m,0.14
embrasseurs,m,0.14
embrasseuse,f,0.14
embrasseuses,f,0.14
embrasure,f,7.16
embrasures,f,7.16
embrayage,m,1.01
embrayages,m,1.01
embrocation,f,0.41
embrocations,f,0.41
embrouillage,m,0.02
embrouillamini,m,0.34
embrouillaminis,m,0.34
embrouille,f,7.99
embrouillement,m,0.27
embrouillements,m,0.27
embrouilles,f,7.99
embrouilleur,m,0.17
embrouilleurs,m,0.17
embrouilleuses,f,0.17
embrun,m,2.97
embruns,m,2.97
embryologie,f,0.01
embryon,m,3.72
embryons,m,3.72
embu,m,0.14
embus,m,0.14
embuscade,f,5.04
embuscades,f,5.04
embusqué,m,0.58
embusqués,m,0.58
embâcle,m,0.14
embêtement,m,1.08
embêtements,m,1.08
embûche,f,3.18
embûches,f,3.18
emergency,f,0.25
emmaillotement,m,0.07
emmanchage,m,0.07
emmanchure,f,0.74
emmanchures,f,0.74
emmental,m,0.01
emmenthal,m,0.15
emmerde,f,6.15
emmerdement,m,4.66
emmerdements,m,4.66
emmerdes,f,6.15
emmerdeur,m,4.96
emmerdeurs,m,4.96
emmerdeuse,f,4.96
emmerdeuses,f,4.96
emmouscaillements,m,0.07
emmurement,m,0.01
emménagement,m,0.81
emmêlement,m,0.47
emmêlements,m,0.47
empaffé,m,0.50
empaffés,m,0.50
empailleur,m,0.20
empailleurs,m,0.20
empalement,m,0.02
empan,m,0.07
empaquetage,m,0.20
empaqueteur,m,0.01
empathie,f,0.63
empattement,m,0.20
empattements,m,0.20
empaumure,f,0.20
empaumures,f,0.20
empeigne,f,0.54
empennage,m,0.20
empenne,f,0.01
empereur,m,38.45
empereurs,m,38.45
empesage,m,0.07
emphase,f,5.27
emphases,f,5.27
emphysème,m,0.41
emphysèmes,m,0.41
empierrage,m,0.07
empierrement,m,0.34
empilage,m,0.27
empilages,m,0.27
empilement,m,0.54
empilements,m,0.54
empire,m,63.51
empires,m,63.51
empirisme,m,0.27
empirismes,m,0.27
empiècement,m,0.41
empiècements,m,0.41
empiètements,m,0.34
empiétement,m,1.96
empiétements,m,1.96
emplacement,m,12.70
emplacements,m,12.70
emplanture,f,0.14
emplette,f,2.57
emplettes,f,2.57
emploi,m,30.94
emplois,m,30.94
employeur,m,4.01
employeurs,m,4.01
employé,m,30.80
employée,f,30.80
employées,f,30.80
employés,m,30.80
emplâtrage,m,0.14
emplâtre,m,1.35
emplâtres,m,1.35
empoignade,f,1.01
empoignades,f,1.01
empoigne,f,0.41
empois,m,0.14
empoisonnement,m,1.85
empoisonnements,m,1.85
empoisonneur,m,0.99
empoisonneurs,m,0.99
empoisonneuse,f,0.99
empoisonneuses,f,0.99
emporium,m,0.14
emport,m,0.07
emporte-pièce,m,0.95
emportement,m,3.51
emportements,m,3.51
emporté,m,2.16
emportée,f,2.16
emportées,f,2.16
emportés,m,2.16
empoté,m,0.67
empotés,m,0.67
empreinte,f,42.06
empreintes,f,42.06
empressement,m,6.15
empressements,m,6.15
empressé,m,0.47
empressée,f,0.47
empressés,m,0.47
emprise,f,3.65
emprises,f,3.65
emprisonnement,m,1.80
emprisonnements,m,1.80
emprunt,m,4.73
emprunteur,m,0.04
emprunts,m,4.73
empyrée,m,0.81
empyrées,m,0.81
empâtement,m,0.54
empâtements,m,0.54
empêchement,m,1.42
empêchements,m,1.42
empêcheur,m,0.68
empêcheurs,m,0.68
empêcheuse,f,0.68
en-avant,m,0.07
en-but,m,0.32
en-cas,m,1.44
en-cours,m,0.01
en-dehors,m,0.36
en-tête,m,2.77
en-têtes,m,2.77
encablure,f,0.88
encablures,f,0.88
encadrant,m,0.81
encadrement,m,6.49
encadrements,m,6.49
encadreur,m,0.34
encadré,m,1.42
encadrés,m,1.42
encagoulés,m,0.14
encaisse,f,0.20
encaissement,m,0.51
encaissements,m,0.51
encaisseur,m,0.69
encaisseurs,m,0.69
encanaillement,m,0.07
encart,m,0.34
encartage,m,0.07
encarts,m,0.34
encas,m,0.40
encastrement,m,0.01
encaustique,f,2.64
enceinte,f,10.61
enceintes,f,10.61
encellulement,m,0.07
encens,m,7.91
encensement,m,0.01
encensoir,m,1.01
encensoirs,m,1.01
encerclement,m,0.88
enchantement,m,7.70
enchantements,m,7.70
enchanteresse,f,1.49
enchanteur,m,1.49
enchanteurs,m,1.49
enchaînement,m,4.59
enchaînements,m,4.59
enchevêtrement,m,3.78
enchevêtrements,m,3.78
enchère,f,6.67
enchères,f,6.67
enchérisseur,m,0.29
enchérisseurs,m,0.29
enchérisseuse,f,0.29
enclave,f,1.49
enclaves,f,1.49
enclenche,f,0.05
enclenchement,m,0.07
enclos,m,6.01
enclosure,f,0.07
enclume,f,5.20
enclumes,f,5.20
encoche,f,2.23
encoches,f,2.23
encodage,m,0.06
encodeur,m,0.06
encoignure,f,4.19
encoignures,f,4.19
encollage,m,0.07
encolleuses,f,0.07
encolure,f,6.69
encolures,f,6.69
encombre,m,1.69
encombrement,m,3.72
encombrements,m,3.72
encombres,m,1.69
encorbellement,m,1.01
encorbellements,m,1.01
encornet,m,0.15
encornets,m,0.15
encouragement,m,6.42
encouragements,m,6.42
encours,m,0.01
encrage,m,0.07
encre,f,29.53
encres,f,29.53
encreur,m,0.07
encrier,m,4.26
encriers,m,4.26
encroûtement,m,0.01
encroûté,m,0.14
encroûtés,m,0.14
encryptage,m,0.03
enculade,f,0.33
enculades,f,0.33
enculage,m,0.07
enculerie,f,0.47
enculeries,f,0.47
enculeur,m,0.68
enculeurs,m,0.68
encyclique,f,0.27
encycliques,f,0.27
encyclopédie,f,2.64
encyclopédies,f,2.64
encéphale,m,0.07
encéphalite,f,0.48
encéphalogramme,m,0.58
encéphalographie,f,0.07
encéphalopathie,f,0.05
endettement,m,0.09
endiablé,m,0.07
endiguement,m,0.11
endimanchement,m,0.07
endive,f,0.95
endives,f,0.95
endocarde,m,0.01
endocardite,f,0.14
endocrinologie,f,0.27
endoctrinement,m,0.27
endogamie,f,0.34
endolorissement,m,0.20
endommagement,m,0.02
endommagements,m,0.02
endomorphine,f,0.01
endométriose,f,0.04
endométrite,f,0.01
endormeur,m,0.20
endormeurs,m,0.20
endormissement,m,0.07
endormissements,m,0.07
endorphine,f,1.33
endorphines,f,1.33
endoscope,m,0.15
endoscopie,f,0.25
endosquelette,m,0.01
endosse,f,1.42
endossement,m,0.26
endosses,f,1.42
endosseur,m,0.07
endroit,m,218.24
endroits,m,218.24
enduit,m,1.89
enduits,m,1.89
endurance,f,2.43
endurcissement,m,0.61
enfance,f,103.99
enfances,f,103.99
enfant,m,735.59
enfant-robot,m,0.17
enfant-roi,m,0.20
enfantelets,m,0.07
enfantement,m,0.81
enfantements,m,0.81
enfantillage,m,3.58
enfantillages,m,3.58
enfants,m,735.59
enfants-robots,m,0.17
enfants-rois,m,0.20
enfançon,m,0.34
enfançons,m,0.34
enfer,m,88.86
enfermement,m,0.61
enfers,m,88.86
enfilade,f,6.28
enfilades,f,6.28
enfilage,m,0.20
enfileur,m,0.14
enflure,f,2.36
enflures,f,2.36
enflé,m,1.96
enflée,f,1.96
enflées,f,1.96
enflés,m,1.96
enfoiré,m,39.56
enfoirée,f,39.56
enfoirés,m,39.56
enfoncement,m,0.61
enfoncements,m,0.61
enfonceur,m,0.07
enfonçage,m,0.07
enfouissement,m,0.34
enfouissements,m,0.34
enfourchement,m,0.07
enfourchure,f,0.10
enfournage,m,0.07
engagement,m,18.45
engagements,m,18.45
engagé,m,1.76
engagés,m,1.76
engeance,f,3.11
engeances,f,3.11
engelure,f,0.88
engelures,f,0.88
engendrement,m,0.20
engin,m,16.01
engineering,m,0.07
engins,m,16.01
engloutissement,m,0.54
engoncement,m,0.07
engorgement,m,0.27
engorgements,m,0.27
engouement,m,1.55
engouements,m,1.55
engouffrement,m,0.14
engoulevent,m,0.14
engourdissant,m,0.07
engourdissement,m,5.54
engourdissements,m,5.54
engrais,m,3.35
engraissement,m,0.07
engrangement,m,0.07
engravement,m,0.07
engrenage,m,4.53
engrenages,m,4.53
engueulade,f,3.51
engueulades,f,3.51
enhardissement,m,0.07
enivrement,m,0.68
enjambements,m,0.07
enjambeur,m,0.34
enjambeurs,m,0.34
enjambée,f,6.76
enjambées,f,6.76
enjeu,m,4.67
enjeux,m,4.67
enjolivements,m,0.07
enjoliveur,m,0.59
enjoliveurs,m,0.59
enjouement,m,1.35
enjôlement,m,0.07
enjôleur,m,0.20
enjôleurs,m,0.20
enjôleuse,f,0.20
enlacement,m,0.81
enlacements,m,0.81
enlaidissement,m,0.27
enlisement,m,0.74
enlumineur,m,0.40
enlumineurs,m,0.40
enluminure,f,1.08
enluminures,f,1.08
enlèvement,m,9.51
enlèvements,m,9.51
enneigement,m,0.10
ennemi,m,111.96
ennemie,f,111.96
ennemies,f,111.96
ennemis,m,111.96
ennoblissement,m,0.07
ennui,m,76.64
ennuis,m,76.64
enquiquinement,m,0.01
enquiquineur,m,0.33
enquiquineurs,m,0.33
enquiquineuse,f,0.33
enquête,f,57.98
enquêtes,f,57.98
enquêtes-minute,f,0.07
enquêteur,m,4.06
enquêteurs,m,4.06
enquêteuse,f,4.06
enquêtrices,f,4.06
enracinement,m,0.47
enracinements,m,0.47
enragement,m,0.14
enragé,m,1.69
enragée,f,1.69
enragées,f,1.69
enragés,m,1.69
enrayage,m,0.02
enrayement,m,0.02
enregistrement,m,14.79
enregistrements,m,14.79
enregistreur,m,1.00
enregistreurs,m,1.00
enregistreuse,f,1.00
enrichissement,m,1.28
enrichissements,m,1.28
enrobage,m,0.07
enrobé,m,0.29
enrobés,m,0.29
enrochements,m,0.27
enrouement,m,0.41
enrouements,m,0.41
enroulage,m,0.07
enroulement,m,0.61
enroulements,m,0.61
enrôlement,m,0.34
enrôlements,m,0.34
enrôlé,m,0.68
enrôlés,m,0.68
ensablement,m,0.20
ensanglantement,m,0.07
ensauvagement,m,0.07
enseignant,m,3.94
enseignant-robot,m,0.07
enseignante,f,3.94
enseignantes,f,3.94
enseignants,m,3.94
enseigne,f,14.05
enseignement,m,12.50
enseignements,m,12.50
enseignes,f,14.05
enseigneur,m,0.01
enseigné,m,0.02
ensellement,m,0.20
ensellure,f,0.14
ensemble,m,63.45
ensembles,m,63.45
ensemencement,m,0.20
ensemencements,m,0.20
ensevelissement,m,0.74
ensevelisseuse,f,0.14
ensoleillement,m,0.27
ensorceleur,m,0.07
ensorceleuse,f,0.07
ensorceleuses,f,0.07
ensorcellement,m,0.14
ensouple,f,0.07
entablement,m,0.07
entaille,f,3.92
entailles,f,3.92
entame,f,0.27
entames,f,0.27
entassement,m,4.53
entassements,m,4.53
ente,f,0.01
entement,m,0.07
entendant,m,0.74
entendement,m,2.70
entendeur,m,0.34
entendeurs,m,0.34
entente,f,10.81
ententes,f,10.81
enterrement,m,27.33
enterrements,m,27.33
enterreur,m,0.07
enthalpie,f,0.01
enthousiasme,m,35.61
enthousiasmes,m,35.61
entichement,m,0.01
entier,m,6.28
entiers,m,6.28
entité,f,3.08
entités,f,3.08
entièreté,f,0.02
entoilage,m,0.07
entolome,m,0.14
entolomes,m,0.14
entomologie,f,0.27
entonnoir,m,9.46
entonnoirs,m,9.46
entorse,f,2.84
entorses,f,2.84
entortillage,m,0.14
entortillages,m,0.14
entortillement,m,0.14
entour,m,1.42
entourage,m,10.74
entourages,m,10.74
entourloupe,f,1.01
entourloupes,f,1.01
entourloupette,f,0.47
entourloupettes,f,0.47
entournures,f,1.28
entours,m,1.42
entr'acte,m,0.27
entr'actes,m,0.27
entracte,m,5.74
entractes,m,5.74
entraide,f,0.61
entrailles,f,13.45
entrain,m,7.97
entrant,m,0.17
entrants,m,0.17
entrave,f,2.50
entraves,f,2.50
entraînement,m,20.31
entraînements,m,20.31
entraîneur,m,8.69
entraîneurs,m,8.69
entraîneuse,f,8.69
entraîneuses,f,8.69
entre-deux,m,0.81
entre-deux-guerres,m,0.74
entre-jambe,m,0.07
entre-jambes,m,0.07
entre-rail,m,0.01
entrebâillement,m,3.51
entrebâilleur,m,0.14
entrechat,m,0.95
entrechats,m,0.95
entrechoc,m,0.14
entrechocs,m,0.14
entrechoquement,m,0.07
entrecroisement,m,0.68
entrecroisements,m,0.68
entrecuisse,m,0.68
entrecôte,f,1.01
entrecôtes,f,1.01
entrefaites,f,2.03
entrefilet,m,1.55
entrefilets,m,1.55
entregent,m,0.41
entrejambe,m,1.49
entrejambes,m,1.49
entrelacement,m,0.34
entrelacs,m,2.84
entremets,m,1.42
entremetteur,m,1.01
entremetteurs,m,1.01
entremetteuse,f,1.01
entremise,f,1.49
entremêlement,m,0.47
entrepont,m,0.74
entreponts,m,0.74
entreposage,m,0.11
entrepreneur,m,4.88
entrepreneurs,m,4.88
entrepreneuse,f,4.88
entrepreneuses,f,4.88
entreprise,f,38.31
entreprises,f,38.31
entrepôt,m,9.75
entrepôts,m,9.75
entresol,m,1.35
entresols,m,1.35
entreteneur,m,0.07
entreteneuse,f,0.07
entretien,m,27.77
entretiens,m,27.77
entretoise,f,0.01
entretoisement,m,0.07
entrevous,m,0.01
entrevue,f,9.59
entrevues,f,9.59
entrisme,m,0.07
entropie,f,0.27
entrouverture,f,0.07
entrée,f,118.78
entrée-sortie,f,0.01
entrées,f,118.78
enture,f,0.14
entéléchies,f,0.07
entérinement,m,0.07
entérite,f,0.14
entérocolite,f,0.01
entérovirus,m,0.03
entêtement,m,5.74
entêtements,m,5.74
entêté,m,0.81
entêtée,f,0.81
entêtés,m,0.81
entôlage,m,0.14
entôleur,m,0.07
envahissement,m,1.49
envahissements,m,1.49
envahisseur,m,8.31
envahisseurs,m,8.31
envasement,m,0.07
enveloppe,f,32.84
enveloppement,m,0.95
enveloppements,m,0.95
enveloppes,f,32.84
enveloppeur,m,0.07
enveloppé,m,0.74
enveloppée,f,0.74
enveloppés,m,0.74
envergure,f,5.34
envers,m,19.46
enviandé,m,0.34
enviandés,m,0.34
envie,f,258.11
envies,f,258.11
envieuse,f,0.68
envieuses,f,0.68
envieux,m,0.68
environnement,m,10.19
environnements,m,10.19
environs,m,16.69
envoi,m,6.96
envois,m,6.96
envol,m,5.20
envols,m,5.20
envolée,f,3.18
envolées,f,3.18
envoyeur,m,0.41
envoyeurs,m,0.41
envoyé,m,6.15
envoyée,f,6.15
envoyées,f,6.15
envoyés,m,6.15
envoûtement,m,1.82
envoûtements,m,1.82
envoûteur,m,0.27
envoûteurs,m,0.27
enzyme,f,2.00
enzymes,f,2.00
epsilon,m,0.47
erg,m,0.07
ergastule,m,0.20
ergastules,m,0.20
ergol,m,0.01
ergonomie,f,0.07
ergot,m,1.08
ergotage,m,0.01
ergotamine,f,0.02
ergoteur,m,0.01
ergothérapie,f,0.07
ergots,m,1.08
ergs,m,0.07
ermitage,m,1.69
ermitages,m,1.69
ermite,m,2.50
ermites,m,2.50
errance,f,4.46
errances,f,4.46
errata,m,0.27
erratum,m,0.27
erre,f,0.74
errements,m,1.22
erreur,f,124.15
erreurs,f,124.15
ers,m,0.45
ersatz,m,1.62
esbroufe,f,0.20
esbroufeur,m,0.03
esbroufeurs,m,0.03
escabeau,m,5.88
escabeaux,m,5.88
escabèches,f,0.07
escadre,f,6.08
escadres,f,6.08
escadrille,f,5.14
escadrilles,f,5.14
escadrin,m,0.07
escadron,m,8.78
escadrons,m,8.78
escalade,f,4.12
escalades,f,4.12
escaladeur,m,0.20
escaladeuse,f,0.20
escaladeuses,f,0.20
escalator,m,0.50
escalators,m,0.50
escale,f,8.92
escales,f,8.92
escalier,m,148.85
escaliers,m,148.85
escalope,f,1.42
escalopes,f,1.42
escamotage,m,0.34
escamotages,m,0.34
escamoteur,m,0.07
escampette,f,0.27
escapade,f,3.51
escapades,f,3.51
escape,f,0.19
escarbille,f,1.42
escarbilles,f,1.42
escarboucle,f,0.27
escarboucles,f,0.27
escarcelle,f,0.41
escargot,m,8.07
escargots,m,8.07
escarmouche,f,1.96
escarmouches,f,1.96
escarpement,m,1.28
escarpements,m,1.28
escarpes,m,0.20
escarpin,m,5.14
escarpins,m,5.14
escarpolette,f,0.41
escarpolettes,f,0.41
escarre,f,0.27
escarres,f,0.27
eschatologie,f,0.14
esche,f,0.14
escient,m,1.08
esclaffement,m,0.14
esclaffements,m,0.14
esclandre,m,2.36
esclandres,m,2.36
esclavage,m,7.14
esclavagisme,m,0.07
esclave,m,37.52
esclaves,m,37.52
esclavons,m,0.20
escogriffe,m,1.28
escogriffes,m,1.28
escompte,m,0.61
escopette,f,0.20
escorte,f,7.28
escortes,f,7.28
escorteur,m,0.81
escorteurs,m,0.81
escot,m,0.14
escouade,f,5.41
escouades,f,5.41
escrime,f,2.03
escrimeur,m,0.41
escrimeurs,m,0.41
escrimeuses,f,0.41
escroc,m,9.27
escrocs,m,9.27
escroquerie,f,3.20
escroqueries,f,3.20
escroqueuse,f,0.01
escudo,m,3.03
escudos,m,3.03
esgourde,f,2.70
esgourdes,f,2.70
eskimo,m,0.04
eskimos,m,0.04
espace-temps,m,1.63
espacement,m,0.34
espacements,m,0.34
espada,f,0.81
espadas,f,0.81
espadon,m,0.80
espadons,m,0.80
espadrille,f,8.58
espadrilles,f,8.58
espagnol,m,21.62
espagnole,f,21.62
espagnoles,f,21.62
espagnolette,f,1.42
espagnols,m,21.62
espalier,m,1.49
espaliers,m,1.49
espar,m,0.07
espars,m,0.07
esperanto,m,0.22
espingole,f,0.14
espingoles,f,0.14
espion,m,27.57
espionite,f,0.01
espionnage,m,3.32
espionne,f,27.57
espionnes,f,27.57
espionnite,f,0.27
espions,m,27.57
espièglerie,f,1.01
espiègleries,f,1.01
esplanade,f,6.35
esplanades,f,6.35
espoir,m,101.89
espoirs,m,101.89
esprit,m,216.28
esprit-de-sel,m,0.07
esprit-de-vin,m,0.20
esprits,m,216.28
espèce,f,141.69
espèces,f,141.69
espérance,f,27.36
espérances,f,27.36
espéranto,m,0.14
esquif,m,1.76
esquifs,m,1.76
esquille,f,0.81
esquilles,f,0.81
esquimau,m,1.89
esquimaux,m,1.89
esquintement,m,0.07
esquire,m,0.31
esquisse,f,4.39
esquisses,f,4.39
esquive,f,1.11
esquives,f,1.11
essai,m,28.78
essaim,m,4.53
essaims,m,4.53
essais,m,28.78
essartage,m,0.07
essarts,m,0.07
essayage,m,2.84
essayages,m,2.84
essayeur,m,0.20
essayeuses,f,0.20
esse,f,0.68
essence,f,33.24
essences,f,33.24
essentialisme,m,0.07
essentiel,m,29.05
essentiels,m,29.05
esseulement,m,0.34
essieu,m,0.41
essieux,m,0.95
essor,m,3.78
essorage,m,0.20
essoreuse,f,0.36
essoufflement,m,1.62
essoufflements,m,1.62
essuie,m,0.25
essuie-glace,m,2.91
essuie-glaces,m,2.91
essuie-mains,m,0.27
essuie-tout,m,0.14
essuies,m,0.25
essuyage,m,0.20
essuyages,m,0.20
essuyeur,m,0.02
est,m,81.74
est-africain,m,0.07
establishment,m,0.26
estacade,f,0.61
estacades,f,0.61
estafette,f,3.78
estafettes,f,3.78
estafier,m,0.14
estafiers,m,0.14
estafilade,f,0.88
estafilades,f,0.88
estagnon,m,0.07
estaminet,m,1.35
estaminets,m,1.35
estampage,m,0.02
estampe,f,2.23
estampes,f,2.23
estampille,f,0.47
estancia,f,0.41
estancias,f,0.41
este,m,0.50
ester,m,0.25
estes,m,0.50
esthésiomètre,m,0.07
esthéticien,m,1.16
esthéticienne,f,1.16
esthéticiennes,f,1.16
esthétique,f,2.70
esthétisme,m,1.08
estimation,f,3.55
estimations,f,3.55
estime,f,16.89
estimes,f,16.89
estivant,m,2.23
estivante,f,2.23
estivantes,f,2.23
estivants,m,2.23
estoc,m,0.34
estocade,f,0.47
estocades,f,0.47
estocs,m,0.34
estom,m,0.20
estomac,m,30.95
estomacs,m,30.95
estompe,f,0.20
estonien,m,0.20
estonienne,f,0.10
estoniens,m,0.20
estouffade,f,0.07
estrade,f,11.28
estrades,f,11.28
estragon,m,0.81
estrangers,m,0.20
estrapade,f,0.47
estrapades,f,0.47
estuaire,m,2.64
estuaires,m,2.64
esturgeon,m,0.47
esturgeons,m,0.47
ethnicité,f,0.02
ethnie,f,0.28
ethnies,f,0.28
ethnographie,f,0.20
ethnologie,f,0.41
eubage,m,0.41
eubine,f,0.27
eucalyptus,m,3.11
eucharistie,f,0.61
eudistes,m,0.07
eugénique,f,0.01
eugénisme,m,0.45
eulogie,f,0.07
eunuque,m,8.45
eunuques,m,8.45
eunuques-espions,m,0.14
euphonie,f,0.07
euphorbe,f,0.41
euphorbes,f,0.41
euphorie,f,8.11
euphorisant,m,0.47
euphorisants,m,0.47
euphémisme,m,1.55
euphémismes,m,1.55
eurasien,m,0.20
eurasienne,f,0.20
euro,m,9.84
eurodollar,m,0.01
euromarché,m,0.07
européen,m,7.30
européenne,f,7.30
européennes,f,7.30
européens,m,7.30
euros,m,9.84
euskera,m,1.30
eustache,m,0.20
eustaches,m,0.20
euthanasie,f,1.48
euthanasies,f,1.48
event,m,0.14
evzones,m,0.07
ex-abbé,m,0.07
ex-acteur,m,0.07
ex-adjudant,m,0.14
ex-agent,m,0.09
ex-allée,f,0.07
ex-amant,m,0.34
ex-amante,f,0.34
ex-amants,m,0.34
ex-ambassadeur,m,0.01
ex-amour,m,0.01
ex-appartement,m,0.07
ex-apprenti,m,0.07
ex-assistant,m,0.07
ex-assistante,f,0.07
ex-associé,m,0.13
ex-associés,m,0.13
ex-ballerine,f,0.01
ex-banquier,m,0.01
ex-barman,m,0.07
ex-basketteur,m,0.07
ex-batteur,m,0.07
ex-belle-mère,f,0.05
ex-boss,m,0.01
ex-boxeur,m,0.16
ex-branleurs,m,0.07
ex-buteur,m,0.01
ex-capitaine,m,0.04
ex-caïd,m,0.01
ex-champion,m,0.75
ex-championne,f,0.75
ex-champions,m,0.75
ex-chanteur,m,0.07
ex-chanteuse,f,0.07
ex-chauffeur,m,0.14
ex-chiropracteur,m,0.01
ex-citation,f,0.01
ex-citoyen,m,0.01
ex-civils,m,0.01
ex-colonel,m,0.14
ex-commando,m,0.05
ex-contrebandier,m,0.02
ex-copain,m,0.28
ex-copains,m,0.28
ex-copine,f,0.71
ex-copines,f,0.71
ex-corps,m,0.01
ex-couple,m,0.01
ex-danseuse,f,0.14
ex-dealer,m,0.02
ex-dieu,m,0.01
ex-diva,f,0.07
ex-drifter,m,0.07
ex-drôlesse,f,0.07
ex-dulcinée,f,0.07
ex-démon,m,0.10
ex-démons,m,0.10
ex-enseigne,m,0.07
ex-enzymes,f,0.07
ex-femme,f,6.75
ex-femmes,f,6.75
ex-fiancé,m,0.18
ex-fiancée,f,0.18
ex-fils,m,0.07
ex-flic,m,0.27
ex-flics,m,0.27
ex-forçats,m,0.01
ex-fusilleurs,m,0.07
ex-gang,m,0.07
ex-garde,f,0.20
ex-gardes,f,0.20
ex-gendre,m,0.01
ex-gonzesse,f,0.14
ex-gouverneur,m,0.14
ex-gravosse,f,0.07
ex-griot,m,0.07
ex-griveton,m,0.07
ex-grognasse,f,0.07
ex-groupe,m,0.07
ex-guenilles,f,0.07
ex-génie,m,0.07
ex-homme,m,0.06
ex-homme-grenouille,m,0.01
ex-hôpital,m,0.07
ex-immeuble,m,0.07
ex-inspecteur,m,0.03
ex-inspecteurs,m,0.03
ex-junkie,m,0.03
ex-kid,m,0.27
ex-leader,m,0.02
ex-libris,m,0.14
ex-lieutenant,m,0.01
ex-lit,m,0.07
ex-lycée,m,0.07
ex-légionnaire,m,0.07
ex-madame,f,0.07
ex-maire,m,0.01
ex-mari,m,5.05
ex-marine,f,0.07
ex-maris,m,5.05
ex-maître,m,0.07
ex-mecs,m,0.10
ex-membre,m,0.03
ex-ministre,m,0.41
ex-ministres,m,0.41
ex-miss,f,0.05
ex-monteur,m,0.02
ex-motard,m,0.01
ex-nana,f,0.12
ex-officier,m,0.14
ex-opérateur,m,0.07
ex-palmes,f,0.14
ex-para,m,0.14
ex-patron,m,0.20
ex-perroquet,m,0.01
ex-petit,m,0.68
ex-petite,f,0.68
ex-petits,m,0.68
ex-pharmaciennes,f,0.07
ex-planton,m,0.07
ex-planète,f,0.01
ex-plâtrier,m,0.07
ex-poivrots,m,0.01
ex-premier,m,0.01
ex-prison,f,0.01
ex-procureur,m,0.03
ex-profession,f,0.07
ex-profileur,m,0.01
ex-promoteur,m,0.01
ex-présentateur,m,0.07
ex-président,m,0.71
ex-présidents,m,0.71
ex-prêtre,m,0.01
ex-putain,f,0.07
ex-putes,f,0.01
ex-quincaillerie,f,0.14
ex-quincaillier,m,0.27
ex-reine,f,0.02
ex-roi,m,0.20
ex-républiques,f,0.01
ex-résidence,f,0.01
ex-sacs,m,0.07
ex-sergent,m,0.14
ex-sergents,m,0.14
ex-soldats,m,0.07
ex-star,f,0.14
ex-strip-teaseuse,f,0.07
ex-sénateur,m,0.14
ex-taulard,m,0.38
ex-taulards,m,0.38
ex-teinturier,m,0.01
ex-tirailleur,m,0.07
ex-tueur,m,0.01
ex-tuteur,m,0.01
ex-union,f,0.07
ex-usine,f,0.01
ex-vedette,f,0.11
ex-violeurs,m,0.01
ex-voto,m,1.69
ex-épouse,f,0.30
ex-épouses,f,0.30
ex-équipier,m,0.07
exacerbation,f,0.07
exaction,f,1.69
exactions,f,1.69
exactitude,f,5.00
exactitudes,f,5.00
exagération,f,2.36
exagérations,f,2.36
exaltation,f,16.22
exaltations,f,16.22
exalté,m,2.23
exaltée,f,2.23
exaltées,f,2.23
exaltés,m,2.23
exam,m,3.08
examen,m,47.77
examens,m,47.77
examinateur,m,1.49
examinateurs,m,1.49
examinatrice,f,1.49
exams,m,3.08
exarque,m,0.07
exaspération,f,4.46
exaspérations,f,4.46
exaucement,m,0.07
excavateur,m,0.14
excavateurs,m,0.14
excavation,f,1.28
excavations,f,1.28
excavatrice,f,0.14
excellence,f,23.29
excellences,f,23.29
excentricité,f,1.55
excentricités,f,1.55
exception,f,24.80
exceptions,f,24.80
exciseuse,f,0.20
exciseuses,f,0.20
excision,f,0.81
excitant,m,1.15
excitants,m,1.15
excitation,f,16.69
excitations,f,16.69
exciteur,m,0.07
excité,m,2.77
excitée,f,2.77
excitées,f,2.77
excités,m,2.77
exclamation,f,11.76
exclamations,f,11.76
exclu,m,1.42
exclue,f,1.42
exclues,f,1.42
exclus,m,1.42
exclusion,f,3.92
exclusions,f,3.92
exclusive,f,0.47
exclusives,f,0.47
exclusivité,f,3.21
exclusivités,f,3.21
excommunication,f,1.28
excommunications,f,1.28
excommunié,m,0.68
excommuniés,m,0.68
excroissance,f,1.55
excroissances,f,1.55
excrément,m,3.99
excréments,m,3.99
excrétion,f,0.14
excrétions,f,0.14
excursion,f,4.59
excursions,f,4.59
excuse,f,61.58
excuses,f,61.58
excès,m,22.23
excédent,m,0.87
excédents,m,0.87
exeat,m,0.27
exemplaire,m,14.26
exemplaires,m,14.26
exemplarité,f,0.01
exemple,m,126.62
exemples,m,126.62
exempt,m,0.27
exemption,f,0.68
exemptions,f,0.68
exempts,m,0.27
exempté,m,0.14
exequatur,m,0.07
exercice,m,27.36
exercices,m,27.36
exergue,m,0.68
exfiltration,f,0.07
exhalaison,f,1.69
exhalaisons,f,1.69
exhalation,f,0.01
exhaussement,m,0.07
exhaustion,f,0.34
exhaustivité,f,0.07
exhibition,f,2.77
exhibitionnisme,m,0.81
exhibitions,f,2.77
exhortation,f,1.69
exhortations,f,1.69
exhumation,f,0.30
exigence,f,17.36
exigences,f,17.36
exiguïté,f,1.76
exil,m,13.99
exils,m,13.99
exilé,m,4.05
exilée,f,4.05
exilées,f,4.05
exilés,m,4.05
existence,f,97.36
existences,f,97.36
existentialisme,m,0.61
exit,m,0.34
exo,m,0.27
exobiologie,f,0.02
exocet,m,0.01
exode,m,4.53
exodes,m,4.53
exogamie,f,0.41
exonération,f,0.25
exorcisme,m,2.09
exorcismes,m,2.09
exorde,m,0.54
exordes,m,0.54
exos,m,0.27
exosphère,f,0.01
exosquelette,m,0.36
exostose,f,0.03
exostoses,f,0.03
exotisme,m,2.77
expansion,f,2.50
expansionnisme,m,0.07
expatriation,f,0.07
expatrié,m,0.35
expatriés,m,0.35
expectation,f,0.02
expectative,f,1.01
expectatives,f,1.01
expectorant,m,0.01
expectoration,f,0.27
expert,m,20.14
expert-comptable,m,0.23
expertise,f,2.88
expertises,f,2.88
experts,m,20.14
expiation,f,0.88
expiration,f,1.29
expirations,f,1.29
explication,f,46.28
explications,f,46.28
exploit,m,15.61
exploitant,m,0.46
exploitante,f,0.46
exploitants,m,0.46
exploitation,f,6.82
exploitations,f,6.82
exploiteur,m,1.22
exploiteurs,m,1.22
exploiteuses,f,1.22
exploits,m,15.61
exploité,m,0.68
exploitées,f,0.68
exploités,m,0.68
explorateur,m,2.64
explorateurs,m,2.64
exploration,f,4.53
explorations,f,4.53
exploratrice,f,2.64
exploreur,m,0.01
exploseur,m,0.07
explosif,m,10.04
explosifs,m,10.04
explosion,f,26.14
explosions,f,26.14
explosive,f,10.04
explétif,m,0.07
expo,f,3.77
export,m,0.58
exportateur,m,0.07
exportateurs,m,0.07
exportation,f,1.96
exportations,f,1.96
exports,m,0.58
expos,f,3.77
exposant,m,0.25
exposition,f,13.99
expositions,f,13.99
exposé,m,5.88
exposés,m,5.88
express,m,2.36
expression,f,76.89
expressionnisme,m,0.14
expressions,f,76.89
expropriation,f,0.41
expropriations,f,0.41
expropriée,f,0.10
exprès,m,0.81
expulsion,f,2.97
expulsions,f,2.97
expulsé,m,0.94
expulsés,m,0.94
expédient,m,2.64
expédients,m,2.64
expéditeur,m,1.40
expéditeurs,m,1.40
expédition,f,15.14
expéditions,f,15.14
expéditrice,f,1.40
expédiée,f,0.27
expédiées,f,0.27
expérience,f,72.04
expériences,f,72.04
expérimentateur,m,0.14
expérimentation,f,2.91
expérimentations,f,2.91
exsudat,m,0.07
exsudation,f,0.01
extase,f,11.55
extases,f,11.55
extenseur,m,0.14
extenseurs,m,0.14
extension,f,2.77
extensions,f,2.77
exterminateur,m,0.72
exterminateurs,m,0.72
extermination,f,2.09
exterminations,f,2.09
externalité,f,0.01
externat,m,0.07
exterritorialité,f,0.07
extincteur,m,1.93
extincteurs,m,1.93
extinction,f,3.65
extirpation,f,0.01
extorqueur,m,0.02
extorsion,f,1.79
extorsions,f,1.79
extra,m,4.93
extra-dry,m,0.07
extra-fort,m,0.14
extracteur,m,0.04
extracteurs,m,0.04
extraction,f,1.82
extractions,f,1.82
extradition,f,0.78
extrait,m,4.19
extraits,m,4.19
extraordinaire,m,3.04
extraordinaires,m,3.04
extrapolation,f,0.27
extrapolations,f,0.27
extras,m,4.93
extrasystole,f,0.03
extravagance,f,3.78
extravagances,f,3.78
extravagant,m,0.81
extravagante,f,0.81
extravagantes,f,0.81
extravagants,m,0.81
extravasation,f,0.01
extraverti,m,0.07
extravertie,f,0.07
extrusion,f,0.03
extrémisme,m,0.20
extrémité,f,27.09
extrémités,f,27.09
extrême,m,8.51
extrême-onction,f,1.62
extrême-orient,m,0.07
extrêmes,m,8.51
extrêmes-onctions,f,1.62
exténuation,f,0.10
exténuement,m,0.27
extérieur,m,25.53
extérieurs,m,25.53
extériorisation,f,0.05
extériorité,f,0.14
exubérance,f,3.99
exubérances,f,3.99
exultation,f,0.68
exutoire,m,0.67
exutoires,m,0.67
exécration,f,1.28
exécrations,f,1.28
exécutant,m,1.15
exécutants,m,1.15
exécuteur,m,1.07
exécuteurs,m,1.07
exécutif,m,0.88
exécutifs,m,0.88
exécution,f,23.51
exécutions,f,23.51
exécutrice,f,1.07
exégèse,f,0.61
exégèses,f,0.61
eye-liner,m,0.27
eyeliner,m,0.12
f,m,26.65
fa,m,5.23
fabiens,m,0.07
fable,f,9.80
fables,f,9.80
fabliau,m,0.41
fabliaux,m,0.41
fabricant,m,3.67
fabricante,f,3.67
fabricantes,f,3.67
fabricants,m,3.67
fabrication,f,7.97
fabrications,f,7.97
fabrique,f,7.03
fabriques,f,7.03
fabulation,f,0.41
fabulations,f,0.41
fabulatrice,f,0.07
fac,f,29.65
fac-similé,m,0.34
fac-similés,m,0.34
face,f,270.88
face-à-face,m,0.47
face-à-main,m,0.54
faces,f,270.88
faces-à-main,m,0.07
facette,f,3.18
facettes,f,3.18
facho,m,1.17
fachos,m,1.17
facilitateur,m,0.03
facilitation,f,0.03
facilité,f,15.07
facilités,f,15.07
faciès,m,2.09
faconde,f,1.62
facs,f,29.65
facteur,m,14.32
facteurs,m,14.32
factieux,m,0.24
faction,f,4.73
factions,f,4.73
factor,m,0.03
factorielle,f,0.14
factorielles,f,0.14
factorisation,f,0.01
factotum,m,1.15
factotums,m,1.15
factrice,f,14.32
factum,m,0.34
factums,m,0.34
facturation,f,0.26
facture,f,22.61
factures,f,22.61
facturette,f,0.01
facturier,m,0.14
facturière,f,0.14
faculté,f,17.30
facultés,f,17.30
facétie,f,1.96
facéties,f,1.96
fadaise,f,1.49
fadaises,f,1.49
fades,m,0.02
fadette,f,0.47
fadeur,f,1.82
fadeurs,f,1.82
fading,m,0.07
fado,m,3.33
faena,f,0.07
faf,m,0.88
fafiot,m,0.74
fafiots,m,0.74
fafs,m,0.88
fagne,f,0.34
fagnes,f,0.34
fagot,m,10.68
fagotage,m,0.07
fagotiers,m,0.07
fagotin,m,0.27
fagotins,m,0.27
fagots,m,10.68
faiblesse,f,31.62
faiblesses,f,31.62
faignant,m,0.20
faignants,m,0.20
faille,f,9.59
failles,f,9.59
failli,m,0.41
faillibilité,f,0.07
faillibilités,f,0.07
faillis,m,0.41
faillite,f,7.77
faillites,f,7.77
faim,f,128.04
faims,f,128.04
faine,f,1.77
fainéant,m,3.87
fainéante,f,3.87
fainéantes,f,3.87
fainéantise,f,0.34
fainéants,m,3.87
fair-play,m,0.60
faire-part,m,3.04
faire-valoir,m,0.68
faisabilité,f,0.19
faisan,m,4.12
faisanderie,f,0.27
faisane,f,4.12
faisans,m,4.12
faisceau,m,10.00
faisceaux,m,10.00
faiseur,m,3.24
faiseurs,m,3.24
faiseuse,f,3.24
faiseuses,f,3.24
fait,m,412.07
fait-divers,m,0.20
fait-tout,m,0.74
faitout,m,0.20
faitouts,m,0.20
faits,m,412.07
faits-divers,m,0.07
faix,m,0.68
fakir,m,1.22
fakirs,m,1.22
falaise,f,20.68
falaises,f,20.68
falbala,m,1.55
falbalas,m,1.55
falerne,m,0.07
falot,m,0.88
falots,m,0.88
falsification,f,0.37
faluche,f,0.14
falzar,m,1.01
falzars,m,1.01
familiale,f,0.20
familiales,f,0.20
familiarité,f,7.30
familiarités,f,7.30
familier,m,5.14
familiers,m,5.14
familistère,m,0.07
famille,f,384.92
familles,f,384.92
famine,f,6.76
famines,f,6.76
famulus,m,0.14
fan-club,m,0.28
fanal,m,3.24
fanatisme,m,2.84
fanatismes,m,2.84
fanaux,m,3.24
fanchon,f,0.07
fandango,m,0.38
fane,f,1.01
fanes,f,1.01
faneuse,f,0.27
faneuses,f,0.27
fanfan,m,1.22
fanfare,f,5.27
fanfares,f,5.27
fanfaron,m,0.90
fanfaronnade,f,0.74
fanfaronnades,f,0.74
fanfaronne,f,0.90
fanfarons,m,0.90
fanfreluche,f,1.42
fanfreluches,f,1.42
fange,f,1.96
fanges,f,1.96
fanion,m,3.51
fanions,m,3.51
fanon,m,0.61
fanons,m,0.61
fantaisie,f,16.89
fantaisies,f,16.89
fantasia,f,0.54
fantasmagorie,f,0.88
fantasmagories,f,0.88
fantasme,m,9.18
fantasmes,m,9.18
fantassin,m,6.62
fantassins,m,6.62
fantastique,m,9.06
fantastiques,m,9.06
fanti,m,0.07
fantoche,m,1.28
fantoches,m,1.28
fantôme,m,48.23
fantômes,m,48.23
fanzine,m,0.49
fanzines,m,0.49
faon,m,1.08
faons,m,1.08
faquin,m,0.45
faquins,m,0.45
far,m,0.65
far-west,m,0.07
farad,m,0.75
farads,m,0.75
farandole,f,1.42
farandoles,f,1.42
faraud,m,0.61
faraude,f,0.61
faraudes,f,0.61
farauds,m,0.61
farce,f,12.50
farces,f,12.50
farceur,m,2.06
farceurs,m,2.06
farceuse,f,2.06
farceuses,f,2.06
fard,m,7.57
fardeau,m,7.70
fardeaux,m,7.70
fardier,m,0.34
fardiers,m,0.34
fards,m,7.57
fare,m,0.07
farfadet,m,0.45
farfadets,m,0.45
faribole,f,1.49
fariboles,f,1.49
farigoule,f,0.07
farine,f,13.72
farines,f,13.72
farniente,m,0.47
faro,m,0.16
farsi,m,0.39
fart,m,0.42
fascia,m,0.07
fascicule,m,0.95
fascicules,m,0.95
fascination,f,7.50
fascinations,f,7.50
fascine,f,0.61
fascines,f,0.61
fascisme,m,6.76
fashion,f,0.28
fast food,m,2.34
fast-food,m,2.34
fast-foods,m,2.34
fat,m,2.29
fatalisme,m,1.76
fatalité,f,8.85
fatalités,f,8.85
fathma,f,0.10
fathom,m,0.07
fatigue,f,69.46
fatigues,f,69.46
fatma,f,0.95
fatmas,f,0.95
fatras,m,2.91
fats,m,2.29
fatuité,f,0.95
fatum,m,0.47
fau,m,0.14
faubert,m,0.07
faubourg,m,22.09
faubourgs,m,22.09
fauchage,m,0.34
fauchaison,f,0.20
fauchard,m,0.14
fauche,f,0.81
fauches,f,0.81
faucheur,m,2.07
faucheurs,m,2.07
faucheuse,f,2.07
faucheuses,f,2.07
faucheux,m,0.68
fauchon,m,0.20
faucille,f,2.57
faucilles,f,2.57
faucillon,m,0.20
faucon,m,5.93
fauconneau,m,0.22
fauconnerie,f,0.07
fauconnier,m,0.41
fauconniers,m,0.41
faucons,m,5.93
faufil,m,0.07
faunesse,f,0.07
faussaire,m,1.35
faussaires,m,1.35
fausse-couche,f,0.20
fausset,m,1.55
faussets,m,1.55
fausseté,f,1.08
faute,f,169.26
fautes,f,169.26
fauteuil,m,102.03
fauteuil-club,m,0.27
fauteuils,m,102.03
fauteuils-club,m,0.07
fauteur,m,1.82
fauteurs,m,1.82
fauteuse,f,1.82
fautrice,f,1.82
fauve,m,13.38
fauverie,f,0.14
fauves,m,13.38
fauvette,f,2.23
fauvettes,f,2.23
fauvisme,m,0.01
faux-bond,m,0.07
faux-bourdon,m,0.07
faux-col,m,0.34
faux-cul,m,0.41
faux-filet,m,0.34
faux-fuyant,m,1.22
faux-fuyants,m,1.22
faux-monnayeur,m,0.61
faux-monnayeurs,m,0.61
faux-pas,m,0.38
faux-pont,m,0.01
faux-sauniers,m,0.07
faux-semblant,m,1.49
faux-semblants,m,1.49
favela,f,1.62
favelas,f,1.62
faveur,f,36.65
faveurs,f,36.65
favori,m,4.19
favoris,m,4.19
favorite,f,2.64
favorites,f,2.64
favoritisme,m,0.47
fax,m,5.59
fayard,m,0.27
fayards,m,0.27
fayot,m,1.28
fayotage,m,0.07
fayots,m,1.28
fazenda,f,0.35
façade,f,46.76
façades,f,46.76
façon,f,277.30
façonnière,f,0.07
façonné,m,0.27
façonnés,m,0.27
façons,f,277.30
faînes,m,0.07
faîtage,m,0.47
faîtages,m,0.47
faîte,m,56.42
faîtes-la-moi,m,0.01
faîtière,f,0.14
faïence,f,9.86
faïencerie,f,0.14
faïences,f,9.86
faïencier,m,0.14
faïenciers,m,0.14
fedayin,m,0.01
feed-back,m,0.04
feedback,m,0.10
feeder,m,0.01
feeling,m,1.53
feelings,m,1.53
feignant,m,3.11
feignante,f,3.11
feignantes,f,3.11
feignants,m,3.11
feignasse,f,0.72
feignasses,f,0.72
feinte,f,2.36
feintes,f,2.36
feinteur,m,0.02
feintise,f,0.07
feld-maréchal,m,0.32
feldgrau,m,0.47
feldspath,m,0.14
feldwebel,m,1.42
feldwebels,m,1.42
fellaga,m,0.81
fellagas,m,0.81
fellagha,m,0.34
fellaghas,m,0.34
fellah,m,0.27
fellahs,m,0.27
fellation,f,0.98
fellations,f,0.98
fellinien,m,0.07
felouque,f,1.49
felouques,f,1.49
femelle,f,12.64
femelles,f,12.64
femme,f,1049.32
femme-enfant,f,0.35
femme-fleur,f,0.07
femme-objet,f,0.07
femme-refuge,f,0.07
femme-robot,f,0.07
femmelette,f,1.34
femmelettes,f,1.34
femmes,f,1049.32
fenaison,f,0.34
fenaisons,f,0.34
fendant,m,0.20
fendard,m,0.27
fendeur,m,0.34
fendeurs,m,0.34
fendillement,m,0.14
fendillements,m,0.14
fendoir,m,0.11
fenestrages,m,0.07
fenestrelle,f,0.14
fenians,m,0.07
fenil,m,0.41
fenils,m,0.41
fennec,m,0.20
fennecs,m,0.20
fenouil,m,1.14
fente,f,15.61
fentes,f,15.61
fenton,m,0.43
fenugrec,m,0.03
fenêtre,f,280.20
fenêtres,f,280.20
fer,m,114.19
fer-blanc,m,2.84
ferblanterie,f,0.27
ferblantier,m,0.34
ferblantiers,m,0.34
feria,f,0.20
ferias,f,0.20
ferlage,f,0.10
fermage,m,0.74
fermages,m,0.74
ferme,f,76.86
ferment,m,1.76
fermentation,f,1.28
fermentations,f,1.28
ferments,m,1.76
fermes,f,76.86
fermes-hôtels,f,0.07
fermette,f,0.34
fermeture,f,15.74
fermetures,f,15.74
fermeté,f,10.47
fermi,m,0.01
fermier,m,12.36
fermiers,m,12.36
fermions,m,0.01
fermium,m,0.01
fermière,f,12.36
fermières,f,12.36
fermoir,m,2.09
fermoirs,m,2.09
ferrage,m,0.47
ferrages,m,0.47
ferraille,f,13.72
ferraillement,m,0.68
ferrailles,f,13.72
ferrailleur,m,1.62
ferrailleurs,m,1.62
ferrets,m,0.20
ferries,m,2.12
ferro,m,0.07
ferrocyanure,m,0.07
ferrocérium,m,0.07
ferronnerie,f,0.68
ferronneries,f,0.68
ferronnier,m,0.68
ferronniers,m,0.68
ferronnière,f,0.68
ferrure,f,1.42
ferrures,f,1.42
ferry,m,2.12
ferry-boat,m,0.20
fers,m,114.19
fertilisant,m,0.07
fertilisation,f,0.14
fertilité,f,1.13
ferté,f,0.27
ferveur,f,10.88
ferveurs,f,10.88
fesse,f,45.14
fesse-mathieu,m,0.07
fesses,f,45.14
fesseur,m,0.14
fesseuse,f,0.14
fessier,m,0.68
fessiers,m,0.68
fessée,f,4.44
fessées,f,4.44
festin,m,5.68
festins,m,5.68
festival,m,7.65
festivalier,m,0.07
festivals,m,7.65
festivité,f,1.21
festivités,f,1.21
feston,m,1.49
festonnements,m,0.07
festons,m,1.49
feta,f,0.09
fettucine,f,0.05
feu,m,236.15
feudataire,m,0.07
feuillage,m,23.72
feuillages,m,23.72
feuillaison,f,0.14
feuillantines,f,0.20
feuille,f,138.04
feuilles,f,138.04
feuillet,m,10.00
feuilletage,m,0.20
feuilleton,m,6.28
feuilletons,m,6.28
feuillets,m,10.00
feuillette,f,1.08
feuillettement,m,0.14
feuillettes,f,1.08
feuilleté,m,0.79
feuilletés,m,0.79
feuillu,m,0.14
feuillure,f,0.14
feuillures,f,0.14
feuillus,m,0.14
feuillée,f,1.42
feuillées,f,1.42
feulement,m,1.08
feulements,m,1.08
feurre,m,0.07
feutrage,m,0.41
feutrages,m,0.41
feutre,m,13.99
feutres,m,13.99
feutrine,f,0.74
feux,m,236.15
fez,m,1.15
fiabilité,f,0.37
fiacre,m,5.20
fiacres,m,5.20
fiancé,m,51.51
fiancée,f,51.51
fiancées,f,51.51
fiancés,m,51.51
fiançailles,f,6.96
fiasco,m,2.16
fiascos,m,2.16
fiasque,f,0.41
fiasques,f,0.41
fiat,m,0.07
fibre,f,7.43
fibres,f,7.43
fibrillation,f,0.69
fibrille,f,0.61
fibrilles,f,0.61
fibrillé,m,0.01
fibrine,f,0.14
fibrinogène,m,0.03
fibrociment,m,0.27
fibrome,m,1.01
fibromes,m,1.01
fibroscope,m,0.08
fibroscopie,f,0.05
fibrose,f,0.28
fibrotoxine,f,0.14
fibule,f,0.07
fic,m,0.01
ficaires,f,0.07
ficelle,f,21.22
ficelles,f,21.22
fichage,m,0.01
fichaise,f,0.20
fichaises,f,0.20
fiche,f,14.73
fiches,f,14.73
fichier,m,11.10
fichiers,m,11.10
fichu,m,4.93
fichus,m,4.93
fiction,f,6.46
fictions,f,6.46
ficus,m,0.20
fiducie,f,0.06
fidéicommis,m,0.42
fidélité,f,18.31
fidélités,f,18.31
fief,m,3.45
fiefs,m,3.45
fiel,m,2.50
field,m,0.47
fiente,f,2.70
fientes,f,2.70
fier-à-bras,m,0.14
fiers-à-bras,m,0.27
fierté,f,29.93
fiertés,f,29.93
fiesta,f,2.43
fiestas,f,2.43
fieu,m,0.07
fieux,m,0.02
fifi,m,7.77
fifille,f,1.35
fifis,m,7.77
fifre,m,2.09
fifrelin,m,0.54
fifrelins,m,0.54
fifres,m,2.09
fifty,m,0.47
fifty-fifty,m,0.07
figaro,m,1.42
figaros,m,1.42
fignard,m,0.07
fignolage,m,0.41
fignolages,m,0.41
fignoleur,m,0.01
figue,f,7.38
figues,f,7.38
figuier,m,3.58
figuiers,m,3.58
figurant,m,5.07
figurante,f,5.07
figurantes,f,5.07
figurants,m,5.07
figuration,f,2.57
figurations,f,2.57
figure,f,95.34
figures,f,95.34
figurine,f,2.43
figurines,f,2.43
fil,m,99.73
fil-à-fil,m,0.34
filage,m,0.14
filament,m,2.16
filaments,m,2.16
filandres,f,0.07
filaos,m,0.07
filariose,f,0.05
filasse,f,0.47
filasses,f,0.47
filateur,m,0.27
filateurs,m,0.27
filature,f,2.10
filatures,f,2.10
file,f,25.54
file-la-moi,f,0.01
files,f,25.54
filet,m,41.49
filetage,m,0.09
filets,m,41.49
fileur,m,0.14
fileuse,f,0.14
filiale,f,1.33
filiales,f,1.33
filiation,f,2.36
filiations,f,2.36
filigrane,m,2.97
filigranes,m,2.97
filin,m,2.64
filins,m,2.64
filière,f,3.18
filières,f,3.18
fillasses,f,0.07
fille,f,841.56
fille-mère,f,0.41
filles,f,841.56
fillette,f,22.97
fillettes,f,22.97
filleul,m,2.72
filleule,f,2.72
filleuls,m,2.72
fillér,m,0.01
film,m,252.66
film-livre,m,0.07
filmage,m,0.02
filmographie,f,0.03
filmothèque,f,0.01
films,m,252.66
films-annonces,m,0.07
filochard,m,0.20
filoche,f,0.47
filon,m,5.61
filons,m,5.61
filoselle,f,0.34
filou,m,2.48
filous,m,2.48
filouterie,f,0.34
filouteries,f,0.34
fils,m,480.15
filtrage,m,0.26
filtration,f,0.20
filtrations,f,0.20
filtre,m,4.54
filtres,m,4.54
filé,m,0.41
filés,m,0.41
finage,m,0.07
final,m,3.76
finalisation,f,0.07
finalité,f,0.46
finalités,f,0.46
finals,m,3.76
finance,f,8.78
financement,m,2.90
financements,m,2.90
finances,f,8.78
financier,m,1.69
financiers,m,1.69
financière,f,1.69
financières,f,1.69
finasserie,f,0.20
finasseries,f,0.20
finaud,m,0.34
finaude,f,0.34
finauds,m,0.34
fine,f,3.92
fines,f,3.92
finesse,f,9.32
finesses,f,9.32
finette,f,0.68
finish,m,0.61
finisseur,m,0.03
finisseuse,f,0.03
finition,f,1.28
finitions,f,1.28
finitude,f,0.20
finlandais,m,0.61
finlandaise,f,0.61
finlandisation,f,0.07
finnois,m,0.54
fiole,f,5.14
fioles,f,5.14
fion,m,2.64
fions,m,2.64
fiord,m,0.07
fioriture,f,2.09
fioritures,f,2.09
fioul,m,0.06
firmament,m,2.09
firmaments,m,2.09
firman,m,0.20
firmans,m,0.20
firme,f,4.32
firmes,f,4.32
fisc,m,2.53
fiscalité,f,0.09
fission,f,0.52
fissure,f,8.11
fissures,f,8.11
fiston,m,30.43
fistons,m,30.43
fistule,f,0.06
fistules,f,0.06
fitness,m,0.39
five o'clock,m,0.14
fivete,f,0.20
fixage,m,0.14
fixateur,m,0.05
fixatif,m,0.07
fixation,f,1.96
fixations,f,1.96
fixe-chaussettes,f,0.20
fixette,f,0.24
fixing,m,0.08
fixité,f,4.86
fièvre,f,42.64
fièvres,f,42.64
fiérot,m,0.07
fjord,m,1.07
fjords,m,1.07
fla,m,0.03
flaccidité,f,0.07
flache,f,0.27
flaches,f,0.27
flacon,m,19.46
flacons,m,19.46
flafla,m,0.20
flag,m,0.57
flagellant,m,0.11
flagellants,m,0.11
flagellateur,m,0.01
flagellation,f,0.81
flagellations,f,0.81
flagelle,m,0.07
flagellé,m,0.34
flageolet,m,1.49
flageolets,m,1.49
flagornerie,f,0.68
flagorneries,f,0.68
flagorneur,m,0.33
flagorneurs,m,0.33
flagrance,f,0.01
flair,m,4.80
flaireur,m,0.27
flaireurs,m,0.27
flaireuse,f,0.27
flamand,m,2.30
flamande,f,2.30
flamandes,f,2.30
flamands,m,2.30
flamant,m,1.29
flamants,m,1.29
flambard,m,0.34
flambe,f,0.68
flambeau,m,7.09
flambeaux,m,7.09
flamberge,f,0.07
flambeur,m,1.89
flambeurs,m,1.89
flambeuse,f,1.89
flamboiement,m,1.49
flamboiements,m,1.49
flamboyance,f,0.01
flambée,f,3.31
flambées,f,3.31
flamenco,m,1.04
flamine,m,0.01
flamme,f,71.82
flammes,f,71.82
flammèche,f,2.57
flammèches,f,2.57
flan,m,2.77
flanc,m,46.89
flanc-garde,f,0.27
flanchet,m,0.07
flancs,m,46.89
flancs-gardes,f,0.27
flandrin,m,0.41
flanelle,f,8.99
flanelles,f,8.99
flanquement,m,0.07
flans,m,2.77
flaque,f,23.99
flaques,f,23.99
flash,m,8.52
flash-back,m,0.74
flashage,m,0.14
flashes,m,2.16
flasheur,m,0.03
flashs,m,8.52
flask,m,0.07
flat,m,0.63
flats,m,0.63
flatterie,f,2.64
flatteries,f,2.64
flatteur,m,0.62
flatteurs,m,0.62
flatulence,f,0.47
flatulences,f,0.47
flatuosité,f,0.07
flatus vocis,m,0.07
flaveur,f,0.01
flegmatisme,m,0.07
flegme,m,2.43
flemmard,m,0.80
flemmarde,f,0.80
flemmardise,f,0.07
flemmards,m,0.80
flemme,f,1.62
fleur,f,164.39
fleurage,m,0.27
fleuret,m,2.43
fleurets,m,2.43
fleurette,f,2.97
fleurettes,f,2.97
fleurissement,m,0.14
fleuron,m,1.15
fleurons,m,1.15
fleurs,f,164.39
fleuve,m,46.89
fleuves,m,46.89
flexibilité,f,0.44
flexion,f,0.97
flexions,f,0.97
flexuosité,f,0.07
flibuste,f,0.14
flibustier,m,0.74
flibustiers,m,0.74
flic,m,153.50
flicage,m,0.14
flicaille,f,1.28
flicailles,f,1.28
flicard,m,2.03
flicards,m,2.03
flics,m,153.50
flingage,m,0.27
flingot,m,0.41
flingots,m,0.41
flingue,m,44.48
flingues,m,44.48
flingueur,m,0.61
flingueurs,m,0.61
flingueuse,f,0.61
flingueuses,f,0.61
flint,m,0.07
flip,m,1.63
flip-flap,m,0.14
flip-flop,m,0.07
flipper,m,2.43
flippers,m,2.43
flippé,m,0.95
flippée,f,0.95
flippés,m,0.95
flips,m,1.63
fliquesse,f,0.02
flirt,m,3.65
flirtation,f,0.01
flirteur,m,0.11
flirteuse,f,0.11
flirts,m,3.65
floche,f,0.27
floches,f,0.27
flocon,m,8.92
flocons,m,8.92
floculation,f,0.01
flonflon,m,1.35
flonflons,m,1.35
flood,m,0.04
flop,m,0.76
flops,m,0.76
flopée,f,0.74
flopées,f,0.74
floraison,f,4.12
floraisons,f,4.12
floralies,f,0.07
flore,f,1.55
florence,f,0.07
flores,f,1.55
florilège,m,0.14
florin,m,3.55
florins,m,3.55
floréal,m,0.20
flot,m,45.95
flots,m,45.95
flottabilité,f,0.02
flottage,m,0.07
flottaison,f,1.28
flottaisons,f,1.28
flottant,m,0.88
flottants,m,0.88
flottation,f,0.01
flotte,f,27.64
flottement,m,2.43
flottements,m,2.43
flottes,f,27.64
flotteur,m,1.62
flotteurs,m,1.62
flottille,f,1.76
flottilles,f,1.76
flou,m,3.92
flouerie,f,0.07
flous,m,3.92
flouse,m,0.14
flouve,f,0.07
flouzaille,f,0.07
flouze,m,0.34
fluctuation,f,0.95
fluctuations,f,0.95
fluence,f,0.01
fluide,m,3.27
fluides,m,3.27
fluidifiant,m,0.03
fluidité,f,1.35
fluor,m,0.12
fluorescence,f,0.14
fluorescéine,f,0.01
fluorite,f,0.04
fluorure,m,0.17
flush,m,1.17
flux,m,6.42
fluxion,f,0.47
flâne,f,0.14
flânerie,f,2.43
flâneries,f,2.43
flâneur,m,1.69
flâneurs,m,1.69
flâneuse,f,0.01
flâneuses,f,1.69
flèche,f,25.00
flèches,f,25.00
fléau,m,5.10
fléaux,m,5.10
fléchette,f,1.60
fléchettes,f,1.60
fléchissement,m,1.15
fléchissements,m,1.15
fléole,f,0.07
flétan,m,0.26
flétans,m,0.26
flétrissement,m,0.10
flétrissure,f,0.88
flétrissures,f,0.88
flûte,f,10.61
flûtes,f,10.61
flûtiau,m,0.10
foc,m,1.28
focale,f,0.02
focalisation,f,0.01
focs,m,1.28
foehn,m,0.04
foetus,m,3.06
fofolle,f,0.20
fofolles,f,0.20
foi,f,76.49
foie,m,23.48
foies,m,23.48
foil,m,0.01
foin,m,17.91
foins,m,17.91
foirade,f,0.34
foirades,f,0.34
foirail,m,0.47
foirails,m,0.47
foire,f,15.95
foires,f,15.95
foiridon,m,0.20
fois,f,1140.00
foison,f,1.15
foisonnement,m,1.55
folasse,f,0.01
folichonneries,f,0.07
folie,f,60.74
folies,f,60.74
folio,m,0.54
folioles,f,0.14
folios,m,0.54
folk,m,2.64
folklore,m,3.78
folklores,m,3.78
folks,m,2.64
folle,f,94.17
folles,f,94.17
follet,m,0.14
folliculaires,m,0.07
follicule,m,0.36
follicules,m,0.36
folliculite,f,0.02
folâtreries,f,0.07
fomentateurs,m,0.01
fonceur,m,0.72
fonceurs,m,0.72
fonceuse,f,0.72
foncier,m,0.02
foncteur,m,0.01
fonction,f,37.91
fonctionnalité,f,0.07
fonctionnement,m,6.01
fonctions,f,37.91
fond,m,376.15
fondamentalisme,m,0.02
fondant,m,0.68
fondants,m,0.68
fondateur,m,5.11
fondateurs,m,5.11
fondation,f,9.74
fondations,f,9.74
fondatrice,f,5.11
fondatrices,f,5.11
fondement,m,3.78
fondements,m,3.78
fonderie,f,1.42
fonderies,f,1.42
fondeur,m,0.41
fondouk,m,0.07
fondrière,f,1.96
fondrières,f,1.96
fonds,m,16.62
fondu,m,1.01
fondue,f,1.08
fondues,f,1.08
fondus,m,1.01
fongicide,m,0.04
fongus,m,0.04
fontaine,f,24.46
fontaines,f,24.46
fontainette,f,0.27
fontainier,m,0.27
fontanelle,f,0.14
fonte,f,8.78
fontes,f,8.78
fonts,m,1.08
foot,m,24.18
football,m,13.93
footballeur,m,2.76
footballeur-vedette,m,0.01
footballeurs,m,2.76
footballeuse,f,2.76
footeux,m,0.04
footing,m,0.45
for,m,21.32
forage,m,0.91
forages,m,0.91
forain,m,2.50
foraine,f,2.50
foraines,f,2.50
forains,m,2.50
foramen,m,0.03
foraminifères,m,0.01
forban,m,1.01
forbans,m,1.01
force,f,344.73
forcement,m,0.81
forcené,m,2.23
forcenée,f,2.23
forcenées,f,2.23
forcenés,m,2.23
forceps,m,0.95
forces,f,344.73
forceur,m,0.20
forceurs,m,0.20
forcing,m,0.88
foreign office,m,2.50
forestier,m,4.19
forestiers,m,4.19
foret,m,1.56
forets,m,1.56
foreur,m,1.20
foreurs,m,1.20
foreuse,f,1.20
foreuses,f,1.20
forfait,m,4.59
forfaits,m,4.59
forfaiture,f,0.61
forfanterie,f,0.74
forfanteries,f,0.74
forficules,f,0.07
forge,f,8.58
forgeage,m,0.14
forgeries,f,0.07
forgeron,m,4.39
forgeronne,f,4.39
forgerons,m,4.39
forges,f,8.58
forgeur,m,0.15
forints,m,0.14
forlane,f,0.10
formage,m,0.07
formaldéhyde,m,0.34
formalisme,m,0.34
formalité,f,7.08
formalités,f,7.08
formant,m,0.47
format,m,8.11
formatage,m,0.07
formateur,m,0.06
formation,f,14.40
formations,f,14.40
formatrice,f,0.06
formats,m,8.11
forme,f,176.69
formes,f,176.69
formica,m,2.03
formicas,m,2.03
formol,m,0.88
formulaire,m,9.73
formulaires,m,9.73
formulation,f,1.15
formulations,f,1.15
formule,f,34.39
formules,f,34.39
formulettes,f,0.07
fornicateur,m,0.51
fornicateurs,m,0.51
fornication,f,1.22
fornications,f,1.22
fornicatrice,f,0.51
forsythias,m,0.07
fort,m,13.49
forteresse,f,16.96
forteresses,f,16.96
fortifiant,m,0.54
fortifiants,m,0.54
fortification,f,2.36
fortifications,f,2.36
fortifs,f,1.01
fortin,m,3.31
fortins,m,3.31
fortissimo,m,0.20
fortitude,f,0.07
fortraiture,f,0.07
forts,m,13.49
fortune,f,51.49
fortunes,f,51.49
forum,m,1.40
forums,m,1.40
forçage,m,0.14
forçat,m,3.11
forçats,m,3.11
forêt,f,113.31
forêts,f,113.31
fosse,f,14.05
fosses,f,14.05
fossette,f,4.32
fossettes,f,4.32
fossile,m,2.02
fossiles,m,2.02
fossilisation,f,0.13
fossoyeur,m,2.77
fossoyeurs,m,2.77
fossoyeuse,f,0.01
fossé,m,26.42
fossés,m,26.42
fou,m,94.17
fou-fou,m,0.01
fou-rire,m,0.14
fouaces,f,0.07
fouaille,f,1.22
foucade,f,0.47
foucades,f,0.47
foudroiement,m,0.01
fouet,m,18.31
fouets,m,18.31
fouettement,m,0.27
fouettements,m,0.27
fouetteur,m,0.41
fouetteurs,m,0.41
fouetteuse,f,0.41
fouetté,m,0.54
fouettés,m,0.54
foufoune,f,0.69
foufounes,f,0.69
foufounette,f,0.20
fougasse,f,2.54
fougeraie,f,0.61
fougeraies,f,0.61
fougue,f,5.14
fougues,f,5.14
fougère,f,8.11
fougères,f,8.11
fouille,f,11.28
fouilles,f,11.28
fouillette,f,0.20
fouilleur,m,0.41
fouilleurs,m,0.41
fouilleuse,f,0.41
fouillis,m,7.16
fouinard,m,0.13
fouinards,m,0.13
fouine,f,2.87
fouines,f,2.87
fouineur,m,0.80
fouineurs,m,0.80
fouineuse,f,0.80
fouisseur,m,0.14
fouisseurs,m,0.14
foulage,m,0.07
foulard,m,19.19
foulards,m,19.19
foule,f,112.30
foules,f,112.30
fouleur,m,0.01
fouloir,m,0.14
foulon,m,0.14
foulque,f,0.07
foulques,f,0.07
foulure,f,0.21
foulures,f,0.21
foulée,f,7.30
foulées,f,7.30
four,m,28.99
fourberie,f,1.28
fourberies,f,1.28
fourbi,m,3.18
fourbis,m,3.18
fourche,f,8.18
fourches,f,8.18
fourchet,m,0.14
fourchets,m,0.14
fourchette,f,14.19
fourchettes,f,14.19
fourchures,f,0.14
fourchée,f,0.07
fourgon,m,8.69
fourgonnette,f,1.76
fourgonnettes,f,1.76
fourgons,m,8.69
fourgue,m,2.23
fourgues,m,2.23
fourme,f,0.41
fourmes,f,0.41
fourmi,f,12.77
fourmi-lion,m,0.14
fourmilier,m,2.91
fourmilion,m,0.14
fourmilière,f,2.91
fourmilières,f,0.20
fourmillement,m,2.36
fourmillements,m,2.36
fourmis,f,12.77
fourmis-lions,m,0.14
fournaise,f,3.18
fournaises,f,3.18
fourneau,m,15.34
fourneaux,m,15.34
fournier,m,0.07
fournil,m,3.92
fourniment,m,1.01
fourniments,m,1.01
fournisseur,m,4.75
fournisseurs,m,4.75
fournisseuses,f,4.75
fourniture,f,2.77
fournitures,f,2.77
fournée,f,2.36
fournées,f,2.36
fourrage,m,2.30
fourragement,m,0.07
fourrages,m,2.30
fourrageurs,m,0.27
fourragère,f,0.27
fourragères,f,0.27
fourre,f,0.20
fourre-tout,m,0.54
fourreau,m,4.32
fourreaux,m,4.32
fourreur,m,0.68
fourreurs,m,0.68
fourrier,m,1.82
fourriers,m,1.82
fourrière,f,2.83
fourrure,f,21.42
fourrures,f,21.42
fourré,m,15.00
fourrés,m,15.00
fours,m,28.99
fourvoiement,m,0.14
fourvoiements,m,0.14
fous,m,94.17
foutaise,f,8.66
foutaises,f,8.66
fouterie,f,0.34
fouteries,f,0.34
fouteur,m,0.54
fouteurs,m,0.54
foutoir,m,2.15
foutoirs,m,2.15
foutre,m,6.42
foutrerie,f,0.01
foutriquet,m,0.20
foutriquets,m,0.20
fox,m,0.48
fox-terrier,m,0.47
fox-terriers,m,0.47
fox-trot,m,1.62
foyard,m,0.27
foyards,m,0.27
foyer,m,30.88
foyers,m,30.88
foëne,f,0.07
fra,m,0.93
frac,m,2.23
fracas,m,18.18
fracs,m,2.23
fraction,f,10.88
fractionnement,m,0.20
fractions,f,10.88
fracture,f,7.88
fractures,f,7.88
fractus,m,0.07
fragilité,f,8.65
fragilités,f,8.65
fragment,m,15.88
fragmentation,f,0.77
fragments,m,15.88
fragrance,f,1.08
fragrances,f,1.08
frai,m,0.07
frairie,f,0.41
frais,m,33.38
fraise,f,12.00
fraises,f,12.00
fraiseur,m,0.27
fraiseur-outilleur,m,0.07
fraiseurs,m,0.27
fraiseuse,f,0.27
fraisier,m,0.68
fraisiers,m,0.68
fraisil,m,0.07
framboise,f,4.86
framboises,f,4.86
framboisier,m,0.47
framboisiers,m,0.47
franc,m,82.84
franc-comtois,m,0.07
franc-jeu,m,0.56
franc-maçon,m,2.09
franc-maçonne,f,2.09
franc-maçonnerie,f,0.81
franc-parler,m,0.53
franc-tireur,m,2.30
francatu,m,0.07
francfort,f,0.14
francforts,f,0.14
franchisage,m,0.03
franchise,f,7.97
franchises,f,7.97
franchissement,m,1.08
franchissements,m,1.08
franchouillard,m,0.41
franchouillards,m,0.41
francisation,f,0.14
franciscain,m,1.01
franciscains,m,1.01
francisque,f,0.47
francisques,f,0.47
francité,f,0.68
franco-anglaises,f,0.01
franco-canadien,m,0.01
francomanie,f,0.07
francophilie,f,0.27
francophobie,f,0.07
francophonie,f,0.20
francs,m,82.84
francs-bourgeois,m,0.20
francs-maçons,m,2.09
francs-tireurs,m,2.30
frange,f,13.45
franges,f,13.45
frangin,m,18.78
frangine,f,18.78
frangines,f,18.78
frangins,m,18.78
frangipane,f,0.34
frangipanes,f,0.34
frangipaniers,m,0.07
franglais,m,0.20
franklin,m,0.07
franquette,f,0.88
franquisme,m,0.50
français,m,164.59
française,f,164.59
françaises,f,164.59
frappe,f,11.61
frappement,m,0.20
frappements,m,0.20
frappes,f,11.61
frappeur,m,0.55
frappeurs,m,0.55
frasque,f,1.76
frasques,f,1.76
frater,m,0.07
fraternisation,f,0.34
fraternité,f,7.43
fraternités,f,7.43
fratrie,f,0.14
fratries,f,0.14
fraude,f,5.54
fraudes,f,5.54
fraudeur,m,0.78
fraudeurs,m,0.78
fraudeuse,f,0.78
frayeur,f,6.89
frayeurs,f,6.89
frayée,f,0.07
fraîche,f,33.38
fraîches,f,33.38
fraîcheur,f,35.47
fraîcheurs,f,35.47
freak,m,0.24
freaks,m,0.24
fredaines,f,0.20
fredonnement,m,0.14
free jazz,m,0.07
free-jazz,m,0.07
freelance,f,0.40
freesia,m,0.07
freesias,m,0.07
freezer,m,1.08
frein,m,13.18
freinage,m,0.97
freinages,m,0.97
freineurs,m,0.01
freins,m,13.18
frelon,m,1.82
frelons,m,1.82
freluquet,m,0.68
freluquets,m,0.68
french,m,0.41
fresque,f,6.76
fresques,f,6.76
fret,m,1.19
fretin,m,0.64
fretins,m,0.64
frets,m,1.19
frette,f,0.27
freudien,m,0.27
freudiens,m,0.27
freudisme,m,0.14
freux,m,0.20
friabilité,f,0.14
friand,m,0.27
friandise,f,4.05
friandises,f,4.05
friands,m,0.27
fribourgeoise,f,0.14
fric,m,109.01
fric-frac,m,0.41
fricadelle,f,1.21
fricadelles,f,1.21
fricandeau,m,0.27
fricandeaux,m,0.27
fricasse,m,0.14
fricassée,f,0.68
fricassées,f,0.68
fricatives,f,0.01
friche,f,7.91
friches,f,7.91
frichti,m,4.39
frichtis,m,4.39
fricot,m,0.81
fricotage,m,0.20
fricotages,m,0.20
fricoteur,m,0.11
fricoteurs,m,0.11
fricots,m,0.81
frics,m,109.01
friction,f,2.36
frictions,f,2.36
fridolin,m,0.34
fridolins,m,0.34
frigidaire,m,3.45
frigidaires,m,3.45
frigide,f,0.20
frigides,f,0.20
frigidité,f,0.34
frigo,m,19.29
frigorifiques,m,0.07
frigorigène,m,0.01
frigos,m,19.29
frileuse,f,0.20
frileux,m,0.20
frilosité,f,0.07
frimaire,m,0.07
frimas,m,1.15
frime,f,8.31
frimes,f,8.31
frimeur,m,1.43
frimeurs,m,1.43
frimeuse,f,1.43
frimousse,f,1.82
frimousses,f,1.82
fringale,f,2.70
fringales,f,2.70
fringillidé,m,0.07
fringue,f,13.12
fringues,f,13.12
fripe,f,0.95
friperie,f,0.37
fripes,f,0.95
fripier,m,1.01
fripiers,m,1.01
fripon,m,0.88
friponne,f,0.88
friponnerie,f,0.14
friponnes,f,0.88
fripons,m,0.88
fripouille,f,2.23
fripouillerie,f,0.20
fripouilleries,f,0.20
fripouilles,f,2.23
frippe,f,0.07
frisbee,m,1.35
frise,f,3.45
frise-poulet,m,0.01
friselis,m,1.35
friselée,f,0.07
frises,f,3.45
frisette,f,1.42
frisettes,f,1.42
friseur,m,0.20
frison,m,0.54
frisons,m,0.54
frisottement,m,0.07
frisottis,m,0.14
frisous,m,0.14
frisselis,m,0.14
frisson,m,21.69
frissonnement,m,0.61
frissonnements,m,0.61
frissons,m,21.69
frisure,f,0.34
frisures,f,0.34
frite,f,9.33
friterie,f,0.47
friteries,f,0.47
frites,f,9.33
friteuse,f,0.41
friteuses,f,0.41
fritillaires,f,0.07
fritons,m,0.07
fritte,f,0.01
friture,f,3.78
fritures,f,3.78
friturier,m,0.07
fritz,m,1.82
frivolité,f,2.84
frivolités,f,2.84
froc,m,7.64
frocard,m,0.20
frocards,m,0.20
frocs,m,7.64
froid,m,76.08
froideur,f,7.84
froideurs,f,7.84
froids,m,76.08
froidure,f,1.69
froidures,f,1.69
froissement,m,10.54
froissements,m,10.54
fromage,m,27.22
fromager,m,0.47
fromagerie,f,0.41
fromagers,m,0.47
fromages,m,27.22
fromegi,m,0.07
froment,m,1.35
fromental,m,0.07
frometon,m,0.47
frometons,m,0.47
fronce,f,0.54
froncement,m,1.69
froncements,m,1.69
fronces,f,0.54
frondaison,f,3.92
frondaisons,f,3.92
fronde,f,1.82
frondes,f,1.82
frondeurs,m,0.02
front,m,159.12
frontal,m,0.14
frontalier,m,0.20
frontaliers,m,0.20
fronteau,m,0.07
frontispice,m,0.34
frontispices,m,0.34
frontière,f,40.47
frontières,f,40.47
fronton,m,5.47
frontons,m,5.47
fronts,m,159.12
frottage,m,0.27
frottages,m,0.27
frottement,m,5.07
frottements,m,5.07
frotteur,m,0.68
frotteurs,m,0.68
frotteuse,f,0.68
frotteuses,f,0.68
frotti-frotta,m,0.20
frottin,m,0.20
frottis,m,0.39
frottoir,m,0.41
frottoirs,m,0.41
frottons,m,0.14
frottées,f,0.14
frou-frou,m,0.47
frouement,m,0.27
frouements,m,0.27
froufrou,m,0.41
froufrous,m,0.41
froufroutement,m,0.07
frous-frous,m,0.47
froussard,m,1.99
froussarde,f,1.99
froussards,m,1.99
frousse,f,3.13
frousses,f,3.13
fructidor,m,0.07
fructification,f,0.14
fructose,m,0.07
frugalité,f,0.47
fruit,m,64.05
fruiteries,f,0.14
fruitier,m,0.81
fruitiers,m,0.81
fruitière,f,0.81
fruits,m,64.05
frusques,f,3.24
frustration,f,3.85
frustrations,f,3.85
frustré,m,0.81
frustrée,f,0.81
frustrées,f,0.81
frustrés,m,0.81
frère,m,390.39
frères,m,390.39
frégate,f,3.11
frégates,f,3.11
frémissement,m,10.34
frémissements,m,10.34
frénésie,f,8.51
frénésies,f,8.51
fréon,m,0.21
fréquence,f,10.12
fréquences,f,10.12
fréquentation,f,5.74
fréquentations,f,5.74
frérot,m,2.50
frérots,m,2.50
frétillement,m,0.34
frétillements,m,0.34
frêne,m,2.50
frênes,m,2.50
frôlement,m,6.01
frôlements,m,6.01
frôleurs,m,0.07
fuchsia,m,0.34
fuchsias,m,0.34
fuel,m,1.03
fuel-oil,m,0.07
fugacité,f,0.11
fugitif,m,4.96
fugitifs,m,4.96
fugitive,f,4.96
fugitives,f,4.96
fugu,m,0.27
fugue,f,7.16
fugues,f,7.16
fugueur,m,0.83
fugueurs,m,0.83
fugueuse,f,0.83
fugueuses,f,0.83
fuie,f,0.01
fuite,f,34.26
fuites,f,34.26
fulgores,m,0.07
fulgurance,f,0.68
fulgurances,f,0.68
fulguration,f,0.41
fulgurations,f,0.41
fuligule,m,0.02
full,m,2.28
full-contact,m,0.04
fullerène,m,0.04
fulls,m,2.28
fulmicoton,m,0.14
fulminate,m,0.07
fulmination,f,0.41
fulminations,f,0.41
fulminement,m,0.07
fumaga,f,0.07
fumage,m,0.07
fumaison,f,0.07
fume-cigarette,m,2.09
fume-cigarettes,m,2.09
fumerie,f,0.68
fumeries,f,0.68
fumerolles,f,0.81
fumeron,m,0.14
fumerons,m,0.14
fumet,m,4.26
fumets,m,4.26
fumette,f,0.28
fumeur,m,3.85
fumeurs,m,3.85
fumeuse,f,3.85
fumeuses,f,3.85
fumier,m,18.74
fumiers,m,18.74
fumigateur,m,0.01
fumigation,f,0.54
fumigations,f,0.54
fumisterie,f,0.34
fumisteries,f,0.34
fumière,f,18.74
fumoir,m,1.49
fumure,f,0.07
fumée,f,67.36
fumées,f,67.36
fun,m,2.85
funiculaire,m,1.01
funiculaires,m,1.01
funérailles,f,9.75
funérarium,m,0.55
funérariums,m,0.55
fur et à mesure,m,17.84
furet,m,0.87
furetage,m,0.07
fureteurs,m,0.07
furets,m,0.87
furette,f,0.14
fureur,f,33.92
fureurs,f,33.92
furia,f,0.27
furie,f,5.74
furies,f,5.74
furieux,m,3.24
furoncle,m,1.27
furoncles,m,1.27
furonculose,f,0.14
furonculoses,f,0.14
furtivité,f,0.07
fusain,m,3.72
fusains,m,3.72
fusant,m,1.55
fusants,m,1.55
fuseau,m,2.43
fuseaux,m,2.43
fuselage,m,0.54
fuselages,m,0.54
fusible,m,3.23
fusibles,m,3.23
fusil,m,55.68
fusil-mitrailleur,m,0.41
fusilier,m,0.95
fusiliers,m,0.95
fusiliers-marins,m,1.08
fusillade,f,9.63
fusillades,f,9.63
fusilleurs,m,0.14
fusils,m,55.68
fusils-mitrailleurs,m,0.41
fusion,f,6.64
fusionnement,m,0.01
fusions,f,6.64
fustanelle,f,0.07
fustigation,f,0.14
fustigations,f,0.14
fusée,f,10.09
fusées,f,10.09
futaie,f,5.27
futaies,f,5.27
futaille,f,1.69
futailles,f,1.69
futaine,f,0.10
futal,m,0.72
futals,m,0.72
futilité,f,3.51
futilités,f,3.51
futon,m,0.32
futons,m,0.32
futur,m,26.33
futurisme,m,0.07
futurs,m,26.33
futé,m,3.47
futée,f,3.47
futés,m,3.47
fuyant,m,1.22
fuyants,m,1.22
fuyard,m,4.73
fuyarde,f,4.73
fuyards,m,4.73
fuégien,m,0.07
fy,m,0.01
fâcherie,f,0.47
fâcheries,f,0.47
fâcheuse,f,0.61
fâcheux,m,0.61
fèces,f,0.32
fère,f,114.19
fève,f,1.89
fèves,f,1.89
fébrilité,f,2.36
fécalome,m,0.01
fécondateur,m,0.10
fécondation,f,0.74
fécondations,f,0.74
fécondité,f,2.03
fécule,f,0.17
féculent,m,0.34
féculents,m,0.34
fédéral,m,4.25
fédéralisme,m,0.14
fédérateur,m,0.07
fédération,f,2.56
fédérations,f,2.56
fédératrice,f,0.07
fédéraux,m,4.25
fédéré,m,0.34
fédérés,m,0.34
fée,f,15.32
féerie,f,3.72
féeries,f,3.72
fées,f,15.32
félibre,m,0.27
félibres,m,0.27
félibrige,m,0.14
félicitation,f,60.08
félicitations,f,60.08
félicité,f,3.38
félicités,f,3.38
félidé,m,0.07
félin,m,1.08
félinité,f,0.01
félins,m,1.08
félon,m,0.50
félonie,f,0.34
félons,m,0.50
féminin,m,1.49
féminins,m,1.49
féminisation,f,0.01
féminisme,m,0.46
féminitude,f,0.07
féminité,f,4.80
féminités,f,4.80
fémur,m,1.48
fémurs,m,1.48
féodal,m,0.07
féodalisme,m,0.14
féodalité,f,0.27
féra,f,0.14
féras,f,0.14
féria,f,0.80
férias,f,0.80
férocité,f,3.85
férocités,f,3.85
férule,f,1.01
fétiche,m,5.27
fétiches,m,5.27
féticheur,m,0.47
féticheurs,m,0.47
fétichisations,f,0.07
fétichisme,m,0.64
fétichismes,m,0.64
fétidité,f,0.34
fétu,m,1.69
fétuque,f,0.07
fétus,m,1.69
féveroles,f,0.14
février,m,22.50
fêle,f,0.10
fêlure,f,1.76
fêlures,f,1.76
fêlé,m,1.00
fêlée,f,1.00
fêlées,f,1.00
fêlés,m,1.00
fêtard,m,1.22
fêtards,m,1.22
fête,f,155.97
fête-dieu,f,0.54
fêtes,f,155.97
fût,m,17.30
fûts,m,17.30
führer,m,23.86
führers,m,23.86
g,m,10.92
gaba,m,0.01
gabardine,f,3.45
gabardines,f,3.45
gabare,f,0.20
gabariers,m,0.07
gabarit,m,1.82
gabarits,m,1.82
gabarres,f,0.07
gabbro,m,0.01
gabegie,f,0.34
gabelle,f,0.07
gabelou,m,0.07
gabier,m,0.34
gabiers,m,0.34
gabion,m,0.20
gabions,m,0.20
gable,m,0.27
gables,m,0.27
gabonais,m,0.34
gade,m,0.07
gadget,m,2.80
gadgets,m,2.80
gadin,m,0.68
gadins,m,0.68
gadjo,m,0.54
gadolinium,m,0.01
gadoue,f,4.93
gadoues,f,4.93
gadouille,f,0.47
gaffe,f,34.68
gaffes,f,34.68
gaffeur,m,0.14
gaffeurs,m,0.14
gaffeuse,f,0.14
gag,m,3.03
gage,m,15.31
gages,m,15.31
gageure,f,1.28
gageures,f,1.28
gagnage,m,0.20
gagnages,m,0.20
gagnant,m,12.56
gagnante,f,12.56
gagnantes,f,12.56
gagnants,m,12.56
gagne-pain,m,2.01
gagne-petit,m,0.68
gagneur,m,0.78
gagneurs,m,0.78
gagneuse,f,0.78
gagneuses,f,0.78
gags,m,3.03
gaieté,f,27.36
gaietés,f,27.36
gail,f,0.61
gaillard,m,10.34
gaillarde,f,10.34
gaillardes,f,10.34
gaillardise,f,0.14
gaillards,m,10.34
gaillet,m,0.07
gaillette,f,0.20
gaillettes,f,0.20
gain,m,5.88
gaine,f,3.85
gaine-culotte,f,0.07
gaines,f,3.85
gainiers,m,0.07
gains,m,5.88
gal,m,0.29
gala,m,3.90
galago,m,0.02
galalithe,f,0.20
galant,m,1.82
galante,f,1.82
galanterie,f,2.50
galanteries,f,2.50
galantes,f,1.82
galantine,f,0.88
galantines,f,0.88
galantins,m,0.14
galants,m,1.82
galapiat,m,0.27
galapiats,m,0.27
galas,m,3.90
galathée,f,0.07
galaxie,f,9.53
galaxies,f,9.53
galbe,m,1.28
galbes,m,1.28
gale,f,3.52
galerie,f,32.16
galerie-refuge,f,0.14
galeries,f,32.16
galeries-refuges,f,0.14
galernes,f,0.07
gales,f,3.52
galet,m,15.74
galetas,m,1.28
galetouse,f,0.20
galets,m,15.74
galette,f,6.42
galettes,f,6.42
galeuse,f,0.34
galeuses,f,0.34
galeux,m,0.34
galibot,m,0.14
galibots,m,0.14
galicien,m,0.34
galiciens,m,0.34
galiléen,m,0.06
galimatias,m,0.47
galion,m,1.15
galions,m,1.15
galiote,f,0.54
galiotes,f,0.54
galipette,f,1.55
galipettes,f,1.55
galle,f,0.20
galles,f,0.20
gallicanisme,m,0.14
gallinacé,m,0.14
gallium,m,0.07
gallo-romain,m,0.07
gallois,m,0.08
galloise,f,0.02
gallon,m,0.68
gallons,m,0.68
galoche,f,6.62
galoches,f,6.62
galon,m,14.73
galonnage,m,0.07
galons,m,14.73
galop,m,13.72
galopade,f,3.65
galopades,f,3.65
galope,f,0.56
galopin,m,4.05
galopine,f,4.05
galopines,f,4.05
galopins,m,4.05
galops,m,13.72
galoubet,m,0.01
galoup,m,0.20
galtouse,f,1.28
galtouses,f,1.28
galuchat,m,0.34
galure,m,1.08
galures,m,1.08
galurin,m,0.41
galvanisme,m,0.02
galvaudeux,m,0.14
galène,f,0.41
galère,f,10.47
galères,f,10.47
galéasses,f,0.14
galée,f,0.34
galées,f,0.34
galéjade,f,0.41
galéjades,f,0.41
galéniste,m,0.07
galérien,m,1.01
galériens,m,1.01
gamay,m,0.07
gambade,f,0.61
gambades,f,0.61
gambadeurs,m,0.07
gambas,f,0.45
gambe,f,0.34
gamberge,f,3.85
gamberges,f,3.85
gambilleurs,m,0.20
gambilleuses,f,0.20
gambit,m,0.04
game,m,0.64
gamelan,m,0.25
gamelle,f,13.72
gamelles,f,13.72
gamin,m,92.22
gamine,f,92.22
gaminement,m,0.07
gaminerie,f,0.61
gamineries,f,0.61
gamines,f,92.22
gamins,m,92.22
gamma,m,1.94
gammaglobuline,f,0.34
gammaglobulines,f,0.34
gammas,m,0.04
gamme,f,7.91
gammes,f,7.91
gamète,m,0.20
gamètes,m,0.20
gan,m,0.27
ganache,f,0.61
ganaderia,f,0.20
ganaderias,f,0.20
gandin,m,1.28
gandins,m,1.28
gandoura,f,0.68
gandourah,f,0.20
gandouras,f,0.68
gang,m,17.48
ganglion,m,1.01
ganglions,m,1.01
gangrène,f,2.23
gangrènes,f,2.23
gangs,m,17.48
gangster,m,10.43
gangsters,m,10.43
gangstérisme,m,0.07
gangue,f,2.03
gangues,f,2.03
ganja,f,0.18
ganse,f,0.68
ganses,f,0.68
gant,m,36.01
gantelet,m,0.37
gantelets,m,0.37
ganterie,f,0.07
gantier,m,0.24
gantières,f,0.24
gants,m,36.01
ganymèdes,m,0.07
gap,m,0.01
gaperon,m,0.07
gapette,f,0.68
gapettes,f,0.68
garage,m,25.25
garages,m,25.25
garance,f,0.34
garancière,f,0.27
garant,m,1.62
garante,f,1.62
garantie,f,9.16
garanties,f,9.16
garants,m,1.62
garbure,f,0.14
garce,f,21.71
garces,f,21.71
garcette,f,0.20
garcettes,f,0.20
garde-barrière,m,0.95
garde-boue,m,1.08
garde-champêtre,m,0.54
garde-chasse,m,1.42
garde-chiourme,m,0.88
garde-corps,m,0.34
garde-côte,m,1.90
garde-côtes,m,1.90
garde-feu,m,0.05
garde-fou,m,1.89
garde-fous,m,1.89
garde-frontière,m,0.16
garde-manger,m,2.77
garde-meuble,m,0.34
garde-meubles,m,0.34
garde-pêche,m,0.07
garde-robe,f,2.77
garde-robes,f,2.77
garde-voie,m,0.14
garde-vue,m,0.25
garde-à-vous,m,5.88
garden-party,f,0.34
garderie,f,1.96
garderies,f,1.96
gardes-champêtres,m,0.54
gardes-chasse,m,0.41
gardes-chiourme,m,0.88
gardes-chiourmes,m,0.88
gardes-côtes,m,0.31
gardes-françaises,m,0.07
gardes-frontières,m,0.41
gardes-voies,m,0.14
gardeur,m,0.34
gardeurs,m,0.34
gardeuse,f,0.34
gardeuses,f,0.34
gardian,m,0.20
gardians,m,0.20
gardien,m,31.96
gardien-chef,m,0.27
gardiennage,m,0.27
gardienne,f,31.96
gardiennes,f,31.96
gardiens,m,31.96
gardon,m,1.08
gardons,m,1.08
gardénal,m,1.08
gardénia,m,0.54
gardénias,m,0.54
gare,f,84.53
garenne,f,1.01
garennes,f,1.01
gares,f,84.53
gargamelle,f,0.07
gargantua,m,0.01
gargarisme,m,0.34
gargarismes,m,0.34
gargote,f,1.55
gargotes,f,1.55
gargotier,m,0.20
gargotiers,m,0.20
gargouille,f,1.82
gargouillement,m,1.15
gargouillements,m,1.15
gargouilles,f,1.82
gargouillette,f,0.07
gargouillis,m,2.50
gargoulette,f,0.47
gargoulettes,f,0.47
gargousses,f,0.07
gari,m,0.14
garibaldiens,m,0.40
garnement,m,2.64
garnements,m,2.64
garni,m,1.76
garnis,m,1.76
garnison,f,11.35
garnisons,f,11.35
garnissage,m,0.01
garniture,f,2.30
garnitures,f,2.30
garno,m,0.07
garou,m,0.14
garrick,m,0.07
garrigue,f,1.96
garrigues,f,1.96
garrot,m,2.43
garrots,m,2.43
garrotte,f,0.04
gars,m,289.63
garçon,m,262.50
garçonne,f,0.88
garçonnet,m,3.65
garçonnets,m,3.65
garçonnière,f,1.51
garçonnières,f,1.51
garçons,m,262.50
gas-oil,m,0.27
gascon,m,0.44
gascons,m,0.44
gasoil,m,0.49
gaspacho,m,1.38
gaspard,m,1.01
gaspards,m,1.01
gaspillage,m,2.30
gaspillages,m,2.30
gaspilleurs,m,0.20
gaspilleuses,f,0.20
gaster,m,0.14
gastralgie,f,0.07
gastralgies,f,0.07
gastrectomie,f,0.01
gastrite,f,0.21
gastrites,f,0.21
gastro-entérite,f,0.07
gastronomie,f,0.61
gastrula,f,0.01
gastéropode,m,0.14
gastéropodes,m,0.14
gatte,f,0.02
gaucher,m,1.10
gaucherie,f,2.50
gaucheries,f,2.50
gauchers,m,1.10
gauchisme,m,0.20
gauchismes,m,0.20
gauchissement,m,0.07
gaucho,m,1.28
gauchos,m,1.28
gauchère,f,1.10
gaudriole,f,1.01
gaudrioles,f,1.01
gaufre,f,3.03
gaufres,f,3.03
gaufrette,f,0.88
gaufrettes,f,0.88
gaufrier,m,0.27
gauldo,f,0.14
gauldos,f,0.14
gaule,f,2.50
gauleiter,m,0.68
gaules,f,2.50
gaulis,m,0.34
gaulle,f,0.07
gaullisme,m,1.49
gaulois,m,8.85
gauloise,f,8.85
gauloiseries,f,0.07
gauloises,f,8.85
gaulthérie,f,0.01
gaulée,f,0.01
gaupe,f,0.07
gauss,m,0.01
gavage,m,0.54
gave,m,0.47
gaves,m,0.47
gavial,m,0.07
gaviot,m,0.20
gavroche,m,0.34
gavroches,m,0.34
gay,m,7.60
gayac,m,0.07
gays,m,7.60
gaz,m,36.33
gazage,m,0.07
gaze,f,3.85
gazelle,f,3.92
gazelles,f,3.92
gazes,f,3.85
gazette,f,2.43
gazettes,f,2.43
gazier,m,1.08
gaziers,m,1.08
gazinière,f,0.14
gazinières,f,0.14
gazoduc,m,0.22
gazogène,m,1.62
gazogènes,m,1.62
gazole,m,0.22
gazoline,f,0.14
gazomètre,m,0.07
gazométrie,f,0.02
gazon,m,7.77
gazons,m,7.77
gazouillement,m,0.20
gazouillements,m,0.20
gazouillis,m,1.62
gazpacho,m,0.22
gazé,m,0.20
gazés,m,0.20
gaîté,f,6.35
gaîtés,f,6.35
geai,m,1.62
geais,m,1.62
gecko,m,0.32
geckos,m,0.32
geez,m,0.13
geignard,m,0.34
geignarde,f,0.34
geignardises,f,0.07
geignards,m,0.34
geignement,m,0.61
geignements,m,0.61
geindre,m,1.96
geisha,f,2.60
geishas,f,2.60
gel,m,6.69
geline,f,0.01
gelinotte,f,0.07
gels,m,6.69
gelure,f,0.34
gelures,f,0.34
gelée,f,7.57
gelées,f,7.57
gemme,f,0.88
gemmes,f,0.88
gemmologie,f,0.01
gencive,f,4.26
gencives,f,4.26
gendarme,m,43.72
gendarmerie,f,9.32
gendarmeries,f,9.32
gendarmes,m,43.72
gendelettres,m,0.07
gendre,m,8.11
gendres,m,8.11
genet,m,0.01
genevois,m,0.20
genevoises,f,0.20
gengis khan,m,0.14
genièvre,m,2.16
genou,m,127.91
genouillère,f,0.20
genouillères,f,0.20
genoux,m,127.91
genre,m,221.51
genres,m,221.51
gent,f,1.15
gentamicine,f,0.04
gentiane,f,0.95
gentianes,f,0.95
gentil,m,9.98
gentilhomme,m,6.89
gentilhommière,f,0.68
gentilhommières,f,0.68
gentillesse,f,17.50
gentillesses,f,17.50
gentils,m,9.98
gentilshommes,m,6.89
gentleman,m,13.08
gentleman-farmer,m,0.27
gentlemen,m,13.08
gentlemen-farmers,m,0.27
gentry,f,0.28
gents,f,1.15
genèse,f,1.01
genévrier,m,0.88
genévriers,m,0.88
genêt,m,5.34
genêtière,f,0.07
genêts,m,5.34
gerbe,f,14.19
gerberas,m,0.20
gerbes,f,14.19
gerbeuse,f,0.14
gerbeuses,f,0.14
gerbier,m,0.45
gerbille,f,0.29
gerbière,f,0.45
gerboise,f,0.14
gerboises,f,0.14
gerces,f,0.07
gerfaut,m,0.07
gerfauts,m,0.07
germains,m,1.15
germanique,m,0.14
germaniques,m,0.14
germanisation,f,0.01
germanisme,m,0.20
germanité,f,0.02
germanium,m,0.07
germanophilie,f,0.07
germe,m,3.78
germen,m,0.07
germes,m,3.78
germinal,m,0.14
germination,f,0.54
germinations,f,0.54
gerris,m,0.03
gerçures,f,0.61
gestapiste,m,0.14
gestapo,f,1.69
gestation,f,1.82
gestations,f,1.82
gesticulateurs,m,0.07
gesticulation,f,1.69
gesticulations,f,1.69
gestion,f,4.23
gestuelle,f,0.14
geyser,m,1.01
geysers,m,1.01
geôle,f,2.36
geôles,f,2.36
geôlier,m,5.00
geôliers,m,5.00
geôlière,f,5.00
geôlières,f,5.00
ghetto,m,5.42
ghettos,m,5.42
ghât,m,0.27
giaour,m,0.54
giaours,m,0.54
gibbon,m,0.19
gibbons,m,0.19
gibbosité,f,0.14
gibecière,f,1.55
gibecières,f,1.55
gibelet,m,0.20
gibelin,m,0.14
gibelins,m,0.14
gibelotte,f,0.47
gibelottes,f,0.47
giberne,f,0.68
gibernes,f,0.68
gibet,m,1.89
gibets,m,1.89
gibier,m,11.69
gibiers,m,11.69
giboulée,f,1.28
giboulées,f,1.28
gibus,m,1.01
giclement,m,0.14
giclements,m,0.14
gicleur,m,0.45
giclée,f,3.65
giclées,f,3.65
gidouille,f,0.20
gifle,f,16.01
gifles,f,16.01
gifleuse,f,0.07
gifts,m,0.02
gig,m,0.15
gigabits,m,0.05
gigahertz,m,0.07
gigantisme,m,0.34
gigantismes,m,0.34
gigantomachie,f,0.14
gigaoctets,m,0.01
gigolette,f,0.14
gigolo,m,2.30
gigolos,m,2.30
gigolpince,m,1.01
gigolpinces,m,1.01
gigot,m,3.92
gigotements,m,0.34
gigots,m,3.92
gigue,f,1.22
gilbert,m,0.20
gilet,m,15.14
giletières,f,0.07
gilets,m,15.14
gilles,m,2.43
gimmick,m,0.14
gimmicks,m,0.14
gin,m,6.24
gin-fizz,m,1.01
gin-rami,m,0.07
gin-rummy,m,0.14
gineste,m,0.41
gingembre,m,1.50
gingin,m,0.14
gingivite,f,0.18
ginkgo,m,0.06
gins,m,6.24
ginseng,m,0.49
girafe,f,3.50
girafeau,m,0.01
girafes,f,3.50
girafon,m,0.01
girandes,f,0.07
girandole,f,0.74
girandoles,f,0.74
giration,f,0.68
girations,f,0.68
gire,m,0.14
girelles,f,0.07
gires,m,0.14
girie,f,0.27
giries,f,0.27
girl,f,9.59
girl friend,f,0.14
girl-scout,f,0.14
girls,f,9.59
girofle,m,0.83
girofles,m,0.83
giroflier,m,0.07
giroflée,f,0.88
giroflées,f,0.88
girolle,f,0.88
girolles,f,0.88
giron,m,2.03
girondin,m,0.07
girouette,f,2.36
girouettes,f,2.36
gisant,m,2.57
gisants,m,2.57
gisement,m,1.25
gisements,m,1.25
gisquette,f,1.42
gisquettes,f,1.42
gitan,m,8.72
gitane,f,8.72
gitanes,f,8.72
gitans,m,8.72
giton,m,1.25
gitons,m,1.25
givrage,m,0.01
givre,m,5.14
givres,m,5.14
glabelle,f,0.01
glace,f,91.01
glaces,f,91.01
glaciation,f,0.34
glaciations,f,0.34
glacier,m,5.00
glaciers,m,5.00
glacis,m,3.58
glacière,f,2.91
glacières,f,2.91
gladiateur,m,2.84
gladiateurs,m,2.84
gladiatrices,f,0.04
glaire,f,1.35
glaires,f,1.35
glaise,f,8.85
glaises,f,8.85
glaive,m,4.39
glaives,m,4.39
glamour,m,1.49
glanage,m,0.18
gland,m,5.27
glandage,m,0.03
glande,f,4.66
glandes,f,4.66
glandeur,m,0.48
glandeurs,m,0.48
glandouilleur,m,0.07
glands,m,5.27
glane,f,0.14
glanes,f,0.14
glaneur,m,0.18
glaneuse,f,0.18
glanure,f,0.07
glapissement,m,1.76
glapissements,m,1.76
glaréole,f,0.04
glas,m,4.05
glasnost,f,0.03
glass,m,1.28
glasses,m,1.28
glaucome,m,0.27
glaviot,m,1.35
glavioteurs,m,0.07
glaviots,m,1.35
glaçage,m,0.77
glaçages,m,0.77
glaçon,m,7.40
glaçons,m,7.40
glaçure,f,0.14
glaçures,f,0.14
glaïeul,m,1.89
glaïeuls,m,1.89
glide,m,0.07
glioblastome,m,0.04
gliome,m,0.05
glissade,f,4.26
glissades,f,4.26
glissandi,m,0.27
glissando,m,0.27
glissandos,m,0.27
glisse,f,2.00
glisse-la-moi,f,0.10
glissement,m,7.50
glissements,m,7.50
glisses,f,2.00
glissière,f,1.96
glissières,f,1.96
glissoire,f,0.04
globalisation,f,0.19
globalité,f,0.07
globe,m,11.89
globe-trotter,m,0.41
globe-trotters,m,0.41
globes,m,11.89
globule,m,3.25
globules,m,3.25
globuline,f,0.01
glockenspiel,m,0.07
gloire,f,50.88
gloires,f,50.88
glomérule,m,0.07
glop,f,0.27
gloria,m,2.66
gloriette,f,0.34
gloriettes,f,0.34
glorieuse,f,0.41
glorieuses,f,0.14
glorification,f,0.22
gloriole,f,1.69
glose,f,0.61
gloses,f,0.61
glossaire,m,0.07
glossateurs,m,0.07
glossématique,f,0.07
glotte,f,2.03
glouglou,m,1.22
glouglous,m,1.22
glougloutement,m,0.14
gloussement,m,3.72
gloussements,m,3.72
glouton,m,1.10
gloutonne,f,1.10
gloutonnerie,f,0.74
gloutons,m,1.10
gloxinias,m,0.07
glu,f,2.57
glucagon,m,0.04
glucide,m,0.51
glucides,m,0.51
glucose,m,2.08
gluon,m,0.04
glus,f,2.57
glutamate,m,0.16
gluten,m,0.07
glycine,f,4.26
glycines,f,4.26
glycol,m,0.12
glycoprotéine,f,0.03
glycémie,f,0.44
glycérine,f,1.04
glycérol,m,0.01
glyphe,m,0.24
glyphes,m,0.24
glèbe,f,0.95
glèbes,f,0.95
glène,f,0.07
gnafron,m,0.34
gnafrons,m,0.34
gnard,m,0.34
gnards,m,0.34
gnaule,f,0.01
gnian-gnian,m,0.01
gniard,m,1.15
gniards,m,1.15
gniouf,f,0.27
gnocchi,m,2.02
gnocchis,m,2.02
gnognote,f,0.41
gnognotte,f,0.23
gnole,f,1.01
gnome,m,2.95
gnomes,m,2.95
gnon,m,1.82
gnons,m,1.82
gnose,f,0.07
gnosticisme,m,0.07
gnostique,m,0.47
gnostiques,m,0.47
gnou,m,0.27
gnouf,m,1.01
gnous,m,0.27
gnôle,f,3.24
go,m,15.32
goal,m,1.55
goals,m,1.55
gobage,m,0.27
gobages,m,0.27
gobe-mouches,m,0.14
gobelet,m,4.46
gobelets,m,4.46
gobelin,m,0.41
gobelins,m,0.41
gobet,m,0.14
gobets,m,0.14
gobeur,m,0.12
gobeurs,m,0.12
gobeuse,f,0.12
godasse,f,8.92
godasses,f,8.92
goddam,m,0.03
godelureau,m,0.34
godelureaux,m,0.34
godemiché,m,0.81
godemichés,m,0.81
godet,m,7.50
godets,m,7.50
godiche,f,0.09
godiches,f,0.09
godille,f,0.88
godilles,f,0.88
godilleur,m,0.14
godillot,m,3.24
godillots,m,3.24
godrons,m,0.07
goglu,m,0.02
gogo,m,2.19
gogos,m,2.19
gogs,m,0.88
goguenots,m,0.20
gogues,m,2.57
goguette,f,1.35
goguettes,f,1.35
goinfrerie,f,0.41
goitre,m,0.68
goitres,m,0.68
goitreux,m,0.34
goldo,f,0.61
goldos,f,0.61
golem,m,0.10
golf,m,14.14
golf-club,m,0.07
golfe,m,6.49
golfes,m,6.49
golfeur,m,0.86
golfeurs,m,0.86
golfeuse,f,0.86
golfeuses,f,0.86
golfs,m,14.14
golgotha,m,0.07
goliath,m,0.07
gombo,m,2.44
gombos,m,2.44
gomina,f,1.01
gommage,m,0.25
gomme,f,9.93
gommes,f,9.93
gommette,f,0.03
gommeux,m,0.68
gommier,m,0.27
gommiers,m,0.27
goménol,m,0.07
gon,m,0.86
gonade,f,0.16
gonades,f,0.16
gonadotrophine,f,0.01
goncier,m,0.14
gond,m,2.97
gondole,f,4.93
gondolement,m,0.07
gondoles,f,4.93
gondolier,m,1.15
gondoliers,m,1.15
gondolière,f,1.15
gonds,m,2.97
gone,m,1.00
gonelle,f,0.14
gonfalon,m,0.20
gonfaloniers,m,0.07
gonfalons,m,0.20
gonfanon,m,0.20
gonfanons,m,0.20
gonflage,m,0.20
gonfle,f,0.68
gonflement,m,1.15
gonflements,m,1.15
gonfles,f,0.68
gonflette,f,0.46
gonfleur,m,0.20
gong,m,3.65
gongs,m,3.65
goniomètre,m,0.07
gonococcie,f,0.03
gonocoque,m,0.41
gonocoques,m,0.41
gonorrhée,f,0.08
gonze,m,6.89
gonzes,m,6.89
gonzesse,f,15.61
gonzesses,f,15.61
gopak,m,0.07
gopher,m,0.07
gord,m,0.25
gore,m,0.05
goret,m,1.28
gorets,m,1.28
gorge,f,86.82
gorgeon,m,1.01
gorgeons,m,1.01
gorgerette,f,0.07
gorgerin,m,0.07
gorges,f,86.82
gorget,m,0.07
gorgone,f,0.41
gorgonzola,m,0.34
gorgée,f,20.27
gorgées,f,20.27
gorille,m,6.06
gorilles,m,6.06
gosier,m,4.93
gosiers,m,4.93
gospel,m,0.61
gosplan,m,0.10
gosseline,f,0.14
gosselines,f,0.14
gotha,m,0.14
gothas,m,0.14
goton,f,0.07
gouache,f,1.55
gouaches,f,1.55
gouaille,f,1.49
goualante,f,1.08
goualantes,f,1.08
gouape,f,1.08
gouapes,f,1.08
gouda,m,0.07
goudou,f,0.14
goudous,f,0.14
goudron,m,7.64
goudronnage,m,0.14
goudrons,m,7.64
gouet,m,0.07
gouffre,m,13.38
gouffres,m,13.38
gouge,f,1.01
gouges,f,1.01
gougnafier,m,1.96
gougnafiers,m,1.96
gougoutte,f,0.07
gougouttes,f,0.07
gougère,f,0.20
gougères,f,0.20
gouine,f,3.12
gouines,f,3.12
goujat,m,2.09
goujaterie,f,0.47
goujats,m,2.09
goujon,m,1.35
goujons,m,1.35
goulache,m,0.46
goulag,m,1.01
goulags,m,1.01
goulasch,m,0.27
goule,f,0.61
goules,f,0.61
goulet,m,0.74
goulette,f,0.94
goulot,m,10.81
goulots,m,10.81
goulotte,f,0.07
goulu,m,0.41
goulues,f,0.41
goulus,m,0.41
goulée,f,2.64
goulées,f,2.64
goum,m,0.41
goumi,m,0.34
goumier,m,0.54
goumiers,m,0.54
goums,m,0.41
goupil,m,0.27
goupille,f,0.74
goupilles,f,0.74
goupillon,m,1.62
goupillons,m,1.62
gour,m,0.61
goura,m,0.07
gourance,f,1.28
gourances,f,1.28
gourbi,m,2.91
gourbis,m,2.91
gourde,f,4.59
gourdes,f,4.59
gourdin,m,2.84
gourdins,m,2.84
gourgandine,f,0.34
gourgandines,f,0.34
gourmand,m,2.30
gourmande,f,2.30
gourmandes,f,2.30
gourmandise,f,6.49
gourmandises,f,6.49
gourmands,m,2.30
gourme,f,0.41
gourmet,m,1.55
gourmets,m,1.55
gourmette,f,2.43
gourmettes,f,2.43
gourou,m,1.84
gourous,m,1.84
gours,m,0.61
gousse,f,1.28
gousses,f,1.28
gousset,m,2.23
goussets,m,2.23
goutte,f,64.32
gouttelette,f,5.88
gouttelettes,f,5.88
gouttes,f,64.32
goutteuse,f,0.01
goutteux,m,0.07
gouttière,f,10.95
gouttières,f,10.95
gouvernail,m,2.87
gouvernails,m,2.87
gouvernance,f,0.01
gouvernant,m,2.09
gouvernante,f,4.73
gouvernantes,f,4.73
gouvernants,m,2.09
gouverne,f,0.97
gouvernement,m,132.03
gouvernements,m,132.03
gouvernes,f,0.97
gouverneur,m,21.73
gouverneurs,m,21.73
gouvernorat,m,0.14
gouvernorats,m,0.14
gouvernés,m,0.02
gouzi-gouzi,m,0.07
goy,m,0.47
goyave,f,0.20
goéland,m,2.91
goélands,m,2.91
goélette,f,0.68
goélettes,f,0.68
goémon,m,0.88
goémons,m,0.88
goétie,f,0.02
goût,m,141.82
goûter,m,7.84
goûters,m,7.84
goûteur,m,0.14
goûteuse,f,0.14
goûts,m,141.82
graal,m,0.34
grabat,m,2.09
grabats,m,2.09
graben,m,0.14
grabuge,m,2.55
gracieuseté,f,0.41
gracieusetés,f,0.41
gracilité,f,0.07
gradaille,f,0.07
gradation,f,0.54
gradations,f,0.54
grade,m,8.18
grader,m,0.07
grades,m,8.18
gradient,m,0.04
gradients,m,0.04
gradin,m,5.07
gradins,m,5.07
graduation,f,0.41
graduations,f,0.41
gradus,m,0.07
gradués,m,0.02
gradé,m,8.45
gradés,m,8.45
graff,m,0.05
graffeur,m,0.06
graffiteur,m,0.09
graffiteurs,m,0.09
graffiti,m,4.19
graffitis,m,4.19
graffito,m,0.20
graillon,m,1.22
graillonnements,m,0.07
graillonneuse,f,0.27
graillonneuses,f,0.27
graillons,m,1.22
grain,m,35.95
graine,f,13.51
graines,f,13.51
graineterie,f,0.20
grainetier,m,0.34
grainetiers,m,0.34
grains,m,35.95
graissage,m,0.27
graissages,m,0.27
graisse,f,18.31
graisses,f,18.31
gram,m,0.28
gramen,m,0.20
gramens,m,0.20
graminée,f,1.89
graminées,f,1.89
grammage,m,0.07
grammages,m,0.07
grammaire,f,6.01
grammaires,f,6.01
grammairien,m,1.08
grammairienne,f,1.08
grammairiennes,f,1.08
grammairiens,m,1.08
gramme,m,5.81
grammes,m,5.81
gramophone,m,1.14
gramophones,m,1.14
grana,m,0.14
granas,m,0.14
grand,m,127.64
grand-angle,m,0.06
grand-duc,m,2.04
grand-duché,m,0.07
grand-guignol,m,0.01
grand-hôtel,m,0.07
grand-maman,f,2.35
grand-maître,m,0.10
grand-messe,f,1.28
grand-mère,f,94.59
grand-mères,f,94.59
grand-neige,m,0.07
grand-officier,m,0.07
grand-oncle,m,4.26
grand-papa,m,2.35
grand-place,f,1.35
grand-prêtre,m,0.20
grand-père,m,96.49
grand-quartier,m,0.34
grand-route,f,3.65
grand-routes,f,3.65
grand-rue,f,2.36
grand-salle,f,0.20
grand-tante,f,1.76
grand-tantes,f,1.76
grand-vergue,f,0.05
grand-voile,f,0.27
grande,f,127.64
grande-duchesse,f,2.04
grandes,f,127.64
grandes-duchesses,f,2.04
grandesse,f,0.14
grandeur,f,28.38
grandeurs,f,28.38
grandiloquence,f,0.81
grandissement,m,0.07
grands,m,127.64
grands-croix,m,0.07
grands-ducs,m,2.04
grands-mères,f,94.59
grands-oncles,m,4.26
grands-parents,m,9.19
grands-pères,m,96.49
grands-tantes,f,1.76
grange,f,46.01
granges,f,46.01
grangette,f,0.14
granit,m,10.07
granite,m,0.47
granito,m,0.07
granits,m,10.07
granité,m,0.17
granités,m,0.17
granulation,f,0.34
granulations,f,0.34
granules,m,0.14
granulie,f,0.01
granulome,m,0.03
granulé,m,0.47
granulés,m,0.47
grape-fruit,m,0.27
graphe,m,0.14
graphes,m,0.14
graphie,f,0.61
graphies,f,0.61
graphisme,m,0.41
graphismes,m,0.41
graphite,m,0.29
graphites,m,0.29
graphologie,f,0.15
graphomanie,f,0.07
graphomètre,m,0.07
graphophone,m,0.01
grappa,f,0.72
grappe,f,12.30
grappes,f,12.30
grappillage,m,0.07
grappilleur,m,0.01
grappillon,m,0.14
grappillons,m,0.14
grappin,m,1.54
grappins,m,1.54
gras,m,5.61
gras-double,m,1.08
gras-doubles,m,1.08
grasseyement,m,0.41
grasseyements,m,0.41
gratification,f,0.68
gratifications,f,0.68
gratin,m,2.16
gratins,m,2.16
gratinée,f,0.14
gratitude,f,8.38
gratitudes,f,8.38
gratouillis,m,0.07
grattage,m,0.41
grattages,m,0.41
gratte,f,0.56
gratte-ciel,m,3.04
gratte-ciels,m,3.04
gratte-cul,m,0.14
gratte-dos,m,0.11
gratte-papier,m,0.67
gratte-papiers,m,0.67
gratte-pieds,m,0.20
grattement,m,1.49
grattements,m,1.49
gratterons,m,0.20
grattes,f,0.56
gratteur,m,0.34
gratteurs,m,0.34
grattoir,m,1.49
grattoirs,m,1.49
grattons,m,0.07
grattouillis,m,0.07
gratture,f,0.07
gratuité,f,1.69
grau,m,0.01
gravats,m,4.12
gravelle,f,0.34
gravelles,f,0.34
graveur,m,1.08
graveurs,m,1.08
gravidité,f,0.01
gravier,m,15.41
graviers,m,15.41
gravillon,m,1.22
gravillons,m,1.22
gravitation,f,1.22
gravitons,m,0.02
gravité,f,17.16
gravières,f,0.07
gravos,m,0.27
gravosse,f,1.42
gravosses,f,1.42
gravure,f,10.00
gravures,f,10.00
gray,m,0.10
grays,m,0.10
grec,m,26.22
grecque,f,26.22
grecques,f,26.22
grecs,m,26.22
gredin,m,1.82
gredine,f,1.82
gredins,m,1.82
green,m,1.13
greens,m,1.13
greffage,m,0.01
greffier,m,3.65
greffiers,m,3.65
greffière,f,3.65
greffon,m,0.33
greffons,m,0.33
greffé,m,0.14
greffées,f,0.14
greffés,m,0.14
grelot,m,4.66
grelots,m,4.66
grelottement,m,0.95
grelottements,m,0.95
grelotteux,m,0.07
greluche,f,1.01
greluches,f,1.01
greluchon,m,0.20
grenache,m,0.27
grenadage,m,0.03
grenade,f,12.97
grenades,f,12.97
grenadeur,m,0.01
grenadier,m,4.05
grenadiers,m,4.05
grenadine,f,3.99
grenadines,f,3.99
grenaille,f,0.14
grenailles,f,0.14
grenat,m,0.61
grenats,m,0.61
greneuse,f,0.07
grenier,m,24.39
greniers,m,24.39
grenoblois,m,0.14
grenouillage,m,0.14
grenouillard,m,0.07
grenouille,f,10.47
grenouille-taureau,f,0.01
grenouilles,f,10.47
grenouillettes,f,0.07
grenouillère,f,0.14
grenouillères,f,0.14
grenures,f,0.14
gressin,m,0.27
gressins,m,0.27
gretchen,f,1.89
gretchens,f,1.89
gri-gri,m,0.21
gribiche,f,0.07
gribouillage,m,0.66
gribouillages,m,0.66
gribouille,m,0.47
gribouilleur,m,0.07
gribouillis,m,1.01
grief,m,7.43
griefs,m,7.43
griffage,m,0.07
griffe,f,13.92
griffes,f,13.92
griffeur,m,0.01
griffon,m,1.42
griffonnage,m,0.61
griffonnages,m,0.61
griffonneur,m,0.14
griffons,m,1.42
grifftons,m,0.07
griffure,f,0.82
griffures,f,0.82
grifton,m,0.14
grignotage,m,0.34
grignotages,m,0.34
grignotement,m,0.88
grignoteurs,m,0.07
grignotis,m,0.14
grigou,m,0.41
grigri,m,0.61
grigris,m,0.61
gril,m,1.76
grill,m,1.66
grill-room,m,0.27
grillade,f,1.08
grilladerie,f,0.02
grillades,f,1.08
grillage,m,12.03
grillages,m,12.03
grille,f,58.24
grille-pain,m,2.90
grilles,f,58.24
grilloirs,m,0.07
grillon,m,4.59
grillons,m,4.59
grillots,m,0.07
grils,m,1.76
grimace,f,31.49
grimace-éclair,f,0.01
grimacement,m,0.07
grimaceries,f,0.07
grimaces,f,31.49
grimacier,m,0.34
grimaciers,m,0.34
grimage,m,0.20
grimauds,m,0.07
grimes,m,0.48
grimoire,m,1.22
grimoires,m,1.22
grimpant,m,0.34
grimpants,m,0.34
grimpe,f,1.65
grimper,m,0.01
grimpette,f,1.01
grimpettes,f,1.01
grimpeur,m,0.91
grimpeurs,m,0.91
grimpeuse,f,0.91
grimpée,f,0.07
grincement,m,9.59
grincements,m,9.59
grincheuse,f,1.08
grincheuses,f,1.08
grincheux,m,1.08
gringalet,m,0.61
gringalets,m,0.61
gringo,m,4.64
gringos,m,4.64
gringue,m,1.15
griot,m,1.55
griots,m,1.55
griotte,f,3.18
griottes,f,3.18
grip,m,0.20
grippe,f,8.22
grippe-sou,m,0.25
grippe-sous,m,0.25
grippements,m,0.07
grippes,f,8.22
grippé,m,0.07
grippée,f,0.07
gris,m,25.74
gris-bleu,m,0.20
gris-gris,m,0.74
grisaille,f,7.77
grisailles,f,7.77
grisbi,m,1.22
griserie,f,2.23
griseries,f,2.23
grisette,f,0.41
grisettes,f,0.41
grison,m,0.01
grisotte,f,0.07
grisou,m,1.22
grisé,m,0.34
grisés,m,0.34
grive,f,1.82
grivelures,f,0.07
grives,f,1.82
grivet,m,0.01
griveton,m,1.08
grivetons,m,1.08
grivois,m,0.07
grivoiserie,f,0.20
grivoiseries,f,0.20
grivèlerie,f,0.20
grizzli,m,0.57
grizzlis,m,0.57
grizzly,m,0.74
grizzlys,m,0.74
groenlandais,m,0.14
grog,m,1.42
grognard,m,0.74
grognards,m,0.74
grognasse,f,0.95
grognasses,f,0.95
grogne,f,1.62
grognement,m,9.53
grognements,m,9.53
grognes,f,1.62
grognon,m,0.32
grognons,m,0.32
grogs,m,1.42
groin,m,1.89
groins,m,1.89
grole,f,0.34
groles,f,0.34
grolle,f,1.49
grolles,f,1.49
grommellement,m,0.74
grommellements,m,0.74
grondement,m,14.80
grondements,m,14.80
gronderies,f,0.14
grondin,m,1.69
grondins,m,1.69
groom,m,2.57
grooms,m,2.57
gros,m,36.69
gros-bec,m,0.07
gros-becs,m,0.07
gros-cul,m,0.14
gros-grain,m,0.41
gros-porteur,m,0.02
groschen,m,0.07
groseille,f,1.89
groseilles,f,1.89
groseillier,m,0.61
groseilliers,m,0.61
grosse,f,36.69
grosses,f,36.69
grossesse,f,7.09
grossesses,f,7.09
grosseur,f,2.97
grosseurs,f,2.97
grossier,m,1.27
grossiers,m,1.27
grossissement,m,0.81
grossium,m,0.88
grossiums,m,0.88
grossièreté,f,6.15
grossièretés,f,6.15
grotesque,m,2.03
grotesques,f,2.03
grotte,f,21.96
grottes,f,21.96
grouillement,m,4.73
grouillements,m,4.73
grouillis,m,0.47
grouillot,m,0.74
grouillots,m,0.74
ground,m,0.27
group,m,7.65
groupage,m,0.01
groupe,m,122.50
groupement,m,6.22
groupements,m,6.22
groupes,m,122.50
groupie,f,1.34
groupies,f,1.34
groups,m,7.65
groupuscule,m,0.54
groupuscules,m,0.54
grouse,f,0.68
grouses,f,0.68
gruau,m,0.73
gruaux,m,0.73
grue,f,6.22
grues,f,6.22
grume,f,0.47
grumeau,m,1.01
grumeaux,m,1.01
grumes,f,0.47
grumier,m,0.01
grunge,m,0.27
gruppetto,m,0.14
grutier,m,2.30
grutiers,m,2.30
grutière,f,2.30
gruyère,m,4.80
grâce,f,57.70
grâces,f,57.70
grèbe,m,0.07
grèbes,m,0.07
grège,m,0.14
grègues,f,0.07
grès,m,4.05
grève,f,26.55
grèves,f,26.55
gré,m,28.04
gréage,m,0.01
grébiche,f,0.01
gréement,m,0.34
gréements,m,0.34
grésil,m,0.41
grésillement,m,3.85
grésillements,m,3.85
grêle,f,6.15
grêles,f,6.15
grêlon,m,1.01
grêlons,m,1.01
guacamole,m,0.43
guadeloupéenne,f,0.14
guanaco,m,0.01
guanine,f,0.04
guano,m,0.23
guaracha,f,0.02
guelfe,m,0.20
guelfes,m,0.20
guenille,f,4.46
guenilles,f,4.46
guenillons,m,0.07
guenipe,f,0.07
guenon,f,1.89
guenons,f,1.89
guerre,f,354.59
guerre-éclair,f,0.14
guerres,f,354.59
guerrier,m,16.75
guerriers,m,16.75
guerroyeur,m,0.07
guet,m,7.70
guet-apens,m,0.74
guets,m,7.70
guets-apens,m,0.07
guette,f,0.34
guettes,f,0.34
guetteur,m,4.46
guetteurs,m,4.46
guetteuse,f,4.46
guetteuses,f,4.46
gueugueule,f,0.07
gueulante,f,1.49
gueulantes,f,1.49
gueulard,m,0.88
gueularde,f,0.88
gueulards,m,0.88
gueule,f,125.22
gueule-de-loup,f,0.07
gueulement,m,0.81
gueulements,m,0.81
gueules,f,125.22
gueules-de-loup,f,0.14
gueuleton,m,1.08
gueuletons,m,1.08
gueulette,f,0.14
gueulettes,f,0.14
gueuloir,m,0.07
gueusards,m,0.14
gueuse,f,4.66
gueuserie,f,0.47
gueuses,f,4.66
gueux,m,4.66
gueuze,f,0.07
gugusse,m,1.12
gugusses,m,1.12
gui,m,2.90
guibole,f,0.34
guiboles,f,0.34
guibolle,f,4.93
guibolles,f,4.93
guiche,f,0.27
guiches,f,0.27
guichet,m,8.45
guichetier,m,0.47
guichetiers,m,0.47
guichetière,f,0.47
guichets,m,8.45
guidage,m,1.19
guidance,f,0.01
guidon,m,7.03
guidons,m,7.03
guigne,f,1.35
guignes,f,1.35
guignol,m,6.15
guignolades,f,0.14
guignolet,m,0.20
guignols,m,6.15
guignon,m,0.20
guilde,f,0.57
guildes,f,0.57
guili-guili,m,0.16
guillaume,m,0.20
guillaumes,m,0.20
guilledou,m,0.20
guillemet,m,1.55
guillemets,m,1.55
guillemot,m,0.11
guillochures,f,0.07
guillotine,f,5.61
guillotines,f,5.61
guillotineur,m,0.14
guillotineurs,m,0.14
guimauve,f,2.43
guimauves,f,2.43
guimbarde,f,1.69
guimbardes,f,1.69
guimpe,f,1.15
guimpes,f,1.15
guinche,m,0.47
guinches,m,0.47
guindal,m,0.61
guindals,m,0.61
guindant,m,0.10
guindeau,m,0.07
guinguette,f,3.04
guinguettes,f,3.04
guinée,f,1.40
guinées,f,1.40
guipure,f,1.15
guipures,f,1.15
guirlande,f,9.05
guirlandes,f,9.05
guise,f,20.61
guises,f,0.07
guitare,f,14.80
guitares,f,14.80
guitoune,f,5.68
guitounes,f,5.68
gulden,m,0.10
gun,m,1.51
guna,m,0.04
guns,m,1.51
guppy,m,0.55
guru,m,0.08
gus,m,8.50
gusse,m,0.14
gustation,f,0.14
gut,m,0.64
gutta-percha,f,0.03
gutturales,f,0.07
guzla,f,0.07
guède,f,0.02
gué,m,2.03
guéguerre,f,0.41
guéguerres,f,0.41
guépard,m,0.74
guépards,m,0.74
guéret,m,0.27
guérets,m,0.27
guéridon,m,11.42
guéridons,m,11.42
guérilla,f,2.17
guérillas,f,2.17
guérillero,m,2.81
guérilleros,m,2.81
guérison,f,5.84
guérisons,f,5.84
guérisseur,m,3.20
guérisseurs,m,3.20
guérisseuse,f,3.20
guérisseuses,f,3.20
guérite,f,5.07
guérites,f,5.07
guêpe,f,6.42
guêpes,f,6.42
guêpier,m,0.68
guêpière,f,1.22
guêpières,f,1.22
guêtre,f,4.80
guêtres,f,4.80
gym,f,9.18
gymkhana,m,0.27
gymnase,m,4.28
gymnases,m,4.28
gymnasium,m,0.14
gymnastique,f,10.00
gymnastiques,f,10.00
gymnopédie,f,0.07
gynécologie,f,0.28
gynécomastie,f,0.03
gynécée,m,0.20
gynécées,m,0.20
gypaète,m,0.08
gypse,m,0.34
gypses,m,0.34
gypsophile,f,0.08
gypsophiles,f,0.08
gyrins,m,0.07
gyrocompas,m,0.14
gyrophare,m,1.42
gyrophares,m,1.42
gyroscope,m,0.61
gyroscopes,m,0.61
gyrus,m,0.07
gâchage,m,0.07
gâche,f,1.82
gâches,f,1.82
gâchette,f,5.09
gâchettes,f,5.09
gâcheur,m,0.07
gâcheurs,m,0.07
gâchis,m,6.24
gâpette,f,0.07
gâte-bois,m,0.07
gâte-sauce,m,0.14
gâteau,m,55.19
gâteaux,m,55.19
gâterie,f,2.91
gâteries,f,2.91
gâteuse,f,0.34
gâteux,m,1.15
gâtine,f,0.07
gâtisme,m,0.95
gène,m,8.07
gènes,m,8.07
géant,m,22.91
géante,f,22.91
géantes,f,22.91
géants,m,22.91
gégène,f,0.41
géhenne,f,0.58
géhennes,f,0.58
gélatine,f,1.35
gélatines,f,1.35
gélatino-bromure,m,0.07
gélifiant,m,0.01
gélification,f,0.07
géline,f,0.20
gélines,f,0.20
gélinotte,f,0.07
gélolevure,f,0.07
gélose,f,0.07
gélule,f,0.88
gélules,f,0.88
gémeau,m,0.40
gémeaux,m,0.40
gémellité,f,3.38
gémissement,m,16.76
gémissements,m,16.76
gémonies,f,0.07
génialité,f,0.07
génie,m,51.62
génies,m,51.62
génisse,f,1.76
génisses,f,1.76
génitalité,f,0.07
géniteur,m,2.50
géniteurs,m,2.50
génitoires,f,0.41
génitrice,f,2.50
génitrices,f,2.50
génocide,m,1.25
génocides,m,1.25
génois,m,1.42
génoise,f,1.42
génoises,f,1.42
génome,m,0.63
génomique,f,0.04
génotype,m,0.11
génotypes,m,0.11
génovéfains,m,0.07
génuflexion,f,1.01
génuflexions,f,1.01
généalogie,f,1.96
généalogies,f,1.96
général,m,236.89
générale,f,236.89
générales,f,236.89
généralife,m,0.20
généralisation,f,0.61
généralisations,f,0.61
généralissime,m,1.82
généralité,f,1.96
généralités,f,1.96
générateur,m,8.96
générateurs,m,8.96
génération,f,37.77
générations,f,37.77
génératrice,f,8.96
génératrices,f,8.96
généraux,m,236.89
générique,m,1.71
génériques,m,1.71
générosité,f,11.55
générosités,f,11.55
généticien,m,0.60
généticienne,f,0.60
généticiens,m,0.60
génétique,f,1.70
génétiques,f,1.70
géo,f,1.22
géocorises,f,0.07
géode,f,0.04
géodésigraphe,m,0.07
géographe,f,0.95
géographes,f,0.95
géographie,f,8.51
géographies,f,8.51
géologie,f,0.61
géomancie,f,0.07
géométrie,f,5.20
géométries,f,5.20
géophysiciens,m,0.01
géophysique,f,0.17
géopolitique,f,0.07
géorgienne,f,0.27
géorgiens,m,0.27
géosciences,f,0.01
géostratégie,f,0.07
géothermie,f,0.01
gérance,f,1.15
géranium,m,4.12
géraniums,m,4.12
gérant,m,8.72
gérante,f,8.72
gérants,m,8.72
gériatrie,f,0.07
géronte,m,0.14
gérontes,m,0.14
gérontisme,m,0.01
gérontologie,f,0.27
géré,m,0.05
gésier,m,0.88
gésiers,m,0.88
gésine,f,0.34
gêne,f,27.30
gênes,f,27.30
gêneur,m,1.01
gêneurs,m,1.01
gêneuse,f,1.01
gêneuses,f,1.01
gîte,m,6.49
gîtes,m,6.49
ha,m,2.94
habanera,f,0.01
habileté,f,10.88
habiletés,f,10.88
habilitation,f,0.22
habilitations,f,0.22
habilité,f,0.58
habilités,f,0.58
habillage,m,0.14
habillement,m,2.50
habilleur,m,0.72
habilleurs,m,0.72
habilleuse,f,0.72
habilleuses,f,0.72
habit,m,27.64
habitabilité,f,0.07
habitacle,m,1.69
habitacles,m,1.69
habitant,m,29.46
habitante,f,29.46
habitants,m,29.46
habitat,m,1.38
habitation,f,5.61
habitations,f,5.61
habitats,m,1.38
habits,m,27.64
habitude,f,154.46
habitudes,f,154.46
habitus,m,0.14
habitué,m,10.68
habituée,f,10.68
habituées,f,10.68
habitués,m,10.68
hachage,m,0.01
hachard,m,0.07
hache,f,13.65
hache-paille,m,0.14
haches,f,13.65
hachette,f,0.74
hachettes,f,0.74
hacheur,m,0.27
hacheurs,m,0.27
hachis,m,1.22
hachisch,m,0.07
hachoir,m,0.81
hachoirs,m,0.81
hachure,f,1.55
hachures,f,1.55
hacienda,f,0.93
haciendas,f,0.93
hack,m,0.23
hacker,m,0.99
hackers,m,0.99
haddock,m,0.54
hadith,m,0.01
hadj,m,1.88
hadji,m,0.47
haggadah,f,0.02
haggis,m,0.27
hagiographe,m,0.47
hagiographie,f,0.20
haie,f,26.08
haies,f,26.08
haillon,m,3.78
haillons,m,3.78
haine,f,52.50
haines,f,52.50
haire,f,0.20
haires,f,0.20
haka,m,0.01
hakka,m,0.01
halage,m,1.55
halages,m,1.55
halcyon,m,0.02
hale,m,0.07
haleine,f,23.04
haleines,f,23.04
haleur,m,0.34
haleurs,m,0.34
half-track,m,0.14
half-tracks,m,0.14
hall,m,26.76
hallali,m,1.35
halle,f,9.32
hallebarde,f,1.28
hallebardes,f,1.28
hallebardier,m,0.68
hallebardiers,m,0.68
halles,f,9.32
hallier,m,1.76
halliers,m,1.76
halloween,f,0.04
halls,m,26.76
hallucination,f,7.88
hallucinations,f,7.88
hallucinogène,m,0.32
hallucinogènes,m,0.32
halluciné,m,0.95
hallucinée,f,0.95
hallucinés,m,0.95
halo,m,8.38
halogène,m,0.12
halogènes,m,0.12
halogénure,m,0.01
halon,m,0.08
halons,m,0.08
halopéridol,m,0.12
halos,m,8.38
halothane,m,0.50
halte,f,12.77
halte-garderie,f,0.02
haltes,f,12.77
haltère,m,1.35
haltères,m,1.35
haltérophilie,f,0.18
halva,m,0.07
halètement,m,3.72
halètements,m,3.72
hamac,m,3.78
hamacs,m,3.78
hamada,f,0.17
hamadryade,f,0.01
hamadryas,m,0.01
hamamélis,m,0.01
hambourgeois,m,0.20
hambourgeoises,f,0.20
hamburger,m,7.47
hamburgers,m,7.47
hameau,m,10.61
hameaux,m,10.61
hameçon,m,3.24
hameçons,m,3.24
hammam,m,1.55
hammams,m,1.55
hammerless,m,0.27
hampe,f,3.11
hampes,f,3.11
hamster,m,2.51
hamsters,m,2.51
han,m,1.42
hanap,m,0.34
hanaps,m,0.34
hanche,f,32.36
hanches,f,32.36
hand-ball,m,0.08
handball,m,0.52
handicap,m,3.70
handicapeur,m,0.06
handicaps,m,3.70
handicapé,m,4.90
handicapée,f,4.90
handicapées,f,4.90
handicapés,m,4.90
hangar,m,18.85
hangars,m,18.85
hanneton,m,5.34
hannetons,m,5.34
hanoukka,f,0.31
hanovriens,m,0.14
hantavirus,m,0.03
hantise,f,5.07
hantises,f,5.07
happe,f,0.14
happement,m,0.20
happening,m,0.54
happenings,m,0.54
happeurs,m,0.07
happy end,m,0.51
happy ends,m,0.51
happy few,m,0.14
haptoglobine,f,0.01
haque,f,1.62
haquenée,f,0.07
haquet,m,0.20
haquets,m,0.20
hara-kiri,m,0.41
harangue,f,1.22
harangues,f,1.22
harari,m,0.02
haras,m,1.01
harassement,m,0.27
harceleur,m,0.17
harceleuse,f,0.17
harcèlement,m,3.69
harcèlements,m,3.69
hard,m,0.48
hard edge,m,0.01
hard-top,m,0.01
harde,f,8.99
hardes,f,8.99
hardiesse,f,2.64
hardiesses,f,2.64
harem,m,15.95
harems,m,15.95
hareng,m,6.08
harengs,m,6.08
harenguet,m,0.01
harenguier,m,0.10
harengère,f,0.14
harfang,m,0.07
hargne,f,4.53
hargnes,f,4.53
haricot,m,13.45
haricots,m,13.45
haridelle,f,0.61
haridelles,f,0.61
harissa,f,0.20
harki,m,0.41
harkis,m,0.41
harmattan,m,0.07
harmonica,m,1.76
harmonicas,m,1.76
harmonie,f,16.22
harmonies,f,16.22
harmonique,m,0.41
harmoniques,m,0.41
harmonisateurs,m,0.07
harmonisation,f,0.07
harmonium,m,3.51
harmoniums,m,3.51
harnachement,m,1.55
harnachements,m,1.55
harnais,m,3.92
harnois,m,0.20
haro,m,1.35
harpagon,m,0.01
harpe,f,5.34
harpes,f,5.34
harpie,f,1.42
harpies,f,1.42
harpin,m,0.07
harpon,m,2.03
harponnage,m,0.17
harponneur,m,0.20
harponneurs,m,0.20
harpons,m,2.03
harpyes,f,0.07
hart,f,0.41
harts,f,0.41
haruspices,m,0.14
has been,m,0.20
hasard,m,124.19
hasards,m,124.19
hasch,m,2.16
haschich,m,0.47
haschisch,m,0.41
hase,f,0.27
haseki,f,0.20
hasekis,f,0.20
hases,f,0.27
hassidim,m,0.22
hassidisme,m,0.07
hauban,m,1.01
haubans,m,1.01
haubert,m,0.54
hausse,f,3.38
haussement,m,5.68
haussements,m,5.68
hausses,f,3.38
haussière,f,0.14
haussières,f,0.14
haut,m,125.07
haut-commandement,m,1.22
haut-commissaire,m,7.97
haut-commissariat,m,0.81
haut-de-chausse,f,0.15
haut-de-chausses,m,0.20
haut-de-forme,m,1.62
haut-fond,m,1.08
haut-le-coeur,m,1.01
haut-le-corps,m,1.76
haut-parleur,m,7.36
haut-parleurs,m,7.36
haut-relief,m,0.20
hautain,m,0.34
hautains,m,0.34
hautbois,m,1.62
haute,f,2.84
haute-fidélité,f,0.07
hautesse,f,1.42
hauteur,f,77.70
hauteurs,f,77.70
hautin,m,0.11
hautins,m,0.11
hauts,m,125.07
hauts-commissaires,m,7.97
hauts-de-chausses,m,0.15
hauts-de-forme,m,1.62
hauts-fonds,m,1.08
hauts-fourneaux,m,0.27
havanais,m,0.07
havanaise,f,0.01
havane,m,0.95
havanes,m,0.95
haveneau,m,0.14
haveneaux,m,0.14
havre,m,3.11
havres,m,3.11
havresac,m,2.16
havresacs,m,2.16
hayon,m,0.14
hayons,m,0.14
haïk,m,0.61
haïkaï,m,0.07
haïks,m,0.61
haïku,m,0.30
haïkus,m,0.30
haïtien,m,1.01
haïtienne,f,1.01
haïtiens,m,1.01
heaume,m,1.01
heaumes,m,1.01
hebdo,m,1.49
hebdomadaire,m,4.46
hebdomadaires,m,4.46
hebdos,m,1.49
hectare,m,6.35
hectares,m,6.35
hecto,m,0.07
hectolitres,m,0.20
hectomètres,m,0.07
hellénisme,m,0.34
helminthe,m,0.07
helvelles,f,0.07
hemlock,m,0.23
hennin,m,0.34
hennissement,m,2.91
hennissements,m,2.91
henné,m,1.15
henry,m,0.15
heptagone,m,0.14
heptaméron,m,0.07
heptane,m,0.04
herbage,m,1.35
herbagers,m,0.07
herbages,m,1.35
herbe,f,118.51
herbes,f,118.51
herbette,f,0.14
herbettes,f,0.14
herbicide,m,0.32
herbier,m,1.28
herbiers,m,1.28
herbivore,m,0.27
herbivores,m,0.27
herboristerie,f,0.14
herboristeries,f,0.14
hercule,m,0.77
hercules,m,0.77
hermaphrodisme,m,0.07
hermaphroditisme,m,0.07
hermine,f,1.69
hermines,f,1.69
herminette,f,0.14
herminettes,f,0.14
hermès,m,0.73
hermétisme,m,0.20
hernie,f,2.91
hernies,f,2.91
herpès,m,0.86
herpétologie,f,0.04
herse,f,2.57
herses,f,2.57
hertz,m,0.09
hessois,m,0.07
hetman,m,0.34
heur,m,1.15
heure,f,924.05
heures,f,924.05
heureuse,f,9.11
heureuses,f,9.11
heureux,m,9.11
heuristique,f,0.01
heurs,m,1.15
heurt,m,6.15
heurtoir,m,0.61
heurtoirs,m,0.61
heurts,m,6.15
hexagone,m,0.61
hexagones,m,0.61
hexamètres,m,0.14
hi-fi,f,0.87
hi-han,m,0.07
hiatus,m,1.01
hibernation,f,0.82
hibiscus,m,1.08
hibou,m,5.01
hiboux,m,5.01
hic,m,2.91
hickory,m,0.14
hidalgo,m,0.61
hidalgos,m,0.61
hideur,f,0.81
hideurs,f,0.81
high life,m,0.41
high-life,m,0.27
high-tech,m,0.13
highlander,m,0.30
highlanders,m,0.30
higoumène,m,0.07
hilarité,f,4.12
hilarités,f,4.12
hile,m,0.24
hiloire,f,0.07
hilotes,m,0.07
himalaya,m,0.14
himalayenne,f,0.07
hindi,m,0.14
hindou,m,1.79
hindoue,f,1.79
hindoues,f,1.79
hindouisme,m,0.28
hindous,m,1.79
hindoustani,m,0.03
hip-hop,m,1.74
hippisme,m,0.02
hippo,m,45.61
hippocampe,m,0.63
hippocampes,m,0.63
hippodrome,m,1.35
hippodromes,m,1.35
hippogriffe,m,0.19
hippopotame,m,2.52
hippopotames,m,2.52
hippy,m,0.25
hirondelle,f,3.24
hirondelles,f,6.42
hirsutisme,m,0.02
hirudine,f,0.01
hispano-américain,m,0.01
histamine,f,0.15
hister,m,0.02
histocompatibilité,f,0.14
histoire,f,359.92
histoires,f,359.92
histologie,f,0.11
histopathologie,f,0.03
histoplasmose,f,0.01
historicité,f,0.14
historien,m,6.28
historienne,f,6.28
historiens,m,6.28
historiette,f,0.34
historiettes,f,0.34
historiographie,f,0.11
historique,m,2.00
historiques,m,2.00
histrion,m,0.41
histrions,m,0.41
hit,m,1.59
hit-parade,m,0.73
hit-parades,m,0.73
hitlérien,m,1.15
hitlérienne,f,1.15
hitlériennes,f,1.15
hitlériens,m,1.15
hitlérisme,m,0.68
hits,m,1.59
hittite,m,0.07
hiver,m,99.53
hivernage,m,0.95
hivernants,m,0.07
hivers,m,99.53
hiérarchie,f,9.86
hiérarchies,f,9.86
hiérarchisation,f,0.07
hiératisme,m,0.54
hiéroglyphe,m,1.49
hiéroglyphes,m,1.49
hiéronymites,m,0.07
hiérophante,m,0.20
hobbies,m,3.11
hobby,m,3.11
hobereau,m,1.82
hobereaux,m,1.82
hochement,m,5.68
hochements,m,5.68
hochepot,m,0.14
hochet,m,2.23
hochets,m,2.23
hocheurs,m,0.07
hockey,m,6.38
hockeyeur,m,0.50
hockeyeurs,m,0.50
hodja,m,0.19
hoirie,f,0.34
hoiries,f,0.34
hold up,m,7.78
hold-up,m,7.78
hollandais,m,3.11
hollandaise,f,0.18
hollandaises,f,3.11
hollande,f,0.07
holocauste,m,1.61
holocaustes,m,1.61
hologramme,m,1.93
hologrammes,m,1.93
holographie,f,0.07
holothuries,f,0.07
holster,m,0.27
holà,m,1.15
homard,m,5.34
homardiers,m,0.01
homards,m,5.34
hombre,m,1.60
home,m,4.00
home-trainer,m,0.01
homeland,m,0.14
homes,m,4.00
homicide,m,12.07
homicides,m,12.07
hominien,m,0.14
hominiens,m,0.14
hominisation,f,0.07
hommage,m,16.69
hommages,m,16.69
homme,m,1398.85
homme-chien,m,0.14
homme-clé,m,0.04
homme-femme,m,0.36
homme-grenouille,m,0.35
homme-loup,m,0.05
homme-machine,m,0.04
homme-oiseau,m,0.05
homme-orchestre,m,0.07
homme-poisson,m,0.06
homme-robot,m,0.07
homme-sandwich,m,0.41
homme-serpent,m,0.27
hommes,m,1398.85
hommes-grenouilles,m,0.35
homo erectus,m,0.04
homo habilis,m,0.07
homogénéisateur,m,0.14
homogénéisation,f,0.07
homogénéité,f,0.34
homologation,f,0.20
homoncule,m,0.07
homonymie,f,0.27
homophile,m,0.14
homophilie,f,0.07
homophone,m,0.01
homophonie,f,0.07
homosexualité,f,4.81
homosexuel,m,4.32
homosexuelle,f,0.28
homosexuelles,f,0.28
homosexuels,m,4.32
homuncule,m,0.14
homélie,f,0.81
homélies,f,0.81
homéopathie,f,0.58
homéothermie,f,0.01
hondurien,m,0.01
hongkongais,m,0.14
hongre,m,0.47
hongres,m,0.47
hongrois,m,2.36
hongroise,f,1.08
hongroises,f,1.08
honneur,m,130.69
honneurs,m,130.69
honnêteté,f,7.20
honorabilité,f,1.15
honoraires,m,3.06
honte,f,103.40
hontes,f,103.40
hooligan,m,0.72
hooligans,m,0.72
hopak,m,0.01
hoplite,m,0.07
hoquet,m,7.91
hoquets,m,7.91
horaire,m,8.94
horaires,m,8.94
horde,f,7.03
hordes,f,7.03
horion,m,0.88
horions,m,0.88
horizon,m,66.15
horizons,m,66.15
horizontale,f,3.04
horizontales,f,3.04
horizontalité,f,0.20
horloge,f,16.49
horloger,m,5.41
horlogerie,f,1.08
horlogers,m,5.41
horloges,f,16.49
horlogère,f,5.41
hormone,f,4.69
hormones,f,4.69
hornblende,f,0.01
horoscope,m,2.90
horoscopes,m,2.90
horreur,f,69.46
horreurs,f,69.46
horripilation,f,0.20
horripilations,f,0.20
hors-bord,m,0.61
hors-d'oeuvre,m,1.96
hors-jeu,m,0.20
hors-la-loi,m,3.21
hors-piste,m,0.45
horse-guard,m,0.14
horse-guards,m,0.14
hortensia,m,2.03
hortensias,m,2.03
horticulteur,m,0.54
horticulteurs,m,0.54
horticultrice,f,0.01
horticulture,f,0.27
hortillonnage,m,0.07
hosanna,m,0.54
hosannah,m,0.27
hosannas,m,0.54
hospice,m,6.96
hospices,m,6.96
hospitalier,m,0.74
hospitaliers,m,0.74
hospitalisation,f,0.85
hospitalisations,f,0.85
hospitalité,f,6.72
hospodar,m,0.54
hospodars,m,0.54
hostau,m,0.20
hostellerie,f,1.22
hostelleries,f,1.22
hostie,f,3.85
hosties,f,3.85
hostilité,f,15.81
hostilités,f,15.81
hosto,m,5.81
hostos,m,5.81
hot,m,0.56
hot dog,m,2.69
hot dogs,m,2.69
hot-dog,m,6.09
hot-dogs,m,6.09
hotline,f,0.52
hotte,f,2.57
hottes,f,2.57
hottée,f,0.07
hotu,m,0.81
hotus,m,0.81
houari,m,0.07
houblon,m,0.61
houblons,m,0.61
houe,f,0.37
houille,f,0.88
houilles,f,0.88
houillère,f,0.41
houillères,f,0.41
houle,f,10.07
houles,f,10.07
houlette,f,0.82
houligan,m,0.07
houliganisme,m,0.20
houlque,f,0.07
houppe,f,0.68
houppelande,f,2.09
houppelandes,f,2.09
houppes,f,0.68
houppette,f,2.43
houppettes,f,2.43
hourdis,m,0.07
hourds,m,0.20
houri,f,0.61
houris,f,0.61
hourra,m,2.38
hourrah,m,0.77
hourrahs,m,0.77
hourras,m,2.38
hourvari,m,0.54
hourvaris,m,0.54
housards,m,0.14
house,f,4.74
house music,f,0.01
house-boat,m,0.07
house-boats,m,0.07
houseau,m,1.08
houseaux,m,1.08
housse,f,5.68
housses,f,5.68
houx,m,1.28
hovercraft,m,0.01
hoyau,m,0.14
huard,m,0.59
huards,m,0.59
huart,m,0.27
hublot,m,7.77
hublots,m,7.77
huche,f,0.47
huches,f,0.47
huchet,m,0.27
huerta,f,0.95
huguenot,m,0.47
huguenote,f,0.47
huguenots,m,0.47
huile,f,38.18
huiles,f,38.18
huilier,m,0.10
huipil,m,0.54
huipils,m,0.54
huis,m,1.82
huisserie,f,0.34
huisseries,f,0.34
huissier,m,5.95
huissiers,m,5.95
huit-reflets,m,0.27
huitaine,f,1.01
hulotte,f,0.61
hulottes,f,0.61
hululement,m,1.82
hululements,m,1.82
humain,m,30.00
humaine,f,30.00
humaines,f,30.00
humains,m,30.00
humanisation,f,0.14
humanisme,m,2.30
humanitaire,m,0.57
humanitarisme,m,0.11
humanité,f,24.32
humanités,f,24.32
humectage,m,0.01
humeur,f,58.04
humeurs,f,58.04
humidificateur,m,0.20
humidification,f,0.03
humidité,f,14.86
humiliation,f,13.65
humiliations,f,13.65
humilité,f,12.09
humilités,f,12.09
humour,m,17.22
humus,m,5.74
humérus,m,0.34
hun,m,0.68
hune,f,0.41
hunes,f,0.41
hunier,m,0.17
huniers,m,0.17
huns,m,0.68
hunter,m,0.02
huppe,f,0.34
hure,f,2.36
hures,f,2.36
hurlement,m,20.95
hurlements,m,20.95
hurleur,m,0.47
hurleurs,m,0.47
hurluberlu,m,0.61
hurluberlus,m,0.61
huron,m,0.02
huronne,f,0.02
hurrah,m,0.07
hurrahs,m,0.07
hurricane,m,0.56
hurricanes,m,0.56
huskies,m,0.20
husky,m,0.28
hussard,m,3.45
hussarde,f,3.45
hussards,m,3.45
hussite,m,0.20
hussites,m,0.20
hutte,f,7.84
huttes,f,7.84
huée,f,1.49
huées,f,1.49
huître,f,7.64
huîtres,f,7.64
huîtrier,m,0.07
huîtriers,m,0.07
huîtrière,f,0.07
hyacinthe,f,0.07
hyades,f,0.10
hybridation,f,0.05
hybride,m,1.97
hybrides,m,1.97
hydne,m,0.07
hydratation,f,0.13
hydrate,m,0.42
hydrates,m,0.42
hydraulicien,m,0.01
hydraulique,f,0.22
hydrauliques,f,0.22
hydravion,m,0.61
hydravions,m,0.61
hydre,f,0.34
hydrocarbure,m,0.50
hydrocarbures,m,0.50
hydrocortisone,f,0.03
hydrocution,f,0.07
hydrocèle,f,0.07
hydrocéphalie,f,0.01
hydrofoil,m,0.01
hydroglisseur,m,0.06
hydrographie,f,0.07
hydrogène,m,1.76
hydrogènes,m,1.76
hydrogénisation,f,0.14
hydrolase,f,0.10
hydrologie,f,0.02
hydrolyse,f,0.03
hydromel,m,0.52
hydromètres,f,0.07
hydrophile,m,0.07
hydrophobie,f,0.07
hydrophone,m,0.25
hydrophyte,f,0.01
hydropisie,f,0.27
hydroptère,m,0.02
hydroquinone,f,0.14
hydrostatique,f,0.01
hydrothérapie,f,0.14
hydrox,m,0.01
hydroxyde,m,0.13
hygiaphone,m,0.20
hygiène,f,6.35
hygiènes,f,6.35
hygroma,m,0.03
hygromètre,m,0.14
hygromètres,m,0.14
hygrométrie,f,0.14
hymen,m,2.05
hyménoptère,m,0.27
hyménoptères,m,0.27
hyménée,m,0.34
hyménées,m,0.34
hyoïde,m,0.13
hypallage,f,0.07
hyperacidité,f,0.01
hyperactivité,f,0.17
hyperbole,f,0.34
hyperboles,f,0.34
hyperborée,f,0.07
hypercalcémie,f,0.07
hypercholestérolémie,f,0.03
hypercoagulabilité,f,0.03
hyperespace,m,1.89
hyperesthésie,f,0.07
hyperglycémies,f,0.07
hyperkaliémie,f,0.03
hyperlipidémie,f,0.07
hyperlipémie,f,0.01
hypermarché,m,0.27
hypermarchés,m,0.27
hypermnésie,f,0.07
hyperplan,m,0.01
hyperplasie,f,0.04
hyperréactivité,f,0.01
hyperréalisme,m,0.07
hypersensibilité,f,0.22
hypersomnie,f,0.03
hypersustentateur,m,0.06
hypertendus,m,0.01
hypertension,f,0.71
hypertensions,f,0.71
hyperthermie,f,0.15
hypertrichose,f,0.03
hypertrophie,f,0.56
hyperventilation,f,0.23
hyperémotivité,f,0.07
hypholomes,m,0.07
hypnogène,m,0.20
hypnogènes,m,0.20
hypnose,f,3.29
hypnoses,f,3.29
hypnotique,m,0.16
hypnotiques,m,0.16
hypnotiseur,m,0.63
hypnotiseurs,m,0.63
hypnotiseuse,f,0.63
hypnotisme,m,0.30
hypocalcémie,f,0.03
hypocapnie,f,0.01
hypocauste,m,0.07
hypocaustes,m,0.07
hypocentre,m,0.01
hypochlorite,m,0.01
hypocondre,m,0.14
hypocondrie,f,0.27
hypocras,m,0.20
hypocrisie,f,5.61
hypocrisies,f,5.61
hypoderme,m,0.07
hypoglycémie,f,0.40
hypogonadisme,m,0.03
hypogée,m,0.81
hypogées,m,0.81
hypokhâgne,f,1.28
hypokhâgnes,f,1.28
hyponatrémie,f,0.05
hyponomeutes,m,0.07
hypophyse,f,0.14
hypophyses,f,0.14
hypoplasie,f,0.01
hypospadias,m,0.01
hypostase,f,0.07
hypostases,f,0.07
hyposulfite,m,0.20
hypotaupe,f,0.07
hypotendu,m,0.03
hypotension,f,0.28
hypothalamus,m,0.29
hypothermie,f,0.80
hypothyroïdie,f,0.04
hypothèque,f,2.78
hypothèques,f,2.78
hypothèse,f,16.82
hypothèses,f,16.82
hypotonie,f,0.01
hypoténuse,f,0.09
hypoxie,f,0.13
hysope,f,0.14
hysopes,f,0.14
hystérectomie,f,0.26
hystérie,f,3.48
hystéries,f,3.48
hyène,f,2.43
hyènes,f,2.43
hâblerie,f,0.34
hâbleries,f,0.34
hâbleur,m,0.54
hâbleurs,m,0.54
hâle,m,3.04
hâles,m,3.04
hâte,f,45.20
hâtes,f,45.20
hère,m,0.74
hères,m,0.74
héberge,f,0.01
hébergement,m,0.68
hébertisme,m,0.27
hébreu,m,2.97
hébreux,m,0.40
hébétement,m,0.07
hébétude,f,4.05
hébété,m,2.09
hébétée,f,2.09
hébétés,m,2.09
hécatombe,f,1.69
hécatombes,f,1.69
hédonisme,m,0.20
hégire,f,0.38
hégélianisme,m,0.07
hégémonie,f,1.42
hélianthes,m,0.34
hélice,f,3.85
hélices,f,3.85
hélicoptère,m,13.96
hélicoptères,m,13.96
hélio,f,0.07
héliographe,m,0.01
héliogravure,f,0.07
héliophanie,f,0.07
héliotrope,m,0.41
héliotropes,m,0.41
héliport,m,0.14
hélium,m,0.99
hélix,m,0.07
hématie,f,0.12
hématies,f,0.12
hématine,f,0.05
hématite,f,0.07
hématocrite,m,0.60
hématocèle,f,0.07
hématologie,f,0.10
hématome,m,1.53
hématomes,m,1.53
hématopoïèse,f,0.07
hématose,f,0.07
hématurie,f,0.02
hémicycle,m,0.34
hémiplégie,f,0.41
hémiptère,m,0.07
hémisphère,m,1.76
hémisphères,m,1.76
hémistiche,m,0.20
hémistiches,m,0.20
hémoculture,f,0.17
hémocultures,f,0.17
hémodialyse,f,0.04
hémodynamique,f,0.05
hémoglobine,f,1.15
hémoglobines,f,1.15
hémogramme,m,0.12
hémolyse,f,0.07
hémophile,m,0.20
hémophiles,m,0.20
hémophilie,f,0.14
hémoptysie,f,0.68
hémoptysies,f,0.68
hémorragie,f,9.35
hémorragies,f,9.35
hémorroïde,f,1.69
hémorroïdes,f,1.69
hémostase,f,0.13
héparine,f,0.28
hépatite,f,2.12
hépatites,f,2.12
hépatomégalie,f,0.01
héraldique,f,0.14
héraut,m,0.81
hérauts,m,0.81
hérissement,m,0.34
hérissements,m,0.34
hérisson,m,2.57
hérissons,m,2.57
héritage,m,12.37
héritages,m,12.37
héritier,m,13.45
héritiers,m,13.45
héritière,f,13.45
héritières,f,13.45
héro,f,4.38
héron,m,2.36
hérons,m,2.36
héros,m,76.58
héroïde,f,0.07
héroïne,f,76.58
héroïnes,f,76.58
héroïsme,m,5.95
hérédité,f,3.99
hérésie,f,7.91
hérésies,f,7.91
hésitation,f,25.14
hésitations,f,25.14
hétaïre,f,0.27
hétaïres,f,0.27
hétérochromie,f,0.03
hétérodoxie,f,0.07
hétérogénéité,f,0.14
hétéroptère,m,0.07
hétérosexualité,f,0.81
hévéa,m,0.23
hévéas,m,0.23
hêtraie,f,0.68
hêtraies,f,0.68
hêtre,m,10.20
hêtres,m,10.20
hôpital,m,133.15
hôpitaux,m,133.15
hôte,m,20.20
hôtel,m,158.92
hôtel-dieu,m,0.81
hôtel-restaurant,m,0.14
hôtelier,m,1.35
hôteliers,m,1.35
hôtelière,f,1.35
hôtellerie,f,1.82
hôtelleries,f,1.82
hôtels,m,158.92
hôtes,m,20.20
hôtesse,f,8.34
hôtesses,f,8.34
i,m,71.21
i.e.,m,0.02
iambe,m,0.02
ibex,m,0.11
ibis,m,0.81
ibm,m,0.07
iboga,m,0.04
ice cream,m,0.34
ice-cream,m,0.34
ice-creams,m,0.34
iceberg,m,1.88
icebergs,m,1.88
ichtyologie,f,0.15
icoglan,m,0.14
icoglans,m,0.14
iconographie,f,0.61
iconographies,f,0.61
iconostase,f,0.20
icosaèdre,m,0.03
ictus,m,0.07
ictère,m,0.16
icône,f,4.73
icônes,f,4.73
ide,m,0.47
identificateur,m,0.07
identification,f,7.14
identifications,f,7.14
identitarisme,m,0.20
identité,f,34.78
identités,f,34.78
ides,f,0.54
idiolectes,m,0.07
idiome,m,1.35
idiomes,m,1.35
idiosyncrasie,f,0.20
idiosyncrasies,f,0.20
idiot,m,90.57
idiote,f,90.57
idiotes,f,90.57
idiotie,f,5.27
idioties,f,5.27
idiotisme,m,0.14
idiotismes,m,0.14
idiots,m,90.57
idole,f,10.07
idoles,f,10.07
idolâtrie,f,1.08
idolâtries,f,1.08
idylle,f,3.31
idylles,f,3.31
idéal,m,12.23
idéalisation,f,0.16
idéalisme,m,1.96
idéalismes,m,1.96
idéals,m,12.23
idéation,f,0.03
idéaux,m,12.23
idée,f,389.77
idée-clé,f,0.01
idée-force,f,0.20
idées,f,389.77
idées-forces,f,0.20
idéogramme,m,0.74
idéogrammes,m,0.74
idéographie,f,0.01
idéologie,f,4.05
idéologies,f,4.05
if,m,7.19
ifs,m,7.19
iftar,m,0.07
igloo,m,1.08
igloos,m,1.08
igname,f,0.34
ignames,f,0.34
ignition,f,0.34
ignominie,f,3.72
ignominies,f,3.72
ignorance,f,16.82
ignorances,f,16.82
ignorant,m,3.45
ignorante,f,3.45
ignorantes,f,3.45
ignorants,m,3.45
iguane,m,0.74
iguanes,m,0.74
iguanodon,m,0.14
iguanodons,m,0.14
igue,f,0.07
igues,f,0.07
ikebana,m,0.07
iles,m,1.25
ilium,m,0.01
illettrisme,m,0.07
illettré,m,0.68
illettrée,f,0.68
illettrés,m,0.68
illogisme,m,0.47
illogismes,m,0.47
illuminateurs,m,0.07
illumination,f,4.19
illuminations,f,4.19
illuminé,m,2.50
illuminée,f,2.50
illuminés,m,2.50
illusion,f,47.36
illusionnisme,m,0.34
illusions,f,47.36
illustrateur,m,0.20
illustration,f,7.91
illustrations,f,7.91
illustratrice,f,0.20
illustré,m,5.34
illustrés,m,5.34
illégalité,f,0.81
illégitimité,f,0.20
ilote,m,0.61
ilotes,m,0.61
ilotisme,m,0.14
iléus,m,0.03
image,f,188.92
imagerie,f,2.09
imageries,f,2.09
images,f,188.92
imageur,m,0.03
imageurs,m,0.03
imagier,m,1.01
imagiers,m,1.01
imaginaire,m,3.24
imaginaires,m,3.24
imaginatif,m,0.34
imaginatifs,m,0.34
imagination,f,48.58
imaginations,f,48.58
imaginative,f,0.07
imago,m,0.07
imam,m,1.27
imams,m,1.27
iman,m,0.07
imbibition,f,0.07
imbrication,f,0.61
imbrications,f,0.61
imbroglio,m,1.69
imbroglios,m,1.69
imbécillité,f,2.70
imbécillités,f,2.70
imidazole,m,0.03
imitateur,m,1.00
imitateurs,m,1.00
imitation,f,7.30
imitations,f,7.30
imitatrice,f,1.00
immaculation,f,0.54
immanence,f,0.07
immanentisme,m,0.07
immatriculation,f,4.64
immatriculations,f,4.64
immaturité,f,0.48
immatérialité,f,0.07
immensité,f,8.45
immensités,f,8.45
immersion,f,1.29
immeuble,m,68.78
immeubles,m,68.78
immigrant,m,1.46
immigrante,f,1.46
immigrants,m,1.46
immigration,f,4.91
immigré,m,2.84
immigrée,f,2.84
immigrées,f,2.84
immigrés,m,2.84
imminence,f,3.38
immixtion,f,0.54
immixtions,f,0.54
immobilier,m,3.18
immobiliers,m,3.18
immobilisation,f,0.34
immobilisations,f,0.34
immobilisme,m,0.27
immobilité,f,21.96
immobilités,f,21.96
immodestie,f,0.07
immolation,f,0.20
immolations,f,0.20
immondice,f,2.36
immondices,f,2.36
immoralisme,m,0.20
immoralité,f,0.67
immortalisation,f,0.07
immortalité,f,4.53
immortalités,f,4.53
immortel,m,1.21
immortelle,f,1.21
immortelles,f,1.21
immortels,m,1.21
immuabilité,f,0.20
immunisation,f,0.08
immunité,f,2.99
immunités,f,2.99
immunodéficience,f,0.04
immunodéprimé,m,0.01
immunologie,f,0.02
immunostimulant,m,0.01
immunothérapie,f,0.01
immutabilité,f,0.14
immédiat,m,4.26
immédiateté,f,0.07
impact,m,9.54
impacts,m,9.54
impair,m,1.55
impairs,m,1.55
impala,m,1.22
impalas,m,1.22
impalpabilité,f,0.07
imparfait,m,2.03
imparfaits,m,2.03
impartialité,f,0.95
impasse,f,10.47
impasses,f,10.47
impassibilité,f,2.43
impatience,f,33.78
impatiences,f,33.78
impatiens,f,0.01
impatient,m,1.82
impatiente,f,1.82
impatientes,f,1.82
impatients,m,1.82
impayé,m,0.11
impayés,m,0.11
impeachment,m,0.07
impeccabilité,f,0.07
impedimenta,m,0.07
imper,m,2.91
imperator,m,0.20
imperfection,f,1.69
imperfections,f,1.69
imperium,m,0.08
imperméabilisant,m,0.01
imperméabilité,f,0.14
imperméable,m,11.62
imperméables,m,11.62
impers,m,2.91
impersonnalité,f,0.34
impertinence,f,1.69
impertinences,f,1.69
impertinent,m,0.97
impertinente,f,0.97
impertinents,m,0.97
impiété,f,1.08
impiétés,f,1.08
implacabilité,f,0.07
implant,m,5.11
implantation,f,0.81
implantations,f,0.81
implants,m,5.11
implication,f,2.96
implications,f,2.96
imploration,f,1.01
implorations,f,1.01
implosion,f,0.23
implosive,f,0.07
implémentation,f,0.04
impoli,m,0.62
impolie,f,0.62
impolis,m,0.62
impolitesse,f,1.01
impolitesses,f,1.01
impondérable,m,0.61
impondérables,m,0.61
impopularité,f,0.27
import,m,0.43
import-export,m,0.47
importance,f,75.81
importances,f,75.81
important,m,3.20
importants,m,3.20
importateur,m,0.34
importateurs,m,0.34
importation,f,2.23
importations,f,2.23
imports,m,0.43
importun,m,1.82
importune,f,1.82
importunes,f,1.82
importunités,f,0.20
importuns,m,1.82
imposition,f,0.69
impositions,f,0.69
impossibilité,f,7.50
impossibilités,f,7.50
impossible,m,34.06
impossibles,m,34.06
imposte,f,0.68
imposteur,m,6.04
imposteurs,m,6.04
imposture,f,3.38
impostures,f,3.38
imposé,m,0.20
imposée,f,0.20
impotence,f,0.07
impotent,m,0.41
impotente,f,0.41
impotents,m,0.41
impraticabilité,f,0.01
impresarii,m,2.36
impresario,m,2.36
impresarios,m,2.36
impression,f,155.27
impressionnisme,m,0.20
impressions,f,155.27
imprimante,f,0.95
imprimatur,m,0.07
imprimerie,f,9.53
imprimeries,f,9.53
imprimeur,m,2.97
imprimeurs,m,2.97
imprimé,m,2.84
imprimés,m,2.84
impro,f,0.82
improbabilité,f,0.20
impromptu,m,0.61
impromptus,m,0.61
impropriétés,f,0.14
improvisade,f,0.01
improvisateur,m,0.27
improvisateurs,m,0.27
improvisation,f,3.78
improvisations,f,3.78
imprudence,f,6.15
imprudences,f,6.15
imprudent,m,0.95
imprudents,m,0.95
imprécateur,m,0.07
imprécation,f,3.38
imprécations,f,3.38
imprécision,f,1.01
imprécisions,f,1.01
imprégnation,f,0.68
imprégnations,f,0.68
impréparation,f,0.14
imprésario,m,1.49
imprésarios,m,1.49
imprévisibilité,f,0.20
imprévision,f,0.07
imprévoyance,f,0.47
imprévu,m,5.47
imprévus,m,5.47
impudence,f,1.35
impudences,f,1.35
impudeur,f,4.19
impudeurs,f,4.19
impudicité,f,0.20
impuissance,f,16.62
impuissances,f,16.62
impuissant,m,1.17
impuissants,m,1.17
impulsif,m,0.40
impulsifs,m,0.40
impulsion,f,8.38
impulsions,f,8.38
impulsive,f,0.12
impulsivité,f,0.13
impunité,f,1.42
impureté,f,1.42
impuretés,f,1.42
imputation,f,0.54
imputations,f,0.54
impécuniosité,f,0.07
impédance,f,0.04
impénétrabilité,f,0.20
impératif,m,3.04
impératifs,m,3.04
impératrice,f,6.35
impératrices,f,6.35
impériale,f,0.68
impériales,f,0.68
impérialisation,f,0.01
impérialisme,m,1.35
impéritie,f,0.20
impétigo,m,0.41
impétrant,m,0.27
impétrante,f,0.27
impétrants,m,0.27
impétuosité,f,0.95
impôt,m,15.14
impôts,m,15.14
in pace,m,0.16
in-bord,m,0.01
in-folio,m,0.61
in-folios,m,0.20
in-octavo,m,0.34
in-octavos,m,0.07
in-quarto,m,0.07
in-seize,m,0.07
inaccessibilité,f,0.27
inaccomplissement,m,0.07
inachèvement,m,0.54
inactif,m,0.13
inactifs,m,0.13
inaction,f,2.36
inactivation,f,0.01
inactivité,f,0.74
inadaptation,f,0.54
inadapté,m,0.14
inadaptée,f,0.14
inadaptés,m,0.14
inadvertance,f,1.55
inadvertances,f,1.55
inadéquation,f,0.07
inanimation,f,0.07
inanition,f,1.62
inanité,f,1.28
inapplication,f,0.07
inappétence,f,0.27
inaptitude,f,1.01
inaptitudes,f,1.01
inarticulé,m,0.07
inassouvissement,m,0.07
inattention,f,2.30
inauguration,f,3.12
inaugurations,f,3.12
inauthenticité,f,0.07
incandescence,f,1.15
incandescences,f,1.15
incantation,f,2.50
incantations,f,2.50
incantatrice,f,0.07
incapacité,f,3.99
incapacités,f,3.99
incarcération,f,0.84
incarnat,m,0.41
incarnation,f,5.20
incarnations,f,5.20
incartade,f,2.03
incartades,f,2.03
incendie,m,22.43
incendies,m,22.43
incendié,m,0.20
incendiée,f,0.20
incendiés,m,0.20
incertitude,f,11.89
incertitudes,f,11.89
inceste,m,3.04
incestes,m,3.04
incestueuse,f,0.14
incestueuses,f,0.14
incidence,f,1.35
incidences,f,1.35
incident,m,29.93
incidents,m,29.93
incinérateur,m,0.67
incinérateurs,m,0.67
incinération,f,1.62
incise,f,0.14
incises,f,0.14
incision,f,2.62
incisions,f,2.62
incisive,f,1.42
incisives,f,1.42
incitateur,m,0.07
incitation,f,1.24
incitatrice,f,0.07
inclinaison,f,3.04
inclinaisons,f,3.04
inclination,f,2.57
inclinations,f,2.57
inclinomètre,m,0.01
inclusion,f,0.14
inclémence,f,0.27
inclémences,f,0.27
incognito,m,1.55
incognitos,m,1.55
incohérence,f,2.70
incohérences,f,2.70
incommodité,f,0.68
incommodités,f,0.68
incommunicabilité,f,0.12
incompatibilité,f,0.71
incompatibilités,f,0.71
incomplétude,f,0.01
incompris,m,0.34
incomprise,f,0.34
incomprises,f,0.34
incompréhension,f,4.59
incompréhensions,f,4.59
incompétence,f,1.64
incompétences,f,1.64
inconditionnel,m,0.34
inconditionnelle,f,0.34
inconditionnelles,f,0.34
inconditionnels,m,0.34
inconduite,f,0.68
inconfiance,f,0.14
inconfort,m,2.16
incongruité,f,1.49
incongruités,f,1.49
inconnaissable,m,0.47
inconnaissance,f,0.07
inconnu,m,40.41
inconnue,f,40.41
inconnues,f,40.41
inconnus,m,40.41
inconscience,f,6.69
inconsciences,f,6.69
inconscient,m,3.58
inconscients,m,3.58
inconsistance,f,0.88
inconstance,f,0.95
inconstant,m,0.27
inconstante,f,0.27
inconstants,m,0.27
inconséquence,f,1.42
inconséquences,f,1.42
incontinence,f,0.68
incontinences,f,0.68
inconvenance,f,1.28
inconvenances,f,1.28
inconvénient,m,9.05
inconvénients,m,9.05
incoordination,f,0.01
incorporation,f,1.35
incorporations,f,1.35
incorrection,f,0.34
incorruptibilité,f,0.14
incrimination,f,0.01
incroyable,m,21.11
incroyables,m,21.11
incroyance,f,0.34
incroyant,m,1.08
incroyante,f,1.08
incroyants,m,1.08
incrustation,f,1.62
incrustations,f,1.62
incrédibilité,f,0.20
incrédulité,f,5.00
incubateur,m,0.41
incubateurs,m,0.41
incubation,f,0.54
incube,m,0.14
incubes,m,0.14
inculcation,f,0.07
inculpation,f,2.55
inculpations,f,2.55
inculpé,m,1.42
inculpée,f,1.42
inculpés,m,1.42
inculture,f,0.41
incunables,m,0.47
incurie,f,0.68
incuriosité,f,0.34
incursion,f,4.26
incursions,f,4.26
incurvation,f,0.14
inde,m,0.54
indemnisation,f,0.36
indemnisations,f,0.36
indemnité,f,3.17
indemnités,f,3.17
indemnités-repas,f,0.01
indentation,f,0.14
indentification,f,0.01
indes,m,0.54
indestructibilité,f,0.14
index,m,32.43
indexation,f,0.12
indexeur,m,0.02
indic,m,5.36
indicateur,m,2.50
indicateurs,m,2.50
indicatif,m,1.55
indicatifs,m,1.55
indication,f,12.43
indications,f,12.43
indice,m,22.13
indices,m,22.13
indics,m,5.36
indien,m,12.99
indienne,f,12.99
indienneries,f,0.34
indiennes,f,12.99
indiens,m,12.99
indifférence,f,38.31
indifférences,f,38.31
indifférenciation,f,0.14
indifférent,m,6.96
indifférente,f,6.96
indifférentes,f,6.96
indifférentisme,m,0.07
indifférents,m,6.96
indigence,f,1.96
indigent,m,0.95
indigente,f,0.95
indigentes,f,0.95
indigents,m,0.95
indigestion,f,2.03
indigestions,f,2.03
indignation,f,16.28
indignations,f,16.28
indignité,f,2.36
indignités,f,2.36
indigo,m,0.81
indiscipline,f,1.01
indiscret,m,0.61
indiscrets,m,0.61
indiscrète,f,0.11
indiscrétion,f,5.74
indiscrétions,f,5.74
indispensable,m,1.62
indispensables,m,1.62
indisponibilité,f,0.03
indisposition,f,0.61
indistinction,f,0.34
individu,m,31.42
individualisme,m,1.35
individualité,f,0.88
individualités,f,0.88
individus,m,31.42
indivisibilité,f,0.07
indivision,f,0.07
indo-européens,m,0.07
indochinois,m,0.34
indocilité,f,0.07
indole,m,0.01
indolence,f,2.57
indolences,f,2.57
indonésien,m,0.26
indonésienne,f,0.26
indonésiens,m,0.26
inducteur,m,0.02
induction,f,0.54
inductions,f,0.54
induit,m,0.01
indulgence,f,16.35
indulgences,f,16.35
industrialisation,f,0.20
industrie,f,12.51
industrie-clé,f,0.01
industriel,m,5.20
industrielle,f,5.20
industrielles,f,5.20
industriels,m,5.20
industries,f,12.51
indécence,f,2.16
indécences,f,2.16
indécis,m,0.42
indécise,m,0.04
indécises,m,0.07
indécision,f,2.16
indécisions,f,2.16
indéfini,m,0.10
indéfinition,f,0.07
indéfrisable,f,1.49
indéfrisables,f,1.49
indélicatesse,f,0.74
indélicatesses,f,0.74
indépendance,f,27.16
indépendant,m,0.94
indépendante,f,0.94
indépendantes,f,0.94
indépendantisme,m,0.10
indépendants,m,0.94
indétermination,f,0.34
inefficacité,f,0.61
inemploi,m,0.10
ineptie,f,1.89
inepties,f,1.89
inertie,f,6.62
inerties,f,6.62
inespoir,m,0.07
inexactitude,f,0.54
inexactitudes,f,0.54
inexistence,f,1.62
inexorabilité,f,0.14
inexpression,f,0.07
inexpérience,f,2.03
inexpériences,f,2.03
infaillibilité,f,0.95
infamie,f,3.72
infamies,f,3.72
infant,m,5.52
infante,f,5.52
infanterie,f,10.07
infanteries,f,10.07
infantes,f,5.52
infantilisme,m,0.74
infantilismes,m,0.74
infants,m,5.52
infarctus,m,4.87
infatuation,f,0.41
infectiologie,f,0.01
infection,f,10.62
infections,f,10.62
infertilité,f,0.07
infestation,f,0.12
infibulation,f,0.03
infidélité,f,2.57
infidélités,f,2.57
infiltrat,m,0.01
infiltration,f,1.71
infiltrations,f,1.71
infini,m,18.31
infinis,m,18.31
infinitif,m,0.14
infinitifs,m,0.14
infinitude,f,0.14
infinité,f,2.57
infinités,f,2.57
infirmerie,f,7.43
infirmeries,f,7.43
infirmier,m,39.56
infirmiers,m,39.56
infirmité,f,5.88
infirmités,f,5.88
infirmière,f,39.56
infirmière-major,f,0.14
infirmières,f,39.56
inflammabilité,f,0.02
inflammation,f,0.88
inflation,f,2.30
inflexibilité,f,0.20
inflexion,f,4.86
inflexions,f,4.86
infliction,f,0.03
inflorescence,f,0.07
inflorescences,f,0.07
influence,f,23.51
influences,f,23.51
influenza,f,0.07
influx,m,0.61
infléchissement,m,0.07
info,f,25.50
infographie,f,0.04
informateur,m,4.15
informateurs,m,4.15
informaticien,m,1.03
informaticienne,f,1.03
informaticiens,m,1.03
information,f,63.20
informations,f,63.20
informatique,f,4.60
informatrice,f,4.15
informé,m,0.61
informés,m,0.61
infortune,f,4.19
infortunes,f,4.19
infos,f,25.50
infraction,f,3.95
infractions,f,3.95
infrarouge,m,1.31
infrarouges,m,1.31
infrason,m,0.01
infrastructure,f,0.93
infrastructures,f,0.93
infusion,f,2.77
infusions,f,2.77
infusoires,m,0.07
infécondité,f,0.07
inférieur,m,1.55
inférieure,f,1.55
inférieures,f,1.55
inférieurs,m,1.55
infériorité,f,3.45
infériorités,f,3.45
ingestion,f,0.20
ingrat,m,3.11
ingrate,f,3.11
ingrates,f,3.11
ingratitude,f,3.11
ingrats,m,3.11
ingrédient,m,4.22
ingrédients,m,4.22
ingurgitation,f,0.14
ingénierie,f,0.94
ingénieur,m,21.12
ingénieur-chimiste,m,0.07
ingénieur-conseil,m,0.14
ingénieurs,m,21.12
ingéniosité,f,3.45
ingéniosités,f,3.45
ingénu,m,0.99
ingénue,f,0.99
ingénues,f,0.99
ingénuité,f,1.15
ingénuités,f,1.15
ingénus,m,0.99
ingérence,f,1.76
ingérences,f,1.76
inhalateur,m,0.93
inhalateurs,m,0.93
inhalation,f,0.67
inhalations,f,0.67
inhibiteur,m,0.84
inhibiteurs,m,0.84
inhibition,f,1.51
inhibitions,f,1.51
inhospitalité,f,0.07
inhumanité,f,0.68
inhumation,f,1.28
inhumations,f,1.28
inimitié,f,1.08
inimitiés,f,1.08
inintelligence,f,0.14
inintérêt,m,0.14
iniquité,f,1.35
iniquités,f,1.35
initiale,f,7.36
initiales,f,7.36
initialisation,f,0.55
initiateur,m,1.01
initiateurs,m,1.01
initiation,f,4.39
initiations,f,4.39
initiative,f,16.82
initiatives,f,16.82
initiatrice,f,1.01
initiatrices,f,1.01
initié,m,3.04
initiée,f,3.04
initiées,f,3.04
initiés,m,3.04
injecteur,m,0.60
injecteurs,m,0.60
injection,f,8.98
injections,f,8.98
injonction,f,4.26
injonctions,f,4.26
injure,f,16.69
injures,f,16.69
injustice,f,13.51
injustices,f,13.51
innervation,f,0.27
innocence,f,20.00
innocences,f,20.00
innocent,m,24.68
innocente,f,24.68
innocentes,f,24.68
innocents,m,24.68
innocuité,f,0.20
innovateur,m,0.04
innovation,f,2.03
innovations,f,2.03
inoccupations,f,0.07
inoculation,f,0.24
inondation,f,3.78
inondations,f,3.78
inondé,m,0.47
inondée,f,0.47
inopportunité,f,0.07
inox,m,0.27
inoxydable,m,0.23
input,m,0.07
inquiet,m,1.90
inquiets,m,1.90
inquilisme,m,0.07
inquisiteur,m,2.43
inquisiteurs,m,2.43
inquisition,f,4.66
inquisitions,f,4.66
inquiéteur,m,0.07
inquiétude,f,46.76
inquiétudes,f,46.76
insalubrité,f,0.27
insanité,f,1.49
insanités,f,1.49
insatisfaction,f,1.15
insatisfactions,f,1.15
inscription,f,19.32
inscriptions,f,19.32
inscrit,m,1.49
inscrite,f,1.49
inscrites,f,1.49
inscrits,m,1.49
inscrivant,m,0.07
insecte,m,22.70
insectes,m,22.70
insecticide,m,1.05
insecticides,m,1.05
insensibilité,f,1.55
insensé,m,2.16
insensée,f,2.16
insensées,f,2.16
insensés,m,2.16
insert,m,0.30
insertion,f,0.64
inserts,m,0.30
insight,m,0.07
insights,m,0.07
insigne,m,5.56
insignes,m,5.56
insignifiance,f,3.99
insignifiances,f,3.99
insincérité,f,0.41
insinuation,f,1.62
insinuations,f,1.62
insipidité,f,0.14
insistance,f,14.59
insistances,f,14.59
insolation,f,1.62
insolations,f,1.62
insolence,f,9.80
insolences,f,9.80
insolent,m,1.31
insolents,m,1.31
insomnie,f,8.24
insomnies,f,8.24
insomnieuse,f,0.27
insomnieux,m,0.27
insonorisation,f,0.07
insonorité,f,0.07
insouciance,f,7.91
insouciant,m,0.54
insouciants,m,0.54
insoumis,m,0.88
insoumise,f,0.88
insoumission,f,0.81
inspecteur,m,69.77
inspecteurs,m,69.77
inspection,f,9.39
inspections,f,9.39
inspectrice,f,69.77
inspirateur,m,1.08
inspirateurs,m,1.08
inspiration,f,18.04
inspirations,f,18.04
inspiratrice,f,1.08
inspiratrices,f,1.08
inspiré,m,0.61
inspirée,f,0.61
inspirées,f,0.61
inspirés,m,0.61
instabilité,f,0.93
installateur,m,0.07
installation,f,12.57
installations,f,12.57
installeur,m,0.07
instance,f,4.59
instances,f,4.59
instant,m,340.20
instantané,m,1.01
instantanéité,f,0.07
instantanés,m,1.01
instants,m,340.20
instauration,f,0.27
instauratrice,f,0.07
instigateur,m,1.04
instigateurs,m,1.04
instigation,f,0.88
instigatrice,f,1.04
instinct,m,35.27
instincts,m,35.27
institut,m,5.49
instituteur,m,23.31
instituteurs,m,23.31
institution,f,17.23
institutions,f,17.23
institutrice,f,23.31
institutrices,f,23.31
instituts,m,5.49
instructeur,m,2.09
instructeurs,m,2.09
instruction,f,30.27
instructions,f,30.27
instrument,m,36.08
instrumental,m,0.03
instrumentation,f,0.23
instruments,m,36.08
insu,m,10.20
insubordination,f,1.17
insubordinations,f,1.17
insuccès,m,0.20
insuffisance,f,3.85
insuffisances,f,3.85
insufflateur,m,0.07
insula,f,0.01
insularité,f,0.07
insulation,f,0.01
insuline,f,1.45
insulte,f,15.88
insultes,f,15.88
insulteur,m,0.27
insulteurs,m,0.27
insulté,m,0.19
insultée,f,0.19
insultés,m,0.19
insurgé,m,2.91
insurgée,f,2.91
insurgés,m,2.91
insurrection,f,3.72
insurrections,f,3.72
insécurité,f,1.49
insécurités,f,1.49
inséminateur,m,0.27
insémination,f,0.81
inséminations,f,0.81
inséparabilité,f,0.07
intaille,f,0.20
intailles,f,0.20
intangibilité,f,0.07
intellect,m,1.14
intellectualisation,f,0.01
intellectualisme,m,0.20
intellectuel,m,15.27
intellectuel-phare,m,0.07
intellectuelle,f,15.27
intellectuelles,f,15.27
intellectuels,m,15.27
intelligence,f,37.16
intelligences,f,37.16
intelligentsia,f,0.95
intelligibilité,f,0.27
intemporalité,f,0.14
intempérance,f,0.41
intempérances,f,0.41
intempéries,f,3.51
intendance,f,4.05
intendances,f,4.05
intendant,m,4.73
intendante,f,4.73
intendants,m,4.73
intensification,f,0.14
intension,f,0.04
intensité,f,13.24
intensités,f,13.24
intention,f,68.65
intentionnalité,f,0.01
intentions,f,68.65
inter,m,0.95
inter-écoles,f,0.03
interaction,f,0.92
interactions,f,0.92
interactivité,f,0.05
intercepteur,m,0.45
intercepteurs,m,0.45
interception,f,1.20
interceptions,f,1.20
intercesseur,m,1.22
intercesseurs,m,1.22
intercession,f,1.01
interclasse,m,0.07
interclasses,m,0.07
intercommunication,f,0.03
interconnexion,f,0.01
intercours,m,0.07
intercourse,f,0.07
interdiction,f,6.76
interdictions,f,6.76
interdit,m,7.97
interdite,f,7.97
interdites,f,7.97
interdits,m,7.97
interdépendance,f,0.74
interface,f,1.35
interfaces,f,1.35
interférence,f,3.00
interférences,f,3.00
interférométrie,f,0.01
interféron,m,0.12
interjection,f,1.28
interjections,f,1.28
interligne,m,0.14
interlignes,m,0.14
interlocuteur,m,14.73
interlocuteurs,m,14.73
interlocutrice,f,14.73
interlocutrices,f,14.73
interlope,m,0.03
interlude,m,0.34
interludes,m,0.34
intermezzo,m,0.10
intermission,f,0.07
intermittence,f,3.78
intermittences,f,3.78
intermittent,m,0.27
intermittente,f,0.27
intermittents,m,0.27
intermède,m,2.84
intermèdes,m,2.84
internat,m,3.04
international,m,1.49
internationale,f,1.49
internationalisation,f,0.07
internationalisme,m,0.61
internationaux,m,1.49
internats,m,3.04
internement,m,1.22
interné,m,0.68
internés,m,0.68
interpellateur,m,0.27
interpellateurs,m,0.27
interpellation,f,1.15
interpellations,f,1.15
interphase,f,0.01
interphone,m,1.87
interphones,m,1.87
interpolateur,m,0.01
interpolation,f,0.14
interpolations,f,0.14
interposition,f,0.07
interprétation,f,7.77
interprétations,f,7.77
interpréteur,m,0.01
interpénétration,f,0.14
interpénétrations,f,0.14
interrelations,f,0.02
interrogateur,m,0.21
interrogateurs,m,0.21
interrogatif,m,0.14
interrogation,f,8.92
interrogations,f,8.92
interrogative,f,0.07
interrogatoire,m,11.66
interrogatoires,m,11.66
interrogatrice,f,0.21
interrupteur,m,2.94
interrupteurs,m,2.94
interruption,f,5.61
interruptions,f,5.61
interrègne,m,0.14
inters,m,0.95
intersaison,f,0.03
intersection,f,1.42
intersections,f,1.42
interstice,m,3.99
interstices,m,3.99
intertitre,m,0.07
intervalle,m,19.12
intervalles,m,19.12
intervenant,m,0.35
intervenante,f,0.35
intervenants,m,0.35
intervention,f,16.01
interventionnisme,m,0.01
interventions,f,16.01
interversion,f,0.20
interversions,f,0.20
interview,f,7.30
interviewer,m,1.22
interviewers,m,1.22
intervieweur,m,0.07
interviews,f,7.30
interviewé,m,0.27
interviewés,m,0.27
intestats,m,0.07
intestin,m,4.29
intestins,m,4.29
inti,m,0.02
intifada,m,0.42
intimation,f,0.14
intimidateur,m,0.01
intimidation,f,1.76
intimidations,f,1.76
intimité,f,24.12
intimités,f,24.12
intimé,m,0.01
intitulé,m,1.69
intitulés,m,1.69
intolérance,f,1.35
intonation,f,10.07
intonations,f,10.07
intox,f,0.34
intoxe,f,0.34
intoxication,f,1.51
intoxications,f,1.51
intoxiqué,m,0.20
intoxiquée,f,0.20
intoxiquées,f,0.20
intoxiqués,m,0.20
intrados,f,0.07
intrait,m,0.14
intranet,m,0.08
intransigeance,f,3.04
intransigeances,f,3.04
intransitif,m,0.07
intrigant,m,1.49
intrigante,f,1.49
intrigantes,f,1.49
intrigants,m,1.49
intrigue,f,13.18
intrigues,f,13.18
introducteur,m,0.34
introduction,f,3.04
introductions,f,3.04
introductrice,f,0.34
intromission,f,0.14
intronisation,f,0.41
introspection,f,0.33
introspections,f,0.33
introversions,f,0.07
introverti,m,0.27
introvertie,f,0.27
introvertis,m,0.27
introït,m,0.20
intrus,m,5.47
intruse,f,5.47
intruses,f,5.47
intrusion,f,4.61
intrusions,f,4.61
intrépidité,f,0.74
intubation,f,0.86
intuitif,m,0.14
intuition,f,11.08
intuitions,f,11.08
intuitive,f,0.07
intumescence,f,0.01
intussusception,f,0.03
intégrale,f,0.45
intégrales,f,0.45
intégralisme,m,0.07
intégralité,f,0.74
intégrateur,m,0.02
intégration,f,1.28
intégrisme,m,0.14
intégrismes,m,0.14
intégrité,f,4.32
intégrités,f,4.32
intéressant,m,13.95
intéressante,f,13.95
intéressantes,f,13.95
intéressants,m,13.95
intéressement,m,0.07
intéressé,m,5.74
intéressée,f,5.74
intéressées,f,5.74
intéressés,m,5.74
intérieur,m,135.88
intérieurs,m,135.88
intérim,m,2.03
intérims,m,2.03
intériorisation,f,0.14
intériorité,f,0.41
intérêt,m,97.36
intérêts,m,97.36
inuit,f,0.04
inupik,m,0.07
inusabilité,f,0.07
inutilisation,f,0.14
inutilité,f,3.58
inutilités,f,3.58
invagination,f,0.03
invalidation,f,0.02
invalidité,f,0.99
invalidités,f,0.99
invariance,f,0.01
invasion,f,11.22
invasions,f,11.22
invective,f,2.84
invectives,f,2.84
invendu,m,0.47
invendus,m,0.47
inventaire,m,7.50
inventaires,m,7.50
inventeur,m,3.34
inventeurs,m,3.34
invention,f,15.68
inventions,f,15.68
inventivité,f,0.07
inventivités,f,0.07
inverseur,m,0.02
inversion,f,3.65
inversions,f,3.65
inverti,m,0.56
invertis,m,0.56
invertébré,m,0.20
invertébrés,m,0.20
investigateur,m,0.13
investigateurs,m,0.13
investigation,f,3.26
investigations,f,3.26
investigatrice,f,0.13
investissement,m,7.38
investissements,m,7.38
investisseur,m,2.64
investisseurs,m,2.64
investiture,f,0.47
investitures,f,0.47
invincibilité,f,0.27
inviolabilité,f,0.14
invisibilité,f,0.45
invisible,m,4.39
invisible piston,m,0.07
invisibles,m,4.39
invitation,f,18.27
invitations,f,18.27
invite,f,4.19
invites,f,4.19
inviteur,m,0.14
inviteurs,m,0.14
invité,m,41.19
invitée,f,41.19
invitées,f,41.19
invités,m,41.19
invocation,f,1.96
invocations,f,1.96
involution,f,0.07
invraisemblance,f,1.76
invraisemblances,f,1.76
invulnérabilité,f,0.54
inédit,m,0.47
inédits,m,0.47
inégalité,f,1.62
inégalités,f,1.62
inéligibilité,f,0.14
inéluctabilité,f,0.14
inélégance,f,0.14
inévitabilité,f,0.04
iode,m,3.58
iodoforme,m,0.07
iodure,m,0.05
ion,m,0.85
ionisation,f,0.23
ionosphère,f,0.20
ions,m,0.85
iota,m,0.34
ipomée,f,0.07
ippon,m,0.03
ipse,m,0.14
ipéca,m,0.32
ipécas,m,0.32
ira,f,0.06
irakien,m,0.64
irakiens,m,0.64
iranien,m,0.47
iranienne,f,0.47
iraniennes,f,0.47
iraniens,m,0.47
iraquien,m,0.11
iraquiens,m,0.11
ire,f,0.81
ires,f,0.81
iridescence,f,0.01
iridium,m,0.34
iridologie,f,0.01
iris,m,6.42
irisation,f,0.81
irisations,f,0.81
irish coffee,m,0.16
irlandais,m,3.37
irlandaise,f,3.37
irlandaises,f,3.37
ironie,f,24.19
ironies,f,24.19
ironisme,m,0.07
iroquois,m,0.05
irradiation,f,0.34
irradiations,f,0.34
irrationalité,f,0.07
irrecevabilité,f,0.14
irrespect,m,0.68
irresponsabilité,f,1.49
irrigateurs,m,0.07
irrigation,f,1.55
irritabilité,f,0.20
irritant,m,0.09
irritants,m,0.09
irritation,f,9.39
irritations,f,9.39
irroration,f,0.07
irruption,f,11.69
irruptions,f,11.69
irréalisme,m,0.07
irréalité,f,3.51
irréel,m,0.54
irrégularité,f,1.55
irrégularités,f,1.55
irrégulier,m,0.54
irréguliers,m,0.54
irrégulière,f,0.54
irréligiosité,f,0.07
irrésolution,f,0.20
irréversibilité,f,0.27
irrévocabilité,f,0.01
irrévérence,f,0.30
isabelle,m,0.16
isard,m,0.54
isards,m,0.54
isatis,m,0.07
isba,f,5.34
isbas,f,5.34
ischion,m,0.14
ischémie,f,0.23
islam,m,2.84
islamisme,m,0.07
islandais,m,0.14
ismaélien,m,0.07
ismaéliens,m,0.07
ismaïliens,m,0.07
isme,m,0.34
isochronisme,m,0.01
isolant,m,0.45
isolateur,m,0.14
isolateurs,m,0.14
isolation,f,1.02
isolationnisme,m,0.20
isolations,f,1.02
isolement,m,7.97
isolements,m,7.97
isoloir,m,0.75
isoloirs,m,0.75
isolé,m,3.04
isolés,m,3.04
isoniazide,m,0.01
isorel,m,0.14
isotope,m,0.64
isotopes,m,0.64
israélien,m,4.53
israélienne,f,4.53
israéliennes,f,4.53
israéliens,m,4.53
issue,f,22.70
issues,f,22.70
isthme,m,0.61
isthmes,m,0.61
italianisme,m,0.14
italiano,m,0.24
italien,m,27.57
italienne,f,27.57
italiennes,f,27.57
italiens,m,27.57
ite missa est,m,0.14
item,m,1.49
ithos,m,0.07
itinéraire,m,10.47
itinéraires,m,10.47
itinérant,m,0.20
itinérants,m,0.20
iules,m,0.07
ive,f,0.81
ives,f,0.81
ivoire,m,8.38
ivoires,m,8.38
ivoirienne,f,0.07
ivoirine,f,0.41
ivoirines,f,0.41
ivraie,f,0.68
ivresse,f,18.11
ivresses,f,18.11
ivrognerie,f,0.88
ivrognesse,f,0.07
j,m,64.31
jabadao,m,0.20
jabot,m,2.16
jabots,m,2.16
jacarandas,m,0.20
jacasse,f,0.20
jacassement,m,0.81
jacassements,m,0.81
jacasserie,f,0.34
jacasseries,f,0.34
jacasses,f,0.20
jacasseur,m,0.07
jacasseurs,m,0.07
jacasseuse,f,0.07
jacassiers,m,0.20
jacassière,f,0.20
jachère,f,0.88
jachères,f,0.88
jacinthe,f,1.28
jacinthes,f,1.28
jack,m,2.26
jacket,f,0.23
jackets,f,0.23
jackpot,m,1.96
jacks,m,2.26
jacob,m,0.20
jacobin,m,0.34
jacobins,m,0.34
jacobées,f,0.07
jacot,m,0.41
jacquard,m,1.28
jacqueline,f,0.01
jacquemart,m,0.20
jacquemarts,m,0.20
jacqueries,f,0.14
jacques,m,4.73
jacquet,m,2.57
jacquier,m,0.68
jacquot,m,0.01
jactance,f,3.85
jacteur,m,0.14
jacuzzi,m,3.46
jacuzzis,m,3.46
jade,m,3.51
jades,m,3.51
jaffe,f,0.74
jaguar,m,0.91
jaguarondi,m,0.01
jaguars,m,0.91
jaillissement,m,1.82
jaillissements,m,1.82
jais,m,6.82
jaja,m,0.61
jalon,m,2.70
jalons,m,2.70
jalouse,f,6.97
jalouses,f,6.97
jalousie,f,25.20
jalousies,f,25.20
jaloux,m,6.97
jam,f,0.07
jam-session,f,0.16
jam-sessions,f,0.16
jamais-vu,m,0.07
jamaïcain,m,0.19
jamaïcaine,f,0.19
jamaïcains,m,0.19
jamaïquain,m,0.04
jamaïquains,m,0.04
jambage,m,1.08
jambages,m,1.08
jambart,m,0.07
jambe,f,220.95
jambes,f,220.95
jambier,m,0.01
jambière,f,0.61
jambières,f,0.61
jambon,m,13.24
jambonneau,m,1.01
jambonneaux,m,1.01
jambons,m,13.24
jamboree,m,0.09
janissaire,m,6.42
janissaires,m,6.42
jans,m,0.61
jansénisme,m,0.54
jante,f,1.22
jantes,f,1.22
janvier,m,30.61
japon,m,0.27
japonais,m,13.23
japonaise,f,13.23
japonaiserie,f,0.07
japonaises,f,13.23
japonerie,f,0.14
japoneries,f,0.14
japonisants,m,0.07
japons,m,0.27
jappement,m,2.03
jappements,m,2.03
jappeur,m,0.07
jaquelin,m,0.20
jaquemart,m,0.07
jaquemarts,m,0.07
jaquet,m,0.14
jaquette,f,2.91
jaquettes,f,2.91
jar,m,0.12
jardin,m,185.81
jardinage,m,2.03
jardinerie,f,0.07
jardinet,m,6.62
jardinets,m,6.62
jardinier,m,10.27
jardiniers,m,10.27
jardinière,f,1.82
jardinières,f,1.82
jardins,m,185.81
jargon,m,4.32
jargons,m,4.32
jarre,f,3.92
jarres,f,3.92
jarret,m,3.92
jarretelle,f,1.82
jarretelles,f,1.82
jarretière,f,1.65
jarretières,f,1.65
jarrets,m,3.92
jars,m,0.74
jas,m,0.07
jaseur,m,0.20
jasmin,m,5.14
jasmins,m,5.14
jaspe,m,0.27
jaspin,m,0.07
jatte,f,0.81
jattes,f,0.81
jauge,f,1.44
jauges,f,1.44
jaunets,m,0.20
jaunisse,f,0.51
jaunissement,m,0.07
jaunisses,f,0.51
java,f,2.30
javanais,m,0.27
javas,f,2.30
javel,f,3.45
javeline,f,0.07
javelle,f,0.34
javelles,f,0.34
javelot,m,1.35
javelots,m,1.35
javotte,f,0.07
jazz,m,8.11
jazz-band,m,0.20
jazz-rock,m,0.14
jazzman,m,0.34
jazzmen,m,0.34
je,f,5.28
je-m'en-foutisme,m,0.14
je-ne-sais-quoi,m,0.47
jean,m,10.20
jean-foutre,m,1.28
jean-le-blanc,m,0.07
jeanneton,f,0.68
jeannette,f,0.27
jeannettes,f,0.27
jeannot,m,0.07
jeans,m,10.20
jeep,f,4.65
jeeps,f,4.65
jellaba,f,0.14
jenny,f,9.32
jerez,m,0.68
jerk,m,0.54
jerrican,m,0.37
jerricane,m,0.19
jerricanes,m,0.19
jerricans,m,0.37
jerrycan,m,0.68
jerrycans,m,0.68
jersey,m,1.69
jerseys,m,1.69
jet,m,20.95
jet society,f,0.07
jet-set,m,0.42
jet-stream,m,0.01
jeter,m,2.62
jeteur,m,0.47
jeteurs,m,0.47
jeteuse,f,0.47
jeteuses,f,0.47
jeton,m,10.27
jetons,m,10.27
jets,m,20.95
jeté,m,2.03
jetée,f,7.03
jetées,f,7.03
jetés,m,2.03
jeu,m,190.44
jeu-concours,m,0.14
jeudi,m,26.09
jeudis,m,26.09
jeunesse,f,85.14
jeunesses,f,85.14
jeunet,m,0.11
jeunette,f,0.95
jeunettes,f,0.95
jeunot,m,3.11
jeunots,m,3.11
jeux,m,190.44
jeûne,m,4.46
jeûnes,m,4.46
jeûneurs,m,0.07
jigger,m,0.04
jingle,m,1.14
jingles,m,1.14
jinjin,m,0.27
jiu-jitsu,m,0.35
joaillerie,f,0.47
joaillier,m,0.68
joailliers,m,0.68
job,m,28.62
jobard,m,0.47
jobardise,f,0.20
jobards,m,0.47
jobs,m,28.62
jocko,m,0.09
jocrisse,m,0.27
jocrisses,m,0.27
jodhpurs,m,0.07
jogger,m,0.34
joggers,m,0.34
joggeur,m,0.26
joggeurs,m,0.26
joggeuse,f,0.26
jogging,m,2.21
joggings,m,2.21
johannisberg,m,0.07
joie,f,150.20
joies,f,150.20
joint,m,8.38
joint-venture,f,0.16
joints,m,8.38
jointure,f,4.05
jointures,f,4.05
jojo,m,0.68
jojoba,m,0.03
jojos,m,0.68
jokari,m,0.07
joker,m,3.54
jokers,m,3.54
joli-coeur,m,0.20
joli-joli,m,0.07
jolibois,m,0.14
joliesse,f,0.54
joliesses,f,0.54
jolis,m,0.96
jonc,m,7.09
joncaille,f,0.41
jonchaie,f,0.20
jonchaies,f,0.20
joncheraies,f,0.07
jonchet,m,0.95
jonchets,m,0.95
jonchère,f,0.14
jonchée,f,1.89
jonchées,f,1.89
joncs,m,7.09
jonction,f,1.96
jonctions,f,1.96
jonglage,m,0.03
jonglerie,f,0.20
jongleries,f,0.20
jongleur,m,2.23
jongleurs,m,2.23
jongleuse,f,2.23
jongleuses,f,2.23
jonkheer,m,0.34
jonque,f,1.42
jonques,f,1.42
jonquille,f,0.81
jonquilles,f,0.81
jordanienne,f,0.01
jordaniens,m,0.03
joseph,m,1.08
joubarbe,f,0.07
joue,f,121.76
joues,f,121.76
jouet,m,25.50
jouets,m,25.50
joueur,m,28.45
joueurs,m,28.45
joueuse,f,28.45
joueuses,f,28.45
joufflu,m,0.47
joufflus,m,0.47
joug,m,2.50
jougs,m,2.50
jouissance,f,14.19
jouissances,f,14.19
jouisseur,m,0.81
jouisseurs,m,0.81
jouisseuse,f,0.81
joujou,m,1.63
joujoux,m,0.88
joules,m,0.22
jour,m,1341.76
journal,m,197.70
journaleuse,f,0.74
journaleux,m,0.74
journalier,m,0.88
journaliers,m,0.88
journalisme,m,3.51
journalières,f,0.10
journaux,m,197.70
journée,f,179.39
journées,f,179.39
jours,m,1341.76
joute,f,2.03
joutes,f,2.03
jouteur,m,0.20
jouteurs,m,0.20
jouteuse,f,0.20
jouvence,f,1.35
jouvenceau,m,0.74
jouvenceaux,m,0.74
jouvencelle,f,0.74
jouvencelles,f,0.74
jouées,f,0.01
jovialité,f,1.28
joyau,m,3.60
joyaux,m,3.60
joyeuseté,f,0.34
joyeusetés,f,0.34
joystick,m,0.11
juan,m,0.20
jubilation,f,6.55
jubilations,f,6.55
jubilé,m,0.41
jubé,m,0.20
juchée,f,0.07
judas,m,1.76
judaïcité,f,0.01
judaïsant,m,0.07
judaïsme,m,1.15
judaïté,f,0.07
judo,m,1.22
judéen,m,0.01
judéenne,f,0.14
judéité,f,0.02
judéo-christianisme,m,0.01
juge,m,66.45
jugement,m,29.26
jugements,m,29.26
jugeote,f,1.07
juges,m,66.45
jugeur,m,0.01
jugulaire,f,1.96
jugulaires,f,1.96
jugé,m,2.50
jugés,m,2.50
juif,m,55.74
juifs,m,55.74
juillet,m,47.57
juillets,m,47.57
juin,m,51.28
juive,f,55.74
juiverie,f,0.61
juiveries,f,0.61
juives,f,55.74
jujube,m,0.54
jujubes,m,0.54
jujubiers,m,0.27
juke-box,m,1.89
juke-boxes,m,1.89
julep,m,0.41
juleps,m,0.41
jules,m,4.13
julienne,f,0.74
juliennes,f,0.74
julot,m,2.36
julots,m,2.36
jumbo,m,0.52
jumeau,m,17.77
jumeaux,m,17.77
jumelage,m,0.07
jumelle,f,14.66
jumelles,f,14.66
jument,f,10.34
jumenterie,f,0.07
juments,f,10.34
jumper,m,2.26
jumping,m,0.21
jungien,m,0.03
jungiens,m,0.03
jungle,f,16.47
jungles,f,16.47
junker,m,0.54
junkers,m,0.54
junkie,m,5.15
junkies,m,5.15
junky,m,0.15
junte,f,0.17
jupe,f,49.59
jupe-culotte,f,0.34
jupes,f,49.59
jupes-culottes,m,0.34
jupette,f,1.55
jupettes,f,1.55
jupiers,m,0.07
jupon,m,6.89
jupons,m,6.89
jurançon,m,0.07
jurassien,m,0.14
jurassiens,m,0.14
jurassique,m,0.07
juridiction,f,2.63
juridictions,f,2.63
jurisprudence,f,0.82
juron,m,9.93
jurons,m,9.93
jury,m,18.80
jurys,m,18.80
juré,m,8.82
jurée,f,8.82
jurés,m,8.82
jus,m,23.04
jusant,m,1.76
jusquiame,f,0.11
justaucorps,m,0.61
juste,m,22.36
juste-milieu,m,0.07
justes,m,22.36
justesse,f,8.58
justice,f,50.96
justices,f,50.96
justicier,m,3.78
justiciers,m,3.78
justicière,f,3.78
justificatif,m,0.49
justificatifs,m,0.49
justification,f,6.76
justifications,f,6.76
jute,m,2.77
juvénilité,f,0.20
juxtaposition,f,0.68
juxtapositions,f,0.68
jéjunum,m,0.04
jéroboam,m,0.07
jéroboams,m,0.07
jérémiade,f,1.89
jérémiades,f,1.89
jésuite,m,5.07
jésuites,m,5.07
jésuitière,f,0.07
jésus,m,8.19
k,m,9.93
k-way,m,0.20
ka,m,0.29
kabbale,f,0.47
kabuki,m,0.42
kacha,f,0.34
kaddisch,m,0.07
kaddish,m,0.20
kadi,m,0.11
kafir,m,0.05
kaiser,m,0.14
kaki,m,1.15
kakis,m,1.15
kala-azar,m,0.07
kalachnikovs,f,0.17
kali,m,0.19
kaliémie,f,0.01
kalpa,m,0.07
kaléidoscope,m,1.42
kaléidoscopes,m,1.42
kamala,m,0.07
kami,m,0.20
kamikaze,m,2.09
kamikazes,m,2.09
kan,m,0.27
kana,m,0.12
kandjar,m,0.07
kangourou,m,1.85
kangourous,m,1.85
kanji,m,0.04
kantisme,m,0.20
kaolin,m,0.34
kaori,m,0.01
kapo,m,0.34
kapok,m,0.34
kapokier,m,0.01
kapos,m,0.34
kaposi,m,0.20
kapout,m,0.20
kappa,m,0.17
karaoké,m,0.99
karaokés,m,0.99
karaté,m,2.64
kari,m,0.19
karité,m,0.14
karma,m,10.73
kart,m,0.30
karting,m,0.34
kasbah,f,0.27
kastro,m,0.54
kastros,m,0.54
kata,m,0.02
katal,m,0.01
katangais,m,0.14
katas,m,0.02
katchinas,m,0.07
katiba,f,0.07
kava,m,0.01
kawa,m,3.11
kayac,m,0.01
kayak,m,0.34
kazakh,m,0.10
kebab,m,0.78
kebabs,m,0.78
keepsake,m,0.05
keffieh,m,0.01
keiretsu,m,0.07
kekchose,f,0.07
kelvins,m,0.03
kendo,m,0.24
kermesse,f,2.77
kermesses,f,2.77
kerrie,f,0.04
ket,m,0.07
ketch,m,0.11
ketchup,m,4.45
keuf,f,2.83
keufs,f,2.83
keum,m,0.35
keums,m,0.35
kevlar,m,0.26
khalife,m,0.27
khamsin,m,0.20
khan,m,6.55
khanat,m,0.07
khans,m,6.55
khat,m,0.01
khâgne,f,1.55
khâgnes,f,1.55
khâgneux,m,0.34
khédive,m,0.88
khôl,m,0.81
kibboutz,m,1.85
kibboutzim,m,0.07
kick,m,0.47
kicker,m,0.14
kicks,m,0.47
kid,m,7.36
kidnappeur,m,3.55
kidnappeurs,m,3.55
kidnapping,m,5.58
kidnappings,m,5.58
kids,m,7.36
kief,m,0.02
kierkegaardienne,f,0.07
kif,m,2.77
kiki,m,0.74
kil,m,0.54
kilbus,m,0.27
kilim,m,0.28
kilo,m,24.19
kilogramme,m,0.17
kilogrammes,m,0.17
kilohertz,m,0.14
kilomètre,m,62.23
kilomètres,m,62.23
kilomètres-heure,m,0.41
kilométrage,m,0.50
kilométrages,m,0.50
kilos,m,24.19
kilotonnes,m,0.14
kilowattheure,m,0.07
kilowatts,m,0.34
kils,m,0.54
kilt,m,0.68
kilts,m,0.68
kimono,m,2.43
kimonos,m,2.43
kinase,f,0.03
kinescope,m,0.01
kinesthésie,f,0.01
king-charles,m,0.07
kinnor,m,0.07
kino,m,0.07
kinésiques,f,0.01
kinésithérapie,f,0.07
kiosk,m,1.82
kiosks,m,1.82
kiosque,m,8.18
kiosques,m,8.18
kip,m,0.63
kipa,f,1.89
kippa,f,0.52
kipper,m,0.07
kippers,m,0.07
kips,m,0.63
kir,m,1.28
kirghiz,m,0.20
kirs,m,1.28
kirsch,m,1.22
kit,m,7.33
kitchenette,f,0.27
kits,m,7.33
kiva,f,0.03
kiwi,m,0.14
kiwis,m,0.14
klaxon,m,5.74
klaxons,m,5.74
klebs,m,0.01
kleenex,m,2.91
kleptomanie,f,0.02
klystron,m,0.12
knickerbockers,m,0.07
knickers,m,0.07
knock-out,m,0.14
knout,m,0.20
koala,m,0.19
koalas,m,0.19
kobold,m,0.37
kobolds,m,0.37
kodak,m,0.47
kodiak,m,0.31
kohl,m,0.14
kola,m,0.20
kolatiers,m,0.20
kolkhoze,m,1.11
kolkhozien,m,0.68
kolkhozienne,f,0.68
kolkhoziennes,f,0.68
kolkhoziens,m,0.68
komintern,m,0.54
kommandantur,f,0.68
kommando,m,0.28
komsomol,m,0.81
komsomols,m,0.81
kondo,m,0.12
kopeck,m,1.52
kopecks,m,1.52
kopeks,m,0.14
kora,f,0.01
koran,m,0.14
korrigan,m,0.20
korrigans,m,0.20
korè,f,0.07
koré,f,0.34
kosovar,m,0.01
kot,m,0.33
koto,m,0.07
kouglof,m,0.14
koulak,m,0.47
koulaks,m,0.47
kouros,m,0.27
kraal,m,0.03
krach,m,0.41
krachs,m,0.41
kraft,m,0.95
krak,m,0.01
kraken,m,0.14
kremlin,m,0.07
kreutzer,m,0.07
kriegspiel,m,0.14
krill,m,0.17
kriss,m,0.09
kroumir,m,0.27
kroumirs,m,0.27
krypton,m,1.04
ksar,m,0.07
kugelhof,m,0.07
kula,f,0.07
kummel,m,0.34
kumquat,m,0.16
kumquats,m,0.16
kung fu,m,1.12
kung-fu,m,1.12
kursaal,m,0.20
kurus,m,0.07
kvas,m,0.20
kyrie,m,0.54
kyrie eleison,m,0.41
kyrielle,f,1.42
kyrielles,f,1.42
kyste,m,0.57
kystes,m,0.57
kébour,m,0.41
kébours,m,0.41
kéfir,m,0.27
kéfirs,m,0.27
képi,m,15.81
képis,m,15.81
kérabau,m,0.10
kératoplastie,f,0.01
kératose,f,0.01
kérosène,m,0.91
kérosènes,m,0.91
l,m,5.44
l',m,5.44
l-dopa,f,0.05
labbe,m,0.14
labbes,m,0.14
label,m,1.59
labelle,m,0.09
labels,m,1.59
labeur,m,9.80
labeurs,m,9.80
labo,m,29.95
laborantin,m,0.27
laborantine,f,0.27
laborantins,m,0.27
laboratoire,m,14.74
laboratoires,m,14.74
labos,m,29.95
labour,m,6.62
labourage,m,0.41
laboureur,m,2.43
laboureurs,m,2.43
labours,m,6.62
labrador,m,0.36
labradors,m,0.36
labre,m,0.20
labres,m,0.20
labri,m,0.02
labris,m,0.02
labyrinthe,m,8.31
labyrinthes,m,8.31
lac,m,32.84
lacanien,m,0.14
lacaniens,m,0.14
lacet,m,13.78
lacets,m,13.78
lacis,m,1.89
lack,m,0.16
laconisme,m,0.47
lacrima-christi,m,0.07
lacryma christi,m,0.34
lacryma-christi,m,0.34
lacs,m,8.58
lactaires,m,0.20
lactate,m,0.06
lactation,f,0.05
lactose,m,0.69
lacune,f,2.23
lacunes,f,2.23
lacédémoniens,m,0.07
lacération,f,1.64
lacérations,f,1.64
lad,m,0.74
ladies,f,0.91
ladino,m,0.07
ladrerie,f,0.20
ladreries,f,0.20
lads,m,0.74
lady,f,13.48
ladys,f,13.48
lagan,m,0.05
lagon,m,0.88
lagons,m,0.88
laguiole,m,0.07
lagune,f,8.92
lagunes,f,8.92
lai,m,0.27
laid,m,2.84
laide,f,2.84
laideron,m,0.68
laiderons,m,0.68
laides,f,2.84
laideur,f,8.99
laideurs,f,8.99
laids,m,2.84
laie,f,1.76
laies,f,1.76
lainage,m,4.59
lainages,m,4.59
laine,f,37.03
laines,f,37.03
laineurs,m,0.14
laineuses,f,0.14
lainier,m,0.14
lainière,f,0.07
laird,m,0.36
lais,m,0.27
laisse,f,72.53
laisse-la-moi,f,0.14
laisser-aller,m,3.38
laisser-faire,m,0.07
laisses,f,72.53
laissez-faire,m,0.01
laissez-passer,m,4.00
laissé,m,1.76
laissé-pour-compte,m,0.07
laissées,f,0.47
laissés,m,1.76
laissés-pour-compte,m,0.23
lait,m,62.91
laitage,m,0.88
laitages,m,0.88
laitance,f,0.47
laitances,f,0.47
laiterie,f,0.61
laiteries,f,0.61
laites,f,0.07
laitier,m,2.43
laitiers,m,2.43
laitière,f,2.43
laitières,f,2.43
laiton,m,1.55
laits,m,62.91
laitue,f,2.52
laitues,f,2.52
laizes,f,0.14
lama,m,2.13
lamantin,m,0.84
lamantins,m,0.84
lamartiniennes,f,0.07
lamas,m,2.13
lamaïsme,m,0.07
lambada,f,0.13
lambda,m,0.74
lambdas,m,0.74
lambeau,m,14.26
lambeaux,m,14.26
lambel,m,0.01
lambi,m,0.07
lambic,m,0.07
lambin,m,0.20
lambins,m,0.20
lambrequins,m,0.20
lambris,m,1.55
lambrissage,m,0.07
lambrusques,f,0.07
lambswool,m,0.14
lame,f,37.09
lamedu,m,0.14
lamedé,f,0.81
lamedés,f,0.81
lamelle,f,2.64
lamelles,f,2.64
lamellibranches,m,0.07
lamentation,f,4.80
lamentations,f,4.80
lamento,m,1.22
lames,f,37.09
lamie,f,0.07
laminage,m,0.07
laminages,m,0.07
laminaire,f,0.14
laminaires,f,0.14
laminectomie,f,0.01
laminoir,m,0.47
laminoirs,m,0.47
lampadaire,m,6.76
lampadaires,m,6.76
lamparos,m,0.14
lampas,m,0.07
lampe,f,93.11
lampe-phare,f,0.07
lampe-tempête,f,0.95
lampes,f,93.11
lampes-tempête,f,0.95
lampion,m,3.99
lampions,m,3.99
lampiste,m,0.20
lampisterie,f,0.27
lampisteries,f,0.27
lampistes,m,0.20
lampons,m,0.07
lamproie,f,0.41
lamproies,f,0.41
lampyres,m,0.07
lampée,f,3.31
lampées,f,3.31
lance,f,14.32
lance-engins,m,0.02
lance-flamme,m,0.06
lance-flammes,m,1.06
lance-fusée,m,0.01
lance-fusées,m,0.61
lance-grenade,m,0.02
lance-grenades,m,0.34
lance-missiles,m,0.26
lance-pierre,m,0.25
lance-pierres,m,1.42
lance-roquette,m,0.06
lance-roquettes,m,0.72
lance-torpille,m,0.07
lance-torpilles,m,0.41
lancelot,m,0.14
lancement,m,8.88
lancements,m,8.88
lancer,m,4.04
lancerons,m,0.18
lancers,m,4.04
lances,f,14.32
lancette,f,0.29
lanceur,m,2.25
lanceurs,m,2.25
lanceuse,f,2.25
lancier,m,0.88
lanciers,m,0.88
lancinance,f,0.07
lancée,f,3.99
lancées,f,3.99
land,m,2.77
landaise,f,0.07
landaises,f,0.07
landau,m,4.59
landaulet,m,0.07
landaus,m,4.59
lande,f,10.47
landerneau,m,0.07
landes,f,10.47
landiers,m,0.20
landing,m,0.10
landlord,m,0.01
lands,m,2.77
landsturm,m,0.14
landwehr,f,0.27
langage,m,37.36
langages,m,37.36
lange,m,1.62
langes,m,1.62
langouste,f,4.19
langoustes,f,4.19
langoustine,f,0.48
langoustines,f,0.48
langue,f,126.28
languedociens,m,0.07
langues,f,126.28
languette,f,0.81
languettes,f,0.81
langueur,f,4.66
langueurs,f,4.66
lanière,f,6.69
lanières,f,6.69
lanoline,f,0.14
lansquenet,m,1.76
lansquenets,m,1.76
lansquine,f,0.07
lanterne,f,16.82
lanterne-tempête,f,0.07
lanternes,f,16.82
lanternier,m,0.14
lanthane,m,0.01
lançons,m,0.14
lao,m,0.14
laos,m,0.14
laotiens,m,0.05
lap,m,0.27
lapalissade,f,0.01
laparoscopie,f,0.09
laparotomie,f,0.22
lapement,m,0.27
lapements,m,0.27
lapereau,m,0.31
lapereaux,m,0.31
lapidaire,m,0.20
lapidation,f,0.27
lapidations,f,0.27
lapidification,f,0.07
lapin,m,39.28
lapine,f,39.28
lapines,f,39.28
lapinière,f,0.01
lapins,m,39.28
lapis,m,0.14
lapis-lazuli,m,0.41
lapon,m,2.21
laponne,f,2.21
lapons,m,2.21
laps,m,2.23
lapsus,m,1.62
laquais,m,2.36
laque,f,2.70
laques,f,2.70
larbin,m,3.72
larbineries,f,0.07
larbins,m,3.72
larcin,m,2.30
larcins,m,2.30
lard,m,11.28
lardage,m,0.07
lardeuss,m,0.68
lardon,m,1.76
lardons,m,1.76
lards,m,11.28
lardu,m,3.85
lardus,m,3.85
lares,m,0.07
larfeuil,m,0.27
larfeuille,m,0.41
larfeuilles,m,0.41
larfeuils,m,0.27
largage,m,1.36
largages,m,1.36
large,m,36.62
larges,m,36.62
largesse,f,2.23
largesses,f,2.23
largeur,f,11.89
largeurs,f,11.89
larghetto,m,0.07
largo,m,0.25
largue,m,0.11
largues,m,0.11
largueur,m,0.02
larigot,m,0.41
larme,f,133.51
larmes,f,133.51
larmichette,f,0.27
larmichettes,f,0.27
larmiers,m,0.07
larmoiement,m,0.20
larmoiements,m,0.20
larron,m,1.82
larrons,m,1.82
larsen,m,0.89
larve,f,3.92
larves,f,3.92
larvicide,m,0.01
laryngite,f,0.27
laryngoscope,m,0.19
laryngoscopes,m,0.19
laryngoscopie,f,0.10
larynx,m,1.55
lasagne,f,1.94
lasagnes,f,1.94
lascar,m,3.92
lascars,m,3.92
lascivité,f,0.34
lascivités,f,0.34
laser,m,7.87
lasers,m,7.87
lassitude,f,17.09
lassitudes,f,17.09
lasso,m,1.28
lassos,m,1.28
lasure,f,0.01
latence,f,0.14
latences,f,0.14
latex,m,1.65
laticlave,m,0.07
latin,m,15.07
latine,f,15.07
latines,f,15.07
latinismes,m,0.07
latinité,f,0.20
latinités,f,0.20
latino,m,2.89
latino-américain,m,0.10
latino-américaine,f,0.10
latino-américains,m,0.10
latinos,m,2.89
latins,m,15.07
latitude,f,2.91
latitudes,f,2.91
latrine,f,2.50
latrines,f,2.50
lats,m,0.09
latte,f,9.46
lattes,f,9.46
lattis,m,0.15
latviens,m,0.01
latéralité,f,0.07
latérite,f,0.61
laudanum,m,0.45
laudes,f,0.47
laurier,m,9.32
laurier-cerise,m,0.20
laurier-rose,m,1.69
lauriers,m,9.32
lauriers-cerises,m,0.20
lauriers-roses,m,1.69
lauréat,m,0.68
lauréats,m,0.68
lauzes,f,0.07
lav,m,0.14
lavabo,m,16.89
lavabos,m,16.89
lavage,m,5.09
lavages,m,5.09
lavallière,f,0.95
lavallières,f,0.95
lavande,f,7.23
lavandes,f,7.23
lavandin,m,0.07
lavandière,f,1.49
lavandières,f,1.49
lavasse,f,0.47
lave,f,3.51
lave-auto,m,0.06
lave-glace,m,0.20
lave-linge,m,0.83
lave-mains,m,0.07
lave-pont,m,0.14
lave-ponts,m,0.14
lave-vaisselle,m,0.88
lavement,m,1.38
lavements,m,1.38
laverie,f,2.42
laveries,f,2.42
laves,f,3.51
lavette,f,1.57
lavettes,f,1.57
laveur,m,2.49
laveurs,m,2.49
laveuse,f,2.49
laveuses,f,2.49
lavis,m,0.41
lavoir,m,5.34
lavoirs,m,5.34
lavure,f,0.14
lavures,f,0.14
laxatif,m,0.98
laxatifs,m,0.98
laxisme,m,0.28
laxité,f,0.02
layette,f,2.09
layettes,f,2.09
layon,m,6.89
layons,m,6.89
lazaret,m,0.20
lazarets,m,0.20
lazaro,m,0.27
lazingue,m,0.27
lazzi,m,1.35
lazzis,m,1.35
laçage,m,0.41
laîche,f,0.07
laîches,f,0.07
laïcité,f,0.47
laïus,m,1.78
leader,m,12.72
leaders,m,12.72
leadership,m,0.38
leasing,m,0.24
lebel,m,1.35
lebels,m,1.35
leben,m,0.27
lecteur,m,25.81
lecteurs,m,25.81
lectorat,m,0.15
lectrice,f,25.81
lectrices,f,25.81
lecture,f,54.53
lectures,f,54.53
leggins,f,0.61
leghorns,f,0.07
lego,m,0.44
legos,m,0.44
legs,m,1.49
lei,m,0.80
leishmaniose,f,0.06
leitmotiv,m,1.22
leitmotive,m,0.07
lek,m,0.01
lem,m,0.16
lemmes,m,0.07
lemming,m,0.16
lemmings,m,0.16
lendemain,m,149.26
lendemains,m,149.26
lente,f,1.35
lentes,f,1.35
lenteur,f,22.50
lenteurs,f,22.50
lenticules,f,0.07
lentille,f,8.24
lentilles,f,8.24
lentisque,m,0.88
lentisques,m,0.88
lepton,m,0.08
leptons,m,0.08
lesbianisme,m,0.12
lesbien,m,5.38
lesbienne,f,5.38
lesbiennes,f,5.38
lessivage,m,0.20
lessive,f,8.78
lessives,f,8.78
lessiveuse,f,2.70
lessiveuses,f,2.70
lest,m,0.97
letchis,m,0.07
letton,m,0.34
lettone,f,0.14
lettons,m,0.34
lettrage,m,0.03
lettre,f,256.01
lettre-clé,f,0.14
lettres,f,256.01
lettreur,m,0.07
lettrine,f,0.20
lettrines,f,0.20
lettré,m,2.30
lettrés,m,2.30
leu,m,4.73
leucocyte,m,0.20
leucocytes,m,0.20
leucocytose,f,0.03
leucoplasie,f,0.07
leucopénie,f,0.07
leucose,f,0.41
leucotomie,f,0.07
leucémie,f,1.90
leucémies,f,1.90
leurre,m,2.91
leurres,m,2.91
lev,m,0.68
leva,m,0.01
levage,m,0.34
levain,m,0.88
levant,m,5.88
levantin,m,0.47
levantines,f,0.47
levantins,m,0.47
lever,m,9.12
levers,m,9.12
leveur,m,0.34
leveurs,m,0.34
leveuse,f,0.34
levier,m,5.27
leviers,m,5.27
levreau,m,0.14
levreaux,m,0.14
levrette,f,1.01
levrettes,f,1.01
levure,f,1.05
levures,f,1.05
levé,m,0.54
levée,f,4.73
levées,f,4.73
levés,m,0.54
lexie,f,0.07
lexique,m,0.95
lexiques,m,0.95
leçon,f,48.72
leçons,f,48.72
li,m,2.56
liage,m,0.01
liaison,f,31.96
liaisons,f,31.96
liane,f,4.59
lianes,f,4.59
liant,m,0.34
liard,m,0.54
liards,m,0.54
liasse,f,11.69
liasses,f,11.69
libanais,m,1.69
libanaise,f,1.69
libanaises,f,1.69
libation,f,1.49
libations,f,1.49
libeccio,m,0.20
libelle,m,0.54
libelles,m,0.54
libellule,f,3.38
libellules,f,3.38
libellé,m,0.27
liber,m,0.14
libera,m,0.16
libero,m,0.07
libertin,m,3.24
libertinage,m,1.35
libertine,f,3.24
libertines,f,3.24
libertins,m,3.24
liberté,f,97.97
libertés,f,97.97
libido,f,1.79
librairie,f,9.59
librairie-papeterie,f,0.20
librairies,f,9.59
libre-arbitre,m,0.14
libre-penseur,m,0.14
libre-penseuse,f,0.14
libre-service,m,0.34
libre-échange,m,0.32
libretto,m,0.04
libyen,m,0.11
libyens,m,0.11
libéral,m,1.62
libérale,f,1.62
libérales,f,1.62
libéralisation,f,0.27
libéralisme,m,1.49
libéralité,f,0.54
libéralités,f,0.54
libérateur,m,1.70
libérateurs,m,1.70
libération,f,45.00
libérations,f,45.00
libératrice,f,1.70
libératrices,f,1.70
libéraux,m,1.62
libéro,m,0.01
lice,f,1.42
licence,f,8.27
licences,f,8.27
licenciement,m,3.93
licenciements,m,3.93
licencié,m,0.68
licenciée,f,0.68
licenciées,f,0.68
licenciés,m,0.68
lices,f,1.42
liche,m,0.20
lichen,m,2.70
lichens,m,2.70
lichette,f,0.74
lichettes,f,0.74
liciers,m,0.07
licol,m,0.61
licols,m,0.61
licorne,f,1.98
licornes,f,1.98
licou,m,0.61
licous,m,0.61
licteur,m,0.34
licteurs,m,0.34
licéité,f,0.07
lido,m,0.07
lidocaïne,f,0.36
lie,f,2.36
lied,m,0.54
lieder,m,0.54
lien,m,38.38
liens,m,38.38
lierre,m,6.35
lierres,m,6.35
lies,f,2.36
liesse,f,2.23
liesses,f,2.23
lieu,m,267.57
lieu-dit,m,0.88
lieudit,m,0.14
lieudits,m,0.14
lieue,f,10.47
lieues,f,10.47
lieur,m,0.14
lieus,m,267.57
lieuse,f,0.14
lieutenant,m,80.99
lieutenant-colonel,m,1.74
lieutenant-pilote,m,0.07
lieutenants,m,80.99
lieutenants-colonels,m,1.74
lieux,m,267.57
lieux-dits,m,0.41
lift,m,0.61
liftier,m,0.54
liftiers,m,0.54
lifting,m,1.40
liftings,m,1.40
liftière,f,0.54
lifts,m,0.61
ligament,m,1.12
ligaments,m,1.12
ligature,f,0.46
ligatures,f,0.46
lignage,m,0.41
lignages,m,0.41
lignards,m,0.07
ligne,f,162.30
lignes,f,162.30
lignite,m,0.61
lignites,m,0.61
lignée,f,5.07
lignées,f,5.07
ligot,m,0.27
ligotage,m,0.20
ligots,m,0.27
ligue,f,2.97
ligues,f,2.97
ligueur,m,0.27
ligueurs,m,0.27
lilas,m,5.47
liliacées,f,0.14
lilium,m,0.07
lillois,m,0.27
lilloise,f,0.27
limace,f,6.35
limaces,f,6.35
limage,m,0.26
limaille,f,1.55
liman,m,0.01
limande,f,0.68
limandes,f,0.68
limaçon,m,0.54
limaçons,m,0.54
limbe,m,3.18
limbes,m,3.18
limbo,m,0.36
lime,f,3.65
limerick,m,0.07
limericks,m,0.07
limes,f,3.65
limette,f,0.07
limier,m,1.12
limiers,m,1.12
limitation,f,0.95
limitations,f,0.95
limite,f,47.23
limites,f,47.23
limiteur,m,0.02
limogeage,m,0.11
limon,m,3.45
limonade,f,6.17
limonades,f,6.17
limonadier,m,0.54
limonadiers,m,0.54
limonadière,f,0.54
limonaire,m,0.54
limonier,m,0.14
limonière,f,0.14
limons,m,3.45
limoselle,f,0.01
limousin,m,3.93
limousine,f,3.93
limousines,f,3.93
limpidité,f,1.62
lin,m,6.08
linaire,f,0.07
linceul,m,2.70
linceuls,m,2.70
lindor,m,0.27
line,f,1.08
linga,m,0.01
lingala,m,0.02
lingam,m,0.54
linge,m,47.30
lingerie,f,5.34
lingeries,f,5.34
linges,m,47.30
lingette,f,0.66
lingettes,f,0.66
lingot,m,2.36
lingotière,f,0.07
lingots,m,2.36
linguistique,f,0.61
lingère,f,0.68
lingères,f,0.68
liniment,m,0.07
lino,m,1.69
linoléum,m,2.64
linoléums,m,2.64
linon,m,0.74
linons,m,0.74
linos,m,1.69
linotte,f,0.81
linottes,f,0.81
linotype,f,0.41
linotypes,f,0.41
lins,m,6.08
linteau,m,1.08
linteaux,m,1.08
linter,m,0.01
linéaire,m,0.14
linéaments,m,0.54
lion,m,33.04
lionceau,m,1.01
lionceaux,m,1.01
lionne,f,33.04
lionnes,f,33.04
lions,m,33.04
lipase,f,0.01
lipide,m,0.20
lipides,m,0.20
lipiodol,m,0.01
lipome,m,0.03
liposome,m,0.01
liposuccion,f,1.04
liposuccions,f,1.04
lipothymie,f,0.10
lippe,f,1.89
lippes,f,1.89
lippées,f,0.07
liquette,f,1.49
liquettes,f,1.49
liqueur,f,5.00
liqueurs,f,5.00
liquidambars,m,0.07
liquidateur,m,0.20
liquidateurs,m,0.20
liquidation,f,3.11
liquidations,f,3.11
liquide,m,19.19
liquides,m,19.19
liquidité,f,0.70
liquidités,f,0.70
liquor,m,0.04
liquéfaction,f,0.27
lire,f,28.88
lires,f,28.88
lirette,f,0.02
liron,m,0.54
lirons,m,0.54
lis,m,9.11
lisant,m,0.07
lise,f,0.20
liseron,m,1.08
liserons,m,1.08
liseré,m,0.81
liserés,m,0.81
lises,f,0.20
liseur,m,1.49
liseuse,f,1.49
liseuses,f,1.49
lisibilité,f,0.01
lisier,m,0.01
lisière,f,18.24
lisières,f,18.24
lissage,m,0.14
lisse,f,2.03
lisses,f,2.03
lisseur,m,0.14
lisseurs,m,0.14
lissé,m,0.20
lissés,m,0.20
liste,f,71.56
listel,m,0.07
listeria,f,0.01
listes,f,71.56
listing,m,0.26
listings,m,0.26
liston,m,4.14
liséré,m,2.50
lisérés,m,2.50
lit,m,338.18
lit-bateau,m,0.81
lit-cage,m,1.62
lit-divan,m,0.20
litanie,f,7.09
litanies,f,7.09
liteaux,m,0.07
literie,f,2.03
literies,f,2.03
lithiase,f,0.04
lithium,m,0.94
litho,f,0.20
lithographie,f,0.54
lithographies,f,0.54
lithos,f,0.20
lithosphère,f,0.03
lithotripsie,f,0.03
lithotriteur,m,0.01
lithuanien,m,0.14
litige,m,1.42
litiges,m,1.42
litière,f,6.15
litières,f,6.15
litorne,f,0.07
litote,f,0.41
litotes,f,0.41
litron,m,3.18
litrons,m,3.18
lits,m,338.18
lits-cages,m,1.62
littoral,m,3.11
littoraux,m,3.11
littéralité,f,0.07
littérateur,m,1.01
littérateurs,m,1.01
littérature,f,36.89
littératures,f,36.89
lituanien,m,0.47
lituaniens,m,0.47
liturgie,f,2.16
liturgies,f,2.16
litée,f,0.07
livarot,m,0.27
lividité,f,0.40
living,m,2.84
living-room,m,2.23
livings,m,2.84
livoniennes,f,0.07
livraison,f,13.68
livraisons,f,13.68
livre-cassette,m,0.03
livres-club,m,0.07
livret,m,5.41
livrets,m,5.41
livreur,m,4.46
livreurs,m,4.46
livreuse,f,4.46
livrée,f,4.26
livrées,f,4.26
livèche,f,0.14
liège,m,3.78
lièges,m,3.78
lièvre,m,7.03
lièvres,m,7.03
llanos,m,0.07
lloyd,m,0.01
loader,m,0.14
lob,m,0.27
lobbies,m,0.29
lobby,m,0.83
lobbying,m,0.07
lobe,m,3.58
lobectomie,f,0.07
lobes,m,3.58
lobotomie,f,0.83
lobs,m,0.27
local,m,11.89
localisation,f,2.06
localisations,f,2.06
localité,f,1.55
localités,f,1.55
locateurs,m,0.01
location,f,5.51
locations,f,5.51
locature,f,0.07
locaux,m,11.89
loch,m,0.65
loche,f,1.08
loches,f,1.08
lock-out,m,0.11
loco,m,1.35
locomobile,f,0.07
locomotion,f,0.88
locomotive,f,13.11
locomotives,f,13.11
locomotrice,f,0.07
locos,m,1.35
locus,m,0.20
locuste,f,0.06
locustes,f,0.06
locuteur,m,0.02
locution,f,1.01
locutions,f,1.01
locutrice,f,0.02
loden,m,0.81
lodens,m,0.81
lof,m,0.02
loft,m,1.36
lofts,m,1.36
logarithme,m,0.34
logarithmes,m,0.34
loge,f,22.36
logement,m,13.65
logements,m,13.65
loges,f,22.36
logettes,f,0.14
logeur,m,3.72
logeurs,m,3.72
logeuse,f,3.72
logeuses,f,3.72
loggia,f,3.85
loggias,f,3.85
logiciel,m,3.61
logiciels,m,3.61
logicien,m,0.41
logicienne,f,0.41
logiciens,m,0.41
logique,f,12.97
logiques,f,12.97
logis,m,12.84
logisticien,m,0.01
logistique,f,0.80
logo,m,1.65
logogriphe,m,0.14
logogriphes,m,0.14
logomachie,f,0.14
logorrhée,f,0.27
logos,m,0.81
logosphère,f,0.14
logothètes,m,0.07
loi,f,110.12
lointain,m,13.45
lointains,m,13.45
loir,m,1.62
loirs,m,1.62
lois,f,110.12
loisir,m,20.81
loisirs,m,20.81
lokoum,m,0.14
lolita,f,0.10
lolitas,f,0.10
lolo,m,1.81
lolos,m,1.81
lombalgie,f,0.01
lombarde,f,0.20
lombardo,m,0.01
lombes,f,0.41
lombostats,m,0.07
lombric,m,0.74
lombrics,m,0.74
lompe,m,0.01
londrès,m,0.07
long,m,171.35
long-courrier,m,0.61
long-courriers,m,0.61
long-métrage,m,0.06
longane,m,0.14
longanimité,f,0.14
longe,f,1.35
longeron,m,0.20
longerons,m,0.20
longes,f,1.35
longicornes,m,0.07
longitude,f,0.46
longrines,f,0.07
longs,m,171.35
longue,f,15.95
longue-vue,f,2.64
longues,f,15.95
longues-vues,f,2.64
longuet,m,0.01
longueur,f,28.45
longueurs,f,28.45
longévité,f,0.88
look,m,10.93
looks,m,10.93
looping,m,0.68
loopings,m,0.68
looser,m,1.09
loosers,m,1.09
lopaille,f,0.07
lope,f,1.69
lopes,f,1.69
lopette,f,1.25
lopettes,f,1.25
lopin,m,0.62
lopins,m,0.62
loquacité,f,0.01
loque,f,9.66
loques,f,9.66
loquet,m,4.39
loqueteau,m,0.07
loquets,m,4.39
loran,m,0.14
lord,m,7.57
lord-maire,m,0.07
lordose,f,0.07
lords,m,7.57
lorette,f,0.07
lorettes,f,0.07
lorgnette,f,2.09
lorgnettes,f,2.09
lorgnon,m,5.41
lorgnons,m,5.41
lori,m,0.01
loriot,m,2.36
loriots,m,2.36
loris,m,0.04
lorrain,m,0.81
lorraine,f,0.81
lorrains,m,0.81
los,m,5.08
losange,m,3.92
losanges,m,3.92
loser,m,4.77
losers,m,4.77
lot,m,17.16
loterie,f,7.25
loteries,f,7.25
lotier,m,0.07
lotion,f,1.68
lotions,f,1.68
lotissement,m,1.01
lotissements,m,1.01
loto,m,6.75
lotos,m,6.75
lots,m,17.16
lotta,f,0.41
lotte,f,0.18
lottes,f,0.18
lotus,m,1.08
louage,m,0.88
louange,f,6.35
louanges,f,6.35
louangeur,m,0.07
loubard,m,3.04
loubarde,f,3.04
loubards,m,3.04
louche,f,4.12
louchebem,m,0.27
louchement,m,0.07
louches,f,4.12
louchet,m,0.07
loucheur,m,0.27
loucheuse,f,0.27
louchon,m,0.14
louchons,m,0.14
louchébème,m,0.07
loueur,m,1.62
loueurs,m,1.62
loueuse,f,1.62
loufiat,m,6.76
loufiats,m,6.76
loufoquerie,f,0.27
loufoqueries,f,0.27
louis,m,5.07
louise-bonne,f,0.07
louisianais,m,0.07
loukoum,m,2.57
loukoums,m,2.57
loulou,m,19.32
loulous,m,19.32
louloute,f,0.45
louloutes,f,0.45
louloutte,f,0.07
loup,m,44.39
loup-cervier,m,0.14
loup-garou,m,3.98
loupe,f,5.47
loupes,f,5.47
loupiat,m,0.14
loupiot,m,0.41
loupiote,f,1.01
loupiotes,f,1.01
loupiots,m,0.41
loupiotte,f,0.14
loupiottes,f,0.14
loups,m,44.39
loups-cerviers,m,0.14
loups-garous,m,3.98
loupé,m,0.72
loupés,m,0.72
lourd,m,12.64
lourdaud,m,0.95
lourdauds,m,0.95
lourde,f,12.64
lourderie,f,0.07
lourdes,f,12.64
lourdeur,f,5.47
lourdeurs,f,5.47
lourds,m,12.64
loustic,m,1.49
loustics,m,1.49
loute,f,0.14
loutre,f,2.52
loutres,f,2.52
louve,f,44.39
louves,f,44.39
louveteau,m,2.36
louveteaux,m,2.36
louvetiers,m,0.07
louvoiements,m,0.14
louée,f,0.20
louées,f,0.20
loyalisme,m,1.15
loyauté,f,9.38
loyautés,f,9.38
loyer,m,17.18
loyers,m,17.18
lsd,m,0.08
lubie,f,2.77
lubies,f,2.77
lubricité,f,0.74
lubrifiant,m,0.68
lubrifiants,m,0.68
lubrification,f,0.14
lucarne,f,10.00
lucarnes,f,10.00
luce,f,0.07
lucet,m,0.07
lucidité,f,10.95
lucidités,f,10.95
lucilie,f,0.02
luciole,f,2.30
lucioles,f,2.30
lucite,f,0.01
lucre,m,0.54
luddite,m,0.01
ludion,m,0.61
ludions,m,0.61
luette,f,1.28
luettes,f,1.28
lueur,f,64.19
lueurs,f,64.19
luffa,m,0.04
luge,f,1.55
luger,m,0.47
lugers,m,0.47
luges,f,1.55
luisance,f,1.08
luisances,f,1.08
luisant,m,2.64
luisants,m,2.64
lulu,m,0.74
lulus,m,0.74
lumbago,m,0.68
lumbagos,m,0.68
lumen,m,0.34
lumignon,m,2.09
lumignons,m,2.09
luminaire,m,0.68
luminaires,m,0.68
luminescence,f,0.14
luminosité,f,2.03
luminosités,f,2.03
lumière,f,274.26
lumières,f,274.26
lump,m,0.14
lunaire,f,0.07
lunaison,f,0.14
lunaisons,f,0.14
lunch,m,1.22
lunches,m,0.14
lundi,m,36.94
lundis,m,36.94
lune,f,66.69
lunes,f,66.69
lunetier,m,0.07
lunette,f,75.27
lunetteries,f,0.07
lunettes,f,75.27
lunule,f,1.01
lunules,f,1.01
lupanar,m,0.95
lupanars,m,0.95
lupin,m,0.47
lupins,m,0.47
lupus,m,1.28
lur,m,0.07
lurex,m,0.20
luron,m,0.88
luronne,f,0.88
luronnes,f,0.88
lurons,m,0.88
lustrage,m,0.05
lustre,m,15.14
lustres,m,15.14
lustreur,m,0.07
lustreuse,f,0.07
lustrine,f,0.74
lustucru,m,0.07
lut,m,1.89
luth,m,1.62
lutherie,f,0.07
luthier,m,0.20
luths,m,1.62
luthéranisme,m,0.14
luthérianisme,m,0.07
luthérien,m,0.41
luthérienne,f,0.41
luthériens,m,0.41
lutin,m,2.14
lutins,m,2.14
lutrin,m,1.35
lutrins,m,1.35
lutte,f,41.82
luttes,f,41.82
lutteur,m,3.78
lutteurs,m,3.78
lutteuse,f,3.78
lutteuses,f,3.78
lutz,m,4.52
lux,m,0.34
luxation,f,0.38
luxations,f,0.38
luxe,m,38.85
luxembourgeois,m,0.20
luxes,m,38.85
luxure,f,2.92
luxuriance,f,0.47
luzerne,f,3.04
luzernes,f,3.04
luzernières,f,0.07
lycanthrope,m,0.10
lycanthropes,m,0.10
lycanthropie,f,0.18
lycaons,m,0.07
lychee,m,0.16
lychees,m,0.16
lychnis,m,0.07
lycien,m,0.20
lyciennes,f,0.20
lycoperdon,m,0.14
lycoperdons,m,0.14
lycra,m,0.28
lycée,m,42.56
lycéen,m,10.61
lycéenne,f,10.61
lycéennes,f,10.61
lycéens,m,10.61
lycées,m,42.56
lymphangite,f,0.07
lymphatique,m,0.07
lymphatisme,m,0.07
lymphe,f,0.47
lymphes,f,0.47
lymphocyte,m,0.20
lymphocytes,m,0.20
lymphocytose,f,0.01
lymphome,m,0.30
lymphomes,m,0.30
lymphopénie,f,0.07
lymphosarcome,m,0.01
lynch,m,0.29
lynchage,m,0.99
lynchages,m,0.99
lyncheurs,m,0.06
lynx,m,1.73
lyonnais,m,0.14
lyre,f,1.42
lyres,f,1.42
lyrisme,m,3.11
lys,m,3.38
lyse,f,0.04
lysimaque,f,0.01
lysine,f,0.07
lysosomes,m,0.14
lâchage,m,0.20
lâcher,m,0.95
lâchers,m,0.95
lâcheté,f,10.00
lâchetés,f,10.00
lâcheur,m,0.81
lâcheurs,m,0.81
lâcheuse,f,0.81
lèche,f,1.42
lèche-botte,m,0.11
lèche-bottes,m,0.68
lèche-cul,m,1.29
lèche-vitrine,m,0.26
lèche-vitrines,m,0.20
lèchefrite,f,0.07
lècheries,f,0.07
lèches,f,1.42
lèpre,f,3.65
lèpres,f,3.65
lèse-majesté,f,0.27
lèvre,f,222.03
lèvres,f,222.03
lé,m,2.30
léchage,m,0.27
léchages,m,0.27
lécheur,m,0.47
lécheurs,m,0.47
lécheuse,f,0.47
lécheuses,f,0.47
lécithine,f,0.15
légalisation,f,0.09
légalité,f,2.50
légat,m,2.23
légation,f,2.91
légations,f,2.91
légats,m,2.23
légende,f,27.43
légendes,f,27.43
légion,f,16.35
légionellose,f,0.03
légionnaire,m,4.26
légionnaires,m,4.26
légions,f,16.35
législateur,m,1.08
législateurs,m,1.08
législatif,m,0.27
législatifs,m,0.27
législation,f,1.42
législative,f,0.27
législatives,f,0.27
législature,f,0.20
légitimation,f,0.07
légitimations,f,0.07
légitimité,f,1.76
légume,m,23.45
légumes,m,23.45
légumier,m,0.07
légumineuse,f,0.07
légèreté,f,12.70
légèretés,f,12.70
lémur,m,0.01
lémure,m,0.27
lémures,m,0.27
lémurien,m,0.41
lémuriens,m,0.41
lénification,f,0.07
léninisme,m,0.27
léopard,m,3.64
léopards,m,3.64
lépidoptère,m,0.20
lépidoptères,m,0.20
lépiotes,f,0.07
lépontique,m,0.14
lépreuse,f,2.65
lépreuses,f,2.65
lépreux,m,2.65
léprologie,f,0.01
léproserie,f,0.81
léproseries,f,0.81
lérot,m,0.14
lérots,m,0.14
lés,m,2.30
lésine,f,0.20
lésinerie,f,0.07
lésines,f,0.20
lésion,f,4.37
lésions,f,4.37
létalité,f,0.02
léthargie,f,2.16
léthargies,f,2.16
léviathan,m,0.27
lévitation,f,0.61
lévrier,m,2.30
lévriers,m,2.30
lézard,m,11.42
lézarde,f,11.42
lézardes,f,11.42
lézards,m,11.42
m,m,69.91
ma-jong,m,0.07
maboul,m,0.95
maboule,f,0.95
maboules,f,0.95
mabouls,m,0.95
mac,m,7.74
macadam,m,4.53
macadamia,m,0.11
macareux,m,0.27
macaron,m,1.35
macaroni,m,3.11
macaronis,m,3.11
macarons,m,1.35
macassar,m,0.14
maccarthysme,m,0.05
macchab,m,0.74
macchabs,m,0.74
macchabée,m,2.63
macchabées,m,2.63
macfarlane,m,0.34
mach,m,0.07
machaon,m,0.01
machette,f,2.64
machettes,f,2.64
machiavélisme,m,0.47
machiavélismes,m,0.47
machin,m,14.60
machination,f,2.16
machinations,f,2.16
machine,f,85.00
machine-outil,f,0.47
machinerie,f,2.97
machineries,f,2.97
machines,f,85.00
machines-outils,f,0.47
machinette,f,0.07
machinisme,m,0.74
machino,m,0.07
machinos,m,0.07
machins,m,14.60
machisme,m,0.36
machmètre,m,0.02
macho,m,3.19
machos,m,3.19
macintosh,m,0.26
macis,m,0.01
mackintosh,m,0.27
macramé,m,0.68
macres,f,0.27
macreuse,f,0.07
macreuses,f,0.07
macrobiotique,f,0.14
macroclimat,m,0.07
macrocosme,m,0.14
macrolide,m,0.01
macrophage,m,0.01
macroéconomie,f,0.02
macs,m,7.74
macula,f,0.01
maculage,m,0.07
maculation,f,0.07
maculature,f,0.07
macule,f,0.20
macules,f,0.20
macumba,f,1.20
macédoine,f,0.54
macédoines,f,0.54
macédonien,m,0.23
macédonienne,f,0.03
macération,f,0.74
macérations,f,0.74
madame,f,307.36
madapolam,m,0.20
madeleine,f,1.89
madeleines,f,1.89
mademoiselle,f,73.98
mademoiselles,f,73.98
madone,f,5.25
madones,f,5.25
madrague,f,0.02
madras,m,1.49
madre,m,0.62
madrier,m,3.24
madriers,m,3.24
madrigal,m,1.28
madrigaux,m,1.28
madrépore,m,0.27
madrépores,m,0.27
madrés,m,0.07
madère,m,0.68
maelstrom,m,0.14
maelström,m,0.41
maestria,f,0.41
maestro,m,5.96
maffia,f,0.54
maffieux,m,0.01
maffiosi,m,0.01
mafia,f,11.56
mafias,f,11.56
mafieux,m,0.94
mafiosi,m,0.73
mafioso,m,0.73
magasin,m,65.54
magasinage,m,0.03
magasinier,m,1.15
magasiniers,m,1.15
magasinière,f,1.15
magasins,m,65.54
magazine,m,21.42
magazines,m,21.42
mage,m,2.57
magenta,m,0.02
mages,m,2.57
maghrébin,m,0.95
maghrébine,f,0.95
maghrébines,f,0.95
maghrébins,m,0.95
maghzen,m,0.07
magicien,m,13.76
magicienne,f,13.76
magiciens,m,13.76
magie,f,25.66
magies,f,25.66
magister,m,1.08
magisters,m,1.08
magistrat,m,6.01
magistrate,f,6.01
magistrats,m,6.01
magistrature,f,1.12
magistratures,f,1.12
magistère,m,0.07
magma,m,3.45
magmas,m,3.45
magnaneries,f,0.14
magnanimité,f,0.68
magnans,m,0.07
magnat,m,1.42
magnats,m,1.42
magnificat,m,0.54
magnificence,f,1.96
magnificences,f,1.96
magnitude,f,0.25
magnolia,m,3.04
magnolias,m,3.04
magnum,m,3.69
magnums,m,3.69
magnésie,f,0.14
magnésium,m,1.08
magnétiseur,m,0.07
magnétiseuses,f,0.07
magnétisme,m,1.41
magnétismes,m,1.41
magnétite,f,0.07
magnétomètre,m,0.04
magnétophone,m,3.51
magnétophones,m,3.51
magnétoscope,m,2.12
magnétoscopes,m,2.12
magnétron,m,0.01
magot,m,4.39
magots,m,4.39
magouille,f,2.73
magouilles,f,2.73
magouilleur,m,0.43
magouilleurs,m,0.43
magret,m,0.01
magyars,m,0.10
mah-jong,m,1.54
maharadja,m,0.14
maharadjah,m,1.47
maharadjahs,m,1.47
maharadjas,m,0.14
maharaja,m,0.07
maharajah,m,0.51
maharajahs,m,0.51
maharajas,m,0.07
maharani,f,1.12
mahatma,m,0.07
mahatmas,m,0.07
mahométan,m,0.27
mahométans,m,0.27
mahonia,m,0.61
mahonias,m,0.61
maid,f,0.13
maie,f,1.22
maies,f,1.22
maigrelet,m,0.27
maigrelettes,f,0.01
maigreur,f,3.99
maigrichon,m,0.96
maigrichonne,f,0.96
maigrichonnes,f,0.96
maigrichons,m,0.96
maigriot,m,0.14
mail,m,3.29
mail-coach,m,0.14
mailing,m,0.04
maille,f,9.66
maillechort,m,0.14
mailles,f,9.66
maillet,m,2.16
maillets,m,2.16
mailloche,f,0.47
maillon,m,3.18
maillons,m,3.18
maillot,m,18.99
maillotin,m,0.14
maillotins,m,0.14
maillots,m,18.99
mails,m,3.29
main,f,1229.39
main-courante,f,0.07
main-d'oeuvre,f,1.62
main-forte,f,0.41
mainate,m,0.74
maincourantier,m,0.07
mainlevée,f,0.01
mainmise,f,1.42
mains,f,1229.39
maintenance,f,3.89
mainteneur,m,0.14
mainteneurs,m,0.14
maintenue,f,0.41
maintien,m,10.14
maintiens,m,10.14
maire,m,28.17
maires,m,28.17
mairesse,f,28.17
mairie,f,15.95
mairies,f,15.95
maison,f,605.75
maison-mère,f,0.14
maisonnette,f,7.97
maisonnettes,f,7.97
maisonnée,f,1.82
maisonnées,f,1.82
maisons,f,605.75
maja,f,0.54
majesté,f,43.43
majestés,f,43.43
majeur,m,3.04
majeure,f,3.04
majeures,f,3.04
majeurs,m,3.04
majolique,f,0.14
majoral,m,0.07
majorat,m,0.20
majoration,f,0.27
majordome,m,2.87
majordomes,m,2.87
majorette,f,1.11
majorettes,f,1.11
majorité,f,12.57
majorités,f,12.57
majuscule,f,2.84
majuscules,f,2.84
maki,m,0.12
mal,m,326.58
mal-aimé,m,0.21
mal-aimée,f,0.21
mal-aimés,m,0.21
mal-baisé,m,0.20
mal-baisée,f,0.20
mal-pensants,m,0.14
mal-être,m,0.34
malabar,m,1.52
malabars,m,1.52
malachite,f,0.27
malade,f,43.18
malades,f,43.18
maladie,f,66.04
maladies,f,66.04
maladrerie,f,0.01
maladresse,f,9.73
maladresses,f,9.73
maladroit,m,1.94
maladroite,f,1.94
maladroites,f,1.94
maladroits,m,1.94
malaga,m,1.28
malais,m,0.31
malaisien,m,0.06
malaisiens,m,0.06
malandrin,m,0.61
malandrins,m,0.61
malappris,m,0.20
malapprise,f,0.20
malard,m,0.74
malards,m,0.74
malaria,f,1.57
malarias,f,1.57
malaventures,f,0.07
malaxeur,m,0.04
malchance,f,5.68
malchances,f,5.68
malchanceuse,f,0.81
malchanceux,m,0.81
maldonne,f,1.15
maldonnes,f,1.15
malencontre,f,0.68
malencontres,f,0.68
malentendant,m,0.38
malentendants,m,0.38
malentendu,m,11.82
malentendus,m,11.82
malfaisance,f,1.08
malfaisances,f,1.08
malfaiteur,m,3.24
malfaiteurs,m,3.24
malfaçon,f,0.34
malfaçons,f,0.34
malformation,f,0.54
malfrat,m,4.73
malfrats,m,4.73
malherbe,f,0.07
malheur,m,92.64
malheureuse,f,18.31
malheureuses,f,18.31
malheureux,m,18.31
malheurs,m,92.64
malhonnêteté,f,1.89
malhonnêtetés,f,1.89
mali,m,0.07
malice,f,10.95
malices,f,10.95
malien,m,0.14
malienne,f,0.07
maliens,m,0.14
maligne,f,22.67
malignes,f,22.67
malignité,f,2.23
malignités,f,2.23
malin,m,22.67
maline,f,22.67
malines,f,22.67
malinké,m,0.07
malinois,m,0.20
malins,m,22.67
malle,f,15.14
malles,f,15.14
mallette,f,9.30
mallettes,f,9.30
mallophages,m,0.07
malléabilité,f,0.14
malléole,f,0.05
malm,m,0.01
malmenage,m,0.01
malnutrition,f,0.58
malotru,m,1.01
malotrus,m,1.01
malouin,m,0.07
malpoli,m,0.41
malpropreté,f,0.14
malséance,f,0.07
malt,m,0.68
maltais,m,0.34
maltraitance,f,0.66
maltraitances,f,0.66
malus,m,0.04
malveillance,f,3.85
malveillances,f,3.85
malveillant,m,0.81
malveillants,m,0.81
malversation,f,0.55
malversations,f,0.55
malvoisie,m,0.07
malvoisies,m,0.07
malédiction,f,14.17
malédictions,f,14.17
maléfice,m,1.69
maléfices,m,1.69
mam,f,0.95
mam'selle,f,0.11
mam'zelle,f,0.03
mamaliga,f,0.07
mamamouchi,m,0.14
maman,f,540.21
mamans,f,540.21
mamba,m,0.10
mambo,m,1.62
mambos,m,1.62
mame,f,0.74
mamelle,f,3.72
mamelles,f,3.72
mamelon,m,7.16
mamelons,m,7.16
mamelouk,m,0.34
mamelouks,m,0.34
mameluk,m,2.03
mameluks,m,2.03
mamie,f,18.66
mamies,f,18.66
mamma,f,2.27
mammectomie,f,0.02
mammifère,m,1.28
mammifères,m,1.28
mammographie,f,0.15
mammoplastie,f,0.01
mammouth,m,8.18
mammouths,m,8.18
mammy,f,0.41
mamours,m,0.47
mamy,f,0.69
mamys,f,0.69
mamzelle,f,0.10
mana,m,0.88
manade,f,0.27
manades,f,0.27
management,m,0.57
manager,m,8.08
managers,m,8.08
manageur,m,0.01
manant,m,1.22
manants,m,1.22
mancenillier,m,0.14
mancheron,m,0.27
mancherons,m,0.27
manchette,f,6.22
manchettes,f,6.22
manchon,m,1.76
manchons,m,1.76
manchot,m,1.89
manchote,f,1.89
manchotes,f,1.89
manchots,m,1.89
mandala,m,1.76
mandalas,m,1.76
mandale,f,0.88
mandales,f,0.88
mandant,m,0.34
mandants,m,0.34
mandarin,m,1.82
mandarine,f,3.11
mandarines,f,3.11
mandarinier,m,0.34
mandariniers,m,0.34
mandarins,m,1.82
mandat,m,25.25
mandat-carte,m,0.01
mandat-lettre,m,0.07
mandat-poste,m,0.07
mandatement,m,0.07
mandats,m,25.25
mandchous,m,0.07
mandement,m,0.07
mandements,m,0.07
mandibule,f,2.36
mandibules,f,2.36
mandoline,f,1.15
mandolines,f,1.15
mandore,f,1.55
mandorle,f,0.34
mandorles,f,0.34
mandragore,f,1.69
mandragores,f,1.69
mandrill,m,0.01
mandrin,m,0.41
mandrins,m,0.41
manducation,f,0.07
mandé,m,0.41
manette,f,2.64
manettes,f,2.64
manga,m,0.47
manganite,m,0.14
manganèse,m,0.23
mangas,m,0.47
mange-disque,m,0.11
mange-disques,m,0.11
mange-tout,m,0.07
mangeaille,f,1.28
mangeailles,f,1.28
mangeoire,f,1.08
mangeoires,f,1.08
manger,m,5.62
mangerie,f,0.07
mangetout,m,0.07
mangeur,m,3.45
mangeurs,m,3.45
mangeuse,f,3.45
mangeuses,f,3.45
mangonneaux,m,0.54
mangouste,f,0.33
mangrove,f,0.07
mangroves,f,0.07
mangue,f,2.09
mangues,f,2.09
manguier,m,1.42
manguiers,m,1.42
maniabilité,f,0.03
maniacodépressif,m,0.01
maniaquerie,f,0.34
maniaqueries,f,0.34
manichéisme,m,0.61
manie,f,18.38
maniement,m,3.72
maniements,m,3.72
manies,f,18.38
manieur,m,0.47
manieurs,m,0.47
manieuse,f,0.47
manif,f,4.98
manifestant,m,2.30
manifestante,f,2.30
manifestantes,f,2.30
manifestants,m,2.30
manifestation,f,17.16
manifestations,f,17.16
manifeste,m,2.09
manifestes,m,2.09
manifold,m,0.20
manifolds,m,0.20
manifs,f,4.98
manigance,f,1.62
manigances,f,1.62
manille,f,0.95
manilles,f,0.95
manilleurs,m,0.07
manillon,m,0.27
manioc,m,0.88
manip,f,0.14
manipe,f,0.14
manipulateur,m,1.47
manipulateurs,m,1.47
manipulation,f,2.63
manipulations,f,2.63
manipulatrice,f,1.47
manipulatrices,f,1.47
manipule,m,0.03
manipules,m,0.03
manitoba,m,0.07
manitou,m,0.88
manitous,m,0.88
manivelle,f,31.96
manivelles,f,31.96
manière,f,157.77
manières,f,157.77
maniérisme,m,0.34
maniérismes,m,0.34
manne,f,1.35
mannes,f,1.35
mannezingue,m,0.20
mannitol,m,0.19
manoeuvrabilité,f,0.04
manoeuvriers,m,0.14
manoeuvrière,f,0.14
manoir,m,9.59
manoirs,m,9.59
manomètre,m,0.47
manomètres,m,0.47
manouvrier,m,0.01
manquant,m,0.34
manquants,m,0.34
manque,m,37.23
manquement,m,1.55
manquements,m,1.55
manques,m,37.23
mansard,m,0.07
mansarde,f,5.20
mansardes,f,5.20
mansion,f,0.05
mansions,f,0.05
mansuétude,f,2.09
mansuétudes,f,2.09
manta,f,0.72
mante,f,1.69
manteau,m,68.11
manteaux,m,68.11
mantelet,m,0.27
mantelets,m,0.27
mantelure,f,0.07
mantes,f,1.69
mantille,f,1.35
mantilles,f,1.35
mantique,f,0.07
mantra,m,0.34
manubrium,m,0.03
manuel,m,8.18
manuelle,f,8.18
manuelles,f,8.18
manuels,m,8.18
manufacture,f,2.03
manufactures,f,2.03
manufacturiers,m,0.10
manuscrit,m,17.36
manuscrits,m,17.36
manutention,f,0.61
manutentions,f,0.61
manzanilla,m,0.61
manège,m,15.27
manèges,m,15.27
manécanterie,f,0.27
maori,m,0.02
maorie,f,0.02
maoïsme,m,0.07
mappemonde,f,1.76
mappemondes,f,1.76
maque,f,0.27
maquereau,m,7.50
maquereautage,m,0.14
maquereautins,m,0.07
maquereaux,m,7.50
maquerellage,m,0.10
maquerelle,f,7.50
maquerelles,f,7.50
maques,f,0.27
maquette,f,4.58
maquettes,f,4.58
maquignon,m,2.57
maquignonnage,m,0.14
maquignonnages,m,0.14
maquignons,m,2.57
maquillage,m,11.62
maquillages,m,11.62
maquilleur,m,0.82
maquilleurs,m,0.82
maquilleuse,f,0.82
maquilleuses,f,0.82
maquis,m,16.01
maquisard,m,5.81
maquisarde,f,5.81
maquisardes,f,5.81
maquisards,m,5.81
mara,m,0.41
marabout,m,1.28
marabouts,m,1.28
maracas,f,0.41
marae,m,0.02
marais,m,10.68
maranta,m,0.01
marante,f,0.07
marasme,m,1.01
marasmes,m,1.01
marasquin,m,0.74
marathon,m,2.12
marathonien,m,0.17
marathonienne,f,0.17
marathons,m,2.12
maraud,m,2.09
maraude,f,2.09
maraudes,f,2.09
maraudeur,m,1.99
maraudeurs,m,1.99
maraudeuse,f,1.99
marauds,m,2.09
maravédis,m,0.20
maraîcher,m,2.16
maraîchers,m,2.16
maraîchère,f,2.16
maraîchères,f,2.16
marbre,m,43.04
marbrerie,f,0.14
marbreries,f,0.14
marbres,m,43.04
marbrure,f,1.15
marbrures,f,1.15
marc,m,3.38
marcassin,m,0.88
marcassins,m,0.88
marcel,m,0.20
marceline,f,0.07
marchand,m,45.81
marchandage,m,2.50
marchandages,m,2.50
marchande,f,45.81
marchandes,f,45.81
marchandeuse,f,0.07
marchandise,f,15.81
marchandises,f,15.81
marchandiseur,m,0.01
marchands,m,45.81
marche,f,152.97
marchepied,m,5.54
marchepieds,m,5.54
marches,f,152.97
marcheur,m,1.96
marcheurs,m,1.96
marcheuse,f,1.96
marcheuses,f,1.96
marché,m,74.36
marchés,m,74.36
marcotin,m,0.07
marcotte,f,0.01
marcs,m,3.38
mardi,m,23.65
mardis,m,23.65
mare,f,13.04
marelle,f,2.23
marelles,f,2.23
marengo,m,0.07
marennes,f,0.41
mares,f,13.04
mareyeur,m,0.41
mareyeurs,m,0.41
mareyeuse,f,0.41
mareyeuses,f,0.41
margarine,f,1.35
margaux,m,0.14
margay,m,1.49
marge,f,14.86
margelle,f,2.09
margelles,f,2.09
marges,f,14.86
margeuse,f,0.07
marginal,m,1.49
marginales,f,1.49
marginalité,f,0.34
marginaux,m,1.49
margis,m,0.27
margot,m,1.17
margotin,m,0.14
margotins,m,0.14
margoton,f,0.07
margouillat,m,0.74
margouillats,m,0.74
margouillis,m,0.07
margoulette,f,0.34
margoulin,m,0.61
margoulins,m,0.61
margrave,m,0.60
margraviat,m,0.07
marguerite,f,2.97
marguerites,f,2.97
marguillier,m,0.41
marguilliers,m,0.41
mari,m,264.15
mariachi,m,0.90
mariachis,m,0.90
mariage,m,167.39
mariages,m,167.39
marianne,f,0.27
marie-couche-toi-là,f,0.27
marie-jeanne,f,0.26
marie-louise,f,0.07
marie-salope,f,0.07
marieur,m,1.10
marieuse,f,1.10
marieuses,f,1.10
marigot,m,1.69
marigots,m,1.69
marihuana,f,0.14
marijuana,f,3.77
marimba,m,0.02
marin,m,33.38
marin-pêcheur,m,0.14
marina,f,1.16
marinade,f,1.46
marinades,f,1.46
marinage,m,0.07
marinas,f,1.16
marine,f,12.77
marines,f,12.77
maringoins,m,0.07
marinier,m,1.49
mariniers,m,1.49
marinière,f,0.54
marinières,f,0.54
marins,m,33.38
marionnette,f,5.95
marionnettes,f,5.95
maris,m,264.15
maritorne,f,0.27
marivaudage,m,0.41
marivaudages,m,0.41
marié,m,37.11
mariée,f,37.11
mariées,f,37.11
mariés,m,37.11
marjolaine,f,0.61
mark,m,13.24
marker,m,0.14
marketing,m,1.88
marketings,m,1.88
marks,m,13.24
marlin,m,0.50
marlou,m,0.88
marloupin,m,0.34
marloupinerie,f,0.27
marloupineries,f,0.27
marloupins,m,0.34
marlous,m,0.88
marmaille,f,4.26
marmailles,f,4.26
marmelade,f,2.91
marmelades,f,2.91
marmitage,m,0.47
marmitages,m,0.47
marmite,f,14.66
marmites,f,14.66
marmiton,m,1.15
marmitons,m,1.15
marmitées,f,0.14
marmonnement,m,0.61
marmonnements,m,0.61
marmot,m,2.36
marmots,m,2.36
marmottages,m,0.07
marmotte,f,3.15
marmottement,m,0.07
marmottes,f,3.15
marmouset,m,0.10
marmousets,m,0.10
marne,f,2.84
marnes,f,2.84
marnières,f,0.07
marocain,m,2.28
marocaine,f,2.28
marocaines,f,2.28
marocains,m,2.28
maroquin,m,1.76
maroquinerie,f,1.15
maroquineries,f,1.15
maroquinier,m,0.61
maroquiniers,m,0.61
maroquins,m,1.76
marotte,f,2.09
marottes,f,2.09
marouette,f,0.01
maroufle,f,0.41
maroufles,f,0.41
marquage,m,0.65
marque,f,40.29
marque-page,m,0.25
marque-pages,m,0.25
marques,f,40.29
marqueterie,f,2.09
marqueteries,f,2.09
marqueur,m,2.02
marqueurs,m,2.02
marquis,m,18.31
marquisat,m,0.27
marquisats,m,0.27
marquise,f,18.31
marquises,f,18.31
marrade,f,0.68
marraine,f,8.78
marraines,f,8.78
marrane,m,0.27
marranes,m,0.27
marrant,m,8.13
marrante,f,8.13
marrantes,f,8.13
marrants,m,8.13
marron,m,7.36
marronnier,m,9.39
marronniers,m,9.39
marrons,m,7.36
mars,m,31.42
marsala,m,0.38
marsaules,m,0.27
marseillais,m,1.82
marseillaise,f,1.82
marshal,m,3.11
marshals,m,3.11
marsouin,m,0.68
marsouins,m,0.68
marsupial,m,0.10
marsupiaux,m,0.10
marsupilami,m,0.20
marsupilamis,m,0.20
martagon,m,0.07
marteau,m,15.61
marteau-pilon,m,0.41
marteau-piqueur,m,0.42
marteaux,m,15.61
marteaux-pilons,m,0.41
martel,m,0.47
martelage,m,0.14
martelet,m,0.07
marteleur,m,0.04
martels,m,0.47
martialités,f,0.07
martien,m,1.96
martienne,f,0.51
martiennes,f,0.51
martiens,m,1.96
martin,m,1.69
martin-pêcheur,m,0.41
martinet,m,2.64
martinets,m,2.64
martingale,f,1.28
martingales,f,1.28
martini,m,3.85
martiniquais,m,1.69
martiniquaise,f,1.69
martiniquaises,f,1.69
martinis,m,3.85
martins,m,1.69
martins-pêcheurs,m,0.41
martre,f,1.22
martres,f,1.22
martyr,m,6.76
martyrologe,m,0.20
martyrologes,m,0.20
martyrs,m,6.76
martèlement,m,3.65
martèlements,m,3.65
marxisme,m,3.92
marxisme-léninisme,m,0.68
mary,m,0.56
maryland,m,0.14
marâtre,f,1.22
marâtres,f,1.22
marécage,m,6.15
marécages,m,6.15
maréchal,m,41.69
maréchal-ferrant,m,1.96
maréchalat,m,0.07
maréchale,f,41.69
maréchalerie,f,0.27
maréchaussée,f,0.88
maréchaux,m,41.69
maréchaux-ferrants,m,0.41
marée,f,26.89
marées,f,26.89
mas,m,5.07
mascara,m,1.15
mascarade,f,2.71
mascarades,f,2.71
mascaret,m,0.54
mascaron,m,0.14
mascarons,m,0.14
mascarpone,m,0.11
mascotte,f,2.36
mascottes,f,2.36
masculin,m,1.08
masculinité,f,0.21
masculins,m,1.08
maser,m,0.01
maskinongé,m,0.07
masochisme,m,1.01
masquage,m,0.02
masquages,m,0.02
masque,m,38.65
masque-espion,m,0.01
masques,m,38.65
mass media,m,0.17
massacre,m,16.49
massacres,m,16.49
massacreur,m,0.34
massacreurs,m,0.34
massage,m,9.57
massages,m,9.57
masse,f,79.80
massepain,m,0.34
massepains,m,0.34
masses,f,79.80
massettes,f,0.14
masseur,m,1.94
masseurs,m,1.94
masseuse,f,1.94
masseuses,f,1.94
massicot,m,0.61
massicotier,m,0.41
massicots,m,0.61
massif,m,12.23
massifs,m,12.23
massivité,f,0.20
massue,f,2.84
massues,f,2.84
massé,m,0.20
massés,m,0.20
mastaba,m,0.20
mastabas,m,0.20
mastar,m,0.07
mastard,m,0.61
mastards,m,0.61
mastectomie,f,0.22
master,m,3.43
masters,m,3.43
mastic,m,1.62
masticage,m,0.07
mastication,f,0.81
mastications,f,0.81
mastiff,m,0.07
mastite,f,0.12
mastodonte,m,0.61
mastodontes,m,0.61
mastroquet,m,0.34
mastroquets,m,0.34
masturbation,f,2.03
masturbations,f,2.03
mastère,m,0.02
masure,f,4.32
masures,f,4.32
mat,m,6.84
mat',m,6.84
matador,m,2.03
matadors,m,2.03
mataf,m,0.61
matafs,m,0.61
matamore,m,0.61
matamores,m,0.61
match,m,63.48
matches,m,1.42
matchiche,f,0.20
matchs,m,63.48
matelas,m,25.95
matelassier,m,0.41
matelassiers,m,0.41
matelassière,f,0.41
matelassières,f,0.41
matelot,m,7.04
matelote,f,0.20
matelots,m,7.04
mater dolorosa,f,0.47
maternage,m,0.04
maternalisme,m,0.20
maternelle,f,3.22
maternelles,f,3.22
maternité,f,4.73
maternités,f,4.73
mateur,m,0.37
mateurs,m,0.37
mateuse,f,0.37
math,f,1.55
matheuse,f,0.27
matheux,m,0.27
maths,f,10.66
mathurins,m,0.07
mathusalems,m,0.07
mathématicien,m,0.96
mathématicienne,f,0.96
mathématiciens,m,0.96
mathématique,f,7.03
mathématiques,f,7.03
matin,m,396.76
matines,f,1.22
matins,m,396.76
matinée,f,34.05
matinées,f,34.05
matité,f,0.54
matière,f,58.45
matières,f,58.45
matois,m,0.07
matoiserie,f,0.14
maton,m,6.08
matonne,f,6.08
matonnes,f,6.08
matons,m,6.08
matos,m,5.72
matou,m,4.12
matous,m,4.12
matraquage,m,0.14
matraquages,m,0.14
matraque,f,5.41
matraques,f,5.41
matraqueur,m,0.07
matraqueurs,m,0.07
matras,m,0.47
matriarcat,m,0.74
matriarche,f,0.09
matrice,f,2.16
matrices,f,2.16
matriochka,f,0.07
matrone,f,3.72
matrones,f,3.72
mats,m,6.84
matte,f,0.52
mattes,f,0.52
matuche,m,0.41
maturation,f,0.68
maturations,f,0.68
maturité,f,5.00
maté,m,1.62
matérialisation,f,0.54
matérialisations,f,0.54
matérialisme,m,1.49
matérialité,f,0.47
matériau,m,5.14
matériaux,m,5.14
matériel,m,26.22
matériels,m,26.22
matés,m,1.62
maudit,m,8.02
maudits,m,8.02
mauresque,f,0.68
mauresques,f,0.68
maurrassien,m,0.14
maurrassisme,m,0.07
mauser,m,3.04
mausers,m,3.04
mausolée,m,3.11
mausolées,m,3.11
maussaderie,f,0.34
maussaderies,f,0.34
mauvais,m,8.43
mauvaiseté,f,0.20
mauviette,f,4.86
mauviettes,f,4.86
maux,m,326.58
max,m,5.94
maxi,m,0.95
maxillaire,m,1.76
maxillaires,m,1.76
maxima,m,15.81
maximalisme,m,0.14
maxime,f,2.09
maximes,f,2.09
maximisation,f,0.01
maximum,m,15.81
maximums,m,15.81
maxis,m,0.95
maxiton,m,0.14
maya,m,0.14
mayas,m,0.14
mayo,f,0.77
mayonnaise,f,3.64
mayonnaises,f,3.64
mazagran,m,0.20
mazagrans,m,0.20
mazet,m,0.41
mazette,f,0.07
mazettes,f,0.07
mazout,m,2.64
mazurka,f,0.58
mazurkas,f,0.58
maçon,m,6.76
maçonne,f,6.76
maçonnerie,f,3.04
maçonneries,f,3.04
maçons,m,6.76
maître,m,151.49
maître queux,m,0.14
maître-assistant,m,0.07
maître-autel,m,0.61
maître-chanteur,m,0.21
maître-chien,m,0.11
maître-coq,m,0.01
maître-nageur,m,0.45
maître-à-danser,m,0.07
maîtres,m,151.49
maîtresse,f,53.92
maîtresses,f,53.92
maîtrise,f,7.70
maîtrises,f,7.70
maïa,m,3.51
maïs,m,6.42
maïzena,f,0.20
me,m,3.10
mea culpa,m,0.70
mea-culpa,m,0.14
mec,m,325.54
meccano,m,1.01
meccanos,m,1.01
mechta,f,0.34
mechtas,f,0.34
mecklembourgeois,m,0.07
mecs,m,325.54
mecton,m,0.74
mectons,m,0.74
media,f,7.72
medicine-ball,m,0.07
medium,m,0.59
meeting,m,6.82
meetings,m,6.82
meilleur,m,91.02
meilleure,f,91.02
meilleures,f,91.02
meilleurs,m,91.02
mellifères,m,0.07
melon,m,7.11
melons,m,7.11
melting pot,m,0.14
melting-pot,m,0.14
membrane,f,2.97
membranes,f,2.97
membre,m,64.86
membres,m,64.86
membrure,f,0.61
membrures,f,0.61
menace,f,44.12
menaces,f,44.12
mendiant,m,11.76
mendiante,f,11.76
mendiantes,f,11.76
mendiants,m,11.76
mendicité,f,0.95
mendicités,f,0.95
mendigot,m,0.81
mendigote,f,0.81
mendigots,m,0.81
meneau,m,2.18
meneaux,m,2.18
meneur,m,3.51
meneurs,m,3.51
meneuse,f,3.51
menez,m,0.01
menhaden,m,0.01
menhir,m,0.68
menhirs,m,0.68
mennonite,m,0.14
mennonites,m,0.14
menon,m,0.07
menons,m,0.07
menora,f,0.03
menotte,f,11.65
menottes,f,11.65
mensonge,m,61.05
mensonges,m,61.05
menstruation,f,0.40
menstruations,f,0.40
menstrues,f,0.14
mensualité,f,1.01
mensualités,f,1.01
mensuel,m,0.88
mensuels,m,0.88
mensuration,f,1.42
mensurations,f,1.42
mental,m,1.21
mentalité,f,5.95
mentalités,f,5.95
menterie,f,0.74
menteries,f,0.74
menteur,m,36.64
menteurs,m,36.64
menteuse,f,36.64
menteuses,f,36.64
menthe,f,9.53
menthes,f,9.53
menthol,m,0.44
menthols,m,0.44
mentholé,m,0.03
mentholés,m,0.03
mention,f,6.01
mentions,f,6.01
menton,m,60.00
mentonnet,m,0.07
mentonnière,f,0.34
mentons,m,60.00
mentor,m,1.72
mentors,m,1.72
mentule,f,0.07
menu,m,14.53
menuet,m,0.95
menuets,m,0.95
menuise,f,0.14
menuiserie,f,1.22
menuisier,m,4.46
menuisiers,m,4.46
menus,m,14.53
menée,f,1.01
menées,f,1.01
mer,f,257.57
mercanti,m,0.27
mercantilisme,m,0.14
mercantis,m,0.27
mercaptan,m,0.01
mercerie,f,9.32
merceries,f,9.32
merchandising,m,0.16
merci,m,379.38
mercier,m,4.26
merciers,m,4.26
mercis,m,379.38
mercière,f,4.26
mercières,f,4.26
mercredi,m,21.48
mercredis,m,21.48
mercure,m,1.76
mercurey,m,0.27
mercuriale,f,0.14
mercuriales,f,0.14
mercurochrome,m,1.22
merde,f,213.05
merdes,f,213.05
merdeux,m,5.22
merdier,m,5.34
merdiers,m,5.34
merdouille,f,0.34
merguez,f,2.16
meringue,f,1.35
meringues,f,1.35
merise,f,0.07
merises,f,0.07
merisier,m,1.15
merisiers,m,1.15
merl,m,0.26
merlan,m,3.78
merlans,m,3.78
merle,m,4.19
merleau,m,0.07
merles,m,4.19
merlette,f,0.20
merlin,m,0.20
merlot,m,1.90
merlu,m,0.14
merluche,f,0.27
merluches,f,0.27
merrain,m,0.61
merrains,m,0.61
mers,f,257.57
merveille,f,33.31
merveilles,f,33.31
merveilleuse,f,11.17
merveilleuses,f,11.17
merveilleux,m,11.17
merveillosité,f,0.01
mes,m,3.10
mesa,f,0.51
mescal,m,0.26
mescaline,f,0.25
mesclun,m,0.05
mesdames,f,307.36
mesdemoiselles,f,7.36
mesmérisme,m,0.04
mesnils,m,0.07
mesquinerie,f,1.96
mesquineries,f,1.96
mess,m,2.57
message,m,117.11
messager,m,10.87
messagerie,f,1.05
messageries,f,1.05
messagers,m,10.87
messages,m,117.11
messagère,f,10.87
messagères,f,10.87
messe,f,35.68
messeigneurs,m,0.50
messer,m,1.50
messes,f,35.68
messianisme,m,0.07
messidor,m,0.07
messie,m,0.69
messies,m,0.69
messieurs,m,739.12
messieurs-dames,m,0.68
messire,m,5.69
messires,m,5.69
messéance,f,0.07
mestre,m,0.01
mesure,f,132.84
mesures,f,132.84
mesurette,f,0.01
mesureur,m,0.27
mesurons,m,0.27
mets,m,45.09
mets-la-toi,m,0.01
metteur,m,7.70
metteurs,m,7.70
metteuse,f,7.70
meuble,m,53.99
meubles,m,53.99
meublé,m,1.89
meublés,m,1.89
meuf,f,8.29
meufs,f,8.29
meuglement,m,1.35
meuglements,m,1.35
meulage,m,0.01
meule,f,8.38
meules,f,8.38
meuleuse,f,0.07
meulière,f,0.81
meulières,f,0.81
meunier,m,0.96
meuniers,m,0.96
meunière,f,0.96
meurette,f,0.34
meursault,m,0.20
meurtre,m,104.45
meurtre-suicide,m,0.04
meurtres,m,104.45
meurtrier,m,25.38
meurtriers,m,25.38
meurtrissure,f,1.42
meurtrissures,f,1.42
meurtrière,f,25.38
meurtrières,f,25.38
meusienne,f,0.20
meusiennes,f,0.20
meute,f,7.36
meutes,f,7.36
mexicain,m,8.06
mexicaine,f,8.06
mexicaines,f,8.06
mexicains,m,8.06
mezcal,m,0.13
mezzanine,f,0.47
mezzanines,f,0.47
mi,m,8.97
mi-africains,m,0.07
mi-airain,m,0.07
mi-allemand,m,0.07
mi-américaine,m,0.02
mi-ange,m,0.01
mi-angevins,m,0.07
mi-août,f,0.20
mi-appréhension,f,0.07
mi-artisan,m,0.07
mi-automne,f,0.14
mi-bandit,m,0.07
mi-bas,m,0.14
mi-blanc,m,0.14
mi-blancs,m,0.07
mi-bois,m,0.07
mi-bordel,m,0.07
mi-bovins,m,0.07
mi-braconniers,m,0.07
mi-bras,m,0.14
mi-building,m,0.07
mi-café,m,0.07
mi-campagnarde,m,0.07
mi-canard,m,0.07
mi-capacité,f,0.02
mi-carrière,f,0.01
mi-carême,f,0.61
mi-chat,m,0.07
mi-chatte,f,0.01
mi-chemin,m,6.35
mi-chou,m,0.07
mi-chourineur,m,0.07
mi-châtaigniers,m,0.07
mi-chèvre,f,0.07
mi-chênes,m,0.07
mi-cloître,m,0.07
mi-compote,f,0.07
mi-confit,m,0.07
mi-corbeaux,m,0.07
mi-corps,m,1.55
mi-course,f,0.27
mi-cousine,f,0.14
mi-cousins,m,0.14
mi-coutume,f,0.07
mi-crabe,m,0.07
mi-croyant,m,0.07
mi-créature,f,0.07
mi-cuisse,f,1.35
mi-cuisses,f,1.35
mi-côte,f,0.20
mi-dentelle,f,0.07
mi-distance,f,0.34
mi-décadents,m,0.07
mi-décembre,m,0.27
mi-démon,m,0.02
mi-désir,m,0.07
mi-effrontée,m,0.07
mi-espagnol,m,0.07
mi-européen,m,0.14
mi-excitation,f,0.07
mi-farceur,m,0.07
mi-femme,f,0.12
mi-fermiers,m,0.07
mi-fiel,m,0.07
mi-figue,f,0.54
mi-flanc,m,0.14
mi-fleuve,m,0.08
mi-français,m,0.14
mi-février,f,0.07
mi-garçon,m,0.07
mi-geste,m,0.07
mi-gigolpince,m,0.07
mi-gnon,m,0.07
mi-gonzesse,f,0.07
mi-goélands,m,0.07
mi-grenier,m,0.07
mi-grognon,m,0.07
mi-hauteur,f,2.91
mi-homme,m,0.44
mi-humain,m,0.08
mi-humaine,m,0.07
mi-humains,m,0.07
mi-idiotes,m,0.07
mi-images,f,0.14
mi-indien,m,0.07
mi-indifférente,m,0.07
mi-jambe,f,0.74
mi-jambes,f,0.74
mi-janvier,f,0.20
mi-jersey,m,0.14
mi-joue,f,0.07
mi-jour,m,0.07
mi-journée,f,0.27
mi-juif,m,0.07
mi-juillet,f,0.41
mi-juin,f,0.07
mi-laiton,m,0.07
mi-londrès,m,0.07
mi-longs,m,0.34
mi-longueur,f,0.07
mi-lourd,m,0.07
mi-machine,f,0.07
mi-machines,f,0.07
mi-mai,f,0.01
mi-marchande,m,0.07
mi-mars,f,0.20
mi-marécages,m,0.07
mi-meublé,m,0.07
mi-mexicain,m,0.01
mi-mollet,m,0.20
mi-mollets,m,0.27
mi-mondaine,m,0.07
mi-moqueur,m,0.14
mi-mot,m,0.27
mi-mots,m,0.27
mi-mouton,m,0.07
mi-moyen,m,0.07
mi-métal,m,0.07
mi-noir,m,0.07
mi-novembre,f,0.27
mi-nuit,f,0.07
mi-octobre,f,0.14
mi-officiel,m,0.14
mi-ogre,m,0.07
mi-oiseau,m,0.10
mi-oriental,m,0.07
mi-parcours,m,0.34
mi-patio,m,0.07
mi-patois,m,0.07
mi-peau,f,0.07
mi-pelouse,f,0.07
mi-pensées,f,0.14
mi-pente,f,0.81
mi-pierre,f,0.07
mi-plaisant,m,0.07
mi-pleurant,m,0.07
mi-pleurnichard,m,0.07
mi-plombiers,m,0.07
mi-poisson,m,0.14
mi-poitrine,f,0.07
mi-porcine,m,0.07
mi-portugaise,m,0.07
mi-porté,m,0.07
mi-poucet,m,0.07
mi-poulet,m,0.07
mi-prestidigitateur,m,0.07
mi-promenoir,m,0.07
mi-protecteur,m,0.14
mi-putain,f,0.07
mi-pêcheurs,m,0.07
mi-railleur,m,0.14
mi-raisin,m,0.61
mi-renaissance,f,0.07
mi-roulotte,f,0.07
mi-route,f,0.07
mi-réalité,f,0.07
mi-régime,m,0.07
mi-résigné,m,0.07
mi-saison,f,0.14
mi-salade,f,0.01
mi-salaire,m,0.01
mi-satin,m,0.07
mi-secours,m,0.07
mi-seigneur,m,0.07
mi-sel,m,0.07
mi-septembre,f,0.27
mi-singe,m,0.01
mi-sommet,m,0.07
mi-songe,m,0.07
mi-série,f,0.01
mi-tantouse,f,0.07
mi-tendre,m,0.14
mi-tout,m,0.07
mi-trimestre,m,0.01
mi-velours,m,0.07
mi-verre,m,0.14
mi-vie,f,0.07
mi-voix,f,14.39
mi-vrais,m,0.07
mi-végétal,m,0.01
mi-vénitien,m,0.07
mi-épaule,f,0.07
mi-étage,m,0.47
mi-étendue,f,0.07
mi-étudiant,m,0.07
mi-été,m,0.27
miaou,m,1.55
miaous,m,1.55
miasme,m,1.28
miasmes,m,1.28
miaulement,m,2.57
miaulements,m,2.57
mica,m,2.77
micas,m,2.77
miche,f,9.80
micheline,f,0.20
miches,f,9.80
micheton,m,5.41
michetonneuse,f,0.14
michetonneuses,f,0.14
michetons,m,5.41
miché,m,2.91
michés,m,2.91
mickeys,m,0.20
micmac,m,0.61
micmacs,m,0.61
micocoulier,m,0.34
micocouliers,m,0.34
micro-cravate,m,0.01
micro-onde,f,0.38
micro-ondes,m,2.45
micro-ordinateur,m,0.14
micro-ordinateurs,m,0.14
micro-organisme,m,0.08
micro-trottoir,m,0.01
microanalyse,f,0.02
microbe,m,6.00
microbes,m,6.00
microbiologie,f,0.14
microbus,m,0.01
microcassette,f,0.07
microchimie,f,0.03
microchirurgie,f,0.07
microcircuit,m,0.07
microcircuits,m,0.07
microclimat,m,0.16
microcomposants,m,0.01
microcopie,f,0.01
microcosme,m,0.34
microcycles,m,0.01
microcéphale,m,0.10
microcéphales,m,0.10
microfiches,f,0.04
microfilm,m,0.58
microfilms,m,0.58
microgramme,m,0.02
microgravité,f,0.01
microlithes,m,0.07
micromètre,m,0.04
micromètres,m,0.04
micron,m,0.74
microns,m,0.74
microphone,m,0.73
microphones,m,0.73
microprocesseur,m,0.36
microprocesseurs,m,0.36
microscope,m,3.94
microscopes,m,3.94
microscopie,f,0.04
microseconde,f,0.10
microsecondes,f,0.10
microsillon,m,0.27
microsillons,m,0.27
microsociologie,f,0.07
microsonde,f,0.01
microstructure,f,0.07
microstructures,f,0.07
microédition,f,0.01
miction,f,0.07
mictions,f,0.07
middle class,f,0.07
middle-west,m,0.14
midi,m,68.38
midinette,f,2.23
midinettes,f,2.23
midis,m,68.38
midrash,m,0.02
midship,m,0.20
mie,f,5.74
miel,m,17.36
miellat,m,0.01
mielle,f,0.07
miellée,f,0.20
miellées,f,0.20
miels,m,17.36
mies,f,5.74
miette,f,17.16
miettes,f,17.16
mieux,m,54.12
mieux-vivre,m,0.07
mieux-être,m,0.20
mignardise,f,0.88
mignardises,f,0.88
mignards,m,0.07
mignon,m,9.02
mignonne,f,9.02
mignonnes,f,9.02
mignonnette,f,0.14
mignonnettes,f,0.14
mignons,m,9.02
migraine,f,10.32
migraines,f,10.32
migraineuse,f,0.07
migraineux,m,0.04
migrant,m,0.54
migrants,m,0.54
migrateur,m,0.27
migrateurs,m,0.27
migration,f,2.64
migrations,f,2.64
mijaurée,f,1.01
mijaurées,f,1.01
mijoteuse,f,0.07
mikado,m,0.88
mil,m,1.55
milady,f,3.18
milan,m,0.34
milanais,m,0.27
milanaise,f,0.27
milanaises,f,0.27
milans,m,0.34
mildiou,m,0.04
mile,m,8.34
miles,m,8.34
milice,f,4.39
milices,f,4.39
milicien,m,8.92
miliciennes,f,8.92
miliciens,m,8.92
milieu,m,256.08
milieux,m,256.08
militant,m,11.55
militante,f,11.55
militantes,f,11.55
militantisme,m,0.74
militants,m,11.55
militarisation,f,0.04
militarisme,m,0.20
milk shake,m,1.85
milk-bar,m,0.20
milk-bars,m,0.20
milk-shake,m,1.85
milk-shakes,m,1.85
mille,m,30.68
mille-feuille,m,1.08
mille-feuilles,m,1.08
mille-pattes,m,2.09
millenium,m,0.08
milles,m,30.68
millet,m,0.61
milliard,m,17.52
milliardième,m,0.01
milliards,m,17.52
millier,m,42.43
milliers,m,42.43
milligramme,m,1.06
milligrammes,m,1.06
millilitre,m,0.04
millimètre,m,6.76
millimètres,m,6.76
million,m,124.70
millions,m,124.70
milliseconde,f,0.16
millisecondes,f,0.16
millième,m,0.95
millièmes,m,0.95
millénaire,m,5.41
millénaires,m,5.41
millénarisme,m,0.01
millénium,m,0.13
millésime,m,1.01
millésimes,m,1.01
milonga,f,0.03
milord,m,2.72
milords,m,2.72
milouin,m,0.01
mime,m,5.35
mimes,m,5.35
mimi,m,0.44
mimique,f,6.22
mimiques,f,6.22
mimis,m,0.44
mimodrames,m,0.07
mimolette,f,0.01
mimosa,m,2.91
mimosas,m,2.91
mimosées,f,0.07
mimétisme,m,1.55
min,m,7.85
minage,m,0.07
minaret,m,1.96
minarets,m,1.96
minauderie,f,0.88
minauderies,f,0.88
minaudière,f,0.20
minbar,m,0.12
minceur,f,2.36
minceurs,f,2.36
mine,f,65.88
minerai,m,1.38
minerais,m,1.38
minerval,m,0.01
minerve,f,0.69
mines,f,65.88
minestrone,m,0.27
minet,m,7.09
minets,m,7.09
minette,f,7.09
minettes,f,7.09
mineur,m,11.96
mineure,f,11.96
mineures,f,11.96
mineurs,m,11.96
mini-chaîne,f,0.14
mini-jupe,f,0.62
mini-jupes,f,0.62
mini-ordinateur,m,0.02
miniature,f,10.07
miniatures,f,10.07
miniaturisation,f,0.15
minibar,m,0.26
minibus,m,1.99
minigolf,m,0.23
minijupe,f,1.20
minijupes,f,1.20
minima,m,11.82
minimalisme,m,0.06
minimax,m,0.01
minimisation,f,0.07
minimum,m,11.82
ministre,m,81.15
ministres,m,81.15
ministère,m,17.50
ministères,m,17.50
minitel,m,0.34
minium,m,0.95
minoen,m,0.20
minoens,m,0.20
minois,m,1.55
minorité,f,4.03
minorités,f,4.03
minot,m,1.35
minotaure,m,0.14
minotaures,m,0.14
minoteries,f,0.14
minotier,m,0.61
minots,m,1.35
minou,m,7.00
minous,m,7.00
minuit,m,38.51
minuits,m,38.51
minus,m,8.35
minus habens,m,0.14
minutage,m,0.34
minute,f,342.28
minuterie,f,2.36
minuteries,f,2.36
minutes,f,342.28
minuteur,m,1.21
minuteurs,m,1.21
minutie,f,3.58
minuties,f,3.58
minéral,m,1.03
minéraliers,m,0.07
minéralisation,f,0.01
minéraux,m,1.03
miquette,f,0.34
mir,m,0.68
mirabelle,f,1.96
mirabelles,f,1.96
mirabellier,m,0.34
mirabelliers,m,0.34
mirabilis,m,0.14
miracle,m,56.89
miracles,m,56.89
miraculé,m,0.88
miraculée,f,0.88
miraculés,m,0.88
mirador,m,4.73
miradors,m,4.73
mirage,m,10.07
mirages,m,10.07
mire,f,2.16
mirepoix,f,0.01
mires,f,2.16
mirette,f,6.01
mirettes,f,6.01
mirliflore,m,0.07
mirliton,m,1.15
mirlitons,m,1.15
mirmidon,m,0.14
miroir,m,63.99
miroirs,m,63.99
miroitement,m,2.43
miroitements,m,2.43
miroiterie,f,0.07
miroitier,m,0.20
miroitiers,m,0.20
mironton,m,1.08
mirontons,m,1.08
miroton,m,0.34
mirus,m,0.54
misaine,f,0.27
misaines,f,0.27
misanthropie,f,0.41
mise,f,39.86
miserere,m,0.80
mises,f,39.86
misogynie,f,1.01
miss,f,39.08
missel,m,3.38
missels,m,3.38
missile,m,16.70
missiles,m,16.70
missilier,m,0.16
mission,f,85.24
mission-suicide,f,0.07
missions,f,85.24
missive,f,2.97
missives,f,2.97
mister,m,2.14
mistigri,m,0.14
mistigris,m,0.14
mistonne,f,0.41
mistonnes,f,0.41
mistoufle,f,0.81
mistoufles,f,0.81
mistral,m,2.03
mistrals,m,2.03
misère,f,47.23
misères,f,47.23
misérabilisme,m,0.14
miséreuse,f,1.35
miséreuses,f,1.35
miséreux,m,1.35
miséricorde,f,8.79
miséricordes,f,8.79
mita,f,0.07
mitaine,f,0.95
mitaines,f,0.95
mitan,m,3.58
mitard,m,4.32
mitards,m,4.32
mite,f,2.23
mites,f,2.23
miteuse,f,1.08
miteuserie,f,0.14
miteux,m,1.08
mithridatisation,f,0.07
mitigeurs,m,0.07
mitochondrie,f,0.33
mitochondries,f,0.33
miton,m,0.07
mitose,f,0.14
mitoufle,f,0.07
mitoyenneté,f,0.20
mitraillade,f,1.01
mitraillades,f,1.01
mitraillage,m,0.15
mitraillages,m,0.15
mitraille,f,3.18
mitrailles,f,3.18
mitraillette,f,11.35
mitraillettes,f,11.35
mitrailleur,m,15.47
mitrailleurs,m,15.47
mitrailleuse,f,15.47
mitrailleuses,f,15.47
mitre,f,1.96
mitres,f,1.96
mitron,m,3.58
mitrons,m,3.58
mixage,m,0.86
mixer,m,0.78
mixers,m,0.78
mixeur,m,1.21
mixeurs,m,1.21
mixité,f,0.14
mixture,f,1.62
mixtures,f,1.62
mièvrerie,f,1.01
mièvreries,f,1.01
ml,m,0.02
mlle,f,45.69
mm,m,3.79
mme,f,81.64
mn,m,0.02
mnémotechnie,f,0.07
mnémotechnique,f,0.01
mob,f,0.93
mobil-home,m,0.07
mobile,m,8.01
mobiles,m,8.01
mobilier,m,5.74
mobiliers,m,5.74
mobilisation,f,4.39
mobilité,f,1.96
mobylette,f,2.09
mobylettes,f,2.09
mocassin,m,2.50
mocassins,m,2.50
mocheté,f,0.88
mochetés,f,0.88
moco,m,0.19
mod,m,0.01
modalité,f,2.30
modalités,f,2.30
model,m,0.99
modelage,m,0.20
modeleur,m,0.04
modelé,m,1.69
modelés,m,1.69
modem,m,0.43
modems,m,0.43
modern style,m,0.01
modern-style,m,0.27
modernisation,f,0.74
modernisations,f,0.74
modernisme,m,1.15
modernité,f,1.35
modernités,f,1.35
modestie,f,10.34
modesties,f,10.34
modicité,f,0.20
modification,f,4.26
modifications,f,4.26
modillon,m,0.47
modillons,m,0.47
modulation,f,2.36
modulations,f,2.36
module,m,7.03
modules,m,7.03
modus operandi,m,0.32
modus vivendi,m,0.47
modèle,m,35.95
modèles,m,35.95
modélisation,f,0.04
modélisme,m,0.03
modérateur,m,0.14
modérateurs,m,0.14
modération,f,2.36
modérations,f,2.36
modéré,m,1.42
modérée,f,1.42
modérés,m,1.42
moelle,f,6.15
moelles,f,6.15
moellon,m,2.50
moellons,m,2.50
moeurs,f,21.08
moghol,m,0.01
mohair,m,0.54
mohairs,m,0.54
mohican,m,0.01
moho,m,0.03
moi,m,20.59
moi-moi-moi,m,0.07
moignon,m,4.05
moignons,m,4.05
moine,m,34.73
moineau,m,8.38
moineaux,m,8.38
moines,m,34.73
moinillon,m,0.54
moinillons,m,0.54
moins,m,17.03
moire,f,1.76
moires,f,1.76
moirure,f,0.34
moirures,f,0.34
moiré,m,0.02
moirés,m,0.02
mois,m,312.31
moise,f,0.37
moises,f,0.37
moisi,m,3.31
moisis,m,3.31
moisissure,f,3.78
moisissures,f,3.78
moisson,f,7.91
moissonneur,m,1.22
moissonneurs,m,1.22
moissonneuse,f,1.22
moissonneuse-batteuse,f,0.47
moissonneuse-lieuse,f,0.14
moissonneuses,f,1.22
moissonneuses-batteuses,f,0.47
moissonneuses-lieuses,f,0.14
moissons,f,7.91
moiteur,f,4.93
moiteurs,f,4.93
moitié,f,79.05
moitiés,f,79.05
moka,m,1.89
mokas,m,1.89
moko,m,0.14
molaire,f,1.76
molaires,f,1.76
molard,m,0.01
molasse,f,0.20
mole,f,0.47
moles,f,0.47
moleskine,f,3.31
molesquine,f,0.88
molestation,f,0.07
molette,f,1.01
molettes,f,1.01
mollah,m,0.89
mollahs,m,0.89
mollard,m,1.82
mollards,m,1.82
mollasson,m,0.40
mollassonne,f,0.40
mollassons,m,0.40
mollesse,f,6.42
mollesses,f,6.42
mollet,m,14.93
molletière,f,3.18
molletières,f,3.18
molleton,m,0.88
molletons,m,0.88
mollets,m,14.93
mollusque,m,1.22
mollusques,m,1.22
moloch,m,0.07
molosse,m,1.76
molosses,m,1.76
moly,m,0.04
molybdène,m,0.01
molènes,f,0.07
molécule,f,2.15
molécules,f,2.15
moman,f,0.27
mombin,m,0.07
moment,m,688.24
moment-clé,m,0.04
moments,m,688.24
moments-clés,m,0.01
momerie,f,0.61
momeries,f,0.61
momichons,m,0.07
momie,f,4.86
momies,f,4.86
momification,f,0.07
mominette,f,0.41
monachisme,m,0.07
monades,f,0.07
monadologie,f,0.01
monarchie,f,4.86
monarchies,f,4.86
monarque,m,1.96
monarques,m,1.96
monastère,m,7.97
monastères,m,7.97
monbazillac,m,0.54
monceau,m,7.84
monceaux,m,7.84
mondain,m,2.09
mondaine,f,2.09
mondaines,f,2.09
mondains,m,2.09
mondanité,f,2.64
mondanités,f,2.64
monde,m,830.72
mondes,m,830.72
mondiale,m,0.61
mondialisation,f,0.13
mondovision,f,0.07
mongol,m,1.69
mongole,f,1.69
mongoles,f,1.69
mongolie,f,0.07
mongolien,m,1.01
mongolienne,f,1.01
mongoliennes,f,1.01
mongoliens,m,1.01
mongols,m,1.69
moniale,f,0.14
moniteur,m,5.61
moniteurs,m,5.61
monition,f,0.14
monitor,m,0.11
monitorage,m,0.04
monitoring,m,0.13
monitrice,f,5.61
monitrices,f,5.61
monnaie,f,28.99
monnaie-du-pape,f,0.07
monnaies,f,28.99
monnaies-du-pape,f,0.07
monnayeur,m,0.14
monnayeurs,m,0.14
monoamine,f,0.03
monobloc,m,0.07
monochromie,f,0.07
monocle,m,4.05
monocles,m,4.05
monocoque,m,0.02
monocratie,f,0.01
monoculture,f,0.07
monocycle,m,0.07
monocylindre,m,0.01
monodie,f,0.10
monofilament,m,0.02
monogame,m,0.07
monogames,m,0.07
monogamie,f,0.59
monogramme,m,0.95
monogrammes,m,0.95
monographie,f,0.61
monographies,f,0.61
monokini,m,0.32
monolinguisme,m,0.10
monolithe,m,0.14
monolithes,m,0.14
monolithisme,m,0.07
monologue,m,6.28
monologues,m,6.28
monomanie,f,0.14
monomoteur,m,0.07
mononucléose,f,0.40
monoplan,m,0.47
monoplans,m,0.47
monopole,m,3.11
monopoles,m,3.11
monopoly,m,1.37
monoprix,m,0.27
monorail,m,0.55
monorails,m,0.55
monospace,m,0.18
monosyllabe,m,1.35
monosyllabes,m,1.35
monothéisme,m,0.34
monothéismes,m,0.34
monotonie,f,4.93
monotype,m,0.07
monoxyde,m,0.40
monseigneur,m,26.26
monsieur,m,739.12
monsignor,m,0.17
monsignore,m,0.16
monstrance,f,0.14
monstrances,f,0.14
monstre,m,62.56
monstres,m,62.56
monstruosité,f,2.77
monstruosités,f,2.77
mont,m,18.92
mont-blanc,m,1.84
mont-de-piété,m,0.98
montage,m,6.66
montages,m,6.66
montagnard,m,2.03
montagnarde,f,2.03
montagnards,m,2.03
montagne,f,81.82
montagnes,f,81.82
montaison,f,0.07
montant,m,12.84
montants,m,12.84
monte-charge,m,0.54
monte-charges,m,0.07
monte-en-l'air,m,0.20
monte-plat,m,0.01
monte-plats,m,0.07
montes,f,0.58
monteur,m,1.46
monteurs,m,1.46
monteuse,f,1.46
montgolfière,f,0.95
montgolfières,f,0.95
monticule,m,3.78
monticules,m,3.78
montjoie,f,0.34
montmartrois,m,0.20
montparno,m,0.20
montpelliéraine,f,0.07
montre,f,48.40
montre-bracelet,f,2.09
montre-gousset,f,0.07
montre-la-moi,f,0.14
montres,f,48.40
montres-bracelets,f,2.09
montreur,m,1.35
montreurs,m,1.35
montreuse,f,1.35
montreuses,f,1.35
monts,m,18.92
monts-blancs,m,1.84
monture,f,16.62
montures,f,16.62
montée,f,15.61
montées,f,15.61
monténégrin,m,0.07
monument,m,19.32
monumentalité,f,0.01
monuments,m,19.32
monômes,m,0.14
moonisme,m,0.07
mooré,m,0.03
moos,m,0.03
moque,f,0.29
moquerie,f,6.35
moqueries,f,6.35
moques,f,0.29
moquette,f,15.95
moquettes,f,15.95
moqueur,m,0.34
moqueurs,m,0.34
moqueuse,f,0.34
moqueuses,f,0.34
moraillon,m,0.07
moraine,f,0.47
moraines,f,0.47
moral,m,14.19
morale,f,21.49
morales,f,21.49
moralisateur,m,0.73
moralisateurs,m,0.73
moralisation,f,0.07
moralisme,m,0.27
moralité,f,4.86
moralités,f,4.86
morasse,f,0.81
morasses,f,0.81
moratoire,m,0.17
moraux,m,14.19
morbac,m,0.20
morbacs,m,0.20
morbaque,m,0.54
morbaques,m,0.54
morbidesse,f,0.14
morbidité,f,0.14
morbier,m,0.07
morceau,m,99.32
morceaux,m,99.32
morcellement,m,0.34
morcellements,m,0.34
morcif,m,0.34
morcifs,m,0.34
mordant,m,1.49
mordançage,m,0.14
mordeur,m,0.04
mordeurs,m,0.04
mordeuse,f,0.03
mordillage,m,0.07
mordillement,m,0.61
mordillements,m,0.61
morelle,f,0.01
moresque,f,0.27
morfalou,m,0.07
morfil,m,0.07
morgeline,f,0.01
morgon,m,0.01
morgue,f,10.12
morgues,f,10.12
moria,f,0.08
moribond,m,2.23
moribonde,f,2.23
moribonds,m,2.23
moricaud,m,0.95
moricaude,f,0.95
moricaudes,f,0.95
moricauds,m,0.95
morille,f,0.61
morilles,f,0.61
morillon,m,0.88
morillons,m,0.88
morlingue,m,1.28
morlingues,m,1.28
mormon,m,0.75
mormone,f,0.75
mormons,m,0.75
mornifle,f,0.81
morosité,f,1.08
morosités,f,1.08
morphine,f,7.37
morphing,m,0.01
morphogenèse,f,0.01
morphologie,f,0.81
morpion,m,2.14
morpions,m,2.14
mors,m,1.89
morse,m,3.50
morsure,f,6.31
morsures,f,6.31
mort,f,460.05
mort-aux-rats,f,0.61
mort-né,m,0.07
mort-vivant,m,1.46
mortadelle,f,0.79
mortaise,f,0.20
mortaises,f,0.20
mortaiseuse,f,0.14
mortalité,f,1.51
morte,f,460.05
morte-saison,f,1.08
mortel,m,7.09
mortelle,f,7.09
mortelles,f,7.09
mortels,m,7.09
mortes,f,460.05
mortes-eaux,f,0.07
mortes-saisons,f,1.08
mortier,m,5.61
mortiers,m,5.61
mortification,f,1.22
mortifications,f,1.22
morts,f,460.05
morts-vivants,m,1.46
morue,f,5.61
morues,f,5.61
morula,f,0.01
morve,f,1.96
morves,f,1.96
morveuse,f,4.97
morveux,m,4.97
mos,m,0.01
mosaïque,f,4.53
mosaïques,f,4.53
mosaïste,m,0.14
mosquée,f,5.68
mosquées,f,5.68
mot,m,553.78
mot-clé,m,0.58
mot-valise,m,0.01
motard,m,6.89
motarde,f,6.89
motardes,f,6.89
motards,m,6.89
motel,m,9.43
motels,m,9.43
motesse,f,0.07
motet,m,0.27
motets,m,0.27
moteur,m,51.08
moteur-fusée,m,0.04
moteurs,m,51.08
moteurs-fusées,m,0.04
motif,m,31.15
motifs,m,31.15
motilité,f,0.02
motion,f,3.10
motions,f,3.10
motivateur,m,0.05
motivation,f,4.81
motivations,f,4.81
moto,f,25.23
moto-club,f,0.14
moto-cross,m,0.07
motocross,m,0.19
motoculteur,m,0.14
motoculture,f,0.14
motocycles,m,0.07
motocyclette,f,4.19
motocyclettes,f,4.19
motocyclisme,m,0.02
motoneige,f,0.60
motoneiges,f,0.60
motoneurone,m,0.01
motorisation,f,0.27
motos,f,25.23
motrice,f,0.14
motrices,f,0.14
motricité,f,0.42
mots,m,553.78
mots-clefs,m,0.07
mots-clés,m,0.58
mots-croisés,m,0.07
motte,f,9.19
mottereau,m,0.07
mottes,f,9.19
motteux,m,0.07
mou,m,4.93
mouchachou,m,0.07
mouchage,m,0.01
mouchard,m,6.00
mouchardage,m,0.20
moucharde,f,6.00
mouchards,m,6.00
mouche,f,46.89
moucheron,m,2.43
moucherons,m,2.43
mouches,f,46.89
mouchette,f,0.14
moucheture,f,0.41
mouchetures,f,0.41
moucheur,m,0.07
mouchoir,m,34.59
mouchoirs,m,34.59
moudjahiddine,m,0.07
moudjahidin,m,0.16
moudjahidine,m,0.01
moue,f,18.58
moues,f,18.58
mouette,f,15.81
mouettes,f,15.81
moufette,f,0.04
mouffette,f,0.54
moufle,f,1.76
moufles,f,1.76
mouflet,m,5.68
mouflets,m,5.68
mouflette,f,2.43
mouflettes,f,2.43
mouflon,m,0.47
mouflons,m,0.47
mouillage,m,1.22
mouillages,m,1.22
mouille,f,0.74
mouilles,f,0.74
mouillette,f,0.68
mouillettes,f,0.68
mouilleur,m,0.01
mouillon,m,0.07
mouillons,m,0.07
mouillure,f,0.34
mouillures,f,0.34
mouise,f,1.01
moujahid,m,0.47
moujik,m,1.15
moujiks,m,1.15
moukère,f,0.41
moukères,f,0.41
moulage,m,1.15
moulages,m,1.15
mouleur,m,0.07
moulin,m,19.05
moulin-à-vent,m,0.14
moulinage,m,0.01
moulinet,m,3.18
moulinets,m,3.18
moulinette,f,0.68
moulinettes,f,0.68
moulins,m,19.05
moulurations,f,0.07
moulure,f,2.70
moulures,f,2.70
moumounes,f,0.14
moumoute,f,0.87
moumoutes,f,0.87
mound,m,0.02
mouquère,f,0.27
mourant,m,5.14
mourante,f,5.14
mourantes,f,5.14
mourants,m,5.14
mouroir,m,0.27
mouron,m,4.26
mourons,m,4.26
mourre,f,0.07
mous,m,4.93
mouscaille,f,0.81
mouscailles,f,0.81
mousmé,f,0.22
mousmés,f,0.22
mousquet,m,1.31
mousquetades,f,0.01
mousquetaire,m,3.65
mousquetaires,m,3.65
mousqueterie,f,0.20
mousqueton,m,4.39
mousquetons,m,4.39
mousquets,m,1.31
moussage,m,0.07
moussaillon,m,0.59
moussaillons,m,0.59
moussaka,f,0.27
moussakas,f,0.27
mousseline,f,4.73
mousselines,f,4.73
mousseron,m,1.62
mousserons,m,1.62
mousseux,m,1.82
mousson,f,17.36
moussons,f,17.36
moustache,f,45.07
moustaches,f,45.07
moustagache,f,0.54
moustagaches,f,0.54
moustiquaire,f,2.09
moustiquaires,f,2.09
moustique,m,7.57
moustiques,m,7.57
moutard,m,3.31
moutarde,f,5.00
moutardes,f,5.00
moutardier,m,0.14
moutards,m,3.31
moutier,m,0.14
mouton,m,30.47
moutonnement,m,1.42
moutonnements,m,1.42
moutonnerie,f,0.07
moutons,m,30.47
mouture,f,0.20
moutures,f,0.20
mouvance,f,0.20
mouvances,f,0.20
mouvement,m,182.97
mouvements,m,182.97
moyen,m,107.03
moyen-oriental,m,0.01
moyen-âge,m,1.15
moyenne,f,7.77
moyennes,f,7.77
moyens,m,107.03
moyeu,m,0.68
moyeux,m,0.41
mozzarella,f,0.64
mozzarelle,f,0.03
moïse,m,0.47
moût,m,0.68
moûts,m,0.68
muchacho,m,1.56
muchachos,m,1.56
mucilage,m,0.01
mucor,m,0.01
mucosité,f,0.20
mucosités,f,0.20
mucoviscidose,f,0.14
mucus,m,0.38
mudéjar,m,0.14
mue,f,2.57
mues,f,2.57
muesli,m,0.06
muet,m,3.43
muets,m,3.43
muette,f,2.50
muettes,f,2.50
muezzin,m,0.61
muezzins,m,0.61
muffin,m,2.96
muffins,m,2.96
mufle,m,6.89
muflerie,f,1.01
mufleries,f,1.01
mufles,m,6.89
muflier,m,0.68
mufliers,m,0.68
muflée,f,0.20
mufti,m,0.41
muftis,m,0.41
muges,m,0.07
mugissement,m,2.97
mugissements,m,2.97
muguet,m,3.92
muguets,m,3.92
muids,m,0.14
mule,f,9.62
mules,f,9.62
mulet,m,7.43
muleta,f,0.27
muletier,m,0.37
muletiers,m,0.37
mulets,m,7.43
mulettes,f,0.01
mullah,m,0.05
mulon,m,0.07
mulot,m,1.55
mulots,m,1.55
multiculturalisme,m,0.01
multinationale,f,1.71
multinationales,f,1.71
multipare,f,0.07
multiple,m,0.68
multiples,m,0.68
multiplex,m,0.09
multiplexe,m,0.04
multiplexes,m,0.04
multiplication,f,2.36
multiplications,f,2.36
multiplicité,f,1.55
multiplicités,f,1.55
multiprise,f,0.14
multipropriété,f,0.23
multitude,f,10.27
multitudes,f,10.27
multitâche,m,0.06
multitâches,m,0.06
mulâtre,m,1.08
mulâtres,m,1.08
mulâtresse,f,0.34
mulâtresses,f,0.34
mungo,m,0.02
munichois,m,0.14
municipalité,f,3.58
municipalités,f,3.58
municipe,m,0.27
municipes,m,0.27
munificence,f,1.01
munificences,f,1.01
munition,f,14.68
munitions,f,14.68
munster,m,0.20
muon,m,0.01
muphti,m,0.07
muqueuse,f,1.82
muqueuses,f,1.82
mur,m,317.77
murage,m,0.01
muraille,f,20.88
murailles,f,20.88
muret,m,3.24
muretin,m,0.27
muretins,m,0.27
murets,m,3.24
murette,f,4.26
murettes,f,4.26
murex,m,0.07
muridés,m,0.02
murin,m,0.01
murmel,m,0.07
murmure,m,31.62
murmures,m,31.62
murs,m,317.77
murène,f,0.56
murènes,f,0.56
musaraigne,f,0.61
musaraignes,f,0.61
musard,m,0.14
musardise,f,0.07
musards,m,0.14
musc,m,0.81
muscade,f,1.15
muscadelle,f,0.07
muscadet,m,1.69
muscadin,m,0.07
muscadine,f,0.07
muscat,m,1.28
muscats,m,1.28
muscle,m,34.53
muscles,m,34.53
muscovite,f,0.01
musculation,f,0.48
musculature,f,1.89
muse,f,2.42
museau,m,12.64
museaux,m,12.64
muselière,f,0.81
muselières,f,0.81
muserolle,f,0.07
muses,f,2.42
musette,f,18.45
musettes,f,18.45
musettes-repas,f,0.07
music hall,m,4.32
music-hall,m,4.32
music-halls,m,4.32
musicalité,f,0.47
musicien,m,16.08
musicienne,f,16.08
musiciennes,f,16.08
musiciens,m,16.08
musicologie,f,0.03
musicothérapie,f,0.01
musique,f,169.80
musiques,f,169.80
musiquette,f,0.47
musiquettes,f,0.47
musoir,m,0.07
musqué,m,0.05
must,m,3.98
mustang,m,0.75
mustangs,m,0.75
mustélidés,m,0.07
musulman,m,6.22
musulmane,f,6.22
musulmanes,f,6.22
musulmans,m,6.22
musée,m,28.38
musées,m,28.38
muséologie,f,0.01
muséum,m,0.24
mutabilité,f,0.03
mutant,m,4.67
mutante,f,4.67
mutantes,f,4.67
mutants,m,4.67
mutation,f,5.53
mutations,f,5.53
mutilation,f,2.57
mutilations,f,2.57
mutilé,m,2.70
mutilés,m,2.70
mutin,m,1.01
mutine,f,1.01
mutinerie,f,3.13
mutineries,f,3.13
mutins,m,1.01
mutisme,m,6.89
mutismes,m,6.89
mutité,f,0.20
mutualisme,m,0.07
mutualité,f,0.34
mutualités,f,0.34
mutuelle,f,1.42
mutuelles,f,1.42
myasthénie,f,0.12
mycologie,f,0.07
mycose,f,0.73
mycène,m,0.04
mycéniens,m,0.07
mygale,f,0.47
mygales,f,0.47
mylord,m,0.97
myocarde,m,0.20
myocardiopathie,f,0.07
myocardite,f,0.07
myoclonie,f,0.01
myoglobine,f,0.04
myographe,m,0.07
myopathie,f,0.07
myopie,f,2.16
myopies,f,2.16
myosine,f,0.01
myosis,m,0.04
myosotis,m,1.49
myriade,f,3.31
myriades,f,3.31
myriophylle,f,0.20
myrmidon,m,0.69
myrmidons,m,0.69
myrrhe,f,0.54
myrte,m,1.55
myrtes,m,1.55
myrtille,f,3.43
myrtilles,f,3.43
mystagogie,f,0.14
mystagogue,m,0.07
myste,m,0.01
mysticisme,m,1.89
mysticismes,m,1.89
mystificateur,m,0.41
mystificateurs,m,0.41
mystification,f,1.49
mystifications,f,1.49
mystificatrice,f,0.41
mystère,m,51.01
mystères,m,51.01
mythe,m,10.41
mythes,m,10.41
mythisation,f,0.07
mythologie,f,4.73
mythologies,f,4.73
mythomanie,f,0.61
myxoedémateuse,f,0.07
myxomatose,f,0.07
myéline,f,0.01
myélite,f,0.07
myéloblaste,m,0.20
myéloblastes,m,0.20
mâchage,m,0.07
mâche,f,1.08
mâchefer,m,2.57
mâcheur,m,0.07
mâcheurs,m,0.07
mâcheuse,f,0.07
mâchicoulis,m,0.34
mâchoire,f,23.58
mâchoires,f,23.58
mâchonnements,m,0.14
mâchouilleur,m,0.07
mâle,m,15.95
mâles,m,15.95
mânes,m,0.41
mât,m,9.59
mâtin,m,0.26
mâtine,f,1.22
mâtines,f,1.22
mâtins,m,0.26
mâts,m,9.59
mâture,f,1.62
mâtures,f,1.62
mèche,f,31.01
mèches,f,31.01
mère,f,761.28
mère-grand,f,0.89
mère-patrie,f,0.41
mères,f,761.28
mètre,m,130.07
mètres,m,130.07
méandre,m,3.72
méandres,m,3.72
méandrine,f,0.07
méat,m,0.14
mécanicien,m,7.50
mécanicienne,f,7.50
mécaniciennes,f,7.50
mécaniciens,m,7.50
mécanique,f,15.14
mécaniques,f,15.14
mécanisation,f,0.14
mécanisme,m,10.34
mécanismes,m,10.34
mécano,m,4.05
mécanos,m,4.05
méchanceté,f,12.97
méchancetés,f,12.97
méchant,m,14.82
méchants,m,14.82
méchoui,m,0.47
méchouis,m,0.47
mécompte,m,0.81
mécomptes,m,0.81
méconduite,f,0.01
méconium,m,0.03
méconnaissance,f,0.81
méconnu,m,0.27
méconnus,m,0.27
mécontent,m,1.35
mécontente,f,1.35
mécontentement,m,4.05
mécontentements,m,4.05
mécontents,m,1.35
mécréance,f,0.20
mécréant,m,1.41
mécréants,m,1.41
mécène,m,1.89
mécènes,m,1.89
mécénat,m,0.04
médaille,f,16.32
médailles,f,16.32
médailleurs,m,0.07
médaillon,m,3.65
médaillons,m,3.65
médaillé,m,0.24
médaillée,f,0.24
médecin,m,140.19
médecin-chef,m,2.09
médecin-conseil,m,0.01
médecin-général,m,0.20
médecin-major,m,0.70
médecine,f,23.51
médecine-ball,m,0.01
médecines,f,23.51
médecins,m,140.19
média,m,10.23
médiane,f,0.02
médianoche,m,0.47
médias,m,10.23
médiascope,m,0.14
médiastin,m,0.20
médiateur,m,0.60
médiateurs,m,0.60
médiation,f,0.74
médiatisation,f,0.23
médiator,m,0.09
médiatrice,f,0.60
médiatrices,f,0.60
médicalisation,f,0.01
médicament,m,41.82
médicamentation,f,0.07
médicaments,m,41.82
médicastre,m,0.41
médicastres,m,0.41
médication,f,0.27
médications,f,0.27
médina,f,1.28
médinas,f,1.28
médiocrité,f,5.54
médiocrités,f,5.54
médisance,f,1.62
médisances,f,1.62
médisant,m,0.68
médisante,f,0.68
médisants,m,0.68
méditant,m,0.07
méditatifs,m,0.07
méditation,f,10.47
méditations,f,10.47
méditerranéen,m,0.45
méditerranéennes,f,0.14
méditerranéens,m,0.45
médium,m,6.07
médiumnité,f,0.03
médiums,m,6.07
médius,m,1.69
médoc,m,1.48
médocs,m,1.48
médulla,f,0.01
méduse,f,3.92
méduses,f,3.92
méfait,m,2.64
méfaits,m,2.64
méfiance,f,19.46
méfiances,f,19.46
méfiant,m,1.55
méfiants,m,1.55
méforme,f,0.02
mégacôlon,m,0.01
mégahertz,m,0.05
mégajoules,m,0.02
mégalithe,m,0.14
mégalomanie,f,0.61
mégalopole,f,0.02
mégalosaure,m,0.01
mégaphone,m,0.89
mégaphones,m,0.89
mégapole,f,0.27
mégaron,m,0.14
mégathériums,m,0.07
mégatonne,f,0.39
mégatonnes,f,0.39
mégawatts,m,0.07
mégisserie,f,0.47
mégissiers,m,0.07
mégot,m,17.30
mégotage,m,0.20
mégotages,m,0.20
mégots,m,17.30
mégère,f,0.83
mégères,f,0.83
méhari,m,0.41
méiose,f,0.04
méjugement,m,0.07
mélancolie,f,21.01
mélancolies,f,21.01
mélange,m,31.01
mélanges,m,31.01
mélangeur,m,0.20
mélangeurs,m,0.20
mélanine,f,0.04
mélanome,m,0.52
mélanomes,m,0.52
mélanésiennes,f,0.07
mélasse,f,1.42
mélatonine,f,0.11
méli-mélo,m,0.81
mélilot,m,0.07
mélinite,f,0.14
mélis-mélos,m,0.81
mélisse,f,0.34
mélo,m,1.08
mélodie,f,7.77
mélodies,f,7.77
mélodrame,m,1.49
mélodrames,m,1.49
mélopée,f,3.51
mélopées,f,3.51
mélos,m,1.08
mélèze,m,1.08
mélèzes,m,1.08
mémentos,m,0.07
mémo,m,3.21
mémorabilité,f,0.07
mémorandum,m,2.91
mémorandums,m,2.91
mémorial,m,0.81
mémoriaux,m,0.81
mémorisation,f,0.02
mémos,m,3.21
mémère,f,5.34
mémères,f,5.34
mémé,f,35.34
mémés,f,35.34
ménade,f,0.20
ménades,f,0.20
ménage,m,32.91
ménagement,m,5.20
ménagements,m,5.20
ménager,m,8.72
ménagerie,f,2.23
ménageries,f,2.23
ménages,m,32.91
ménagère,f,8.72
ménagères,f,8.72
ménesse,f,0.07
ménestrel,m,0.43
ménestrels,m,0.43
méninges,f,2.70
méningiome,m,0.01
méningite,f,0.99
méningites,f,0.99
méningocoque,m,0.01
ménisque,m,0.41
ménisques,m,0.41
ménopause,f,1.01
méplat,m,0.88
méplats,m,0.88
mépris,m,36.55
méprise,f,2.16
méprises,f,2.16
méridien,m,0.95
méridienne,f,0.95
méridiens,m,0.95
méridional,m,0.78
méridionaux,m,0.78
mérinos,m,0.27
mérite,m,18.99
mérites,m,18.99
méritocratie,f,0.01
mérou,m,0.99
mésalliance,f,0.54
mésalliances,f,0.54
mésange,f,7.64
mésanges,f,7.64
mésaventure,f,4.26
mésaventures,f,4.26
mésencéphale,m,0.04
mésentente,f,0.61
mésententes,f,0.61
mésentère,m,0.01
mésestime,f,0.20
mésintelligence,f,0.07
méson,m,0.04
mésons,m,0.04
mésopotamienne,f,0.07
mésopotamiens,m,0.03
mésosphère,f,0.02
mésozoïque,m,0.07
mésusage,m,0.07
méta,m,0.14
métabolisme,m,1.27
métabolismes,m,1.27
métabolite,m,0.07
métacarpe,m,0.13
métacarpien,m,0.04
métacarpiens,m,0.04
métairie,f,1.15
métairies,f,1.15
métal,m,44.73
métallisation,f,0.01
métallo,m,1.08
métallographie,f,0.04
métallos,m,1.08
métallurgie,f,0.47
métallurgiste,m,0.34
métallurgistes,m,0.34
métamorphose,f,11.22
métamorphoses,f,11.22
métaphase,f,0.01
métaphore,f,4.71
métaphores,f,4.71
métaphysicien,m,0.47
métaphysicienne,f,0.47
métaphysiciens,m,0.47
métaphysique,f,3.45
métaphysiques,f,3.45
métapsychologie,f,0.07
métastase,f,0.28
métastases,f,0.28
métatarses,m,0.01
métaux,m,44.73
métayage,m,0.07
métayer,m,1.49
métayers,m,1.49
métazoaires,m,0.07
métempsychose,f,0.07
métempsycose,f,0.27
méthacrylate,m,0.01
méthadone,f,0.73
méthanal,m,0.01
méthane,m,0.70
méthanol,m,0.13
méthode,f,24.87
méthodes,f,24.87
méthodisme,m,0.14
méthodologie,f,0.27
méthyle,m,0.05
méthylène,m,0.34
méthédrine,f,0.09
méticulosité,f,0.34
métier,m,84.53
métiers,m,84.53
métingue,m,0.14
métis,m,3.18
métissage,m,1.15
métissages,m,1.15
métisse,f,3.18
métisses,f,3.18
métonymie,f,0.07
métopes,f,0.07
métrage,m,1.69
métrages,m,1.69
métreur,m,0.01
métrique,f,0.07
métriques,f,0.07
métrite,f,0.14
métrites,f,0.14
métro,m,41.35
métronome,m,1.35
métronomes,m,1.35
métropole,f,10.74
métropoles,f,10.74
métropolitain,m,0.81
métropolitains,m,0.81
métropolite,m,0.47
métros,m,41.35
météo,f,8.90
météore,m,2.97
météores,m,2.97
météorite,f,4.87
météorites,f,4.87
météorologie,f,1.08
mévente,f,0.27
mêle-tout,m,0.01
mêlé-cass,m,0.20
mêlé-casse,m,0.14
mêlécasse,m,0.07
mêlée,f,7.64
mêlées,f,7.64
mômeries,f,0.14
mûre,f,1.49
mûres,f,1.49
mûrier,m,0.74
mûriers,m,0.74
mûrissement,m,0.54
mûrissements,m,0.54
mûrisseries,f,0.07
mûron,m,0.07
n,m,11.08
n',m,0.14
na,f,0.01
nabab,m,0.72
nababs,m,0.72
nabi,m,0.28
nable,m,0.02
nabot,m,2.10
nabote,f,2.10
nabots,m,2.10
nacarat,m,0.20
nacelle,f,3.04
nacelles,f,3.04
nacre,f,5.34
nacres,f,5.34
nacrure,f,0.14
nadir,m,0.20
naevus,m,0.14
naga,m,0.05
nage,f,6.28
nageoire,f,2.30
nageoires,f,2.30
nages,f,6.28
nageur,m,4.59
nageurs,m,4.59
nageuse,f,4.59
nageuses,f,4.59
nain,m,13.90
naine,f,13.90
naines,f,13.90
nains,m,13.90
naira,m,0.03
naissain,m,0.07
naissance,f,52.91
naissances,f,52.91
naja,m,0.41
najas,m,0.41
namibiens,m,0.02
nan,m,11.92
nana,f,39.57
nanan,m,0.74
nanar,m,0.14
nanard,m,0.07
nanas,f,39.57
nanisme,m,0.14
nankin,m,0.27
nanomètre,m,0.07
nanomètres,m,0.07
nanoseconde,f,0.05
nanosecondes,f,0.05
nanotechnologie,f,0.34
nant,m,0.81
nantais,m,0.34
nantaise,f,0.14
nantaises,f,0.34
nanti,m,1.62
nantie,f,1.62
nantis,m,1.62
nantissement,m,0.07
napalm,m,0.96
napel,m,0.01
naphtaline,f,2.30
naphtalines,f,2.30
naphtalène,m,0.09
naphte,m,0.27
napolitain,m,1.21
napolitaine,f,1.21
napolitains,m,1.21
napoléon,m,1.28
napoléons,m,1.28
nappage,m,0.04
nappe,f,25.68
napperon,m,3.65
napperons,m,3.65
nappes,f,25.68
narcisse,m,0.95
narcisses,m,0.95
narcissisme,m,1.18
narco-analyse,f,0.01
narcolepsie,f,0.21
narcose,f,0.14
narcotique,m,1.28
narcotiques,m,1.28
narcotrafic,m,0.01
narcotrafiquants,m,0.19
nard,m,0.14
nards,m,0.14
narghileh,m,0.07
narghilé,m,0.14
narguilé,m,1.01
narguilés,m,1.01
narine,f,25.81
narines,f,25.81
narquoiserie,f,0.07
narrateur,m,2.36
narration,f,2.43
narrations,f,2.43
narratrice,f,2.36
narratrices,f,2.36
narthex,m,0.61
narval,m,0.68
narvals,m,0.68
nasal,m,0.07
nasard,m,0.14
nasardes,f,0.14
nasdaq,m,0.14
nase,m,1.06
naseau,m,5.20
naseaux,m,5.20
nases,m,1.06
nasillement,m,0.41
nasique,m,0.50
nasopharynx,m,0.03
nasse,f,1.82
nasses,f,1.82
natalité,f,0.54
natation,f,3.59
natif,m,0.68
natifs,m,0.68
nation,f,47.23
national,m,3.25
national-socialisme,m,2.03
nationale,f,7.23
nationales,f,7.23
nationalisation,f,1.08
nationalisations,f,1.08
nationalisme,m,3.11
nationalité,f,6.89
nationalités,f,6.89
nationaux,m,3.25
nations,f,47.23
native,f,0.20
natives,f,0.20
nativité,f,1.35
nativités,f,1.35
natron,m,0.04
natrum,m,0.01
natrémie,f,0.03
natte,f,10.20
nattes,f,10.20
nattier,m,0.14
naturalisation,f,1.01
naturalisme,m,0.40
naturalisé,m,0.27
naturalisés,m,0.27
nature,f,95.88
naturel,m,14.32
naturels,m,14.32
natures,f,95.88
naturisme,m,0.14
naufrage,m,11.62
naufrages,m,11.62
naufrageur,m,0.20
naufrageurs,m,0.20
naufrageuse,f,0.20
naufragé,m,3.45
naufragée,f,3.45
naufragés,m,3.45
nausée,f,10.00
nausées,f,10.00
nautes,m,0.07
nautile,m,0.05
nautilus,m,1.26
nautonier,m,0.27
nautoniers,m,0.27
navaja,f,0.34
navajas,f,0.34
navale,f,0.27
navales,f,0.27
navarin,m,0.27
navarins,m,0.27
navarrais,m,0.61
nave,f,0.74
navel,f,0.03
navet,m,3.16
navets,m,3.16
navette,f,9.35
navettes,f,9.35
navicert,m,0.07
navigabilité,f,0.01
navigant,m,0.07
navigateur,m,3.78
navigateurs,m,3.78
navigation,f,5.41
navigations,f,5.41
navigatrice,f,3.78
navire,m,50.20
navire-citerne,m,0.14
navire-hôpital,m,0.14
navires,m,50.20
navires-citernes,m,0.14
navires-écoles,m,0.07
navrance,f,0.07
nay,f,0.01
nazaréen,m,0.48
naze,m,3.27
nazes,m,3.27
nazi,m,14.76
nazie,f,14.76
nazies,f,14.76
nazillons,m,0.07
nazis,m,14.76
nazisme,m,1.62
naïade,f,0.54
naïades,f,0.54
naïf,m,2.57
naïfs,m,2.57
naïve,f,0.81
naïves,f,0.81
naïveté,f,10.68
naïvetés,f,10.68
neck,m,0.21
nectar,m,2.28
nectarine,f,0.14
nectarines,f,0.14
nef,f,6.89
nefs,f,6.89
negro spiritual,m,0.14
negro spirituals,m,0.14
neige,f,80.88
neiges,f,80.88
nem,m,0.62
nemrod,m,0.07
nems,m,0.62
nephtys,m,0.07
nerf,m,30.47
nerfs,m,30.47
nerprun,m,0.20
nerpruns,m,0.20
nerveuse,f,3.00
nerveuses,f,3.00
nerveux,m,3.00
nervi,m,0.81
nervis,m,0.81
nervosité,f,5.07
nervosités,f,5.07
nervure,f,3.24
nervures,f,3.24
nescafé,m,0.81
nestor,m,0.01
nestorianisme,m,0.34
nestorien,m,2.09
nestoriens,m,2.09
net,m,1.76
nets,m,1.76
netteté,f,9.12
nettoiement,m,0.27
nettoyage,m,7.50
nettoyages,m,7.50
nettoyant,m,0.35
nettoyants,m,0.35
nettoyeur,m,2.51
nettoyeurs,m,2.51
nettoyeuse,f,2.51
nettoyeuses,f,2.51
neuneu,m,0.13
neurasthénie,f,1.28
neurinome,m,0.01
neurobiologie,f,0.01
neurochimie,f,0.03
neurochirurgie,f,0.53
neurochirurgien,m,0.85
neurochirurgienne,f,0.85
neurofibromatose,f,0.05
neuroleptique,m,0.20
neuroleptiques,m,0.20
neurolinguistique,f,0.01
neurologie,f,0.93
neurone,m,1.77
neurones,m,1.77
neuropathie,f,0.07
neuropathologie,f,0.01
neuropeptide,m,0.01
neurophysiologie,f,0.07
neuropsychiatrie,f,0.03
neuroscience,f,0.04
neurotoxine,f,0.05
neurotransmetteur,m,0.36
neurotransmetteurs,m,0.36
neutralisateur,m,0.01
neutralisation,f,1.08
neutralité,f,2.97
neutrino,m,0.55
neutrinos,m,0.55
neutron,m,0.68
neutrons,m,0.68
neutropénie,f,0.04
neuvaine,f,0.61
neuvaines,f,0.61
neveu,m,22.90
neveux,m,3.72
new wave,f,0.07
new-yorkais,m,0.34
new-yorkaise,f,0.34
news,m,0.20
ney,m,1.68
nez,m,177.64
niais,m,1.49
niaise,f,1.49
niaiserie,f,3.51
niaiseries,f,3.51
niaises,f,1.49
nibard,m,1.60
nibards,m,1.60
nicaraguayenne,f,0.07
nicaraguayens,m,0.07
nichan,m,0.07
niche,f,9.39
niches,f,9.39
nichon,m,9.85
nichons,m,9.85
nichée,f,1.22
nichées,f,1.22
nickel,m,1.55
nickels,m,1.55
nicotine,f,1.66
nictation,f,0.07
nid,m,18.85
nid-de-poule,m,0.20
nidification,f,0.07
nidificatrices,f,0.07
nids,m,18.85
nids-de-poule,m,0.20
nietzschéen,m,0.59
nietzschéenne,f,0.07
nietzschéennes,f,0.07
nigaud,m,1.59
nigaude,f,1.59
nigauderie,f,0.07
nigauds,m,1.59
nigelle,f,0.01
night club,m,1.31
night-club,m,1.31
night-clubs,m,1.31
nigérian,m,0.22
nigérians,m,0.22
nigérien,m,0.07
nigériens,m,0.07
nihilisme,m,1.22
nikkei,m,0.05
nim,m,1.78
nimbe,m,0.88
nimbes,m,0.88
nimbo-stratus,m,0.14
nimbostratus,m,0.07
nimbus,m,0.20
nimbé,m,0.07
ninas,m,0.95
niobium,m,0.01
niolo,m,0.14
nippe,f,2.43
nippes,f,2.43
nippon,m,0.41
nippons,m,0.41
nique,f,1.56
nirvana,m,0.81
nirvanas,m,0.81
nirvâna,m,2.09
nisan,m,0.20
nitrate,m,0.64
nitrates,m,0.64
nitre,m,0.07
nitrite,m,0.14
nitroglycérine,f,0.79
nitrogène,m,0.17
nivaquine,f,0.14
niveau,m,50.70
niveaux,m,50.70
niveleur,m,0.27
niveleurs,m,0.27
niveleuse,f,0.27
nivellement,m,0.20
nivôse,m,0.41
nixe,f,0.07
niçois,m,0.61
niçoise,f,0.61
niçoises,f,0.61
nièce,f,12.43
nièces,f,12.43
nième,m,0.07
nière,m,0.14
niébé,m,0.07
no man's land,m,1.49
nobiliaire,m,0.07
nobilitas,f,0.10
noblaillon,m,0.02
noblesse,f,12.64
noblesses,f,12.64
nobliau,m,0.14
nobliaux,m,0.14
noce,f,21.01
noces,f,21.01
noceur,m,0.88
noceurs,m,0.88
noceuse,f,0.88
noceuses,f,0.88
nocher,m,0.14
nochère,f,0.14
nocivité,f,0.20
noctambulisme,m,0.14
nocturnal,m,0.07
nodosités,f,0.27
nodule,m,0.43
nodules,m,0.43
nodus,m,0.07
noeud,m,24.26
noeuds,m,24.26
noir,m,116.89
noiraud,m,0.81
noirauds,m,0.81
noirceur,f,3.24
noirceurs,f,3.24
noire,f,116.89
noires,f,116.89
noirs,m,116.89
noise,f,1.14
noises,f,1.14
noisetier,m,3.24
noisetiers,m,3.24
noisette,f,3.99
noisettes,f,3.99
noix,f,12.83
nolis,m,0.07
nom,m,570.67
nomadisme,m,0.68
nombre,m,78.38
nombres,m,78.38
nombril,m,5.54
nombrilisme,m,0.03
nombrils,m,5.54
nome,m,0.24
nomenclature,f,1.01
nomenclatures,f,1.01
nomenklatura,f,0.14
nomination,f,3.50
nominations,f,3.50
noms,m,570.67
non,m,3.56
non-agression,f,0.61
non-alignement,m,0.04
non-amour,m,0.10
non-appartenance,f,0.07
non-assistance,f,0.10
non-blanc,m,0.07
non-blancs,m,0.07
non-combattant,m,0.03
non-combattants,m,0.03
non-comparution,f,0.01
non-concurrence,f,0.01
non-conformisme,m,0.20
non-conformité,f,0.01
non-consommation,f,0.03
non-croyance,f,0.10
non-croyant,m,0.62
non-croyants,m,0.62
non-culpabilité,f,0.01
non-dit,m,0.88
non-dits,m,0.88
non-droit,m,0.22
non-existence,f,0.07
non-ferreux,m,0.01
non-fumeur,m,0.14
non-initié,m,0.34
non-initiés,m,0.34
non-intervention,f,0.21
non-lieu,m,1.42
non-lieux,m,0.20
non-paiement,m,0.10
non-participation,f,0.07
non-pesanteur,f,0.07
non-prolifération,f,0.09
non-présence,f,0.14
non-recevoir,m,0.20
non-représentation,f,0.01
non-respect,m,0.16
non-retour,m,0.41
non-résistance,f,0.14
non-savoir,m,0.07
non-sens,m,0.95
non-séparation,f,0.07
non-utilisation,f,0.01
non-vie,f,0.04
non-violence,f,0.63
non-violent,m,0.07
non-violente,f,0.07
non-violents,m,0.07
non-vouloir,m,0.07
non-voyant,m,0.32
non-voyante,f,0.32
non-voyants,m,0.32
non-événement,m,0.02
non-être,m,0.95
nonce,m,0.68
nonchalance,f,5.00
nonciature,f,0.14
none,f,0.67
nones,f,0.67
nonidi,m,0.07
nonnain,m,0.61
nonne,f,8.46
nonnes,f,8.46
nonnette,f,0.41
nonnettes,f,0.41
nonsense,m,0.07
nope,f,0.50
noradrénaline,f,0.05
nord,m,72.30
nord-africain,m,1.15
nord-africains,m,1.15
nord-américain,m,0.13
nord-américains,m,0.13
nord-coréen,m,0.23
nord-coréenne,f,0.23
nord-coréens,m,0.23
nord-est,m,2.84
nord-nord-est,m,0.14
nord-ouest,m,1.22
nord-vietnamien,m,0.12
nord-vietnamiens,m,0.12
nordet,m,0.07
nordicité,f,0.01
noria,f,0.61
norias,f,0.61
normal,m,7.29
normale,f,3.84
normales,f,3.84
normalien,m,2.23
normaliennes,f,2.23
normaliens,m,2.23
normalisation,f,0.41
normalité,f,1.27
normand,m,0.88
normande,f,0.88
normandes,f,0.88
normands,m,0.88
norme,f,5.00
normes,f,5.00
noroît,m,0.34
norvégien,m,0.99
norvégienne,f,0.21
norvégiennes,f,0.21
norvégiens,m,0.99
nostalgie,f,20.07
nostalgies,f,20.07
nota,m,0.34
notabilité,f,0.74
notabilités,f,0.74
notaire,m,17.23
notaires,m,17.23
notariat,m,0.20
notation,f,1.08
notations,f,1.08
note,f,77.43
notes,f,77.43
notice,f,2.57
notices,f,2.57
notification,f,0.54
notion,f,14.05
notions,f,14.05
notoriété,f,2.84
notoriétés,f,2.84
notre-dame,f,8.58
notules,f,0.20
nouage,m,0.01
nouba,f,0.98
noubas,f,0.98
noue,f,0.07
nougat,m,2.16
nougatine,f,0.47
nougatines,f,0.47
nougats,m,2.16
nouille,f,4.37
nouilles,f,4.37
noumène,m,0.07
nounou,f,5.00
nounours,m,3.71
nounous,f,5.00
nourrice,f,8.38
nourrices,f,8.38
nourricier,m,0.20
nourriciers,m,0.20
nourricière,f,0.20
nourricières,f,0.20
nourrissage,m,0.14
nourrisseur,m,0.14
nourrisson,m,4.53
nourrissons,m,4.53
nourriture,f,44.86
nourritures,f,44.86
nouveau,m,292.43
nouveau-né,m,4.80
nouveau-nés,m,4.80
nouveauté,f,8.72
nouveautés,f,8.72
nouveaux,m,292.43
nouveaux-nés,m,4.80
nouvelle,f,292.43
nouvelles,f,292.43
nouvelleté,f,0.07
nova,f,4.14
novateur,m,0.30
novateurs,m,0.30
novation,f,0.14
novelettes,f,0.01
novembre,m,33.04
noviciat,m,0.61
novilleros,m,0.07
novillo,m,0.14
novocaïne,f,0.27
novotique,f,0.01
novélisation,f,0.03
noyade,f,2.43
noyades,f,2.43
noyau,m,9.66
noyautage,m,0.20
noyaux,m,9.66
noyer,m,2.50
noyers,m,2.50
noyé,m,6.28
noyée,f,6.28
noyées,f,6.28
noyés,m,6.28
noël,m,6.69
noëls,m,6.69
nu,m,21.42
nuage,m,76.82
nuages,m,76.82
nuance,f,20.81
nuances,f,20.81
nuancier,m,0.04
nubien,m,0.13
nubiens,m,0.13
nubilité,f,0.14
nubuck,m,0.16
nucléaire,m,0.95
nucléaires,m,0.95
nucléoside,m,0.01
nucléotides,m,0.09
nucléus,m,0.10
nudisme,m,0.25
nudité,f,13.51
nudités,f,13.51
nue,f,21.42
nue-propriété,f,0.07
nues,f,21.42
nuisance,f,0.67
nuisances,f,0.67
nuisette,f,0.33
nuisible,m,0.41
nuisibles,m,0.41
nuit,f,738.24
nuitards,m,0.01
nuiteux,m,0.20
nuits,f,738.24
nuitée,f,0.34
nuitées,f,0.34
nul,m,4.75
nullard,m,0.51
nullards,m,0.51
nullité,f,2.77
nullités,f,2.77
nuls,m,4.75
numerus clausus,m,0.07
numéraire,m,0.27
numérateur,m,0.02
numération,f,0.23
numérisation,f,0.07
numéro,m,173.48
numérologie,f,0.14
numéros,m,173.48
numérotage,m,0.14
numérotation,f,0.12
nunchaku,m,0.24
nunchakus,m,0.24
nuoc-mâm,m,0.07
nuptialité,f,0.20
nuque,f,50.95
nuques,f,50.95
nurse,f,3.92
nurseries,f,0.07
nursery,f,1.04
nurses,f,3.92
nursing,m,0.03
nus,m,21.42
nutriment,m,0.21
nutriments,m,0.21
nutrition,f,0.86
nuée,f,10.74
nuées,f,10.74
nylon,m,6.42
nylons,m,6.42
nymphe,f,5.81
nymphes,f,5.81
nymphette,f,0.68
nymphettes,f,0.68
nympho,f,0.80
nymphomanie,f,0.20
nymphos,f,0.80
nymphéa,m,0.34
nymphéas,m,0.34
nymphées,m,0.14
nèfles,f,0.54
nègre,m,27.64
nègres,m,27.64
nèpe,f,0.14
nèpes,f,0.14
néandertaliens,m,0.02
néanderthalien,m,0.07
néant,m,23.99
néantisation,f,0.07
néants,m,23.99
nébuleuse,f,1.22
nébuleuses,f,1.22
nébuliseur,m,0.01
nébulosité,f,0.14
nécessaire,m,8.91
nécessaires,m,8.91
nécessiteux,m,0.76
nécessité,f,33.78
nécessités,f,33.78
nécro,f,0.35
nécrobioses,f,0.07
nécrologe,m,0.14
nécrologie,f,1.11
nécrologies,f,1.11
nécromancie,f,0.09
nécromancien,m,0.27
nécromancienne,f,0.27
nécromanciens,m,0.27
nécromant,m,0.07
nécrophagie,f,0.07
nécrophilie,f,0.27
nécropole,f,1.28
nécropoles,f,1.28
nécropsie,f,0.05
nécros,f,0.35
nécrose,f,0.45
nécroses,f,0.45
néerlandais,m,0.36
néerlandaise,f,0.36
néflier,m,0.27
néfliers,m,0.27
négatif,m,7.34
négatifs,m,7.34
négation,f,3.65
négationnisme,m,0.01
négations,f,3.65
négative,f,0.54
négatives,f,0.54
négativisme,m,0.01
négativité,f,0.20
négligence,f,5.00
négligences,f,5.00
négligent,m,0.27
négligents,m,0.27
négligé,m,1.08
négligés,m,1.08
négoce,m,2.09
négoces,m,2.09
négociant,m,2.43
négociante,f,2.43
négociants,m,2.43
négociateur,m,1.38
négociateurs,m,1.38
négociation,f,11.28
négociations,f,11.28
négociatrice,f,1.38
négociatrices,f,1.38
négresse,f,27.64
négresses,f,27.64
négrier,m,0.54
négriers,m,0.54
négril,m,0.07
négrillon,m,1.01
négrillons,m,1.01
négritude,f,0.44
négrière,f,0.54
négro,m,6.02
négros,m,6.02
négus,m,1.55
nématodes,m,0.01
nénesse,m,0.27
nénesses,m,0.27
nénette,f,3.72
nénettes,f,3.72
nénuphar,m,2.91
nénuphars,m,2.91
néné,m,5.41
nénés,m,5.41
néo-colonialisme,m,0.20
néo-fascisme,m,0.07
néo-figuration,f,0.07
néo-flics,m,0.02
néo-gangster,m,0.01
néo-gothique,m,0.07
néo-malthusianisme,m,0.14
néo-mouvement,m,0.07
néo-réalisme,m,0.10
néo-zélandais,m,0.20
néocolonialisme,m,0.01
néocortex,m,0.15
néofascisme,m,0.01
néolibéralisme,m,0.14
néologisme,m,0.61
néologismes,m,0.61
néon,m,10.81
néonazis,m,0.02
néons,m,10.81
néoplasie,f,0.01
néoplasme,m,0.07
néoplatonisme,m,0.07
néoprène,m,0.03
néoréalisme,m,0.02
népalais,m,0.20
népalaise,f,0.20
népenthès,m,0.07
néphrectomie,f,0.03
néphrite,f,0.11
néphrologie,f,0.05
népotisme,m,0.20
néroli,m,0.03
néréide,f,0.20
néréides,f,0.20
névralgie,f,0.61
névralgies,f,0.61
névrite,f,0.17
névroptères,m,0.07
névrose,f,2.50
névroses,f,2.50
névrosé,m,0.58
névrosés,m,0.58
névé,m,0.27
névés,m,0.27
o,m,57.07
oaristys,f,0.07
oasis,f,6.42
ob,m,0.25
obi,f,0.30
objecteur,m,0.43
objecteurs,m,0.43
objectif,m,18.91
objectifs,m,18.91
objection,f,14.18
objections,f,14.18
objectivation,f,0.11
objectivité,f,0.89
objet,m,124.32
objets,m,124.32
objurgation,f,2.03
objurgations,f,2.03
oblation,f,0.20
oblats,m,0.07
obligation,f,15.74
obligations,f,15.74
obligeance,f,1.62
obligeances,f,1.62
obligé,m,1.82
obligée,f,1.82
obligées,f,1.82
obligés,m,1.82
obliquité,f,0.07
oblitération,f,0.07
obnubilation,f,0.14
obole,f,1.22
oboles,f,1.22
obscurantisme,m,0.81
obscurantismes,m,0.81
obscurcissement,m,0.41
obscurcissements,m,0.41
obscurité,f,49.39
obscurités,f,49.39
obscénité,f,3.78
obscénités,f,3.78
observance,f,0.34
observances,f,0.34
observant,m,0.20
observateur,m,6.08
observateurs,m,6.08
observation,f,15.27
observations,f,15.27
observatoire,m,3.18
observatoires,m,3.18
observatrice,f,6.08
observatrices,f,6.08
obsession,f,11.15
obsessions,f,11.15
obsidienne,f,0.74
obsolescence,f,0.07
obstacle,m,26.01
obstacles,m,26.01
obstination,f,12.23
obstinations,f,12.23
obstiné,m,2.03
obstinée,f,2.03
obstinées,f,2.03
obstinés,m,2.03
obstruction,f,3.64
obstructionnisme,m,0.01
obstructions,f,3.64
obstétricien,m,0.35
obstétricienne,f,0.35
obstétriciens,m,0.35
obstétrique,f,0.83
obsèques,f,4.80
obsédé,m,3.73
obsédés,m,3.73
obséquiosité,f,0.54
obtention,f,0.53
obturateur,m,0.27
obturateurs,m,0.27
obturation,f,0.06
obus,m,31.82
obusier,m,0.68
obusiers,m,0.68
obverse,f,0.07
obédience,f,2.36
obédiences,f,2.36
obéissance,f,5.07
obélisque,m,1.22
obélisques,m,1.22
obésité,f,1.08
obésités,f,1.08
ocarina,m,0.27
ocarinas,m,0.27
occase,f,5.34
occases,f,5.34
occasion,f,105.74
occasions,f,105.74
occident,m,1.69
occidental,m,3.04
occidentale,f,3.04
occidentales,f,3.04
occidentalisation,f,0.14
occidentalisme,m,0.07
occidentaux,m,3.04
occiput,m,1.69
occitan,m,0.34
occlusion,f,0.34
occultation,f,0.28
occultations,f,0.28
occultisme,m,0.34
occultismes,m,0.34
occupant,m,10.07
occupante,f,10.07
occupantes,f,10.07
occupants,m,10.07
occupation,f,30.61
occupations,f,30.61
occurrence,f,7.43
occurrences,f,7.43
ocelles,m,0.14
ocelot,m,0.20
ocelots,m,0.20
octane,m,0.09
octant,m,0.14
octave,f,1.82
octaves,f,1.82
octet,m,0.02
octets,m,0.02
octidi,m,0.07
octobre,m,36.28
octogone,m,0.61
octogones,m,0.61
octosyllabe,m,0.34
octosyllabes,m,0.34
octroi,m,2.03
octrois,m,2.03
octuor,m,0.14
oculaire,m,0.34
oculaires,m,0.34
oculi,m,0.02
oculus,m,0.02
ocytocine,f,0.03
océan,m,28.78
océanographie,f,0.05
océanologie,f,0.01
océans,m,28.78
odalisque,f,1.28
odalisques,f,1.28
ode,f,0.96
odelette,f,0.07
odelettes,f,0.07
odes,f,0.96
odeur,f,195.68
odeurs,f,195.68
odomètre,m,0.10
odontologie,f,0.13
odorat,m,2.57
odyssée,f,1.01
odyssées,f,1.01
odéon,m,0.34
oecuménisme,m,0.34
oedipe,m,0.41
oedème,m,1.26
oedèmes,m,1.26
oeil,m,1234.59
oeil-de-boeuf,m,0.95
oeillade,f,1.82
oeillades,f,1.82
oeillet,m,6.08
oeilleton,m,1.35
oeilletons,m,1.35
oeillets,m,6.08
oeillette,f,0.14
oeillère,f,1.82
oeillères,f,1.82
oeils,m,1234.59
oeils-de-boeuf,m,0.95
oeils-de-perdrix,m,0.14
oenologie,f,0.01
oenothera,m,0.01
oenothère,m,0.07
oesophage,m,1.22
oesophages,m,1.22
oestrogène,m,0.28
oestrogènes,m,0.28
oeuf,m,50.14
oeufs,m,50.14
oeuvrette,f,0.20
oeuvrettes,f,0.20
off-shore,m,0.07
offense,f,7.45
offenses,f,7.45
offenseur,m,0.66
offenseurs,m,0.66
offensive,f,12.30
offensives,f,12.30
offensé,m,0.55
offensés,m,0.55
offertoire,m,0.34
office,m,25.00
offices,m,25.00
official,m,0.03
officialité,f,0.20
officiant,m,1.62
officiants,m,1.62
officiel,m,2.70
officielle,f,2.70
officielles,f,2.70
officiels,m,2.70
officier,m,79.05
officiers,m,79.05
officine,f,2.64
officines,f,2.64
officière,f,79.05
offrande,f,6.89
offrandes,f,6.89
offrant,m,0.34
offrants,m,0.34
offre,f,34.55
offres,f,34.55
offshore,m,0.01
offuscation,f,0.14
offuscations,f,0.14
oflag,m,0.27
oflags,m,0.27
ogive,f,3.45
ogives,f,3.45
ognons,m,0.11
ogre,m,5.95
ogres,m,5.95
ogresse,f,1.89
ogresses,f,1.89
oh,m,0.01
ohms,m,0.14
oie,f,9.32
oies,f,9.32
oignon,m,19.98
oignons,m,19.98
oille,f,0.07
oing,m,0.07
oint,m,0.27
oints,m,0.27
oiseau,m,113.04
oiseau-clé,m,0.01
oiseau-lyre,m,0.07
oiseau-mouche,m,0.27
oiseau-vedette,m,0.01
oiseaux,m,113.04
oiseaux-mouches,m,0.27
oiselet,m,0.54
oiselets,m,0.54
oiseleur,m,0.54
oiseleurs,m,0.54
oiselier,m,0.20
oiseliers,m,0.20
oiselière,f,0.20
oiselle,f,0.41
oisellerie,f,0.04
oiselles,f,0.41
oisif,m,1.28
oisifs,m,1.28
oisillon,m,1.22
oisillons,m,1.22
oisiveté,f,3.65
oison,m,0.07
oisons,m,0.07
oka,m,0.07
okapi,m,0.08
okoumé,m,0.14
ola,f,1.31
olfactomètre,m,0.07
olibrius,m,0.20
olifant,m,0.41
oligarchie,f,0.12
oligo-éléments,m,0.14
olivaies,f,0.07
olive,f,8.85
oliver,m,0.06
oliveraie,f,1.08
oliveraies,f,1.08
olives,f,8.85
olivette,f,0.68
olivettes,f,0.68
olivier,m,12.84
oliviers,m,12.84
olivine,f,0.05
olla podrida,f,0.07
olympe,m,0.20
olympes,m,0.20
olympiade,f,0.36
olympiades,f,0.36
oléagineux,m,0.07
olécrane,m,0.01
olécrâne,m,0.07
oléfine,f,0.03
oléiculteurs,m,0.07
oléine,f,0.07
oléoduc,m,0.31
oléoducs,m,0.31
ombelle,f,0.74
ombelles,f,0.74
ombellifères,f,0.20
ombilic,m,0.20
omble,m,0.14
ombles,m,0.14
ombrage,m,2.64
ombrages,m,2.64
ombrelle,f,4.80
ombrelles,f,4.80
ombrée,f,0.54
ombrées,f,0.54
omelette,f,6.87
omelettes,f,6.87
omerta,f,0.14
omicron,m,0.12
omis,m,0.07
omission,f,2.09
omissions,f,2.09
omnibus,m,1.28
omnipotence,f,0.74
omniprésence,f,0.34
omnipuissance,f,0.07
omniscience,f,0.09
omnium,m,0.20
omoplate,f,5.74
omoplates,f,5.74
omphalos,m,0.07
oméga,m,0.88
on,m,3.56
on-dit,m,0.81
onanisme,m,0.47
onanismes,m,0.47
once,f,4.66
onces,f,4.66
oncle,m,127.70
oncles,m,127.70
oncologie,f,0.35
onction,f,1.28
onctions,f,1.28
onctuosité,f,0.61
ondatra,m,0.02
onde,f,17.70
ondes,f,17.70
ondin,m,0.41
ondine,f,0.41
ondines,f,0.41
ondins,m,0.41
ondoiement,m,0.54
ondoiements,m,0.54
ondulation,f,6.01
ondulations,f,6.01
ondée,f,2.30
ondées,f,2.30
one-step,m,0.20
ongle,m,45.47
ongles,m,45.47
onglet,m,0.67
onglets,m,0.67
onglon,m,0.07
onglée,f,0.41
onguent,m,1.82
onguents,m,1.82
ongulé,m,0.09
ongulés,m,0.09
onirisme,m,0.14
onirologie,f,0.07
onomatopée,f,2.03
onomatopées,f,2.03
onopordons,m,0.07
ontologie,f,0.14
onyx,m,0.61
onze,m,2.43
opacification,f,0.01
opacité,f,2.03
opacités,f,2.03
opale,f,0.81
opales,f,0.81
opalescence,f,0.07
opaline,f,1.35
opalines,f,1.35
open,m,0.68
opercule,m,0.07
ophidien,m,0.07
ophidiens,m,0.07
ophite,m,0.07
ophtalmologie,f,0.09
ophtalmoscope,m,0.02
opiacé,m,0.58
opiacés,m,0.58
opiat,m,0.20
opiats,m,0.20
opinel,m,1.22
opinels,m,1.22
opinion,f,44.66
opinions,f,44.66
opiniâtreté,f,1.76
opium,m,5.61
opopanax,m,0.07
opoponax,m,0.07
opossum,m,0.52
opossums,m,0.52
oppidum,m,0.27
opportunisme,m,0.20
opportunité,f,11.84
opportunités,f,11.84
opposant,m,1.63
opposante,f,1.63
opposants,m,1.63
opposition,f,11.49
oppositions,f,11.49
opposé,m,5.34
opposés,m,5.34
oppresseur,m,1.26
oppresseurs,m,1.26
oppression,f,6.82
oppressions,f,6.82
opprimé,m,1.91
opprimée,f,1.91
opprimées,f,1.91
opprimés,m,1.91
opprobre,m,1.89
opprobres,m,1.89
optalidon,m,0.14
optant,m,0.14
opticien,m,0.47
opticienne,f,0.47
opticiens,m,0.47
optima,m,0.15
optimisation,f,0.14
optimisme,m,6.55
optimum,m,0.15
option,f,12.31
options,f,12.31
optique,f,3.24
optiques,f,3.24
optométrie,f,0.01
opulence,f,3.31
opulences,f,3.31
opus,m,1.01
opuscule,m,0.88
opuscules,m,0.88
opéra,m,20.07
opéra-comique,m,0.34
opéras,m,20.07
opérateur,m,6.73
opérateurs,m,6.73
opération,f,70.20
opération-miracle,f,0.07
opérations,f,70.20
opératrice,f,6.73
opératrices,f,6.73
opérette,f,4.19
opérettes,f,4.19
opéré,m,0.27
opérés,m,0.27
or,m,130.00
oracle,m,3.21
oracles,m,3.21
orage,m,35.41
orages,m,35.41
oraison,f,3.65
oraisons,f,3.65
oral,m,2.70
oralité,f,0.07
orang-outan,m,0.28
orang-outang,m,0.74
orangeade,f,2.03
orangeades,f,2.03
oranger,m,5.27
orangeraie,f,0.34
orangeraies,f,0.34
orangerie,f,0.41
orangeries,f,0.41
orangers,m,5.27
orangs-outangs,m,0.74
orangs-outans,m,0.28
orant,m,0.47
orante,f,0.47
orants,m,0.47
orateur,m,5.34
orateurs,m,5.34
oratoire,m,1.49
oratoires,m,1.49
oratorien,m,0.34
oratoriens,m,0.34
oratorio,m,0.61
oratorios,m,0.61
oratrice,f,5.34
orbe,m,1.22
orbes,m,1.22
orbite,f,9.81
orbites,f,9.81
orchestration,f,0.23
orchestrations,f,0.23
orchestre,m,19.73
orchestres,m,19.73
orchidée,f,3.88
orchidées,f,3.88
orchis,m,0.27
ordalie,f,0.20
ordinaire,m,26.76
ordinaires,m,26.76
ordinant,m,0.07
ordinateur,m,37.15
ordinateurs,m,37.15
ordination,f,0.34
ordo,m,0.07
ordonnancement,m,0.27
ordonnateur,m,0.68
ordonnateurs,m,0.68
ordonnatrice,f,0.68
ordre,m,235.34
ordres,m,235.34
ordure,f,31.07
ordureries,f,0.07
ordures,f,31.07
oreille,f,194.12
oreiller,m,33.72
oreillers,m,33.72
oreilles,f,194.12
oreillette,f,1.08
oreillettes,f,1.08
oreillons,m,1.07
orfraie,f,0.14
orfèvrerie,f,0.74
orfèvreries,f,0.74
organdi,m,1.22
organdis,m,1.22
organe,m,15.68
organes,m,15.68
organigramme,m,0.13
organisateur,m,3.24
organisateurs,m,3.24
organisation,f,39.12
organisations,f,39.12
organisatrice,f,3.24
organiseur,m,0.01
organisme,m,10.81
organismes,m,10.81
organon,m,0.01
orgasme,m,6.37
orgasmes,m,6.37
orgeat,m,0.74
orgelet,m,0.89
orgelets,m,0.89
orgie,f,3.72
orgies,f,3.72
orgue,m,8.31
orgueil,m,33.45
orgueilleuse,f,1.82
orgueilleuses,f,1.82
orgueilleux,m,1.82
orgueils,m,33.45
orgues,f,8.31
oribus,m,0.07
orient,m,3.78
oriental,m,1.89
orientale,f,1.89
orientales,f,1.89
orientalisme,m,0.14
orientateurs,m,0.07
orientation,f,6.89
orientations,f,6.89
orientaux,m,1.89
orienteur,m,0.27
orienteurs,m,0.27
orienteuse,f,0.27
orients,m,3.78
orifice,m,4.05
orifices,m,4.05
oriflamme,f,2.84
oriflammes,f,2.84
origami,m,0.23
origan,m,0.95
original,m,10.44
originale,f,10.44
originales,f,10.44
originalité,f,4.53
originalités,f,4.53
originaux,m,10.44
origine,f,46.82
origines,f,46.82
orignal,m,0.47
orignaux,m,0.47
orillon,m,0.14
orillons,m,0.14
orin,m,0.21
oriol,m,0.14
oripeaux,m,1.55
orlon,m,0.04
orléanisme,m,0.20
orme,m,3.58
ormeau,m,1.08
ormeaux,m,1.08
ormes,m,3.58
ornement,m,7.03
ornementation,f,0.81
ornementations,f,0.81
ornements,m,7.03
ornithologie,f,0.20
ornithoptère,m,0.01
ornithorynque,m,0.26
ornithorynques,m,0.26
ornière,f,6.42
ornières,f,6.42
orographie,f,0.40
oronge,f,0.20
oronges,f,0.20
oropharynx,m,0.04
orpailleur,m,0.07
orpailleurs,m,0.07
orphelin,m,9.53
orphelinat,m,6.13
orphelinats,m,6.13
orpheline,f,9.53
orphelines,f,9.53
orphelins,m,9.53
orphie,f,0.02
orphisme,m,0.07
orphée,f,0.07
orphéon,m,0.95
orphéons,m,0.95
orpiment,m,0.10
orpin,m,0.14
orque,f,1.43
orques,f,1.43
ors,m,130.00
orsec,m,0.07
orteil,m,9.71
orteils,m,9.71
orthodontie,f,0.04
orthodoxie,f,1.42
orthographe,f,5.88
orthophonie,f,0.07
orthoptère,m,0.14
orthoptères,m,0.14
orthopédie,f,0.51
ortie,f,6.82
orties,f,6.82
ortolan,m,1.89
ortolans,m,1.89
ortédrine,f,0.07
orvet,m,0.14
oryctérope,m,0.03
oryx,m,0.08
oréade,f,0.07
orée,f,4.86
orémus,m,0.14
os,m,49.73
oscar,m,1.71
oscars,m,1.71
oscillateur,m,0.17
oscillation,f,1.96
oscillations,f,1.96
oscillomètre,m,0.07
oscilloscope,m,0.08
ose,m,0.16
oseille,f,4.32
oseilles,f,4.32
oseraie,f,0.14
oseraies,f,0.14
oses,m,0.16
osier,m,12.64
osiers,m,12.64
osmium,m,0.02
osmonde,f,0.02
osmose,f,1.08
osmoses,f,1.08
ossature,f,1.62
ossatures,f,1.62
osselet,m,3.31
osselets,m,3.31
ossement,m,3.78
ossements,m,3.78
ossification,f,0.14
osso buco,m,0.05
ossuaire,m,0.54
ossuaires,m,0.54
ost,m,0.18
ostensoir,m,1.62
ostensoirs,m,1.62
ostentation,f,3.38
ostracisme,m,1.08
ostrogoth,m,0.20
ostrogoths,m,0.20
ostréiculteur,m,0.14
ostréiculteurs,m,0.14
ostréiculture,f,0.01
ostéoarthrite,f,0.01
ostéogenèse,f,0.02
ostéomyélite,f,0.03
ostéopathie,f,0.07
ostéoporose,f,0.07
ostéosarcome,m,0.04
ostéotomie,f,0.01
otage,m,26.40
otages,m,26.40
otalgie,f,0.03
otarie,f,1.15
otaries,f,1.15
otite,f,1.16
otites,f,1.16
otoscope,m,0.01
ottoman,m,0.14
ottomane,f,0.27
ouaille,f,1.15
ouailles,f,1.15
ouananiche,f,0.07
ouananiches,f,0.07
ouaouaron,m,0.01
ouate,f,3.72
ouates,f,3.72
oubli,m,29.93
oublie,f,22.56
oublies,f,29.93
oubliette,f,1.62
oubliettes,f,1.62
oublis,m,29.93
ouche,f,0.42
oued,m,0.61
oueds,m,0.61
ouest,m,27.79
ougandais,m,0.07
ouighour,m,1.01
ouighours,m,1.01
ouistiti,m,1.51
ouistitis,m,1.51
oukases,m,0.07
ouléma,m,1.69
oulémas,m,1.69
ounce,f,0.01
ouragan,m,6.05
ouragans,m,6.05
ourdissage,m,0.54
ourdisseur,m,0.41
ourdisseurs,m,0.41
ourdisseuses,f,0.41
ourdissoir,m,0.27
ourdou,m,0.42
ourlet,m,3.11
ourlets,m,3.11
ouroboros,m,0.02
ours,m,24.57
ourse,f,24.57
ourses,f,24.57
oursin,m,2.03
oursins,m,2.03
ourson,m,1.63
oursonne,f,1.63
oursonnes,f,1.63
oursons,m,1.63
oustachi,m,0.28
oustachis,m,0.28
outarde,f,0.14
outardes,f,0.14
outil,m,30.88
outillage,m,2.70
outillages,m,2.70
outilleur,m,0.10
outils,m,30.88
outlaw,m,0.14
outlaws,m,0.14
outrage,m,5.14
outrages,m,5.14
outrance,f,3.51
outrances,f,3.51
outre,f,24.59
outrecuidance,f,0.74
outremer,m,0.47
outres,f,24.59
outrigger,m,0.16
outsider,m,0.74
outsiders,m,0.74
ouverture,f,26.69
ouvertures,f,26.69
ouvrage,m,37.30
ouvrages,m,37.30
ouvrant,m,1.22
ouvre-bouteille,m,0.14
ouvre-bouteilles,m,0.14
ouvre-boîte,m,0.32
ouvre-boîtes,m,0.34
ouvreur,m,2.36
ouvreurs,m,2.36
ouvreuse,f,2.36
ouvreuses,f,2.36
ouvrier,m,51.35
ouvriers,m,51.35
ouvrière,f,51.35
ouvrières,f,51.35
ouvriérisme,m,0.07
ouvroir,m,0.88
ouvroirs,m,0.88
ouzo,m,2.36
ouzos,m,2.36
ouï-dire,m,1.01
ouïe,f,4.46
ouïes,f,4.46
ovaire,m,1.35
ovaires,m,1.35
ovale,m,3.38
ovales,m,3.38
ovariectomie,f,0.01
ovariotomie,f,0.07
ovation,f,2.50
ovations,f,2.50
ove,m,0.20
overdose,f,5.11
overdoses,f,5.11
overdrive,m,0.07
ovibos,m,0.07
ovins,m,0.07
ovni,m,2.98
ovnis,m,2.98
ovocyte,m,0.41
ovocytes,m,0.41
ovulation,f,0.53
ovule,m,1.16
ovules,m,1.16
oxalate,m,0.01
oxer,m,0.07
oxfords,m,0.14
oxonienne,f,0.07
oxychlorure,m,0.01
oxydant,m,0.05
oxydants,m,0.05
oxydation,f,0.20
oxyde,m,1.03
oxydes,m,1.03
oxygène,m,14.03
oxygénation,f,0.15
oxymore,m,0.04
oxymores,m,0.04
oxymoron,m,0.05
oxymétrie,f,0.03
oyat,m,0.14
oyats,m,0.14
oye,f,0.95
ozone,m,1.35
oïl,m,0.01
p.,m,3.66
p.m.,m,0.01
pa,f,6.43
pacage,m,0.74
pacages,m,0.74
pacemaker,m,0.56
pacemakers,m,0.56
pacha,m,11.96
pachas,m,11.96
pachinko,m,0.07
pachon,m,0.07
pachyderme,m,1.01
pachydermes,m,1.01
pacificateur,m,4.01
pacificateurs,m,4.01
pacification,f,0.41
pacificatrice,f,4.01
pacifisme,m,0.54
pack,m,1.72
package,m,0.09
packaging,m,0.01
packs,m,1.72
packson,m,0.07
pacotille,f,3.24
pacotilles,f,3.24
pacs,m,0.58
pacsif,m,0.34
pacsifs,m,0.34
pacson,m,0.61
pacsons,m,0.61
pacte,m,11.89
pactes,m,11.89
pactiseurs,m,0.07
pactole,m,1.14
pactoles,m,1.14
pad,m,0.27
paddock,m,2.64
paddocks,m,2.64
paddy,m,1.52
paella,f,1.98
paellas,f,1.98
paf,m,0.11
pagaie,f,1.08
pagaies,f,1.08
pagaille,f,5.21
pagailles,f,5.21
paganisme,m,0.47
pagaye,f,0.41
pagayeur,m,0.14
pagayeurs,m,0.14
pagaïe,f,0.74
pagels,m,0.01
pageot,m,2.09
pageots,m,2.09
pagination,f,0.07
pagne,m,1.69
pagnes,m,1.69
pagnon,m,0.07
pagode,f,2.84
pagodes,f,2.84
pagodon,m,0.07
pagure,m,0.14
pagures,m,0.14
pagus,m,0.07
paie,f,8.40
paiement,m,5.56
paiements,m,5.56
paierie,f,0.20
paies,f,8.40
paillard,m,0.61
paillardes,f,0.61
paillardise,f,0.20
paillasse,f,8.78
paillasses,f,8.78
paillasson,m,4.39
paillassons,m,4.39
paille,f,44.05
pailler,m,0.07
pailles,f,44.05
paillette,f,5.14
paillettes,f,5.14
paillis,m,0.04
paillon,m,0.41
paillons,m,0.41
paillot,m,0.81
paillote,f,1.22
paillotes,f,1.22
paimpolaise,f,0.47
paimpolaises,f,0.47
pain,m,105.41
pains,m,105.41
pair,m,6.62
paire,f,32.84
paires,f,32.84
pairesses,f,0.07
pairie,f,0.07
pairs,m,6.62
paix,f,144.86
pakistanais,m,1.56
pakistanaise,f,1.56
pal,m,0.88
palabreur,m,0.14
palabreurs,m,0.14
palace,m,7.77
palaces,m,7.77
paladin,m,0.81
paladins,m,0.81
palais,m,58.72
palan,m,0.74
palanche,f,0.14
palanches,f,0.14
palangrotte,f,0.14
palanquin,m,0.41
palanquins,m,0.41
palans,m,0.74
palastre,m,0.07
palatin,m,0.07
palatines,f,0.07
palatisation,f,0.07
palazzo,m,1.62
pale,f,1.62
palefrenier,m,1.01
palefreniers,m,1.01
palefrenière,f,1.01
palefroi,m,0.61
palefrois,m,0.61
paleron,m,0.01
pales,f,1.62
palestinien,m,3.22
palestiniens,m,3.22
palestre,f,0.41
palestres,f,0.41
palet,m,1.08
paletot,m,2.03
paletots,m,2.03
palets,m,1.08
palette,f,5.68
palettes,f,5.68
palier,m,29.80
paliers,m,29.80
palikare,m,0.54
palikares,m,0.54
palilalie,f,0.01
palimpseste,m,0.20
palindrome,m,0.55
palindromes,m,0.55
palinodie,f,0.54
palinodies,f,0.54
palis,m,0.07
palissade,f,5.34
palissades,f,5.34
palissandre,m,0.74
palissonnage,m,0.07
palladium,m,0.34
palle,f,0.91
palliatif,m,0.54
palliatifs,m,0.54
palma-christi,m,0.07
palmarès,m,1.08
palmas,f,0.07
palme,f,9.53
palmer,m,0.17
palmeraie,f,1.28
palmeraies,f,1.28
palmes,f,9.53
palmette,f,0.20
palmettes,f,0.20
palmier,m,14.26
palmiers,m,14.26
palmipède,m,0.27
palmipèdes,m,0.27
palmiste,m,0.27
palmistes,m,0.27
palmure,f,0.07
palmures,f,0.07
palombe,f,0.61
palombes,f,0.61
palonnier,m,0.07
palot,m,0.20
palots,m,0.20
palourde,f,1.52
palourdes,f,1.52
palpation,f,0.34
palpations,f,0.34
palpe,m,0.34
palpeur,m,0.14
palpeurs,m,0.14
palpitation,f,3.65
palpitations,f,3.65
palpitement,m,0.07
pals,m,0.88
paltoquet,m,0.20
palu,m,0.80
paluche,f,5.47
paluches,f,5.47
paludamentum,m,0.07
paludes,m,0.20
paludiers,m,0.14
paludisme,m,1.35
paludière,f,0.07
palus,m,0.07
palynologie,f,0.01
paléographie,f,0.14
paléolithique,m,0.07
paléontologie,f,0.14
paléozoïque,m,0.01
palétuvier,m,0.81
palétuviers,m,0.81
pampa,f,0.95
pampas,f,0.95
pampero,m,0.07
pamphlet,m,2.84
pamphlets,m,2.84
pamplemoussier,m,0.14
pamplemoussiers,m,0.14
pampre,m,1.01
pampres,m,1.01
pan,m,26.01
pan bagnat,m,0.14
panachage,m,0.01
panache,m,7.36
panaches,m,7.36
panaché,m,0.47
panachés,m,0.47
panacée,f,0.81
panacées,f,0.81
panade,f,1.22
panades,f,1.22
panais,m,0.14
panama,m,1.35
panamas,m,1.35
panaméen,m,0.01
panarabisme,m,0.41
panard,m,2.16
panards,m,2.16
panaris,m,0.34
panatella,m,0.01
panathénées,f,0.07
pancake,m,2.97
pancakes,m,2.97
pancarte,f,8.99
pancartes,f,8.99
pancetta,f,0.03
panclastite,f,0.07
pancrace,m,0.47
pancraces,m,0.47
pancréas,m,2.03
pancréatectomie,f,0.09
pancréatite,f,0.14
panda,m,1.71
pandanus,m,0.14
pandas,m,1.71
pandit,m,0.08
pandémie,f,0.17
pandémonium,m,0.20
pandémoniums,m,0.20
panel,m,0.28
panetier,m,0.27
panetière,f,0.27
panetières,f,0.27
pangermanisme,m,0.20
panic,m,0.46
panicules,f,0.14
panier,m,33.18
panier-repas,m,0.21
paniers,m,33.18
panification,f,0.14
panini,m,0.02
paniquards,m,0.20
panique,f,25.61
paniques,f,25.61
panis,m,0.14
panière,f,0.54
panières,f,0.54
panka,m,0.27
pankas,m,0.27
panne,f,24.59
panneau,m,26.69
panneau-réclame,m,0.68
panneaux,m,26.69
pannes,f,24.59
panneton,m,0.01
panonceau,m,0.88
panonceaux,m,0.88
panoplie,f,4.73
panoplies,f,4.73
panorama,m,5.14
panoramas,m,5.14
panoramique,m,0.36
panoramiques,m,0.36
panosse,f,0.14
pans,m,26.01
pansage,m,0.14
panse,f,3.04
pansement,m,13.45
pansements,m,13.45
panses,f,3.04
panspermie,f,0.01
pantalon,m,71.76
pantalonnade,f,0.27
pantalonnades,f,0.27
pantalons,m,71.76
pante,m,0.81
pantes,m,0.81
panthère,f,5.41
panthères,f,5.41
panthéisme,m,0.20
panthéon,m,6.42
panthéons,m,6.42
pantin,m,5.88
pantins,m,5.88
pantière,f,0.14
pantocrator,m,0.20
pantographe,m,0.07
pantographes,m,0.07
pantomime,f,1.82
pantomimes,f,1.82
pantomètres,m,0.07
pantouflard,m,0.20
pantouflards,m,0.20
pantoufle,f,8.78
pantoufles,f,8.78
panty,m,0.07
panurge,m,0.47
panurgisme,m,0.07
panzer,m,1.42
panzers,m,1.42
panégyrique,m,0.34
panégyriques,m,0.34
paolo,m,0.07
paon,m,5.34
paonne,f,5.34
paons,m,5.34
papa,m,259.01
papa-cadeau,m,0.01
papamobile,f,0.14
paparazzi,m,1.46
paparazzis,m,1.46
paparazzo,m,0.07
papas,m,1.25
papauté,f,0.81
papaver,m,0.01
papavérine,f,0.07
papaye,f,0.59
papayer,m,0.14
papayers,m,0.14
papayes,f,0.59
pape,m,19.32
papegai,m,0.14
papegais,m,0.14
papelard,m,2.43
papelards,m,2.43
paperasse,f,5.74
paperasserie,f,1.07
paperasseries,f,1.07
paperasses,f,5.74
paperassier,m,0.07
papes,m,19.32
papesse,f,0.39
papet,m,4.25
papeterie,f,2.84
papeteries,f,2.84
papetier,m,0.44
papetiers,m,0.44
papi,m,7.23
papier,m,203.11
papier-cadeau,m,0.07
papier-monnaie,m,0.14
papiers,m,203.11
papiers-calque,m,0.07
papille,f,1.15
papilles,f,1.15
papillomavirus,m,0.04
papillomes,m,0.14
papillon,m,20.07
papillonnage,m,0.14
papillonnement,m,0.14
papillons,m,20.07
papillote,f,1.89
papillotes,f,1.89
papis,m,7.23
papisme,m,0.07
papotage,m,0.61
papotages,m,0.61
papou,m,0.07
papouille,f,0.54
papouilles,f,0.54
papous,m,0.07
paprika,m,0.75
papy,m,6.79
papyrus,m,1.57
papys,m,6.79
papé,m,0.14
paqson,m,0.01
paquebot,m,7.43
paquebots,m,7.43
paquet,m,89.19
paquet-cadeau,m,0.20
paquetage,m,2.91
paquetages,m,2.91
paquets,m,89.19
paquets-cadeaux,m,0.54
par,m,12.16
para,m,3.23
para-humain,m,0.14
parabellum,m,0.61
parabellums,m,0.61
parabole,f,2.57
paraboles,f,2.57
paraboloïde,m,0.01
parachutage,m,0.95
parachutages,m,0.95
parachute,m,4.79
parachutes,m,4.79
parachutisme,m,0.29
parachèvement,m,0.14
paraclet,m,0.68
paracétamol,m,0.14
parade,f,11.22
parades,f,11.22
paradeurs,m,0.07
paradigme,m,0.25
paradigmes,m,0.25
paradis,m,33.23
paradisiers,m,0.07
parador,m,0.14
parados,m,0.81
paradoxe,m,8.11
paradoxes,m,8.11
paradoxie,f,0.07
paraffine,f,0.68
parage,m,5.99
parages,m,5.99
paragraphe,m,3.65
paragraphes,m,3.65
paraguayen,m,0.14
paraguayens,m,0.14
parallaxe,f,0.07
parallaxes,f,0.07
parallélisme,m,0.41
parallélogramme,m,0.07
parallélépipède,m,0.54
parallélépipèdes,m,0.54
paralogismes,m,0.07
paralympiques,m,0.10
paralysie,f,4.32
paralysies,f,4.32
paralysé,m,1.55
paralysée,f,1.55
paralysées,f,1.55
paralysés,m,1.55
paramnésie,f,0.14
paramètre,m,1.50
paramètres,m,1.50
parangon,m,1.22
parangonnages,m,0.07
parangons,m,1.22
paranormal,m,0.61
paranoïa,f,2.03
parapente,m,0.31
parapet,m,12.91
parapets,m,12.91
parapharmacie,f,0.07
paraphe,m,1.55
paraphes,m,1.55
parapheurs,m,0.07
paraphrase,f,0.34
paraphrases,f,0.34
parapluie,m,16.28
parapluies,m,16.28
parapsychologie,f,0.61
paras,m,3.23
parascève,f,0.47
parasite,m,8.72
parasites,m,8.72
parasitisme,m,0.74
parasitologie,f,0.07
parasitose,f,0.01
parasol,m,6.69
parasols,m,6.69
paratonnerre,m,0.61
paratonnerres,m,0.61
paravent,m,4.32
paravents,m,4.32
parc,m,43.99
parcage,m,0.07
parcelle,f,11.15
parcelles,f,11.15
parchemin,m,4.80
parchemins,m,4.80
parcimonie,f,0.95
parcmètre,m,0.38
parcmètres,m,0.38
parcomètre,m,0.01
parcours,m,17.64
parcs,m,43.99
pardessus,m,9.05
pardingue,m,0.07
pardon,m,55.62
pardons,m,55.62
pare-balle,m,0.01
pare-balles,m,0.19
pare-boue,m,0.04
pare-brise,m,7.16
pare-brises,m,7.16
pare-chocs,m,1.85
pare-feu,m,0.24
pare-feux,m,0.05
pare-soleil,m,0.54
pare-éclats,m,0.07
pare-étincelles,m,0.07
pareil,m,16.96
pareille,f,16.96
pareilles,f,16.96
pareils,m,16.96
parement,m,1.76
parements,m,1.76
parenchyme,m,0.01
parent,m,188.38
parentage,m,0.07
parente,f,188.38
parentes,f,188.38
parenthèse,f,9.32
parenthèses,f,9.32
parents,m,188.38
parentèle,f,0.34
parentèles,f,0.34
parenté,f,6.42
parentés,f,6.42
paresse,f,12.43
paresses,f,12.43
paresseuse,f,3.00
paresseuses,f,3.00
paresseux,m,3.00
paresthésie,f,0.05
pareur,m,0.01
parfait,m,5.35
parfaite,f,5.35
parfaites,f,5.35
parfaits,m,5.35
parfum,m,65.74
parfumerie,f,1.42
parfumeries,f,1.42
parfumeur,m,1.15
parfumeurs,m,1.15
parfumeuse,f,1.15
parfums,m,65.74
pari,m,26.61
paria,m,2.09
pariade,f,0.14
parias,m,2.09
parieur,m,0.81
parieurs,m,0.81
parieuse,f,0.81
parigot,m,1.01
parigote,f,1.01
parigotes,f,1.01
parigots,m,1.01
paris,m,26.61
paris-brest,m,0.20
parisien,m,9.12
parisienne,f,9.12
parisiennes,f,9.12
parisiens,m,9.12
parité,f,0.31
parjure,m,1.35
parjures,m,1.35
parka,m,0.41
parking,m,18.23
parkings,m,18.23
parkinson,m,0.07
parlant,m,1.28
parlante,f,0.01
parlement,m,5.68
parlementarisme,m,0.20
parlements,m,5.68
parler,m,11.58
parlerie,f,0.07
parlers,m,11.58
parleur,m,2.03
parleurs,m,2.03
parleuse,f,2.03
parloir,m,4.39
parloirs,m,4.39
parlote,f,1.35
parlotes,f,1.35
parlotte,f,0.47
parlottes,f,0.47
parmentier,m,0.27
parmentures,f,0.07
parmesan,m,0.66
parmesans,m,0.66
parmélies,f,0.20
parodie,f,2.43
parodies,f,2.43
paroi,f,30.00
paroir,m,0.14
paroirs,m,0.14
parois,f,30.00
paroisse,f,6.62
paroisses,f,6.62
paroissien,m,1.76
paroissienne,f,1.76
paroissiennes,f,1.76
paroissiens,m,1.76
parole,f,178.31
paroles,f,178.31
paroli,m,0.07
parolier,m,0.07
parolière,f,0.07
paronomasie,f,0.07
paros,m,1.08
parousie,f,0.27
paroxysme,m,3.24
paroxysmes,m,3.24
parpaillot,m,0.27
parpaillote,f,0.27
parpaillotes,f,0.27
parpaing,m,1.42
parpaings,m,1.42
parque,f,0.27
parquet,m,22.43
parquetage,m,0.14
parqueteur,m,0.14
parqueteuse,f,0.14
parquets,m,22.43
parr,m,0.14
parrain,m,10.37
parrainage,m,0.14
parraineuse,f,0.07
parrains,m,10.37
pars,m,15.78
parsec,m,0.27
parsecs,m,0.27
parsi,m,0.14
parsis,m,0.14
part,f,320.41
part time,f,0.14
partage,m,8.85
partages,m,8.85
partageux,m,0.07
partance,f,1.76
partant,m,1.35
partants,m,1.35
partenariat,m,1.47
parterre,m,6.82
parterres,m,6.82
parthénogenèse,f,0.07
parthénogénèse,f,0.07
parti,m,87.36
partialité,f,1.22
participant,m,2.23
participante,f,2.23
participantes,f,2.23
participants,m,2.23
participation,f,8.58
participations,f,8.58
participe,m,0.74
participes,m,0.74
particularisme,m,0.41
particularismes,m,0.41
particularité,f,5.00
particularités,f,5.00
particule,f,5.27
particules,f,5.27
particulier,m,23.78
particuliers,m,23.78
particulière,f,23.78
particulières,f,23.78
partie,f,211.49
partiel,m,1.16
partielle,f,1.16
partielles,f,1.16
partiels,m,1.16
parties,f,211.49
partis,m,87.36
partisan,m,12.97
partisane,f,12.97
partisans,m,12.97
partita,f,0.20
partitas,f,0.20
partition,f,5.95
partitions,f,5.95
partner,m,0.26
partouse,f,0.11
partouzards,m,0.01
partouze,f,2.33
partouzes,f,2.33
partouzeur,m,0.20
partouzeurs,m,0.20
parts,f,320.41
parturiente,f,0.34
parturientes,f,0.34
parturition,f,0.27
parturitions,f,0.27
party,f,1.54
parure,f,4.05
parures,f,4.05
parution,f,1.15
parvenu,m,1.42
parvenue,f,1.42
parvenues,f,1.42
parvenus,m,1.42
parvis,m,6.28
parâtre,m,0.02
paréo,m,0.47
paréos,m,0.47
parésie,f,0.01
pas-de-porte,m,0.20
pascal,m,13.58
paseo,m,0.88
pasionaria,f,0.27
pasionarias,f,0.27
paso,m,0.23
paso doble,m,0.81
paso-doble,m,0.07
pasos,m,0.23
pasquins,m,0.07
passade,f,1.28
passades,f,1.28
passage,m,154.39
passager,m,19.41
passagers,m,19.41
passages,m,154.39
passagère,f,19.41
passagères,f,19.41
passant,m,32.57
passante,f,32.57
passantes,f,32.57
passants,m,32.57
passation,f,0.34
passavant,m,0.44
passe,f,47.58
passe-boule,m,0.07
passe-boules,m,0.07
passe-crassane,f,0.14
passe-droit,m,0.47
passe-droits,m,0.47
passe-la-moi,f,0.35
passe-lacet,m,0.20
passe-lacets,m,0.20
passe-montagne,m,1.69
passe-montagnes,m,1.69
passe-muraille,m,0.07
passe-partout,m,1.22
passe-passe,m,1.15
passe-pied,m,0.07
passe-plat,m,0.14
passe-roses,f,0.07
passe-temps,m,4.21
passement,m,0.14
passementerie,f,1.01
passementeries,f,1.01
passementier,m,0.14
passementière,f,0.14
passepoil,m,0.14
passeport,m,25.55
passeports,m,25.55
passereau,m,0.95
passereaux,m,0.95
passerelle,f,11.49
passerelles,f,11.49
passeroses,f,0.07
passes,f,47.58
passeur,m,2.77
passeurs,m,2.77
passeuse,f,2.77
passif,m,0.70
passiflore,f,0.14
passifs,m,0.70
passing,m,0.04
passion,f,87.64
passionné,m,2.23
passionnés,m,2.23
passions,f,87.64
passiveté,f,0.07
passivité,f,3.38
passoire,f,2.23
passoires,f,2.23
passé,m,113.51
passés,m,113.51
past,m,0.58
pastaga,m,1.69
pastagas,m,1.69
pastel,m,1.89
pastels,m,1.89
pastenague,f,0.04
pasteur,m,17.74
pasteurella,f,0.02
pasteurisation,f,0.14
pasteurs,m,17.74
pastiche,m,1.01
pastiches,m,1.01
pasticheur,m,0.14
pastille,f,5.81
pastilles,f,5.81
pastis,m,4.73
pastophore,m,0.14
pastorale,f,0.27
pastorales,f,0.27
pastour,m,0.07
pastoureau,m,0.41
pastoureaux,m,0.41
pastourelle,f,0.41
pastourelles,f,0.41
pastèque,f,4.16
pastèques,f,4.16
pat,m,0.02
patache,f,0.30
patachon,m,0.54
patagons,m,0.07
patapouf,m,0.34
patapoufs,m,0.34
pataquès,m,0.34
patarin,m,0.14
patate,f,14.47
patates,f,14.47
pataud,m,0.20
pataugas,m,0.68
pataugeoire,f,0.04
pataugis,m,0.07
patch,m,1.11
patches,m,1.11
patchouli,m,0.31
patchs,m,1.11
patchwork,m,0.61
patelin,m,3.51
patelins,m,3.51
patelles,f,0.27
patente,f,0.41
patentes,f,0.41
patenôtres,f,0.41
pater,m,1.62
pater familias,m,0.07
pater noster,m,0.41
paternalisme,m,0.74
paternel,m,3.11
paternels,m,3.11
paternité,f,3.11
paternités,f,3.11
pathologie,f,1.58
pathos,m,0.68
pathétique,m,2.09
pathétiques,m,2.09
pathétisme,m,0.14
patience,f,33.58
patiences,f,33.58
patient,m,61.69
patiente,f,61.69
patientes,f,61.69
patients,m,61.69
patin,m,5.61
patinage,m,1.25
patine,f,2.91
patines,f,2.91
patinette,f,0.27
patinettes,f,0.27
patineur,m,1.28
patineurs,m,1.28
patineuse,f,1.28
patineuses,f,1.28
patinoire,f,1.37
patinoires,f,1.37
patins,m,5.61
patio,m,6.42
patios,m,6.42
patoche,f,0.14
patoches,f,0.14
patois,m,8.58
patouillard,m,0.07
patriarcat,m,0.34
patriarcats,m,0.34
patriarche,m,4.59
patriarches,m,4.59
patriarchie,f,0.02
patriciat,m,0.07
patricien,m,0.54
patricienne,f,0.54
patriciennes,f,0.54
patriciens,m,0.54
patrie,f,29.19
patries,f,29.19
patrimoine,m,2.97
patrimoines,m,2.97
patriotards,m,0.07
patriotisme,m,3.65
patron,m,141.53
patronage,m,2.43
patronages,m,2.43
patronat,m,0.51
patronne,f,141.53
patronnes,f,141.53
patrons,m,141.53
patronyme,m,3.24
patronymes,m,3.24
patrouille,f,14.45
patrouilles,f,14.45
patrouilleur,m,1.43
patrouilleurs,m,1.43
patte,f,85.14
pattemouille,f,0.41
pattemouilles,f,0.41
pattern,m,0.06
pattes,f,85.14
paturon,m,1.42
paturons,m,1.42
patène,f,0.34
patènes,f,0.34
patère,f,1.76
patères,f,1.76
pauchouse,f,0.20
pauline,f,0.07
paulownias,m,0.07
paume,f,35.47
paumelle,f,0.14
paumelles,f,0.14
paumes,f,35.47
paumé,m,5.54
paumée,f,5.54
paumées,f,5.54
paumés,m,5.54
paupiette,f,0.19
paupiettes,f,0.19
paupière,f,63.45
paupières,f,63.45
paupérisation,f,0.27
paupérisme,m,0.20
pause,f,28.24
pause-café,f,0.29
pauses,f,28.24
pauses-café,f,0.29
pauses-repas,f,0.07
pauvresse,f,0.54
pauvresses,f,0.54
pauvret,m,0.41
pauvrets,m,0.41
pauvrette,f,1.16
pauvrettes,f,1.16
pauvreté,f,10.27
pauvretés,f,10.27
pavage,m,1.42
pavane,f,0.41
pavanes,f,0.41
pavement,m,1.76
pavements,m,1.76
paveton,m,0.47
pavetons,m,0.47
paveur,m,0.20
paveurs,m,0.20
pavillon,m,25.61
pavillons,m,25.61
pavois,m,1.49
pavoisement,m,0.07
pavot,m,1.49
pavots,m,1.49
pavé,m,26.62
pavés,m,26.62
pax americana,f,0.01
paxon,m,0.07
paye,f,10.01
payement,m,0.34
payements,m,0.34
payes,f,10.01
payeur,m,0.27
payeurs,m,0.27
pays,m,241.55
paysage,m,64.12
paysages,m,64.12
paysan,m,57.30
paysanne,f,57.30
paysannerie,f,0.54
paysannes,f,57.30
paysans,m,57.30
payse,m,0.07
païen,m,2.57
païenne,f,2.57
païens,m,2.57
pc,m,0.16
peanuts,m,0.07
peau,f,187.77
peaucier,m,0.14
peauciers,m,0.14
peaufinage,m,0.01
peausserie,f,0.27
peausseries,f,0.27
peaussier,m,0.07
peaux,f,187.77
peccadille,f,1.08
peccadilles,f,1.08
peccata,m,0.20
peccavi,m,0.14
pecnots,m,0.03
pecorino,m,0.25
pectoral,m,2.09
pectoraux,m,2.09
pedigree,m,1.82
pedigrees,m,1.82
pedzouille,m,0.54
pedzouilles,m,0.54
peeling,m,0.14
peigne,m,10.81
peigne-cul,m,0.34
peigne-culs,m,0.34
peignes,m,10.81
peignoir,m,16.96
peignoirs,m,16.96
peigné,m,0.61
peignée,f,1.49
peignées,f,1.49
peignés,m,0.61
peine,f,399.53
peines,f,399.53
peinture,f,67.64
peintures,f,67.64
peinturlureur,m,0.14
peinturlureurs,m,0.14
pelade,f,0.47
pelades,f,0.47
pelage,m,6.01
pelages,m,6.01
pelisse,f,3.51
pelisses,f,3.51
pellagre,f,0.04
pelle,f,15.61
pelle-bêche,f,0.14
pelle-pioche,f,0.41
pelles,f,15.61
pelles-bêches,f,0.14
pelles-pioches,f,0.41
pelletage,m,0.02
pelleterie,f,0.07
pelleteur,m,0.47
pelleteuse,f,0.47
pelleteuses,f,0.47
pelletiers,m,0.14
pelletée,f,2.03
pelletées,f,2.03
pelliculages,m,0.07
pellicule,f,7.52
pellicules,f,7.52
pelloche,f,0.20
pelotage,m,0.61
pelotages,m,0.61
pelote,f,6.01
pelotes,f,6.01
peloteur,m,0.14
peloteurs,m,0.14
peloton,m,10.74
pelotons,m,10.74
pelouse,f,19.39
pelouses,f,19.39
peluche,f,5.54
peluches,f,5.54
pelure,f,3.24
pelures,f,3.24
pelvis,m,0.34
pembina,f,0.07
pemmican,m,0.14
penalties,m,0.29
penalty,m,1.50
pence,m,1.71
penchant,m,5.27
penchants,m,5.27
penchement,m,0.20
pendaison,f,3.02
pendaisons,f,3.02
pendant,m,2.23
pendants,m,2.23
pendard,m,0.07
pendarde,f,0.07
pendards,m,0.07
pendeloque,f,1.08
pendeloques,f,1.08
pendentif,m,1.22
pendentifs,m,1.22
penderie,f,3.11
penderies,f,3.11
pendeur,m,0.01
pendjabi,m,0.04
pendu,m,2.97
pendue,f,2.97
pendues,f,2.97
pendule,f,11.82
pendules,f,11.82
pendulette,f,1.15
pendulettes,f,1.15
pendus,m,2.97
pennage,m,0.12
penne,f,0.54
pennes,f,0.54
pennies,m,0.62
pennon,m,0.07
pennons,m,0.07
penny,f,3.49
penon,m,0.07
pense-bête,m,0.41
pense-bêtes,m,0.41
penseur,m,3.92
penseurs,m,3.92
penseuse,f,3.92
penseuses,f,3.92
pension,f,19.19
pensionnat,m,2.77
pensionnats,m,2.77
pensionné,m,0.21
pensionnés,m,0.21
pensions,f,19.19
pensum,m,1.22
pensums,m,1.22
pensée,f,151.55
pensées,f,151.55
pentacle,m,0.57
pentacles,m,0.57
pentagone,m,0.26
pentagones,m,0.26
pentagramme,m,0.70
pentagrammes,m,0.70
pentasyllabe,m,0.07
pentateuque,m,0.07
pentathlon,m,0.07
pente,f,49.66
pentecôte,f,3.85
pentes,f,49.66
penthiobarbital,m,0.01
penthotal,m,0.20
penthouse,m,0.90
pentothal,m,0.17
penture,f,0.14
pentures,f,0.14
people,m,0.52
pep,m,0.33
peppermint,m,0.34
peps,m,0.33
pepsine,f,0.01
peptide,m,0.03
percale,f,0.68
percales,f,0.68
perce,f,0.47
perce-oreille,m,0.20
perce-oreilles,m,0.20
perce-pierre,f,0.07
percement,m,0.41
percepteur,m,1.42
percepteurs,m,1.42
perception,f,3.72
perceptions,f,3.72
perceptrice,f,1.42
perceur,m,1.22
perceurs,m,1.22
perceuse,f,1.22
perceuses,f,1.22
perche,f,7.43
percheron,m,2.30
percheronnes,f,2.30
percherons,m,2.30
perches,f,7.43
perchettes,f,0.07
perchlorate,m,0.04
perchman,m,0.14
perchmans,m,0.14
perchoir,m,3.78
perchoirs,m,3.78
perchée,f,0.47
perchées,f,0.47
perco,m,0.27
percolateur,m,1.28
percolateurs,m,1.28
percolation,f,0.01
percos,m,0.27
percussion,f,1.76
percussions,f,1.76
percuteur,m,0.25
percuteurs,m,0.25
percée,f,3.99
percées,f,3.99
perdant,m,6.71
perdante,f,6.71
perdants,m,6.71
perdition,f,2.36
perdreau,m,2.84
perdreaux,m,2.84
perdrix,f,2.83
perestroïka,f,0.07
perfectibilité,f,0.07
perfection,f,16.82
perfectionnement,m,1.35
perfectionnements,m,1.35
perfectionnisme,m,0.21
perfections,f,16.82
perfecto,m,0.27
perfectos,m,0.27
perfidie,f,3.65
perfidies,f,3.65
perforage,m,0.01
perforateur,m,0.14
perforation,f,0.88
perforations,f,0.88
perforatrice,f,0.14
perforeuse,f,0.14
performance,f,4.71
performances,f,4.71
performer,m,0.07
perfusion,f,2.14
perfusions,f,2.14
pergola,f,0.68
pergélisol,m,0.01
perle,f,23.85
perles,f,23.85
perlimpinpin,m,0.20
perlot,m,0.34
perlots,m,0.34
perlouse,f,0.74
perlouses,f,0.74
perlouze,f,0.47
perlouzes,f,0.47
perm,f,1.38
permafrost,m,0.14
permalloy,m,0.01
permanence,f,12.64
permanences,f,12.64
permanent,m,1.76
permanente,f,2.03
permanentes,f,2.03
permanents,m,1.76
permanganate,m,0.20
perme,f,1.42
permes,f,1.42
permis,m,26.95
permission,f,31.18
permissions,f,31.18
permissivité,f,0.14
permutation,f,0.81
permutations,f,0.81
perméabilité,f,0.01
pernod,m,4.73
pernods,m,4.73
peroxydase,f,0.01
peroxyde,m,0.17
perpendiculaire,f,0.74
perpendiculaires,f,0.74
perpette,f,0.41
perpignan,m,0.14
perplexité,f,5.54
perplexités,f,5.54
perpète,f,0.09
perpétration,f,0.11
perpétuation,f,0.54
perpétuité,f,3.24
perpétuités,f,3.24
perquise,f,0.54
perquisition,f,3.75
perquisitions,f,3.75
perrier,m,0.01
perrières,f,0.14
perron,m,18.24
perrons,m,18.24
perroquet,m,8.78
perroquets,m,8.78
perruche,f,2.84
perruches,f,2.84
perruque,f,9.68
perruques,f,9.68
perruquier,m,0.27
perruquiers,m,0.27
perruquière,f,0.27
perré,m,0.41
perrés,m,0.41
persan,m,0.68
persane,f,0.68
persanes,f,0.68
persans,m,0.68
persienne,f,7.16
persiennes,f,7.16
persiflage,m,0.41
persiflages,m,0.41
persifleurs,m,0.20
persifleuse,f,0.20
persil,m,2.36
persistance,f,1.76
persona non grata,f,0.08
personnage,m,86.96
personnage-clé,m,0.02
personnages,m,86.96
personnalisation,f,0.05
personnalisme,m,0.20
personnalité,f,19.86
personnalités,f,19.86
personne,f,296.74
personnel,m,22.65
personnels,m,22.65
personnes,f,296.74
personnification,f,0.30
personnifications,f,0.30
perspective,f,36.76
perspectives,f,36.76
perspicacité,f,1.28
perspiration,f,0.03
persuasion,f,2.09
persécuteur,m,0.95
persécuteurs,m,0.95
persécution,f,4.66
persécutions,f,4.66
persécutrices,f,0.95
perséides,f,0.01
persévérance,f,2.09
perte,f,37.80
pertes,f,37.80
pertinence,f,0.57
pertuis,m,0.34
pertuisane,f,0.20
pertuisanes,f,0.20
perturbateur,m,0.20
perturbateurs,m,0.20
perturbation,f,1.79
perturbations,f,1.79
pervenche,f,0.81
pervenches,f,0.81
pervers,m,8.02
perverse,f,8.02
perverses,f,8.02
perversion,f,3.00
perversions,f,3.00
perversité,f,1.49
perçage,m,0.07
pesage,m,0.68
pesanteur,f,6.96
pesanteurs,f,6.96
peseta,f,6.92
pesetas,f,6.92
peseurs,m,0.07
peso,m,11.02
peson,m,0.20
pesos,m,11.02
pessaire,m,0.01
pesse,f,0.01
pessimisme,m,2.30
peste,f,16.95
pestes,f,16.95
pesticide,m,1.11
pesticides,m,1.11
pestiféré,m,1.01
pestiférée,f,1.01
pestiférées,f,1.01
pestiférés,m,1.01
pestilence,f,1.22
pestilences,f,1.22
pesée,f,2.36
pesées,f,2.36
pet,m,5.41
pet-de-loup,m,0.07
petit,m,221.75
petit-beurre,m,0.95
petit-bourgeois,m,2.16
petit-cousin,m,0.07
petit-déjeuner,m,13.51
petit-fils,m,12.90
petit-four,m,0.08
petit-gris,m,0.51
petit-lait,m,0.54
petit-maître,m,0.20
petit-neveu,m,0.95
petit-nègre,m,0.14
petit-salé,m,0.07
petit-suisse,m,0.20
petite,f,221.75
petite-bourgeoise,f,0.34
petite-cousine,f,0.14
petite-fille,f,6.35
petite-nièce,f,0.20
petites,f,221.75
petites-bourgeoises,f,0.34
petites-filles,f,6.35
petitesse,f,2.16
petitesses,f,2.16
petits,m,221.75
petits-beurre,m,0.95
petits-bourgeois,m,2.16
petits-déjeuners,m,13.51
petits-enfants,m,5.76
petits-fils,m,12.90
petits-fours,m,0.08
petits-gris,m,0.51
petits-neveux,m,0.95
petits-pois,m,0.10
petits-suisses,m,0.20
peton,m,0.47
petons,m,0.47
petros,m,1.28
pets,m,5.41
pets-de-nonne,m,0.41
peu,m,1023.38
peul,m,0.07
peuplade,f,1.35
peuplades,f,1.35
peuple,m,111.36
peuplement,m,0.88
peuplements,m,0.88
peupleraie,f,0.07
peuples,m,111.36
peuplier,m,9.93
peupliers,m,9.93
peur,f,557.21
peureux,m,0.94
peurs,f,557.21
peyotl,m,0.16
pfennig,m,0.61
pfennigs,m,0.61
ph,m,0.30
phacochère,m,0.50
phacochères,m,0.50
phagocyte,m,0.07
phagocytes,m,0.07
phalange,f,5.20
phalanges,f,5.20
phalangettes,f,0.14
phalangine,f,0.07
phalangisme,m,0.07
phalanstère,m,0.41
phalarope,m,0.05
phallo,m,0.14
phallocrate,m,0.47
phallocratie,f,0.14
phallologie,f,0.14
phallophore,m,0.14
phallus,m,1.42
phalène,f,0.68
phalènes,f,0.68
phalère,f,0.20
phantasme,m,2.36
phantasmes,m,2.36
phanères,m,0.07
phanérogames,f,0.14
pharaon,m,3.63
pharaonnes,f,3.63
pharaons,m,3.63
phare,m,31.49
phares,m,31.49
pharisaïsme,m,0.20
pharisaïsmes,m,0.20
pharisien,m,1.46
pharisiens,m,1.46
pharmacie,f,10.46
pharmacien,m,7.30
pharmacienne,f,7.30
pharmaciens,m,7.30
pharmacies,f,10.46
pharmaco,f,0.20
pharmacognosie,f,0.01
pharmacologie,f,0.37
pharmacomanie,f,0.14
pharmacopée,f,0.25
pharmacothérapie,f,0.07
pharyngite,f,0.01
pharynx,m,0.41
phascolome,m,0.01
phase,f,13.22
phases,f,13.22
phasmes,m,0.07
phaéton,m,0.27
phi,m,0.39
philanthropie,f,0.47
philatélie,f,0.02
philharmonie,f,0.21
philhellène,m,0.14
philhellènes,m,0.14
philippin,m,0.41
philippins,m,0.41
philistin,m,0.12
philistins,m,0.12
philo,f,3.24
philodendron,m,0.74
philodendrons,m,0.74
philologie,f,0.74
philos,f,3.24
philosophaillerie,f,0.14
philosophie,f,24.73
philosophies,f,24.73
philosémites,m,0.07
philosémitisme,m,0.07
philtre,m,1.69
philtres,m,1.69
phimosis,m,0.20
phlox,m,0.34
phlébite,f,0.34
phlébites,f,0.34
phlébographie,f,0.01
phlébotomie,f,0.01
phobie,f,2.62
phobies,f,2.62
phoenix,m,0.48
phone,m,0.67
phones,m,0.67
phono,m,5.47
phonographe,m,6.01
phonographes,m,6.01
phonologie,f,0.14
phonos,m,5.47
phonèmes,m,0.41
phonéticien,m,0.07
phonétique,f,0.08
phoque,m,4.19
phoques,m,4.19
phosgène,m,0.23
phosphatase,f,0.02
phosphate,m,0.68
phosphates,m,0.68
phosphatine,f,0.10
phospholipide,m,0.01
phosphore,m,2.16
phosphorescence,f,0.88
phosphorescences,f,0.88
phosphorylation,f,0.03
phosphène,m,0.27
phosphènes,m,0.27
phot,m,1.00
photo,f,209.10
photo-finish,f,0.01
photo-robot,f,0.14
photocomposition,f,0.14
photocopie,f,3.89
photocopies,f,3.89
photocopieur,m,2.61
photocopieurs,m,2.61
photocopieuse,f,2.61
photocopieuses,f,2.61
photogramme,m,0.01
photographiable,f,0.01
photographie,f,41.08
photographies,f,41.08
photograveur,m,0.07
photogravure,f,0.07
photogénie,f,0.34
photojournalisme,m,0.02
photomicrographie,f,0.01
photomontage,m,0.14
photomontages,m,0.14
photon,m,0.24
photons,m,0.24
photophobie,f,0.04
photopile,f,0.12
photos,f,209.10
photosensibilité,f,0.04
photostat,m,0.06
photosynthèse,f,0.25
phototaxie,f,0.02
phototype,m,0.01
phragmites,m,0.07
phrase,f,140.47
phrase-clé,f,0.07
phrase-robot,f,0.07
phrases,f,140.47
phrases-clés,f,0.07
phraseur,m,0.14
phraseurs,m,0.14
phrasé,m,0.20
phraséologie,f,0.27
phraséologies,f,0.27
phrygiens,m,0.07
phrénologie,f,0.03
phtaléine,f,0.03
phtiriasis,m,0.07
phtisie,f,0.81
phtisiologie,f,0.14
phylactère,m,0.34
phylloxera,m,0.10
phylloxéra,m,0.47
phylogenèse,f,0.14
phylum,m,0.03
phynances,f,0.07
physicien,m,1.55
physicienne,f,1.55
physiciennes,f,1.55
physiciens,m,1.55
physiologie,f,1.42
physiologies,f,1.42
physionomie,f,5.27
physionomies,f,5.27
physiothérapie,f,0.24
phytoplancton,m,0.01
phénate,m,0.01
phénicien,m,0.57
phéniciens,m,0.57
phénix,m,0.68
phénobarbital,m,0.10
phénol,m,0.14
phénomène,m,13.72
phénomènes,m,13.72
phénoménologie,f,0.34
phénothiazine,f,0.01
phénotype,m,0.01
phéochromocytome,m,0.07
phéromone,f,0.69
phéromones,f,0.69
pi,m,1.28
piaf,m,5.14
piaffement,m,0.20
piaffements,m,0.20
piafs,m,5.14
piaillement,m,5.37
piaillements,m,5.37
piaillerie,f,0.20
piailleries,f,0.20
pian,m,0.03
pianissimo,m,0.14
pianissimos,m,0.14
piano,m,31.28
piano-bar,m,0.05
pianola,m,0.35
pianos,m,31.28
pianotage,m,0.10
piastre,f,1.36
piastres,f,1.36
piaule,f,12.16
piaulement,m,0.54
piaulements,m,0.54
piaules,f,12.16
piauleur,m,0.07
piaye,m,0.07
piazza,f,3.18
piazzetta,f,0.20
pibloque,m,0.34
pic,m,12.43
pic-vert,m,0.28
pica,m,0.07
picador,m,0.34
picadors,m,0.34
picaillon,m,0.20
picaillons,m,0.20
picards,m,0.07
picaro,m,0.40
piccolo,m,0.41
piccolos,m,0.41
pichenette,f,2.30
pichenettes,f,2.30
pichet,m,1.42
pichets,m,1.42
pick-up,m,2.64
picker,m,0.19
pickles,m,0.47
pickpocket,m,0.87
pickpockets,m,0.87
picoleur,m,0.27
picoleurs,m,0.27
picolo,m,0.14
picoreur,m,0.07
picorée,f,0.07
picot,m,1.35
picote,f,0.14
picotement,m,1.62
picotements,m,1.62
picotin,m,0.61
picotis,m,0.07
picots,m,1.35
picrate,m,1.35
pics,m,12.43
pics-verts,m,0.28
picsou,m,0.43
pictogramme,m,0.14
pictogrammes,m,0.14
pidgin,m,0.14
pie,f,4.32
pie-grièche,f,0.07
pie-mère,f,0.07
pied,m,486.42
pied-bot,m,0.61
pied-d'alouette,m,0.01
pied-d'oeuvre,m,0.07
pied-de-biche,m,0.32
pied-de-poule,m,0.41
pied-noir,m,3.78
pied-plat,m,0.05
piedmont,m,0.23
pieds,m,486.42
pieds-de-biche,m,0.32
pieds-de-coq,m,0.07
pieds-droits,m,0.07
pieds-noirs,m,3.78
pier,m,0.01
piercing,m,1.69
piercings,m,1.69
pierraille,f,3.85
pierrailles,f,3.85
pierre,f,189.86
pierreries,f,1.89
pierres,f,189.86
pierrier,m,0.20
pierriers,m,0.20
pierrière,f,0.07
pierrot,m,1.35
pierrots,m,1.35
pierrures,f,0.07
pies,f,4.32
pietà,f,0.88
pieu,m,5.45
pieuvre,f,2.97
pieuvres,f,2.97
pieux,m,4.26
pif,m,7.23
pifomètre,m,0.61
pige,f,14.39
pigeon,m,19.26
pigeon-voyageur,m,0.14
pigeonne,f,19.26
pigeonneau,m,0.34
pigeonneaux,m,0.34
pigeonnier,m,3.45
pigeonniers,m,3.45
pigeons,m,19.26
piges,f,14.39
pigment,m,0.61
pigmentation,f,0.51
pigments,m,0.61
pigne,f,0.47
pignes,f,0.47
pignole,f,0.07
pignon,m,8.31
pignons,m,8.31
pignouf,m,0.54
pignoufs,m,0.54
pilaf,m,0.27
pilastre,m,1.15
pilastres,m,1.15
pilchards,m,0.27
pile,f,32.43
pile-poil,f,0.07
piles,f,32.43
pileuses,f,0.07
pilier,m,16.15
piliers,m,16.15
pillage,m,3.38
pillages,m,3.38
pillard,m,1.89
pillarde,f,1.89
pillards,m,1.89
pilleur,m,1.35
pilleurs,m,1.35
pilleuse,f,1.35
piloches,f,0.07
pilon,m,1.69
pilonnage,m,0.61
pilonnages,m,0.61
pilonneurs,m,0.07
pilons,m,1.69
pilori,m,2.50
piloris,m,2.50
pilosité,f,0.27
pilot,m,1.10
pilotage,m,2.44
pilotin,m,0.10
pilotis,m,2.30
pilou,m,0.95
pilsen,f,0.07
pilule,f,22.64
pilules,f,22.64
pilum,m,0.07
pilée,f,0.14
pilées,f,0.14
pimbêche,f,0.47
pimbêches,f,0.47
piment,m,4.76
piments,m,4.76
pimpon,m,0.41
pimpons,m,0.41
pimprenelle,f,0.14
pimprenelles,f,0.14
pin,m,26.62
pin's,m,0.30
pin-up,f,0.71
pinacle,m,0.61
pinacles,m,0.61
pinacothèque,f,0.20
pinaillage,m,0.02
pinailleur,m,0.02
pinard,m,6.89
pinardiers,m,0.14
pinardière,f,0.14
pinards,m,6.89
pinasse,f,0.54
pinasses,f,0.54
pince,f,14.73
pince-fesses,m,0.14
pince-mailles,m,0.07
pince-monseigneur,f,0.54
pince-nez,m,1.35
pince-sans-rire,m,0.07
pinceau,m,17.91
pinceaux,m,17.91
pincement,m,3.92
pincements,m,3.92
pinces,f,14.73
pincette,f,1.49
pincettes,f,1.49
pinceur,m,0.07
pinchart,m,0.07
pincée,f,3.31
pincées,f,3.31
pine,f,1.59
pineau,m,0.14
pines,f,1.59
ping-pong,m,2.67
pinglot,m,0.14
pinglots,m,0.14
pingouin,m,3.51
pingouins,m,3.51
pingrerie,f,0.20
pink,f,1.00
pinot,m,0.47
pinots,m,0.47
pins,m,26.62
pinson,m,2.86
pinsons,m,2.86
pintade,f,2.16
pintades,f,2.16
pinte,f,1.34
pintes,f,1.34
pinçage,m,0.10
pinçon,m,0.20
pinçons,m,0.20
pinçure,f,0.07
pinède,f,3.72
pinèdes,f,3.72
pioche,f,6.42
pioches,f,6.42
piocheur,m,0.07
piolet,m,0.31
pion,m,6.49
pionne,f,6.49
pionnier,m,9.73
pionniers,m,9.73
pionnière,f,9.73
pionnières,f,9.73
pions,m,6.49
piot,m,0.34
piots,m,0.34
pioupiou,m,0.34
pioupious,m,0.34
pipa,m,0.07
pipe,f,32.84
pipe-line,m,0.34
pipe-lines,m,0.34
pipeau,m,2.09
pipeaux,m,2.09
pipelet,m,0.47
pipelets,m,0.47
pipelette,f,1.82
pipelettes,f,1.82
pipeline,m,0.51
pipelines,m,0.51
piperade,f,0.07
piperie,f,0.07
pipes,f,32.84
pipette,f,0.68
pipettes,f,0.68
pipeur,m,0.47
pipeuse,f,0.47
pipeuses,f,0.47
pipi,m,15.36
pipi-room,m,0.05
pipiers,m,0.07
pipis,m,15.36
pipistrelle,f,0.13
pipo,m,0.18
pipée,f,0.07
pipées,f,0.07
piquage,m,0.07
piquages,m,0.07
piquant,m,1.76
piquants,m,1.76
pique-boeufs,m,0.07
pique-feu,m,0.81
pique-nique,m,6.05
pique-niques,m,6.05
pique-niqueurs,m,0.27
piquerons,m,0.14
piquet,m,9.39
piquetage,m,0.07
piquetis,m,0.14
piquets,m,9.39
piquette,f,1.15
piquettes,f,1.15
piqueur,m,1.35
piqueurs,m,1.35
piqueuse,f,1.35
piqueuses,f,1.35
piqueux,m,0.20
piquier,m,0.07
piquouse,f,0.95
piquouses,f,0.95
piquouze,f,0.34
piquouzes,f,0.34
piqûre,f,11.41
piqûres,f,11.41
piranha,m,1.32
piranhas,m,1.32
piratage,m,0.56
piratages,m,0.56
pirate,m,8.14
piraterie,f,0.61
pirateries,f,0.61
pirates,m,8.14
pire,m,47.19
pirogue,f,4.73
pirogues,f,4.73
pirojki,m,0.28
pirojkis,m,0.28
pirolle,f,0.20
pirouette,f,3.51
pirouettes,f,3.51
pis,m,3.18
pis-aller,m,0.81
pisans,m,0.07
pisciculteur,m,0.07
pisciculture,f,0.14
piscine,f,23.62
piscines,f,23.62
pisiforme,m,0.03
pissaladière,f,0.07
pissat,m,0.41
pisse,f,5.99
pisse-froid,m,0.34
pisse-vinaigre,m,0.07
pissenlit,m,3.24
pissenlits,m,3.24
pisses,f,5.99
pissette,f,0.20
pisseur,m,0.88
pisseurs,m,0.88
pisseuse,f,0.88
pisseuses,f,0.88
pissoir,m,0.02
pissotière,f,3.45
pissotières,f,3.45
pissou,m,5.28
pistache,f,1.69
pistaches,f,1.69
pistachier,m,0.14
pistachiers,m,0.14
pistage,m,0.30
pistard,m,0.47
pistards,m,0.47
piste,f,51.77
pistes,f,51.77
pisteur,m,0.95
pisteurs,m,0.95
pistil,m,0.81
pistils,m,0.81
pistole,f,1.09
pistolero,m,0.24
pistoleros,m,0.24
pistoles,f,1.09
pistolet,m,34.92
pistolet-mitrailleur,m,0.02
pistolets,m,34.92
pistoleurs,m,0.07
pistolétade,f,0.14
piston,m,3.18
pistonné,m,0.35
pistonnée,f,0.35
pistonnés,m,0.35
pistons,m,3.18
pistou,m,0.38
pisé,m,0.47
pit bull,m,0.63
pit-bull,m,0.63
pit-bulls,m,0.63
pita,m,0.73
pitaine,m,2.09
pitance,f,2.70
pitances,f,2.70
pitancier,m,0.07
pitas,m,0.73
pitbull,m,1.02
pitbulls,m,1.02
pitch,m,0.29
pitchoun,m,0.07
pitchoune,f,0.07
pitchounet,m,0.14
pitchounette,f,0.14
pitchpin,m,0.47
pithiviers,m,0.07
pithécanthrope,m,0.34
pithécanthropes,m,0.34
pitié,f,76.38
pitiés,f,76.38
piton,m,7.30
pitons,m,7.30
pitre,m,1.96
pitrerie,f,1.28
pitreries,f,1.28
pitres,m,1.96
pittoresque,m,3.65
pittoresques,m,3.65
pituite,f,0.07
pityriasis,m,0.07
pive,f,0.07
pivert,m,0.88
piverts,m,0.88
pivoine,f,1.96
pivoines,f,1.96
pivot,m,1.69
pivotement,m,0.07
pivots,m,1.69
pixel,m,0.36
pixels,m,0.36
pizza,f,23.09
pizzaiolo,m,0.02
pizzas,f,23.09
pizzeria,f,2.12
pizzerias,f,2.12
pizzicato,m,0.29
pièce,f,276.35
pièces,f,276.35
piège,m,33.12
pièges,m,33.12
piètement,m,0.07
piécette,f,1.89
piécettes,f,1.89
piédestal,m,2.09
piédestaux,m,2.09
piédroit,m,0.20
piédroits,m,0.20
piégeage,m,0.27
piégeages,m,0.27
piégeur,m,0.34
piégeurs,m,0.34
piégeuse,f,0.34
piégeuses,f,0.34
piémont,m,0.14
piémontais,m,0.60
piéride,f,0.14
piérides,f,0.14
piéta,f,0.15
piétaille,f,1.28
piétement,m,0.47
piétin,m,0.07
piétinement,m,5.34
piétinements,m,5.34
piéton,m,3.72
piétonnes,f,3.72
piétons,m,3.72
piété,f,7.70
placage,m,0.34
placages,m,0.34
placard,m,34.39
placardier,m,0.14
placards,m,34.39
place,f,468.58
placebo,m,0.52
placebos,m,0.52
placement,m,3.12
placements,m,3.12
placenta,m,0.70
placentas,m,0.70
placer,m,0.68
places,f,468.58
placet,m,0.27
placets,m,0.27
placette,f,1.82
placettes,f,1.82
placeur,m,0.34
placeurs,m,0.34
placeuse,f,0.34
placeuses,f,0.34
placidité,f,2.03
placier,m,0.14
placiers,m,0.14
placoplâtre,m,0.06
plafond,m,50.34
plafonds,m,50.34
plafonnement,m,0.07
plafonnier,m,1.42
plafonniers,m,1.42
plafonnière,f,1.42
plage,f,86.89
plages,f,86.89
plagiaire,m,0.19
plagiaires,m,0.19
plagiat,m,0.41
plagiats,m,0.41
plagioclase,m,0.01
plaid,m,1.15
plaideur,m,0.47
plaideurs,m,0.47
plaidoirie,f,2.36
plaidoiries,f,2.36
plaidoyer,m,1.28
plaidoyers,m,1.28
plaids,m,1.15
plaie,f,24.26
plaies,f,24.26
plaignant,m,1.56
plaignante,f,1.56
plaignantes,f,1.56
plaignants,m,1.56
plain-chant,m,0.27
plain-pied,m,3.65
plaine,f,39.86
plaines,f,7.43
plainte,f,26.69
plaintes,f,26.69
plaisance,f,2.03
plaisancier,m,0.20
plaisanciers,m,0.20
plaisant,m,1.15
plaisanterie,f,26.49
plaisanteries,f,26.49
plaisantin,m,0.95
plaisantins,m,0.95
plaisants,m,1.15
plaisir,m,233.85
plaisirs,m,233.85
plan,m,147.54
plan-séquence,m,0.10
planche,f,41.55
plancher,m,31.15
planchers,m,31.15
planches,f,41.55
planches-contacts,f,0.07
planchette,f,2.50
planchettes,f,2.50
plancton,m,0.65
planctons,m,0.65
plane,f,0.48
planelle,f,0.01
planement,m,0.07
planes,f,0.48
planeur,m,1.31
planeurs,m,1.31
planificateur,m,0.06
planification,f,0.42
planificatrice,f,0.06
planisphère,m,1.15
planisphères,m,1.15
planitude,f,0.14
planning,m,4.77
plannings,m,4.77
planque,f,9.10
planques,f,9.10
plans,m,147.54
plant,m,4.53
plantage,m,0.04
plantain,m,0.14
plantains,m,0.14
plantation,f,6.35
plantations,f,6.35
plante,f,35.00
plantes,f,35.00
planteur,m,2.23
planteurs,m,2.23
plantier,m,0.70
plantigrade,m,0.20
plantoir,m,0.14
planton,m,2.91
plantons,m,2.91
plants,m,4.53
planète,f,61.11
planètes,f,61.11
planétarium,m,0.31
planétariums,m,0.31
planétoïde,m,0.04
plaquage,m,0.26
plaquages,m,0.26
plaque,f,46.15
plaqueminiers,m,0.14
plaques,f,46.15
plaquette,f,4.26
plaquettes,f,4.26
plaqueur,m,0.07
plasma,m,2.85
plasmaphérèse,f,0.08
plaste,m,0.01
plastic,m,1.15
plasticage,m,0.34
plasticages,m,0.34
plasticien,m,0.40
plasticienne,f,0.40
plasticité,f,0.27
plastie,f,0.03
plastifiant,m,0.01
plastification,f,0.01
plastiquage,m,0.16
plastiqueur,m,0.22
plastisol,m,0.01
plastoc,m,0.20
plastron,m,2.57
plastronneur,m,0.07
plastrons,m,2.57
plat,m,61.35
plat-bord,m,0.61
plat-ventre,m,0.11
platane,m,13.99
platanes,m,13.99
plate,f,0.54
plate-bande,f,2.77
plate-forme,f,11.15
plateau,m,54.53
plateau-repas,m,0.14
plateaux,m,54.53
plateaux-repas,m,0.07
platebandes,f,0.06
plateforme,f,0.59
platelage,m,0.07
plates,f,0.54
plates-bandes,f,2.77
plates-formes,f,11.15
platitude,f,2.30
platitudes,f,2.30
platière,f,0.07
platonicien,m,0.07
plats,m,61.35
plats-bords,m,0.61
platures,m,0.14
platée,f,0.61
platées,f,0.61
plausibilité,f,0.04
play back,m,0.59
play-back,m,0.59
play-boy,m,1.08
play-boys,m,1.08
playboy,m,0.38
playmate,f,0.36
playmates,f,0.36
playon,m,0.02
plaza,f,2.91
plazza,f,0.14
plectre,m,0.07
plein,m,13.38
plein-air,m,0.20
plein-cintre,m,0.07
plein-emploi,m,0.01
plein-temps,m,0.12
pleins,m,13.38
plessis,m,0.07
plet,m,0.07
pleur,m,12.50
pleurard,m,0.07
pleurement,m,0.20
pleurements,m,0.20
pleureur,m,1.22
pleureurs,m,1.22
pleureuse,f,1.22
pleureuses,f,1.22
pleurite,f,0.10
pleurnichage,m,0.03
pleurnichages,m,0.03
pleurnichard,m,0.55
pleurnichards,m,0.55
pleurnichement,m,0.34
pleurnichements,m,0.34
pleurnicherie,f,0.54
pleurnicheries,f,0.54
pleurnicheur,m,0.28
pleurnicheurs,m,0.28
pleurnicheuse,f,0.28
pleurnicheuses,f,0.28
pleurotes,m,0.07
pleurs,m,12.50
pleurésie,f,0.54
pleutre,m,0.61
pleutrerie,f,0.14
pleutres,m,0.61
plexi,m,0.01
plexiglas,m,0.47
plexus,m,0.88
pleyel,m,0.07
pli,m,41.42
pliage,m,0.54
pliages,m,0.54
pliant,m,2.03
pliants,m,2.03
plie,f,0.47
plies,f,0.47
plieur,m,0.02
plieuse,f,0.02
plinthe,f,2.43
plinthes,f,2.43
pliocène,m,0.01
plioir,m,0.14
plions,m,0.03
plique,f,0.03
plis,m,41.42
plissement,m,1.08
plissements,m,1.08
plisseur,m,0.07
plissure,f,0.20
plissures,f,0.20
plissé,m,0.41
plissés,m,0.41
pliure,f,0.95
pliures,f,0.95
plié,m,0.88
pliés,m,0.88
ploiement,m,0.27
plomb,m,22.64
plombage,m,0.99
plombages,m,0.99
plombe,f,7.09
plomberie,f,2.32
plomberies,f,2.32
plombes,f,7.09
plombier,m,5.85
plombiers,m,5.85
plombières,f,0.20
plombs,m,22.64
plombure,f,0.07
plombée,f,0.27
plombées,f,0.27
plonge,f,4.66
plongement,m,0.07
plongeoir,m,1.08
plongeoirs,m,1.08
plongeon,m,4.05
plongeons,m,4.05
plongeur,m,3.89
plongeurs,m,3.89
plongeuse,f,3.89
plongeuses,f,3.89
plongée,f,6.74
plongées,f,6.74
plot,m,0.61
plots,m,0.61
plouc,m,3.90
ploucs,m,3.90
plouk,m,0.68
ploutocrate,m,0.07
ploutocrates,m,0.07
ploutocratie,f,0.20
pluches,f,0.54
pluie,f,122.57
pluies,f,122.57
plum,m,60.00
plum-pudding,m,0.07
plumage,m,2.64
plumages,m,2.64
plumard,m,5.95
plumards,m,5.95
plumassière,f,0.07
plume,f,60.00
plumeau,m,2.70
plumeaux,m,2.70
plumes,f,60.00
plumet,m,2.03
plumetis,m,0.20
plumets,m,2.03
plumier,m,1.35
plumiers,m,1.35
plumitif,m,1.15
plumitifs,m,1.15
plumitives,f,0.07
plumules,f,0.07
plumée,f,0.02
pluralisme,m,0.16
pluralité,f,0.27
pluriel,m,3.11
pluriels,m,3.11
plus,m,21.02
plus-que-parfait,m,0.14
plus-que-parfaits,m,0.14
plus-value,f,0.72
plus-values,f,0.72
pluton,m,0.14
plutonium,m,1.48
pluvier,m,0.27
pluviers,m,0.27
pluviomètre,m,0.14
pluviomètres,m,0.14
pluviométrie,f,0.02
pluviosité,f,0.07
pluviôse,m,0.14
plâtras,m,0.95
plâtre,m,15.81
plâtres,m,15.81
plâtrier,m,1.01
plâtriers,m,1.01
plèbe,f,0.70
plèvre,f,0.31
plèvres,f,0.31
plébiscite,m,0.95
plébiscites,m,0.95
plébéien,m,0.14
plébéienne,f,0.14
plébéiennes,f,0.14
plébéiens,m,0.14
pléiade,f,1.82
pléiades,f,1.82
pléistocène,m,0.02
plénitude,f,6.96
plénitudes,f,6.96
plénum,m,0.11
pléonasme,m,0.47
pléonasmes,m,0.47
plésiosaure,m,0.14
pléthore,f,0.32
pneu,m,17.03
pneumatique,m,1.55
pneumatiques,m,1.55
pneumatophore,m,0.07
pneumo,m,0.34
pneumoconiose,f,0.01
pneumocoque,m,0.07
pneumocoques,m,0.07
pneumocystose,f,0.34
pneumonectomie,f,0.01
pneumonie,f,4.96
pneumonies,f,4.96
pneumopathie,f,0.07
pneumos,m,0.34
pneumothorax,m,0.45
pneus,m,17.03
pneus-neige,m,0.02
pochade,f,0.41
pochades,f,0.41
pochage,m,0.07
pochard,m,1.01
pocharde,f,1.01
pochards,m,1.01
pochetron,m,0.14
pochetrons,m,0.14
pochette,f,8.85
pochette-surprise,f,0.34
pochettes,f,8.85
pochettes-surprises,f,0.34
pochetée,f,0.14
pochetées,f,0.14
pochoir,m,0.95
pochon,m,0.47
pochons,m,0.47
pochtron,m,0.12
pochtrons,m,0.12
podestat,m,0.27
podestats,m,0.27
podium,m,2.16
podiums,m,2.16
podomètre,m,0.01
poecile,m,0.07
pogne,f,13.38
pognes,f,13.38
pognon,m,13.85
pogo,m,0.16
pogrom,m,1.08
pogrome,m,0.47
pogromes,m,0.47
pogroms,m,1.08
poids,m,89.05
poids-lourds,m,0.07
poignard,m,10.14
poignards,m,10.14
poigne,f,5.41
poignes,f,5.41
poignet,m,42.84
poignets,m,42.84
poignée,f,46.08
poignées,f,46.08
poil,m,76.01
poil-de-carotte,m,0.07
poils,m,76.01
poing,m,76.08
poings,m,76.08
poinsettia,f,0.04
point,m,323.58
point-clé,m,0.02
point-virgule,m,0.07
pointage,m,0.41
pointages,m,0.41
pointe,f,83.85
pointeau,m,0.14
pointement,m,0.07
pointer,m,0.12
pointers,m,0.12
pointes,f,83.85
pointeur,m,0.61
pointeurs,m,0.61
pointeuse,f,0.61
pointillisme,m,0.01
pointillé,m,2.97
pointillés,m,2.97
points,m,323.58
points-virgules,m,0.07
pointure,f,3.27
pointures,f,3.27
poinçon,m,1.89
poinçonneur,m,0.20
poinçonneurs,m,0.20
poinçons,m,1.89
poire,f,15.07
poire-vérité,f,0.07
poireau,m,2.84
poireaux,m,2.84
poires,f,15.07
poirier,m,3.65
poiriers,m,3.65
poiré,m,0.27
poirée,f,0.27
pois,m,13.72
poiscaille,f,0.81
poiscailles,f,0.81
poison,m,19.76
poisons,m,19.76
poissard,m,0.14
poissardes,f,0.14
poisse,f,5.62
poisses,f,5.62
poisson,m,81.51
poisson-chat,m,0.64
poisson-globe,m,0.02
poisson-lune,m,0.15
poisson-pilote,m,0.07
poisson-épée,m,0.09
poissonnerie,f,0.47
poissonnier,m,0.88
poissonniers,m,0.88
poissonnière,f,3.92
poissonnières,f,0.88
poissons,m,81.51
poissons-chats,m,0.64
poitrail,m,5.07
poitrails,m,5.07
poitrine,f,104.46
poitrines,f,104.46
poitrinières,f,0.14
poivrade,f,0.68
poivrades,f,0.68
poivre,m,6.89
poivres,m,6.89
poivrier,m,0.88
poivriers,m,0.88
poivrière,f,0.34
poivrières,f,0.34
poivron,m,2.35
poivrons,m,2.35
poivrot,m,3.53
poivrote,f,3.53
poivrotes,f,3.53
poivrots,m,3.53
poix,f,1.22
poker,m,10.76
pokers,m,10.76
polaire,f,0.11
polak,m,0.41
polaks,m,0.41
polaque,m,0.47
polaques,m,0.47
polar,m,1.49
polarisation,f,0.06
polarité,f,0.54
polaroid,m,0.39
polaroïd,m,0.95
polaroïds,m,0.95
polars,m,1.49
polder,m,0.20
polders,m,0.20
pole,m,0.22
polenta,f,0.88
poli,m,2.23
police,f,276.21
police-secours,f,0.47
policeman,m,0.41
policemen,m,0.41
polices,f,276.21
polichinelle,m,2.09
polichinelles,m,2.09
policier,m,34.15
policiers,m,34.15
policière,f,34.15
policières,f,34.15
policlinique,f,0.10
polio,f,1.10
poliomyélite,f,0.28
polios,f,1.10
polis,m,2.23
polish,m,0.07
polissage,m,0.41
polissages,m,0.41
polisseur,m,0.14
polisseurs,m,0.14
polisseuse,f,0.14
polissoir,m,0.07
polisson,m,1.14
polissonne,f,1.14
polissonnerie,f,0.20
polissonneries,f,0.20
polissonnes,f,1.14
polissons,m,1.14
polissure,f,0.07
politburo,m,0.47
politesse,f,20.54
politesses,f,20.54
politicard,m,0.41
politicards,m,0.41
politicien,m,7.67
politicienne,f,7.67
politiciens,m,7.67
politique-fiction,f,0.07
politisation,f,0.01
polka,f,7.64
polkas,f,7.64
pollen,m,1.89
pollens,m,1.89
pollinies,f,0.07
pollinisation,f,0.09
pollueur,m,0.25
pollueurs,m,0.25
pollueuse,f,0.25
pollution,f,2.38
pollutions,f,2.38
polo,m,2.03
poloche,f,0.34
polochon,m,0.81
polochons,m,0.81
polonais,m,9.32
polonaise,f,9.32
polonaises,f,9.32
polos,m,2.03
polski,m,0.14
poltron,m,0.74
poltronnerie,f,0.55
poltrons,m,0.74
poly,m,0.30
polyacrylate,m,0.03
polyamide,m,0.20
polyamides,m,0.20
polyarthrite,f,0.03
polycarbonate,m,0.03
polychlorure,m,0.01
polychromie,f,0.27
polyclinique,f,0.23
polycopie,f,0.07
polycopié,m,0.20
polycopiés,m,0.20
polyculture,f,0.07
polydactylie,f,0.01
polyester,m,0.46
polygamie,f,0.49
polygone,m,0.88
polygones,m,0.88
polymorphie,f,0.02
polymorphismes,m,0.03
polymère,m,0.16
polymérase,f,0.05
polynésien,m,0.07
polynésiennes,f,0.07
polynésiens,m,0.07
polype,m,0.74
polypes,m,0.74
polyphonie,f,0.14
polypier,m,0.14
polypiers,m,0.14
polypropylène,m,0.14
polysaccharides,m,0.01
polystyrène,m,0.38
polytechnicien,m,1.35
polytechnicienne,f,1.35
polytechniciens,m,1.35
polytechnique,f,0.47
polythène,m,0.01
polytonalité,f,0.07
polyuréthane,m,0.05
polyvalence,f,0.14
polyvalents,m,0.14
polyvinyle,m,0.07
polyèdre,m,0.20
polyèdres,m,0.20
polyéthylène,m,0.14
polémique,f,1.35
polémiques,f,1.35
pom-pom girl,f,2.06
pom-pom girls,f,2.06
pomelo,m,0.01
pomerols,m,0.07
pommade,f,3.04
pommades,f,3.04
pommadin,m,0.07
pommard,m,0.20
pommards,m,0.20
pomme,f,82.36
pommeau,m,4.26
pommeaux,m,4.26
pommeraie,f,0.14
pommes,f,82.36
pommette,f,16.35
pommettes,f,16.35
pommier,m,8.78
pommiers,m,8.78
pompage,m,0.35
pompe,f,35.14
pompes,f,35.14
pompeur,m,0.27
pompier,m,13.01
pompiers,m,13.01
pompiérisme,m,0.07
pompon,m,3.92
pompons,m,3.92
pomélo,m,0.01
poméranienne,f,0.47
poméraniennes,f,0.47
poméraniens,m,0.47
ponant,m,0.34
ponce,f,0.14
ponceau,m,0.41
ponceaux,m,0.41
ponceuse,f,0.41
poncho,m,1.04
ponchos,m,1.04
poncif,m,0.95
poncifs,m,0.95
ponction,f,1.72
ponctions,f,1.72
ponctualité,f,1.42
ponctuation,f,1.55
ponctuations,f,1.55
pondeur,m,0.20
pondeuse,f,0.20
pondeuses,f,0.20
pondoir,m,0.20
pondoirs,m,0.20
pondération,f,0.47
ponette,f,0.47
ponettes,f,0.47
poney,m,4.80
poneys,m,4.80
pongo,m,1.72
pongé,m,0.20
pont,m,90.81
pont-l'évêque,m,0.07
pont-levis,m,1.42
pont-neuf,m,2.43
pont-promenade,m,0.07
pontage,m,0.65
pontages,m,0.65
pontet,m,0.20
pontets,m,0.20
pontife,m,1.28
pontifes,m,1.28
pontificat,m,0.14
pontil,m,0.07
ponton,m,3.99
pontonnier,m,0.81
pontonniers,m,0.81
pontons,m,3.99
ponts,m,90.81
ponts-levis,m,0.27
ponçage,m,0.14
pool,m,1.19
pop-corn,m,3.79
popaul,m,0.28
pope,m,6.42
popeline,f,4.66
popes,m,6.42
popote,f,2.57
popotes,f,2.57
popotin,m,0.79
populace,f,2.36
popularité,f,2.03
popularités,f,2.03
population,f,33.65
populations,f,33.65
populisme,m,0.14
populismes,m,0.14
populo,m,1.55
poque,f,0.16
poquette,f,0.07
porc,m,41.07
porc-épic,m,0.55
porcelaine,f,12.43
porcelaines,f,12.43
porcelainiers,m,0.07
porcelet,m,0.57
porcelets,m,0.57
porche,m,17.03
porcher,m,1.48
porcherie,f,2.76
porcheries,f,2.76
porches,m,17.03
porchère,f,1.48
porchères,f,1.48
porcif,f,0.34
porcifs,f,0.34
porcin,m,0.12
porcins,m,0.12
porcs,m,41.07
pore,m,3.51
pores,m,3.51
porno,m,9.77
pornographie,f,1.81
pornographies,f,1.81
pornos,m,9.77
porosité,f,0.34
porphyre,m,1.49
porphyres,m,1.49
porphyrie,f,0.12
porque,f,0.32
porridge,m,1.13
port,m,76.42
port-salut,m,0.20
portabilité,f,0.01
portage,m,0.74
portail,m,22.97
portails,m,22.97
portance,f,0.29
portant,m,3.38
portants,m,3.38
porte,f,617.43
porte-aiguille,m,0.07
porte-avion,m,0.07
porte-avions,m,1.22
porte-bagages,m,3.11
porte-bannière,m,0.07
porte-billets,m,0.14
porte-bois,m,0.07
porte-bonheur,m,4.58
porte-bouteilles,m,0.27
porte-bébé,m,0.02
porte-cannes,m,0.07
porte-carte,m,0.07
porte-cartes,m,0.34
porte-chance,m,0.17
porte-chapeaux,m,0.04
porte-cigarette,m,0.20
porte-cigarettes,m,0.74
porte-clef,m,0.14
porte-clefs,m,0.34
porte-clé,m,0.10
porte-clés,m,1.44
porte-conteneurs,m,0.01
porte-coton,m,0.07
porte-couilles,m,0.07
porte-couteau,m,0.07
porte-couteaux,m,0.07
porte-cravate,m,0.07
porte-crayon,m,0.01
porte-document,m,0.01
porte-documents,m,0.86
porte-drapeau,m,0.68
porte-drapeaux,m,0.07
porte-fanion,m,0.14
porte-fenêtre,f,4.46
porte-flingue,m,0.08
porte-flingues,m,0.08
porte-forets,m,0.07
porte-glaive,m,1.01
porte-jarretelles,m,1.89
porte-malheur,m,0.19
porte-mine,m,0.14
porte-monnaie,m,6.01
porte-musique,m,0.07
porte-objet,m,0.01
porte-papier,m,0.07
porte-parapluie,m,0.07
porte-parapluies,m,0.47
porte-plume,m,3.78
porte-plumes,m,3.78
porte-queue,m,0.01
porte-savon,m,0.27
porte-serviette,m,0.20
porte-serviettes,m,0.20
porte-tambour,m,0.34
porte-voix,m,2.64
porte-à-faux,m,0.61
porte-à-porte,m,0.41
porte-épée,m,0.14
porte-étendard,m,0.34
porte-étendards,m,0.34
porte-étrier,m,0.07
portefaix,m,1.15
portefeuille,m,21.15
portefeuilles,m,21.15
portemanteau,m,4.05
portemanteaux,m,4.05
portement,m,0.07
porter,m,3.87
porterie,f,0.14
portes,f,617.43
portes-fenêtres,f,4.46
porteur,m,13.31
porteurs,m,13.31
porteuse,f,13.31
porteuses,f,13.31
portfolio,m,0.68
portier,m,45.00
portiers,m,45.00
portillon,m,3.24
portillons,m,3.24
portion,f,7.57
portions,f,7.57
portique,m,4.53
portiques,m,4.53
portière,f,45.00
portières,f,45.00
portland,m,0.07
porto,m,5.00
portor,m,0.07
portoricain,m,1.27
portoricaine,f,1.27
portoricaines,f,1.27
portoricains,m,1.27
portos,m,5.00
portrait,m,54.59
portrait-robot,m,1.17
portraits,m,54.59
portraits-robots,m,1.17
ports,m,76.42
portugais,m,7.89
portugaise,f,7.89
portugaises,f,7.89
portulan,m,0.61
portulans,m,0.61
portus,m,0.07
portée,f,33.85
portées,f,33.85
posada,f,0.81
posadas,f,0.81
pose,f,19.93
pose-la-moi,f,0.01
posemètre,m,0.02
poses,f,19.93
poseur,m,0.96
poseurs,m,0.96
poseuse,f,0.96
positif,m,2.74
positifs,m,2.74
position,f,63.38
position-clé,f,0.01
positionnement,m,0.23
positionneur,m,0.01
positions,f,63.38
positivisme,m,0.14
positivité,f,0.17
positon,m,0.01
positron,m,0.14
positrons,m,0.14
posologie,f,0.34
posologies,f,0.34
possesseur,m,3.78
possesseurs,m,3.78
possessif,m,0.61
possessifs,m,0.61
possession,f,27.64
possessions,f,27.64
possessivité,f,0.20
possibilité,f,30.54
possibilités,f,30.54
possible,m,16.42
possibles,m,16.42
possédant,m,0.68
possédants,m,0.68
possédé,m,1.89
possédée,f,1.89
possédées,f,1.89
possédés,m,1.89
post it,m,1.85
post-empire,m,0.07
post-impressionnisme,m,0.01
post-it,m,1.85
post-partum,m,0.04
post-production,f,0.14
post-rupture,f,0.01
post-scriptum,m,1.96
post-zoo,m,0.01
postage,m,0.01
postcombustion,f,0.12
postcure,f,0.27
poster,m,2.41
posters,m,2.41
postface,f,0.27
postfaces,f,0.27
postiche,m,0.74
postiches,m,0.74
postier,m,2.03
postiers,m,2.03
postillon,m,1.42
postillonneur,m,0.14
postillonneurs,m,0.14
postillons,m,1.42
postière,f,2.03
postmodernisme,m,0.07
postproduction,f,0.02
postsynchronisation,f,0.07
postulant,m,1.28
postulante,f,1.28
postulantes,f,1.28
postulants,m,1.28
postulat,m,0.95
postulations,f,0.07
postulats,m,0.95
posture,f,9.46
postures,f,9.46
postérieur,m,1.35
postérieurs,m,1.35
postérité,f,2.30
postérités,f,2.30
pot,m,48.04
pot-au-feu,m,0.90
pot-bouille,m,0.01
pot-de-vin,m,1.22
pot-pourri,m,0.68
potache,m,0.54
potaches,m,0.54
potage,m,6.22
potager,m,3.24
potagers,m,3.24
potages,m,6.22
potard,m,0.68
potasse,f,0.27
potassium,m,1.68
pote,m,84.92
poteau,m,13.04
poteaux,m,13.04
potence,f,3.40
potences,f,3.40
potentat,m,0.41
potentats,m,0.41
potentialisation,f,0.01
potentialité,f,0.38
potentiel,m,6.04
potentiels,m,6.04
potentiomètre,m,0.20
poterie,f,4.32
poteries,f,4.32
poterne,f,2.03
poternes,f,2.03
potes,m,84.92
potiche,f,1.15
potiches,f,1.15
potier,m,0.68
potiers,m,0.68
potimarron,m,0.01
potin,m,3.85
potins,m,3.85
potion,f,11.59
potions,f,11.59
potiron,m,1.08
potirons,m,1.08
potière,f,0.68
potlatch,m,0.20
poto-poto,m,0.14
potos,m,0.07
potron-minet,m,0.27
pots,m,48.04
pots-de-vin,m,1.98
pots-pourris,m,0.68
potée,f,1.35
potées,f,1.35
pou,m,10.41
pouacre,m,0.07
poubelle,f,22.91
poubelles,f,22.91
pouce,m,35.34
pouce-pied,m,0.01
pouces,m,35.34
poucet,m,1.08
poucets,m,1.08
poucette,f,1.18
poucettes,f,1.18
pouding,m,0.16
poudingue,m,0.07
poudrage,m,0.07
poudre,f,30.27
poudres,f,30.27
poudrette,f,0.07
poudreuse,f,0.26
poudrier,m,1.42
poudriers,m,1.42
poudrière,f,0.61
poudroiement,m,1.15
poudroiements,m,1.15
pouf,m,5.07
pouffement,m,0.14
pouffements,m,0.14
pouffiasse,f,3.09
pouffiasses,f,3.09
poufiasse,f,1.64
poufiasses,f,1.64
poufs,m,5.07
pouille,f,0.07
pouillerie,f,0.54
pouilleries,f,0.54
pouilles,f,0.07
pouilleuse,f,1.27
pouilleux,m,1.27
pouillot,m,0.07
pouillots,m,0.07
pouilly,m,0.34
pouillés,m,0.01
poujadisme,m,0.07
poulaga,m,2.43
poulagas,m,2.43
poulaille,f,0.41
poulailler,m,3.51
poulaillers,m,3.51
poulain,m,3.78
poulaine,f,3.78
poulaines,f,3.78
poulains,m,3.78
poularde,f,0.54
poulardes,f,0.54
poulardin,m,0.34
poulardins,m,0.34
poulbot,m,0.54
poulbots,m,0.54
poule,f,36.70
poules,f,36.70
poulet,m,41.25
poulets,m,41.25
poulette,f,3.41
poulettes,f,3.41
pouliche,f,2.09
pouliches,f,2.09
poulie,f,3.11
poulies,f,3.11
poulinière,f,0.07
poulot,m,0.20
poulots,m,0.20
poulpe,m,3.11
poulpes,m,3.11
pouls,m,15.64
poumon,m,21.55
poumons,m,21.55
pound,m,0.20
pounds,m,0.20
poupard,m,0.68
poupards,m,0.68
poupe,f,2.97
poupon,m,2.77
pouponnage,m,0.07
pouponnière,f,0.23
pouponnières,f,0.23
poupons,m,2.77
poupoule,f,0.74
poupée,f,27.59
poupées,f,27.59
pour,m,27.69
pour-cent,m,0.56
pourboire,m,8.77
pourboires,m,8.77
pourceau,m,0.95
pourceaux,m,0.95
pourcent,m,0.45
pourcentage,m,4.75
pourcentages,m,4.75
pourcents,m,0.45
pourchas,m,0.27
pourchasseur,m,0.07
pourcif,m,0.07
pourfendeur,m,0.16
pourim,m,0.68
pourliche,m,1.76
pourliches,m,1.76
pourparler,m,0.15
pourparlers,m,2.23
pourpier,m,0.20
pourpiers,m,0.20
pourpoint,m,1.49
pourpoints,m,1.49
pourquoi,m,3.18
pourri,m,4.59
pourris,m,4.59
pourrissement,m,0.88
pourrissoir,m,0.41
pourriture,f,6.89
pourritures,f,6.89
poursuite,f,15.47
poursuites,f,15.47
poursuivant,m,2.43
poursuivante,f,2.43
poursuivants,m,2.43
poursuiveurs,m,0.01
pourtour,m,2.84
pourtours,m,2.84
pourvoi,m,0.31
pourvois,m,0.31
pourvoyeur,m,1.35
pourvoyeurs,m,1.35
pourvoyeuse,f,1.35
poussah,m,0.27
pousse,f,8.57
pousse-au-crime,m,0.07
pousse-café,m,0.68
pousse-cailloux,m,0.07
pousse-pousse,m,1.43
pousses,f,8.57
poussette,f,2.43
poussettes,f,2.43
pousseur,m,0.34
pousseurs,m,0.34
poussier,m,0.81
poussin,m,7.50
poussine,f,0.07
poussinière,f,0.07
poussins,m,7.50
poussière,f,78.45
poussières,f,78.45
poussoir,m,0.07
poussée,f,11.22
poussées,f,11.22
poutargue,f,0.07
poutou,m,0.34
poutrages,m,0.07
poutraison,f,0.14
poutre,f,15.74
poutrelle,f,2.03
poutrelles,f,2.03
poutres,f,15.74
pouvoir,m,117.87
pouvoirs,m,117.87
poux,m,10.41
pouzzolane,f,0.14
poème,m,31.22
poèmes,m,31.22
poète,m,35.95
poètes,m,35.95
poésie,f,21.89
poésies,f,21.89
poétesse,f,35.95
poétesses,f,35.95
poéticien,m,0.07
poétique,f,0.68
poétiques,f,0.68
poêlon,m,0.41
practice,m,0.15
pradelle,f,6.08
praesidium,m,0.14
pragmatisme,m,0.27
praire,f,0.20
praires,f,0.20
prairial,m,0.20
prairie,f,19.66
prairies,f,19.66
praline,f,1.76
pralines,f,1.76
praliné,m,0.14
prang,m,0.11
praticien,m,1.76
praticienne,f,1.76
praticiens,m,1.76
pratiquant,m,0.34
pratiquante,f,0.34
pratiquants,m,0.34
praxie,f,0.10
premier,m,173.92
premier-maître,m,0.16
premier-né,m,0.91
premiers,m,173.92
premiers-nés,m,0.91
premium,m,0.05
première,f,173.92
première-née,f,0.11
premières,f,173.92
preneur,m,2.21
preneurs,m,2.21
preneuse,f,2.21
presbyterium,m,0.07
presbytie,f,0.34
presbytère,m,3.51
presbytérien,m,0.07
presbytérienne,f,0.07
prescience,f,1.01
prescription,f,2.50
prescriptions,f,2.50
presqu'île,f,1.49
presqu'îles,f,1.49
press-book,m,0.03
pressage,m,0.07
presse,f,45.77
presse-agrumes,m,0.04
presse-citron,m,0.02
presse-fruits,m,0.07
presse-papier,m,0.27
presse-papiers,m,0.47
presse-purée,m,0.41
presse-raquette,m,0.07
pressement,m,0.34
pressements,m,0.34
pressentiment,m,8.72
pressentiments,m,8.72
presses,f,45.77
pressing,m,2.63
pressings,m,2.63
pression,f,37.28
pressions,f,37.28
pressoir,m,1.15
pressoirs,m,1.15
pressurisation,f,0.38
pressé,m,1.49
pressée,f,1.49
pressées,f,1.49
pressés,m,1.49
prestance,f,2.30
prestation,f,2.30
prestations,f,2.30
prestesse,f,0.61
prestidigitateur,m,1.89
prestidigitateurs,m,1.89
prestidigitation,f,0.41
prestidigitations,f,0.41
prestidigitatrice,f,1.89
prestige,m,16.96
prestiges,m,16.96
preuve,f,107.54
preuves,f,107.54
preux,m,0.74
priant,m,0.27
priapisme,m,0.17
prie-dieu,m,2.64
prieur,m,8.85
prieure,f,8.85
prieurs,m,8.85
prieuré,m,0.68
prieurés,m,0.68
primat,m,0.34
primate,m,1.62
primates,m,1.62
primauté,f,0.95
prime,f,17.79
prime time,m,0.41
primerose,f,0.07
primes,f,17.79
primeur,f,1.96
primeurs,f,1.96
primevère,f,1.01
primevères,f,1.01
primidi,m,0.07
primitif,m,2.16
primitifs,m,2.16
primitive,f,2.16
primitives,f,2.16
primitivisme,m,0.14
primo-infection,f,0.07
prin,m,0.14
prince,m,101.22
prince-de-galles,m,0.27
prince-évêque,m,0.14
princes,m,101.22
princesse,f,101.22
princesses,f,101.22
principal,m,7.91
principale,f,7.91
principales,f,7.91
principat,m,0.34
principauté,f,1.01
principautés,f,1.01
principaux,m,7.91
principe,m,47.57
principes,m,47.57
printemps,m,60.88
prion,m,3.11
prions,m,3.11
priorité,f,12.15
priorités,f,12.15
prise,f,38.04
prises,f,38.04
priseur,m,0.14
priseurs,m,0.14
prisme,m,1.42
prismes,m,1.42
prison,f,147.49
prisonnier,m,40.00
prisonniers,m,40.00
prisonnière,f,40.00
prisonnières,f,40.00
prisons,f,147.49
prisons-écoles,f,0.07
prisunic,m,3.11
prisées,f,0.07
privation,f,4.53
privations,f,4.53
privatisation,f,0.41
privauté,f,0.54
privautés,f,0.54
privilège,m,17.70
privilèges,m,17.70
privilégié,m,5.07
privilégiée,f,5.07
privilégiées,f,5.07
privilégiés,m,5.07
privé,m,10.77
privés,m,10.77
prix,m,126.55
prix-choc,m,0.07
prière,f,45.95
prières,f,45.95
probabilité,f,3.66
probabilités,f,3.66
probation,f,1.39
probité,f,1.89
probloc,m,0.54
problocs,m,0.54
probloque,m,1.01
probloques,m,1.01
problème,m,520.07
problèmes,m,520.07
problématique,f,0.28
problématiques,f,0.28
proc,m,0.68
procalmadiol,m,0.07
procaïne,f,0.02
process,m,0.07
processeur,m,0.69
processeurs,m,0.69
procession,f,10.20
processionnaires,m,0.20
processions,f,10.20
processus,m,10.86
prochain,m,30.44
prochaine,f,30.44
prochaines,f,30.44
prochains,m,30.44
proclamation,f,4.19
proclamations,f,4.19
proclamatrices,f,0.01
proconsul,m,1.35
proconsuls,m,1.35
procrastination,f,0.01
procréateur,m,0.14
procréateurs,m,0.14
procréation,f,1.22
procréations,f,1.22
procs,m,0.68
proctologie,f,0.01
procurateur,m,0.88
procurateurs,m,0.88
procuraties,f,0.14
procuration,f,2.50
procuratrice,f,0.88
procure,f,0.20
procures,f,0.20
procureur,m,29.45
procureurs,m,29.45
procureuse,f,29.45
procureuses,f,29.45
procès,m,45.41
procès-test,m,0.02
procès-verbal,m,3.86
procès-verbaux,m,3.86
procédure,f,16.16
procédures,f,16.16
procédurier,m,0.07
procédé,m,8.85
procédés,m,8.85
prodigalité,f,1.01
prodigalités,f,1.01
prodige,m,8.78
prodiges,m,8.78
prodrome,m,0.47
prodromes,m,0.47
producteur,m,12.83
producteurs,m,12.83
production,f,18.73
productions,f,18.73
productivité,f,0.75
productrice,f,12.83
productrices,f,12.83
produit,m,28.80
produits,m,28.80
profanateur,m,0.28
profanateurs,m,0.28
profanation,f,1.21
profanations,f,1.21
professeur,f,98.55
professeure,f,98.55
professeurs,f,98.55
profession,f,15.81
professionnalisme,m,1.03
professionnel,m,13.30
professionnelle,f,13.30
professionnelles,f,13.30
professionnels,m,13.30
professions,f,15.81
professorat,m,0.34
profil,m,29.12
profilage,m,0.12
profileur,m,0.13
profileuse,f,0.13
profils,m,29.12
profilé,m,0.27
profilés,m,0.27
profit,m,25.00
profitabilité,f,0.01
profiterole,f,0.07
profiteroles,f,0.07
profiteur,m,1.35
profiteurs,m,1.35
profiteuse,f,1.35
profits,m,25.00
profond,m,3.78
profondeur,f,32.64
profondeurs,f,32.64
profonds,m,3.78
profusion,f,4.73
profusions,f,4.73
proférations,f,0.07
progestérone,f,0.07
prognathisme,m,0.01
programmateur,m,0.19
programmateurs,m,0.19
programmation,f,1.09
programmatrice,f,0.19
programme,m,49.11
programmes,m,49.11
programmeur,m,0.64
programmeurs,m,0.64
programmeuse,f,0.64
progression,f,6.62
progressions,f,6.62
progressisme,m,0.34
progrès,m,29.73
progéniteur,m,0.07
progéniture,f,2.64
progénitures,f,2.64
prohibition,f,0.79
proie,f,32.50
proies,f,32.50
projecteur,m,12.91
projecteurs,m,12.91
projectile,m,4.46
projectiles,m,4.46
projection,f,6.69
projections,f,6.69
projet,m,70.00
projets,m,70.00
projo,m,0.66
projos,m,0.66
prolapsus,m,0.15
prolifération,f,1.08
proline,f,0.03
prolixité,f,0.20
prologue,m,1.42
prolongateur,m,0.01
prolongation,f,0.97
prolongations,f,0.97
prolonge,f,0.61
prolongement,m,4.66
prolongements,m,4.66
prolonges,f,0.61
prolégomènes,m,0.68
prolétariat,m,3.65
prolétariats,m,3.65
prolétarisation,f,0.14
promazine,f,0.01
promenade,f,58.11
promenades,f,58.11
promeneur,m,8.92
promeneurs,m,8.92
promeneuse,f,8.92
promeneuses,f,8.92
promenoir,m,0.54
promesse,f,40.20
promesses,f,40.20
prometteur,m,0.33
prometteurs,m,0.33
prometteuse,f,0.33
promis,m,21.65
promiscuité,f,4.26
promiscuités,f,4.26
promise,f,21.65
promises,f,21.65
promo,f,4.86
promontoire,m,3.24
promontoires,m,3.24
promos,f,4.86
promoteur,m,1.82
promoteurs,m,1.82
promotion,f,14.81
promotions,f,14.81
promotrice,f,1.82
prompteur,m,0.24
prompteurs,m,0.24
promptitude,f,2.23
promulgation,f,0.34
pronation,f,0.14
pronom,m,0.74
pronoms,m,0.74
prononciation,f,1.69
prononciations,f,1.69
pronostic,m,2.70
pronostics,m,2.70
pronostiqueur,m,0.06
pronunciamiento,m,0.14
propagande,f,10.07
propagandes,f,10.07
propagateur,m,0.41
propagateurs,m,0.41
propagation,f,0.95
propagations,f,0.95
propane,m,0.39
propension,f,1.96
propergol,m,0.01
prophase,f,0.02
prophylaxie,f,0.14
prophète,m,12.36
prophètes,m,12.36
prophétesse,f,12.36
prophétie,f,5.36
prophéties,f,5.36
propionate,m,0.07
propolis,m,0.10
proportion,f,12.70
proportionnalité,f,0.12
proportionnelle,f,0.20
proportions,f,12.70
propos,m,115.21
proposition,f,22.43
propositions,f,22.43
propre,m,15.07
propre-à-rien,m,0.07
propres,m,15.07
propreté,f,7.97
proprio,m,4.12
proprios,m,4.12
propriété,f,22.70
propriétés,f,22.70
propulseur,m,1.88
propulseurs,m,1.88
propulsion,f,2.07
propulsions,f,2.07
propylène,m,0.05
propylées,m,0.14
prorata,m,0.20
prorogation,f,0.07
prosateur,m,0.20
prosateurs,m,0.20
prosaïsme,m,0.14
proscenium,m,0.14
proscription,f,0.27
proscriptions,f,0.27
proscrit,m,0.55
proscrite,f,0.55
proscrits,m,0.55
prose,f,3.31
prosodie,f,0.27
prosopopées,f,0.07
prospect,m,0.18
prospecteur,m,0.94
prospecteurs,m,0.94
prospection,f,2.70
prospections,f,2.70
prospective,f,0.14
prospectus,m,6.49
prospérité,f,5.14
prospérités,f,5.14
prostate,f,1.59
prostatectomie,f,0.01
prostatite,f,0.11
prosternation,f,0.27
prosternations,f,0.27
prostitution,f,6.72
prostitutions,f,6.72
prostitué,m,14.21
prostituée,f,14.21
prostituées,f,14.21
prostitués,m,14.21
prostration,f,1.01
prostrations,f,1.01
prosélytisme,m,0.47
protal,m,0.20
prote,m,1.35
protecteur,m,5.61
protecteurs,m,5.61
protection,f,24.78
protectionnisme,m,0.14
protections,f,24.78
protectorat,m,1.01
protectorats,m,1.01
protectrice,f,5.61
protectrices,f,5.61
protes,m,1.35
protestant,m,4.12
protestante,f,4.12
protestantes,f,4.12
protestantisme,m,0.81
protestants,m,4.12
protestation,f,13.45
protestations,f,13.45
proteus,m,0.62
prothrombine,f,0.04
prothèse,f,2.11
prothèses,f,2.11
protide,m,0.14
protides,m,0.14
protistes,m,0.01
protococcus,m,0.01
protocole,m,6.01
protocoles,m,6.01
protocoques,m,0.01
protohistoire,f,0.14
proton,m,0.53
protonotaire,m,0.34
protons,m,0.53
protoplasme,m,0.09
protoplasmes,m,0.09
protoplaste,m,0.01
prototype,m,2.81
prototypes,m,2.81
protoxyde,m,0.11
protozoaire,m,0.04
protrusion,f,0.01
protubérance,f,0.74
protubérances,f,0.74
protège-cahier,m,0.07
protège-dents,m,0.27
protège-slip,m,0.03
protège-tibia,m,0.02
protéase,f,0.01
protégé,m,6.28
protégée,f,6.28
protégées,f,6.28
protégés,m,6.28
protéine,f,3.59
protéines,f,3.59
protéinurie,f,0.04
protêt,m,0.14
protêts,m,0.14
proudhonisme,m,0.07
proue,f,5.47
proues,f,5.47
prouesse,f,5.14
prouesses,f,5.14
prout,m,0.32
prouts,m,0.32
provenance,f,5.27
provenances,f,5.27
provende,f,0.95
proverbe,m,4.90
proverbes,m,4.90
providence,f,2.50
provider,m,0.03
province,f,30.68
provinces,f,30.68
provincial,m,2.09
provinciaux,m,2.09
proviseur,m,4.45
proviseurs,m,4.45
provision,f,18.04
provisions,f,18.04
provisoire,m,2.09
provo,m,0.17
provoc,f,0.21
provocateur,m,1.01
provocateurs,m,1.01
provocation,f,11.01
provocations,f,11.01
provocatrice,f,1.01
provolone,m,0.18
provos,m,0.17
provéditeur,m,0.14
provéditeurs,m,0.14
proximité,f,14.46
proxo,m,0.41
proxos,m,0.41
proxénétisme,m,0.42
proze,m,0.41
proèdre,m,0.07
proéminence,f,0.14
proéminences,f,0.14
prud'homme,m,0.21
prud'hommes,m,0.21
prudence,f,20.07
prudences,f,20.07
prudent,m,0.54
prudents,m,0.54
pruderie,f,0.68
pruderies,f,0.68
prune,f,5.68
pruneau,m,3.65
pruneaux,m,3.65
prunelle,f,15.74
prunelles,f,15.74
prunellier,m,0.47
prunelliers,m,0.47
prunes,f,5.68
prunier,m,2.57
pruniers,m,2.57
prunus,m,0.07
prurigo,m,0.07
prurit,m,2.15
prussien,m,2.97
prussienne,f,2.97
prussiennes,f,2.97
prussiens,m,2.97
prussik,m,0.02
prytanée,m,0.27
prèle,f,0.02
pré,m,32.50
pré-salé,m,0.20
préadolescence,f,0.01
préadolescente,f,0.01
préalable,m,2.03
préalables,m,2.03
préambule,m,2.77
préambules,m,2.77
préau,m,4.59
préaux,m,4.59
préavis,m,2.00
prébendes,f,0.20
précambrien,m,0.07
précarité,f,1.35
précaution,f,36.01
précautions,f,36.01
précellence,f,0.07
précelles,f,0.07
précepte,m,2.23
préceptes,m,2.23
précepteur,m,2.91
précepteurs,m,2.91
préceptrice,f,2.91
précession,f,0.20
préchauffage,m,0.02
précieuse,f,0.34
précieuses,f,0.34
préciosité,f,1.28
préciosités,f,1.28
précipice,m,3.38
précipices,m,3.38
précipitant,m,0.14
précipitation,f,6.35
précipitations,f,6.35
précipité,m,1.08
précipités,m,1.08
préciputs,m,0.07
précis,m,1.76
précision,f,24.26
précisions,f,24.26
précocité,f,1.35
précognition,f,0.03
préconisation,f,0.01
précurseur,m,1.49
précurseurs,m,1.49
précédent,m,10.07
précédente,f,10.07
précédentes,f,10.07
précédents,m,10.07
prédateur,m,2.38
prédateurs,m,2.38
prédation,f,0.04
prédelle,f,0.14
prédestination,f,1.01
prédestinations,f,1.01
prédestiné,m,0.07
prédestinée,f,0.07
prédicant,m,0.54
prédicants,m,0.54
prédicat,m,0.01
prédicateur,m,1.69
prédicateurs,m,1.69
prédication,f,0.61
prédications,f,0.61
prédiction,f,3.24
prédictions,f,3.24
prédigestion,f,0.07
prédilection,f,3.18
prédilections,f,3.18
prédisposition,f,0.46
prédispositions,f,0.46
prédominance,f,0.47
prédécesseur,m,3.18
prédécesseurs,m,3.18
préemption,f,0.07
préface,f,2.97
préfaces,f,2.97
préfacier,m,0.07
préfectance,f,0.14
préfecture,f,7.91
préfectures,f,7.91
préfet,m,8.45
préfets,m,8.45
préfiguration,f,0.61
préfixation,f,0.01
préfixe,m,0.35
préfixes,m,0.35
préformation,f,0.07
préférence,f,13.92
préférences,f,13.92
préféré,m,9.95
préférée,f,9.95
préférées,f,9.95
préférés,m,9.95
prégnance,f,0.14
préhension,f,0.10
préhistoire,f,2.84
préhistorien,m,0.07
préhominien,m,0.07
préjudice,m,2.03
préjudices,m,2.03
préjugé,m,10.61
préjugés,m,10.61
prélat,m,2.77
prélats,m,2.77
prélavage,m,0.01
prélegs,m,0.07
préliminaire,m,1.67
préliminaires,m,1.67
prélude,m,2.91
préludes,m,2.91
prélèvement,m,4.33
prélèvements,m,4.33
prématurité,f,0.01
prématuré,m,1.00
prématurée,f,1.00
prématurés,m,1.00
prémices,f,1.35
prémisse,f,0.68
prémisses,f,0.68
prémolaire,f,0.23
prémolaires,f,0.23
prémonition,f,3.54
prémonitions,f,3.54
préméditation,f,1.82
préméditations,f,1.82
prénom,m,30.47
prénom-type,m,0.07
prénommé,m,0.47
prénommée,f,0.47
prénoms,m,30.47
préoccupation,f,11.82
préoccupations,f,11.82
prépa,f,0.78
préparateur,m,1.15
préparateurs,m,1.15
préparatif,m,7.36
préparatifs,m,7.36
préparation,f,10.54
préparations,f,10.54
préparatrice,f,1.15
préparatrices,f,1.15
prépondérance,f,0.61
préposition,f,0.23
prépositions,f,0.23
préposé,m,3.99
préposée,f,3.99
préposées,f,3.99
préposés,m,3.99
prépotence,f,0.07
prépuce,m,0.89
prépuces,m,0.89
prérentrée,f,0.01
préretraite,f,0.04
prérogative,f,1.35
prérogatives,f,1.35
prés,m,32.50
présage,m,4.59
présages,m,4.59
présence,f,135.54
présences,f,135.54
présent,m,141.01
présentateur,m,3.11
présentateurs,m,3.11
présentation,f,8.38
présentations,f,8.38
présentatrice,f,3.11
présentatrices,f,3.11
présente,f,1.44
présentes,f,1.44
présentoir,m,1.35
présentoirs,m,1.35
présents,m,141.01
préservateur,m,0.01
préservatif,m,5.19
préservatifs,m,5.19
préservation,f,1.00
préside,m,0.07
présidence,f,5.95
présidences,f,5.95
président,m,143.39
président-directeur,m,0.41
présidente,f,143.39
présidentes,f,143.39
présidentielle,f,0.75
présidentielles,f,0.75
présidents,m,143.39
présidents-directeurs,m,0.41
présides,m,0.07
présidium,m,0.14
présomption,f,1.76
présomptions,f,1.76
présomptueuse,f,0.42
présomptueuses,f,0.42
présomptueux,m,0.42
préséance,f,0.81
préséances,f,0.81
présélection,f,0.06
présélections,f,0.06
prétendant,m,3.16
prétendante,f,3.16
prétendants,m,3.16
prétentaine,f,0.07
prétentiard,m,0.20
prétentiarde,f,0.20
prétentiards,m,0.20
prétentieuse,f,1.49
prétentieuses,f,1.49
prétentieux,m,1.49
prétention,f,10.68
prétentions,f,10.68
préteur,m,0.20
préteurs,m,0.20
prétexte,m,42.91
prétextes,m,42.91
prétoire,m,2.30
prétoires,m,2.30
prétorien,m,0.18
prétoriens,m,0.18
préture,f,0.01
prévalence,f,0.11
prévaricateur,m,0.14
prévenance,f,2.50
prévenances,f,2.50
prévention,f,2.57
préventions,f,2.57
préventorium,m,0.41
prévenu,m,2.66
prévenue,f,2.66
prévenus,m,2.66
prévis,f,0.14
prévisibilité,f,0.04
prévision,f,7.03
prévisions,f,7.03
prévoyance,f,1.28
prévoyances,f,1.28
prévôt,m,1.42
prévôts,m,1.42
prévôté,f,0.20
prééminence,f,0.41
prêche,m,2.03
prêches,m,2.03
prêcheur,m,4.59
prêcheurs,m,4.59
prêcheuse,f,4.59
prêchi-prêcha,m,0.14
prêles,f,0.14
prêt,m,37.76
prêt-bail,m,0.27
prêt-à-porter,m,0.95
prête-nom,m,0.27
prêteur,m,1.56
prêteurs,m,1.56
prêteuse,f,1.56
prêtraille,f,0.07
prêtre,m,51.69
prêtre-ouvrier,m,0.07
prêtres,m,51.69
prêtresse,f,51.69
prêtresses,f,51.69
prêtrise,f,0.41
prêts,m,37.76
prêté,m,0.34
prêtés,m,0.34
prône,m,0.54
prônes,m,0.54
prôneur,m,0.07
psalliotes,f,0.20
psalmodie,f,0.74
psalmodies,f,0.74
psaume,m,4.39
psaumes,m,4.39
psautier,m,0.14
pschent,m,0.07
pseudo,m,1.62
pseudo-gouvernement,m,0.14
pseudomonas,m,0.05
pseudonyme,m,4.05
pseudonymes,m,4.05
pseudopodes,m,0.14
pseudos,m,1.62
psi,m,0.04
psilocybine,f,0.05
psittacose,f,0.05
psoriasis,m,0.14
psychanalyse,f,4.73
psychanalyses,f,4.73
psychiatrie,f,3.59
psychisme,m,1.15
psychismes,m,1.15
psychochirurgie,f,0.02
psychodrame,m,0.33
psychokinésie,f,0.20
psychologie,f,8.24
psychologie-fiction,f,0.07
psychologies,f,8.24
psychologisation,f,0.07
psychonévrose,f,0.01
psychopathie,f,0.02
psychopathologie,f,0.07
psychopharmacologie,f,0.03
psychophysiologie,f,0.01
psychose,f,1.79
psychosociologie,f,0.07
psychosomaticien,m,0.20
psychotechnicien,m,0.20
psychotechniciens,m,0.20
psychothérapie,f,0.69
psyché,f,1.08
psychés,f,1.08
psyllium,m,0.01
ptosis,m,0.01
ptyx,m,0.07
ptérodactyle,m,0.21
ptérodactyles,m,0.21
puanteur,f,9.05
puanteurs,f,9.05
puberté,f,2.36
pubis,m,1.15
public,m,46.97
public schools,f,0.07
public-relations,f,0.20
publicain,m,0.39
publicains,m,0.39
publication,f,7.23
publications,f,7.23
publicité,f,14.66
publicités,f,14.66
publics,m,46.97
publieur,m,0.01
publiphone,m,0.01
publireportage,m,0.03
puce,f,27.65
puceau,m,2.84
puceaux,m,2.84
pucelage,m,1.15
pucelages,m,1.15
pucelle,f,2.84
pucelles,f,2.84
puceron,m,0.47
pucerons,m,0.47
puces,f,27.65
pucheux,m,0.07
pucier,m,0.41
puciers,m,0.41
pudding,m,2.86
puddings,m,2.86
pudeur,f,20.07
pudeurs,f,20.07
pudibonderie,f,0.47
pudibonderies,f,0.47
pudicité,f,0.07
puff,m,0.57
puffin,m,0.54
pugilat,m,1.08
pugilats,m,1.08
pugnacité,f,0.20
puisard,m,0.29
puisards,m,0.29
puisatier,m,0.07
puisette,f,0.14
puissance,f,55.20
puissances,f,55.20
puissant,m,4.86
puissants,m,4.86
puits,m,21.69
pull,m,13.43
pull-over,m,6.35
pull-overs,m,6.35
pullman,m,0.54
pullmans,m,0.54
pulls,m,13.43
pullulement,m,0.74
pulmonie,f,0.07
pulpe,f,2.36
pulpes,f,2.36
pulque,m,0.60
pulsar,m,0.46
pulsation,f,4.19
pulsations,f,4.19
pulseur,m,0.15
pulsion,f,4.15
pulsions,f,4.15
pulso-réacteurs,m,0.01
pulsoréacteurs,m,0.01
pulvérin,m,0.07
pulvérisateur,m,0.22
pulvérisateurs,m,0.22
pulvérisation,f,0.27
pulvérisations,f,0.27
pulvérulence,f,0.07
puma,m,2.03
pumas,m,2.03
punaise,f,7.84
punaises,f,7.84
punch,m,3.67
puncheur,m,0.02
punching ball,m,0.71
punching-ball,m,0.71
punchs,m,3.67
puncture,f,0.10
punisseur,m,0.11
punition,f,13.16
punitions,f,13.16
punkette,f,0.14
punt,m,0.23
pupazzo,m,0.14
pupe,f,0.01
pupitre,m,6.89
pupitres,m,6.89
pupitreur,m,0.01
pur-sang,m,2.23
pureau,m,0.07
pureté,f,13.99
puretés,f,13.99
purgatif,m,0.25
purgation,f,0.20
purgations,f,0.20
purgatoire,m,2.84
purgatoires,m,2.84
purge,f,1.89
purges,f,1.89
purificateur,m,0.22
purificateurs,m,0.22
purification,f,1.31
purifications,f,1.31
purin,m,2.23
puritain,m,0.81
puritaine,f,0.81
puritaines,f,0.81
puritains,m,0.81
puritanisme,m,1.22
purotin,m,0.41
purotins,m,0.41
purpura,m,0.09
purulence,f,0.41
purulences,f,0.41
purée,f,6.28
purées,f,6.28
pus,m,0.20
pusillanimité,f,0.34
pustule,f,1.35
pustules,f,1.35
putain,f,306.74
putains,f,306.74
putanat,m,0.20
putasserie,f,0.41
putasseries,f,0.41
pute,f,105.25
putes,f,105.25
putier,m,0.14
putois,m,1.28
putrescence,f,0.14
putrescences,f,0.14
putrescine,f,0.01
putréfaction,f,1.15
putsch,m,1.55
putt,m,0.21
putti,m,0.02
putting,m,0.17
puy,m,0.14
puzzle,m,11.82
puzzles,m,11.82
puéricultrice,f,0.20
puéricultrices,f,0.20
puériculture,f,0.47
puérilité,f,1.28
puérilités,f,1.28
puîné,m,0.27
puînés,m,0.27
pyjama,m,17.57
pyjamas,m,17.57
pylore,m,0.07
pylône,m,1.96
pylônes,m,1.96
pyralène,m,0.01
pyrame,m,0.14
pyramide,f,10.14
pyramides,f,10.14
pyrex,m,0.07
pyrexie,f,0.01
pyridoxine,f,0.01
pyrite,f,0.06
pyrites,f,0.06
pyrolyse,f,0.01
pyromanie,f,0.07
pyromètre,m,0.27
pyrosphère,f,0.07
pyrotechnie,f,0.41
pyroxène,m,0.01
pyrrhique,f,0.14
pyrrhonien,m,0.14
pyrrhonisme,m,0.14
pyrèthre,m,0.07
pyréthrine,f,0.03
pythie,f,0.54
pythies,f,0.54
python,m,2.33
pythonisse,f,0.20
pythons,m,2.33
pyxides,f,0.07
pâleur,f,10.41
pâleurs,f,10.41
pâmoison,f,1.22
pâmoisons,f,1.22
pâque,f,0.95
pâquerette,f,2.09
pâquerettes,f,2.09
pâques,m,1.01
pâquis,m,0.07
pât,m,24.73
pâte,f,24.73
pâtes,f,24.73
pâtis,m,0.54
pâtisserie,f,13.11
pâtisseries,f,13.11
pâtissier,m,8.51
pâtissiers,m,8.51
pâtissière,f,8.51
pâton,m,0.20
pâtons,m,0.20
pâtour,m,0.07
pâtre,m,1.62
pâtres,m,1.62
pâturage,m,4.53
pâturages,m,4.53
pâture,f,3.31
pâtures,f,3.31
pâturin,m,0.07
pâté,m,16.55
pâtée,f,2.97
pâtées,f,2.97
pâtés,m,16.55
pègre,f,1.42
pèlerin,m,12.70
pèlerinage,m,8.58
pèlerinages,m,8.58
pèlerine,f,12.70
pèlerines,f,12.70
pèlerins,m,12.70
père,m,895.55
pères,m,895.55
pèse-acide,m,0.07
pèse-bébé,m,0.14
pèse-lettre,m,0.07
pèse-personne,m,0.07
pèse-personnes,m,0.07
pèze,m,0.95
péage,m,1.08
péages,m,1.08
péan,m,0.07
pébroc,m,0.07
pébroque,m,1.62
pébroques,m,1.62
pécan,m,0.32
pécari,m,0.81
pécaris,m,0.81
pécheresse,f,8.07
pécheresses,f,8.07
pécheur,m,8.07
pécheurs,m,8.07
péchons,m,0.03
péché,m,41.22
péchés,m,41.22
pécule,m,2.30
pécules,m,2.30
pécune,f,0.07
pédagogie,f,1.22
pédalage,m,0.14
pédale,f,11.96
pédales,f,11.96
pédaleur,m,0.14
pédaleuses,f,0.14
pédalier,m,1.01
pédaliers,m,1.01
pédalo,m,0.41
pédalos,m,0.41
pédant,m,0.81
pédante,f,0.81
pédanterie,f,0.47
pédanteries,f,0.47
pédantes,f,0.81
pédantisme,m,0.61
pédants,m,0.81
pédiatrie,f,1.08
pédicule,m,0.07
pédicurie,f,0.01
pédomètre,m,0.01
pédoncule,m,0.20
pédoncules,m,0.20
pédophile,m,1.34
pédophiles,m,1.34
pédophilie,f,0.58
pédoque,m,0.54
pédé,m,33.12
pédégé,m,0.07
pédéraste,m,3.38
pédérastes,m,3.38
pédérastie,f,0.61
pédés,m,33.12
pégamoïd,m,0.07
pégriot,m,0.41
pégriots,m,0.41
pékan,m,0.03
pékin,m,1.28
pékinois,m,1.68
pékins,m,1.28
pélican,m,1.28
pélicans,m,1.28
pélot,m,0.07
pénalisation,f,0.01
pénalité,f,1.11
pénalités,f,1.11
pénates,m,0.88
péniche,f,7.97
péniches,f,7.97
pénicilline,f,1.44
pénil,m,0.01
péninsule,f,3.31
péninsules,f,3.31
pénis,m,8.11
pénitence,f,5.95
pénitences,f,5.95
pénitencier,m,2.09
pénitenciers,m,2.09
pénitent,m,2.84
pénitente,f,2.84
pénitentes,f,2.84
pénitents,m,2.84
pénologie,f,0.02
pénombre,f,28.24
pénombres,f,28.24
pénultième,f,0.07
pénurie,f,2.84
pénuries,f,2.84
pénéplaines,f,0.07
pénétrantes,f,0.07
pénétration,f,3.38
pénétrations,f,3.38
péon,m,0.14
péons,m,0.14
péottes,f,0.14
pépettes,f,0.20
pépie,f,0.27
pépiement,m,2.77
pépiements,m,2.77
pépin,m,5.15
pépinière,f,0.95
pépinières,f,0.95
pépins,m,5.15
pépite,f,2.04
pépites,f,2.04
péplum,m,0.54
péplums,m,0.54
pépère,m,2.50
pépères,m,2.50
pépètes,f,0.34
pépé,m,16.96
pépée,f,0.69
pépées,f,0.69
pépés,m,16.96
péquenaud,m,1.60
péquenaude,f,1.60
péquenaudes,f,1.60
péquenauds,m,1.60
péquenot,m,1.82
péquenots,m,1.82
péquin,m,0.20
péquins,m,0.20
pérennité,f,0.74
péricarde,m,0.33
péricardite,f,0.05
péricarpe,m,0.01
péridurale,f,0.37
périf,m,0.27
périgée,m,0.07
péril,m,13.78
périls,m,13.78
périmètre,m,6.81
périmètres,m,6.81
périnée,m,0.47
période,f,41.89
périodes,f,41.89
périodicité,f,0.07
péripatéticiennes,f,0.20
périph,m,0.20
périphrase,f,0.27
périphrases,f,0.27
périphérie,f,3.04
périphéries,f,3.04
périphérique,m,1.15
périphériques,m,1.15
périple,m,2.64
périples,m,2.64
péripétie,f,6.69
péripéties,f,6.69
périscope,m,1.28
périscopes,m,1.28
périssodactyle,m,0.14
périssoire,f,0.20
périssoires,f,0.20
péristaltisme,m,0.01
péristyle,m,1.49
péritoine,m,0.14
péritonite,f,0.47
pérodictique,m,0.01
péronnelle,f,0.07
péroné,m,0.27
péronés,m,0.27
péroraison,f,1.08
péroraisons,f,1.08
péroreur,m,0.07
pérot,m,0.11
pérégrination,f,1.62
pérégrinations,f,1.62
péréquation,f,0.20
péréquations,f,0.20
pétale,m,8.24
pétales,m,8.24
pétanque,f,1.49
pétarade,f,2.36
pétarades,f,2.36
pétard,m,9.93
pétardier,m,0.47
pétardière,f,0.47
pétards,m,9.93
pétase,m,0.14
pétasse,f,8.03
pétasses,f,8.03
pétaudière,f,0.07
péteur,m,0.11
péteuse,f,0.54
péteux,m,0.61
pétillement,m,1.15
pétillements,m,1.15
pétiole,m,0.07
pétition,f,3.54
pétitions,f,3.54
pétoche,f,2.77
pétoches,f,2.77
pétoire,f,1.62
pétoires,f,1.62
pétoncle,m,0.08
pétoncles,m,0.08
pétoulet,m,0.41
pétrel,m,0.07
pétrification,f,0.27
pétrin,m,10.89
pétrins,m,10.89
pétrissage,m,0.14
pétrisseur,m,0.07
pétrochimie,f,0.14
pétrodollars,m,0.30
pétrole,m,15.41
pétroles,m,15.41
pétrolette,f,0.20
pétroleuse,f,0.20
pétroleuses,f,0.20
pétrolier,m,2.23
pétroliers,m,2.23
pétrousquin,m,0.14
pétrus,m,0.34
pétulance,f,0.34
pétunia,m,1.01
pétunias,m,1.01
pétéchie,f,0.22
pétéchies,f,0.22
pêche,f,30.41
pêcher,m,1.55
pêcherie,f,0.88
pêcheries,f,0.88
pêchers,m,1.55
pêches,f,30.41
pêcheur,m,27.43
pêcheurs,m,27.43
pêcheuse,f,27.43
pêcheuses,f,27.43
pêne,m,0.81
pôle,m,3.99
pôles,m,3.99
q,m,3.49
qu'en-dira-t-on,m,0.41
quadrangle,m,0.03
quadrant,m,0.73
quadrants,m,0.73
quadrature,f,1.15
quadri,f,0.07
quadriceps,m,0.11
quadrichromie,f,0.47
quadrichromies,f,0.47
quadrige,m,0.07
quadrilatère,m,1.76
quadrilatères,m,1.76
quadrillage,m,1.01
quadrillages,m,1.01
quadrillion,m,0.04
quadrimestre,m,0.01
quadrimoteur,m,0.14
quadriphonie,f,0.14
quadriréacteur,m,0.07
quadrivium,m,0.07
quadrumane,m,0.07
quadruple,m,0.47
quadruples,m,0.47
quadruplées,f,0.07
quadruplés,m,0.06
quadrupède,m,1.01
quadrupèdes,m,1.01
quai,m,73.99
quais,m,73.99
quaker,m,0.74
quakeresse,f,0.14
quakers,m,0.74
qualificatif,m,0.74
qualificatifs,m,0.74
qualification,f,2.45
qualifications,f,2.45
qualité,f,59.12
qualités,f,59.12
quant,f,32.30
quant-à-moi,m,0.14
quant-à-soi,m,1.22
quanta,m,0.48
quantité,f,18.99
quantités,f,18.99
quantième,m,0.07
quantièmes,m,0.07
quantum,m,0.48
quarantaine,f,10.14
quarantaines,f,10.14
quarante,m,4.32
quarante-huitards,m,0.07
quark,m,0.22
quarks,m,0.22
quarre,f,0.04
quart,m,77.30
quart-monde,m,0.02
quartaut,m,0.20
quarte,f,0.14
quartenier,m,0.07
quarteron,m,0.81
quarteronnes,f,0.81
quarterons,m,0.81
quartet,m,0.20
quartette,m,0.14
quartettes,m,0.14
quartidi,m,0.07
quartier,m,112.16
quartier-maître,m,0.84
quartiers,m,112.16
quartiers-maîtres,m,0.84
quarts,m,77.30
quartz,m,1.69
quarté,m,0.07
quasar,m,0.09
quasi,m,0.14
quasi-agonie,f,0.07
quasi-blasphème,m,0.07
quasi-bonheur,m,0.07
quasi-certitude,f,0.41
quasi-chômage,m,0.02
quasi-décapitation,f,0.01
quasi-désertification,f,0.07
quasi-fiancée,f,0.07
quasi-génocide,m,0.01
quasi-impossibilité,f,0.14
quasi-impunité,f,0.07
quasi-indifférence,f,0.07
quasi-jungienne,f,0.01
quasi-mariage,m,0.07
quasi-mendiant,m,0.14
quasi-miracle,m,0.07
quasi-monopole,m,0.10
quasi-morceau,m,0.07
quasi-noyade,f,0.01
quasi-nudité,f,0.14
quasi-permanence,f,0.07
quasi-protection,f,0.07
quasi-respect,m,0.07
quasi-totalité,f,0.88
quasi-unanimité,f,0.07
quasi-veuvage,m,0.07
quasi-ville,f,0.07
quasi-émeute,f,0.02
quasimodo,f,0.07
quasimodos,f,0.07
quat'zarts,m,0.07
quaternaire,m,0.27
quatrain,m,0.68
quatrains,m,0.68
quatre,f,0.01
quatre-feuilles,m,0.07
quatre-heures,m,0.41
quatre-mâts,m,0.27
quatre-quarts,m,0.26
quatre-saisons,f,1.15
quatre-vingt,m,0.27
quatre-vingt-dix,m,0.61
quatrillion,m,0.01
quattrocento,m,0.27
quatuor,m,3.45
quatuors,m,3.45
quechua,m,0.05
quenelle,f,0.74
quenelles,f,0.74
quenotte,f,0.74
quenottes,f,0.74
quenouille,f,0.74
quenouilles,f,0.74
querelle,f,12.84
querelles,f,12.84
querelleur,m,0.14
querelleurs,m,0.14
questeur,m,0.13
questeurs,m,0.13
question,f,411.82
question-clé,f,0.02
question-réponse,f,0.09
questionnaire,m,2.05
questionnaires,m,2.05
questionnement,m,0.36
questionnements,m,0.36
questionneur,m,0.81
questionneurs,m,0.81
questionneuse,f,0.81
questions,f,411.82
questions-réponses,f,0.09
questure,f,0.10
quetsche,f,0.74
quetsches,f,0.74
quette,f,0.01
quetzal,m,0.01
queue,f,57.84
queue-d'aronde,f,0.14
queue-de-cheval,f,0.14
queue-de-pie,f,0.27
queues,f,57.84
queues-d'aronde,f,0.14
queues-de-rat,f,0.07
queursoir,m,0.07
queutard,m,0.19
qui-vive,m,1.15
quibus,m,0.20
quiche,f,1.21
quiches,f,1.21
quichotte,m,0.07
quick,m,0.27
quidam,m,2.23
quidams,m,2.23
quignon,m,2.43
quignons,m,2.43
quillards,m,0.34
quille,f,5.81
quilles,f,5.81
quillon,m,0.20
quillons,m,0.20
quincaille,f,0.34
quincaillerie,f,2.91
quincailleries,f,2.91
quincaillier,m,1.49
quincailliers,m,1.49
quincaillière,f,1.49
quinconce,m,1.42
quinconces,m,1.42
quine,m,0.34
quinine,f,0.95
quinium,m,0.07
quinoa,m,0.01
quinqua,m,0.20
quinquagésime,f,0.07
quinquennat,m,0.10
quinquet,m,2.30
quinquets,m,2.30
quinquina,m,0.54
quintaine,f,0.07
quintal,m,1.01
quintaux,m,1.01
quinte,f,4.86
quintes,f,4.86
quintessence,f,1.22
quintet,m,0.05
quintette,m,1.22
quintettes,m,1.22
quintidi,m,0.07
quintolet,m,0.02
quinton,m,0.01
quintuplées,f,0.14
quintuplés,m,0.35
quinté,m,0.14
quinzaine,f,11.89
quinzaines,f,11.89
quipos,m,0.07
quiproquo,m,0.88
quiproquos,m,0.88
quipu,m,0.07
quiquette,f,0.07
quiqui,m,0.41
quiscale,m,0.11
quite,m,0.47
quittance,f,1.15
quittances,f,1.15
quitus,m,0.14
quiz,m,0.53
quiétisme,m,0.34
quiétude,f,5.14
quiétudes,f,5.14
quolibet,m,2.91
quolibets,m,2.91
quorum,m,0.67
quota,m,2.12
quotas,m,2.12
quote-part,f,0.47
quotidien,m,8.85
quotidienneté,f,0.14
quotidiens,m,8.85
quotient,m,0.61
quotients,m,0.61
quotité,f,0.07
québécois,m,0.05
quémandeur,m,0.88
quémandeurs,m,0.88
quémandeuse,f,0.88
quémandeuses,f,0.88
quéquette,f,2.36
quéquettes,f,2.36
quête,f,14.53
quêtes,f,14.53
quêteur,m,0.81
quêteurs,m,0.81
quêteuse,f,0.81
ra,m,3.63
rab,m,1.92
rabais,m,1.57
rabaissement,m,0.07
raban,m,0.32
rabane,f,0.14
rabanes,f,0.14
rabans,m,0.32
rabat,m,1.62
rabats,m,1.62
rabatteur,m,1.82
rabatteurs,m,1.82
rabatteuse,f,1.82
rabatteuses,f,1.82
rabbi,m,4.83
rabbin,m,9.36
rabbinat,m,0.20
rabbins,m,9.36
rabe,m,0.14
rabes,m,0.14
rabibochage,m,0.14
rabiot,m,0.88
rabot,m,1.28
rabotage,m,0.14
raboteur,m,0.07
rabotin,m,0.34
rabots,m,1.28
rabouillères,f,0.07
rabouin,m,0.07
rabs,m,1.92
rabâchage,m,0.34
rabâchages,m,0.34
racaille,f,6.30
racailles,f,6.30
raccommodage,m,0.61
raccommodages,m,0.61
raccommodements,m,0.07
raccommodeurs,m,0.07
raccord,m,1.28
raccordement,m,0.27
raccordements,m,0.27
raccords,m,1.28
raccourci,m,5.78
raccourcis,m,5.78
raccourcissement,m,0.27
raccroc,m,0.47
raccrochage,m,0.14
raccrochages,m,0.14
raccrocs,m,0.47
race,f,34.93
races,f,34.93
rachat,m,1.79
rachats,m,1.79
rachianesthésie,f,0.10
rachis,m,0.07
rachitisme,m,0.14
racine,f,31.96
racines,f,31.96
racingman,m,0.07
racisme,m,2.97
racismes,m,2.97
rack,m,0.25
racket,m,2.33
rackets,m,2.33
racketteur,m,0.22
raclages,m,0.07
racle,f,0.07
raclement,m,2.09
raclements,m,2.09
raclette,f,1.13
racleur,m,0.04
racleuse,f,0.04
racloir,m,0.25
raclons,m,0.07
raclure,f,1.73
raclures,f,1.73
raclée,f,6.88
raclées,f,6.88
racolage,m,0.61
racolages,m,0.61
racoleur,m,0.14
racoleurs,m,0.14
racoleuse,f,0.14
racoleuses,f,0.14
racontar,m,2.23
racontars,m,2.23
raconteur,m,0.18
raconteuse,f,0.18
rad,m,0.20
radada,m,0.07
radar,m,10.36
radars,m,10.36
rade,f,10.88
radeau,m,5.20
radeau-radar,m,0.07
radeaux,m,5.20
rades,f,10.88
radeuse,f,0.34
radeuses,f,0.34
radiant,m,0.02
radiateur,m,7.43
radiateurs,m,7.43
radiation,f,6.89
radiations,f,6.89
radical,m,0.47
radical-socialisme,m,0.27
radical-socialiste,m,0.34
radicale,f,0.47
radicale-socialiste,f,0.20
radicalisation,f,0.14
radicalisme,m,0.47
radicaux-socialistes,m,0.34
radicelles,f,0.74
radicule,f,0.07
radicules,f,0.07
radier,m,0.14
radiers,m,0.14
radin,m,1.10
radine,f,1.10
radinerie,f,0.07
radines,f,1.10
radins,m,1.10
radio-isotope,m,0.04
radio-réveil,m,0.14
radio-taxi,m,0.14
radioactivité,f,0.86
radioamateur,m,0.01
radiobalisage,m,0.01
radiobalise,f,0.07
radiocassette,f,0.02
radiodiffusion,f,0.14
radiogoniomètre,m,0.01
radiogramme,m,0.11
radiogrammes,m,0.11
radiographie,f,0.93
radiographies,f,0.93
radioguidage,m,0.07
radiologie,f,1.16
radiomètre,m,0.07
radiomètres,m,0.07
radiométrie,f,0.01
radiophare,m,0.07
radiophonie,f,0.27
radioréveil,m,0.01
radioscopie,f,0.14
radiosonde,f,0.01
radiothérapie,f,0.21
radiotélescope,m,0.10
radiotélescopes,m,0.10
radiotélégraphie,f,0.07
radiotéléphone,m,0.03
radiotéléphones,m,0.03
radiotéléphonie,f,0.10
radioélément,m,0.01
radis,m,3.11
radium,m,0.32
radius,m,0.15
radja,m,0.07
radjah,m,0.14
radjahs,m,0.14
radon,m,0.07
radotage,m,0.81
radotages,m,0.81
radoteur,m,0.27
radoteurs,m,0.27
radoteuses,f,0.27
radoub,m,0.41
radoubeur,m,0.07
radoucissement,m,0.07
rads,m,0.20
radôme,m,0.01
rafale,f,19.46
rafales,f,19.46
raff,m,0.09
raffinage,m,0.07
raffinement,m,7.36
raffinements,m,7.36
raffinerie,f,1.01
raffineries,f,1.01
raffineur,m,0.03
raffut,m,1.69
raffuts,m,1.69
rafiau,m,0.07
rafiot,m,1.42
rafiots,m,1.42
rafistolage,m,0.27
rafistolages,m,0.27
rafle,f,3.11
rafles,f,3.11
rafraîchissement,m,2.48
rafraîchissements,m,2.48
rafraîchisseur,m,0.07
rafraîchissoir,m,1.28
rafraîchissoirs,m,1.28
raft,m,0.10
rafting,m,0.22
rag,m,0.01
raga,m,0.10
rage,f,45.34
rages,f,45.34
raglan,m,0.54
raglans,m,0.54
ragnagnas,m,0.21
ragondins,m,0.28
ragot,m,5.67
ragots,m,5.67
ragougnasse,f,0.23
ragougnasses,f,0.23
ragoût,m,4.46
ragoûts,m,4.46
ragtime,m,0.13
rahat-lokoum,m,0.47
rahat-lokoums,m,0.47
rahat-loukoums,m,0.07
rai,m,5.41
raid,m,3.98
raider,m,1.57
raiders,m,1.57
raideur,f,7.03
raidillon,m,4.12
raidillons,m,4.12
raidissement,m,0.61
raidissements,m,0.61
raids,m,3.98
raie,f,11.01
raies,f,11.01
raifort,m,0.27
rail,m,16.22
raillerie,f,3.04
railleries,f,3.04
railleur,m,0.17
railleurs,m,0.17
rails,m,16.22
railway,m,0.07
rain,m,1.03
rainette,f,0.88
rainettes,f,0.88
raineuse,f,0.07
rainure,f,3.51
rainures,f,3.51
raiponce,f,0.03
rais,m,5.41
raisin,m,9.53
raisinets,m,0.02
raisins,m,9.53
raisiné,m,1.35
raison,f,467.94
raisonnement,m,11.35
raisonnements,m,11.35
raisonneur,m,0.34
raisonneurs,m,0.34
raisonneuse,f,0.34
raisons,f,467.94
raja,m,0.03
rajah,m,0.20
rajahs,m,0.20
rajeunissement,m,0.68
rajeunisseurs,m,0.07
rajout,m,0.27
rajouts,m,0.27
rajustement,m,0.20
raki,m,1.15
ralbol,m,0.20
ralenti,m,10.61
ralentis,m,10.61
ralentissement,m,1.89
ralentissements,m,1.89
ralentisseur,m,0.09
ralentisseurs,m,0.09
ralingue,f,0.14
ralingues,f,0.14
ralliement,m,8.18
ralliements,m,8.18
rallié,m,0.47
ralliés,m,0.47
rallonge,f,2.09
rallongement,m,0.01
rallonges,f,2.09
rallumage,m,0.07
rallye,m,1.74
rallyes,m,1.74
ram,m,0.11
ramadan,m,1.07
ramage,m,2.57
ramages,m,2.57
ramas,m,0.27
ramassage,m,1.35
ramassages,m,1.35
ramasse-miettes,m,0.27
ramasse-poussière,m,0.02
ramasseur,m,2.70
ramasseurs,m,2.70
ramasseuse,f,2.70
ramassis,m,1.62
rambarde,f,3.04
rambardes,f,3.04
rambin,m,0.34
rambineur,m,0.07
rambla,f,0.07
rambot,m,0.07
rambour,m,0.34
ramdam,m,1.01
ramdams,m,1.01
rame,f,11.55
rameau,m,6.22
rameaux,m,6.22
ramenard,m,0.07
rames,f,11.55
ramette,f,0.14
rameur,m,2.43
rameurs,m,2.43
rami,m,0.48
ramier,m,1.01
ramiers,m,1.01
ramies,f,0.07
ramification,f,1.42
ramifications,f,1.42
ramille,f,0.54
ramilles,f,0.54
raminagrobis,m,0.14
ramis,m,0.48
ramollissement,m,0.20
ramon,m,0.14
ramonage,m,0.34
ramonages,m,0.34
ramoneur,m,0.88
ramoneurs,m,0.88
rampant,m,0.54
rampants,m,0.54
rampe,f,20.81
rampement,m,0.20
rampements,m,0.20
rampes,f,20.81
ramponneau,m,0.34
rams,m,0.35
ramure,f,4.12
ramures,f,4.12
ramée,f,0.34
ramées,f,0.34
ran,m,0.74
ranatres,f,0.07
rancard,m,2.80
rancards,m,2.80
rancart,m,1.76
rancarts,m,1.76
ranch,m,7.21
ranche,f,0.20
rancher,m,0.15
ranches,f,0.20
rancho,m,0.87
ranchs,m,7.21
ranci,m,0.14
rancio,m,0.20
rancissure,f,0.07
rancoeur,f,6.15
rancoeurs,f,6.15
rancune,f,17.23
rancunes,f,17.23
rancunier,m,0.27
rancuniers,m,0.27
rancunière,f,0.27
randonneur,m,0.40
randonneurs,m,0.40
randonneuse,f,0.40
randonnée,f,4.66
randonnées,f,4.66
rang,m,58.24
rangement,m,2.16
rangements,m,2.16
ranger,m,4.60
rangers,m,4.60
rangs,m,58.24
rangée,f,20.47
rangées,f,20.47
rani,f,1.08
ranimation,f,0.07
ranz,m,0.14
rançon,f,10.60
rançonnage,m,0.01
rançonnement,m,0.07
rançonneurs,m,0.01
rançons,f,10.60
raout,m,0.74
raouts,m,0.74
rap,m,3.17
rapace,m,2.70
rapaces,m,2.70
rapacité,f,0.81
rapatriement,m,1.96
rapatriements,m,1.96
rapatrié,m,1.28
rapatriés,m,1.28
rapetassage,m,0.14
rapetassages,m,0.14
rapetasseur,m,0.07
rapetissement,m,0.27
raphia,m,1.28
raphé,m,0.07
rapiat,m,0.20
rapiaterie,f,0.07
rapiats,m,0.20
rapidité,f,10.54
rapidités,f,10.54
rapin,m,1.22
rapine,f,1.69
rapines,f,1.69
rapins,m,1.22
rapière,f,0.74
rapiéçage,m,0.20
rapiéçages,m,0.20
rappel,m,10.34
rappels,m,10.34
rappeur,m,1.01
rappeurs,m,1.01
rappeuse,f,1.01
rapport,m,140.08
rapportage,m,0.01
rapporteur,m,0.61
rapporteurs,m,0.61
rapporteuse,f,0.61
rapporteuses,f,0.61
rapports,m,140.08
rapprochement,m,7.23
rapprochements,m,7.23
rapprocheur,m,0.14
rapsodie,f,0.02
rapt,m,1.62
rapts,m,1.62
raquette,f,3.51
raquettes,f,3.51
rareté,f,2.43
raretés,f,2.43
raréfaction,f,0.27
ras,m,25.07
ras-le-bol,m,1.62
rasade,f,4.86
rasades,f,4.86
rasage,m,0.95
rasages,m,0.95
rascasse,f,0.41
rascasses,f,0.41
rase-mottes,m,0.47
rase-pet,m,0.20
rase-pets,m,0.20
raseur,m,1.15
raseurs,m,1.15
raseuse,f,1.15
raseuses,f,1.15
rash,m,0.07
rasif,m,0.54
rasifs,m,0.54
rasoir,m,16.82
rasoirs,m,16.82
rasse,f,0.07
rassemblement,m,8.24
rassemblements,m,8.24
rassembleur,m,0.14
rassortiment,m,0.07
rassurement,m,0.07
rasta,m,0.43
rastafari,m,0.03
rastaquouère,m,0.41
rastaquouères,m,0.41
rastas,m,0.43
rat,m,45.60
rat-de-cave,m,0.07
rata,m,0.53
ratafia,m,0.54
ratage,m,1.01
ratages,m,1.01
ratatouille,f,0.74
ratatouilles,f,0.74
rate,f,2.65
rates,f,2.65
ratiche,f,1.76
ratiches,f,1.76
ratichon,m,0.61
ratichons,m,0.61
raticide,m,0.04
ratier,m,0.88
ratification,f,1.08
ratine,f,0.47
ratio,m,0.40
ratiocination,f,0.54
ratiocinations,f,0.54
ratiocineur,m,0.14
ration,f,8.18
rational,m,0.02
rationalisation,f,0.20
rationalisme,m,0.41
rationalité,f,0.27
rationnel,m,0.28
rationnels,m,0.28
rationnement,m,1.55
rations,f,8.18
ratissage,m,0.40
ratite,m,0.05
ratites,m,0.05
ratière,f,1.49
ratières,f,1.49
raton,m,5.41
ratonnade,f,0.34
ratonnades,f,0.34
ratons,m,5.41
rats,m,45.60
rattachement,m,0.68
ratte,f,0.01
rattrapage,m,0.88
rattrapages,m,0.88
rature,f,1.96
ratures,f,1.96
raté,m,8.45
ratée,f,8.45
ratées,f,8.45
ratés,m,8.45
raucité,f,0.61
rauquement,m,0.20
ravage,m,5.54
ravages,m,5.54
ravageur,m,0.34
ravageurs,m,0.34
ravageuse,f,0.34
ravageuses,f,0.34
raval,m,0.20
ravalement,m,0.41
ravaleur,m,0.07
ravaudage,m,0.20
rave,f,1.57
ravenelles,f,0.14
raves,f,1.57
ravier,m,1.01
raviers,m,1.01
ravigote,f,0.14
ravin,m,11.35
ravine,f,0.95
ravinement,m,0.14
ravinements,m,0.14
ravines,f,0.95
ravins,m,11.35
ravioli,m,2.71
raviolis,m,2.71
ravissement,m,6.55
ravissements,m,6.55
ravisseur,m,5.75
ravisseurs,m,5.75
ravisseuse,f,5.75
ravitaillement,m,12.57
ravitaillements,m,12.57
ravitailleur,m,0.85
ravitailleurs,m,0.85
ravitailleuse,f,0.85
ravivement,m,0.07
ray-grass,m,0.14
rayon,m,55.74
rayon-éclair,m,0.07
rayonnage,m,4.73
rayonnages,m,4.73
rayonne,f,55.74
rayonnement,m,6.69
rayonnements,m,6.69
rayonneur,m,0.03
rayons,m,55.74
rayure,f,7.36
rayures,f,7.36
raz,m,1.28
raz-de-marée,m,0.57
razzia,f,1.28
razzias,f,1.28
raïa,m,0.10
raïs,m,0.14
re-baptême,m,0.07
re-bide,m,0.07
re-bombardons,m,0.01
re-cailloux,m,0.07
re-chanteur,m,0.01
re-coup,m,0.07
re-crac,m,0.07
re-croquis,m,0.07
re-création,f,0.27
re-cul,m,15.61
re-dose,f,0.07
re-drapeau,m,0.07
re-déclic,m,0.07
re-faim,f,0.14
re-gomme,f,0.07
re-histoires,f,0.07
re-hygiène,f,0.07
re-inter,m,0.07
re-lettre,f,0.07
re-main,f,0.07
re-matérialisation,f,0.01
re-morphine,f,0.07
re-programmation,f,0.01
re-rigole,f,0.07
re-sevrage,m,0.07
re-sommeil,m,0.07
re-structuration,f,0.91
re-taloche,f,0.14
re-travail,m,0.07
re-tuage,m,0.04
re-vie,f,0.07
reader,m,0.11
ready-made,m,0.07
rebab,m,0.07
rebec,m,0.01
reblochon,m,0.41
reblochons,m,0.41
reboisement,m,0.14
rebond,m,0.74
rebondissement,m,1.89
rebondissements,m,1.89
rebonds,m,0.74
rebonjour,m,0.02
rebord,m,18.65
rebords,m,18.65
reboule,f,0.27
rebouteuse,f,0.14
rebouteux,m,0.54
rebroussement,m,0.07
rebuffade,f,1.35
rebuffades,f,1.35
rebut,m,4.26
rebuts,m,4.26
recalage,m,0.01
recel,m,1.01
receleur,m,1.28
receleur-miracle,m,0.07
receleurs,m,1.28
receleuse,f,1.28
receleuses,f,1.28
recensement,m,1.17
recensements,m,1.17
recenseur,m,0.03
recension,f,0.27
recentrage,m,0.14
recette,f,13.38
recettes,f,13.38
recevabilité,f,0.01
receveur,m,1.90
receveurs,m,1.90
receveuse,f,1.90
receveuses,f,1.90
rechampi,m,0.07
rechange,m,4.73
rechanges,m,4.73
recharge,f,0.83
rechargement,m,0.04
recharges,f,0.83
recherche,f,77.30
recherches,f,77.30
rechute,f,1.89
rechutes,f,1.89
reclassement,m,0.27
reclus,m,0.95
recluse,f,0.95
recluses,f,0.95
recodage,m,0.01
recognition,f,0.07
recoin,m,12.36
recoins,m,12.36
recollage,m,0.14
recoloration,f,0.08
recombinaison,f,0.06
recommandation,f,8.85
recommandations,f,8.85
recommandé,m,0.61
recommandés,m,0.61
recommencement,m,0.81
recommencements,m,0.81
recomposition,f,0.07
reconditionnement,m,0.05
reconduction,f,0.01
reconfiguration,f,0.02
reconnaissance,f,22.77
reconnaissances,f,22.77
reconquista,f,0.07
reconquête,f,1.15
reconstituant,m,0.27
reconstituants,m,0.27
reconstitution,f,2.57
reconstitutions,f,2.57
reconstructeur,m,0.01
reconstruction,f,4.19
reconstructions,f,4.19
reconversion,f,0.74
recopiage,m,0.07
record,m,13.34
recordman,m,0.20
recordmen,m,0.20
records,m,13.34
recors,m,0.01
recoupement,m,1.42
recoupements,m,1.42
recours,m,15.34
recouvrance,f,0.27
recouvrement,m,0.28
recroquevillement,m,0.14
recrudescence,f,0.81
recrue,f,4.61
recrues,f,4.61
recrutement,m,3.51
recruteur,m,1.34
recruteurs,m,1.34
recréation,f,0.27
rectangle,m,16.69
rectangles,m,16.69
recteur,m,2.17
recteurs,m,2.17
rectificatif,m,0.07
rectification,f,0.93
rectifications,f,0.93
rectitude,f,0.68
recto,m,0.95
rectorat,m,0.18
rectos,m,0.95
rectrices,f,2.17
rectum,m,0.81
recueil,m,3.78
recueillement,m,3.04
recueillements,m,3.04
recueils,m,3.78
recuisson,f,0.07
recul,m,15.61
reculade,f,0.54
reculades,f,0.54
reculs,m,15.61
recyclage,m,0.78
recycleur,m,0.01
recès,m,0.07
recépages,m,0.07
redan,m,0.27
reddition,f,3.24
redents,m,0.07
redescente,f,0.14
redevance,f,0.47
redevances,f,0.47
rediffusion,f,0.64
rediffusions,f,0.64
redingote,f,5.07
redingotes,f,5.07
redistribution,f,0.41
redistributions,f,0.41
redite,f,0.68
redites,f,0.68
redondance,f,0.34
redondances,f,0.34
redoublants,m,0.07
redoublement,m,0.47
redoute,f,0.88
redoutes,f,0.88
redoux,m,0.88
redressement,m,6.62
redressements,m,6.62
redresseur,m,0.34
redresseurs,m,0.34
redresseuse,f,0.34
redécoupage,m,0.01
redécouverte,f,0.14
redéfinition,f,0.01
redémarrage,m,0.13
redéploiement,m,0.07
referendum,m,0.13
refil,m,0.14
refinancement,m,0.04
reflet,m,50.74
reflets,m,50.74
reflex,m,0.14
reflux,m,3.45
refonte,f,0.47
reformation,f,0.07
reformulation,f,0.01
refoulement,m,1.08
refoulements,m,1.08
refouloir,m,0.01
refoulé,m,0.74
refoulée,f,0.74
refoulés,m,0.74
refrain,m,10.68
refrains,m,10.68
refroidissement,m,1.56
refroidisseur,m,0.10
refuge,m,18.65
refuges,m,18.65
refuites,f,0.07
refus,m,27.03
refusé,m,0.90
refusée,f,0.90
refusées,f,0.90
refusés,m,0.90
reg,m,1.52
regain,m,3.24
regains,m,3.24
regard,m,423.18
regardeur,m,0.07
regards,m,423.18
regency,m,0.41
reggae,m,1.79
reggaes,m,1.79
regimbements,m,0.07
registre,m,12.84
registres,m,12.84
regonflage,m,0.01
regrattières,f,0.07
regret,m,40.00
regrets,m,40.00
regroupement,m,1.76
regroupements,m,1.76
rehausse,f,0.14
rehaussement,m,0.01
rehausses,f,0.14
rehausseur,m,0.11
rehaut,m,0.20
rehauts,m,0.20
reich,m,4.26
reichsmark,m,0.01
reichstag,m,0.85
reichswehr,f,0.14
rein,m,34.05
reine,f,59.05
reine-claude,f,0.41
reine-mère,f,0.34
reines,f,59.05
reines-claudes,f,0.41
reines-marguerites,f,0.27
reinette,f,0.95
reinettes,f,0.95
reins,m,34.05
reis,m,0.52
rejaillissements,m,0.07
rejet,m,3.31
rejeton,m,3.92
rejetons,m,3.92
rejets,m,3.31
relais,m,8.51
relance,f,0.63
relancement,m,0.03
relances,f,0.63
relanceur,m,0.01
relaps,m,0.34
relapses,f,0.34
relation,f,74.95
relations,f,74.95
relative,f,0.20
relativisation,f,0.14
relativisme,m,0.05
relativité,f,1.22
relaxant,m,0.47
relaxants,m,0.47
relaxation,f,0.68
relaxe,f,1.63
relaxes,f,1.63
relayeur,m,0.02
relecture,f,0.80
relent,m,9.12
relents,m,9.12
relevailles,f,0.07
releveur,m,0.02
releveurs,m,0.02
relevé,m,5.00
relevée,f,0.41
relevées,f,0.41
relevés,m,5.00
reliage,m,0.01
relief,m,19.32
reliefs,m,19.32
relieur,m,0.41
relieurs,m,0.41
religieuse,f,15.88
religieuses,f,15.88
religieux,m,15.88
religion,f,35.07
religions,f,35.07
religiosité,f,0.41
reliquat,m,1.76
reliquats,m,1.76
relique,f,5.95
reliques,f,5.95
reliure,f,4.12
reliures,f,4.12
relogement,m,0.14
relogements,m,0.14
relâchement,m,2.70
relâchements,m,2.70
relève,f,6.69
relèvement,m,0.95
relèvements,m,0.95
relèves,f,6.69
relégation,f,0.68
relégué,m,0.47
reléguée,f,0.47
relégués,m,0.47
remaillage,m,0.20
remailleuse,f,0.07
remake,m,0.66
remaniement,m,1.08
remaniements,m,1.08
remariage,m,0.54
remarque,f,21.28
remarques,f,21.28
remballage,m,0.07
rembarquement,m,0.47
rembarquements,m,0.47
remblai,m,5.34
remblaiement,m,0.14
remblais,m,5.34
rembobinage,m,0.23
rembour,m,0.07
rembourrage,m,0.52
rembourrages,m,0.52
remboursement,m,2.09
remboursements,m,2.09
remembrance,f,0.14
remembrement,m,0.14
remerciement,m,6.22
remerciements,m,6.22
remise,f,12.09
remises,f,12.09
remix,m,0.15
remmailleuses,f,0.14
remodelage,m,0.14
remontage,m,0.07
remontant,m,2.61
remontants,m,2.61
remonte,f,3.96
remonte-pente,m,0.07
remonte-pentes,m,0.07
remontes,f,3.96
remontoir,m,0.27
remontrance,f,1.69
remontrances,f,1.69
remontée,f,1.76
remontées,f,1.76
remords,m,27.64
remorquage,m,0.49
remorque,f,5.54
remorques,f,5.54
remorqueur,m,1.55
remorqueurs,m,1.55
remous,m,14.66
rempailleur,m,0.34
rempailleurs,m,0.34
rempailleuses,f,0.34
rempart,m,20.00
remparts,m,20.00
remplacement,m,4.59
remplacements,m,4.59
remplaçant,m,7.92
remplaçante,f,7.92
remplaçantes,f,7.92
remplaçants,m,7.92
remplissage,m,0.37
remplisseur,m,0.07
remploi,m,0.20
remuage,m,0.01
remue,f,0.23
remue-ménage,m,4.80
remue-méninges,m,0.07
remuement,m,2.03
remuements,m,2.03
remues,f,0.23
remueur,m,0.14
remueurs,m,0.14
remugle,m,2.36
remugles,m,2.36
remède,m,16.14
remède-miracle,m,0.01
remèdes,m,16.14
remémoration,f,0.02
renaissance,f,10.61
renaissances,f,10.61
renard,m,11.96
renarde,f,11.96
renardeau,m,0.54
renardeaux,m,0.54
renardes,f,11.96
renards,m,11.96
renaudeur,m,0.07
rencard,m,10.76
rencards,m,10.76
rencontre,f,81.76
rencontres,f,81.76
rendement,m,2.97
rendements,m,2.97
rendez-vous,m,91.95
rendu,m,2.50
rendus,m,2.50
renfermement,m,0.14
renfermé,m,2.03
renfermée,f,2.03
renfermées,f,2.03
renfermés,m,2.03
renflement,m,1.49
renflements,m,1.49
renflouage,m,0.14
renflouement,m,0.07
renfoncement,m,3.51
renfoncements,m,3.51
renforcement,m,0.74
renforcements,m,0.74
renfort,m,21.41
renforts,m,21.41
renfrognement,m,0.14
rengagement,m,0.07
rengagés,m,0.07
rengaine,f,4.59
rengaines,f,4.59
rengorgement,m,0.14
rengorgements,m,0.14
reniement,m,2.09
reniements,m,2.09
reniflage,m,0.05
reniflement,m,1.28
reniflements,m,1.28
renifleries,f,0.14
reniflette,f,0.07
renifleur,m,0.25
renifleurs,m,0.25
renne,m,1.79
rennes,m,1.79
renom,m,2.43
renommée,f,3.11
renonce,f,0.20
renoncement,m,6.82
renoncements,m,6.82
renonces,f,0.20
renonciateur,m,0.07
renonciation,f,0.41
renonciations,f,0.41
renonculacées,f,0.01
renoncule,f,0.54
renoncules,f,0.54
renouveau,m,3.85
renouveaux,m,3.85
renouvellement,m,2.43
renouvellements,m,2.43
renouée,f,0.34
renseignement,m,22.91
renseignements,m,22.91
rentabilisation,f,0.07
rentabilité,f,0.61
rente,f,3.78
rentes,f,3.78
rentier,m,3.11
rentiers,m,3.11
rentière,f,3.11
rentières,f,3.11
rentoilages,m,0.07
rentre-dedans,m,0.47
rentré,m,0.81
rentrée,f,15.34
rentrées,f,15.34
rentrés,m,0.81
renverse,f,3.04
renversement,m,2.23
renversements,m,2.23
renverseur,m,0.07
renvoi,m,4.80
renvois,m,4.80
renégat,m,1.96
renégate,f,1.96
renégats,m,1.96
renégociation,f,0.05
rep,m,0.07
repaire,m,3.31
repaires,m,3.31
repartie,f,1.82
reparties,f,1.82
repas,m,76.62
repassage,m,2.03
repassages,m,2.03
repasseur,m,0.68
repasseuse,f,0.68
repasseuses,f,0.68
repavage,m,0.04
repeint,m,0.81
repeints,m,0.81
repentance,f,0.20
repentant,m,0.20
repentante,f,0.20
repentants,m,0.20
repenti,m,0.88
repentie,f,0.88
repentir,m,5.20
repentirs,m,5.20
repentis,m,0.88
repeuplement,m,0.01
repiquage,m,0.61
repique,f,0.07
replacement,m,0.02
replantation,f,0.07
replat,m,0.61
replats,m,0.61
repli,m,10.14
repliement,m,0.54
replis,m,10.14
replâtrage,m,0.34
report,m,1.03
reportage,m,11.16
reportage-vérité,m,0.14
reportages,m,11.16
reporter,m,5.12
reporters,m,5.12
reports,m,1.03
repos,m,43.58
repose,f,0.99
repose-pied,m,0.07
repose-pieds,m,0.07
reposes,f,0.99
reposoir,m,1.01
reposoirs,m,1.01
reposée,f,0.74
reposées,f,0.74
repoussage,m,0.02
repousse,f,0.54
repousses,f,0.54
repoussoir,m,0.68
repoussoirs,m,0.68
repreneur,m,0.07
repreneurs,m,0.07
repris,m,1.55
reprise,f,36.42
reprises,f,36.42
reproche,m,30.68
reproches,m,30.68
reproducteur,m,0.63
reproducteurs,m,0.63
reproduction,f,7.97
reproductions,f,7.97
reproductrice,f,0.63
reproductrices,f,0.63
reprographie,f,0.08
représailles,f,4.86
représentant,m,25.88
représentante,f,25.88
représentantes,f,25.88
représentants,m,25.88
représentation,f,18.99
représentations,f,18.99
reps,m,1.49
reptation,f,0.88
reptations,f,0.88
reptile,m,3.46
reptiles,m,3.46
republication,f,0.01
repère,m,9.59
repères,m,9.59
repérage,m,1.75
repérages,m,1.75
repéreur,m,0.05
repêchage,m,0.27
repêchages,m,0.27
requiem,m,2.76
requiems,m,2.76
requiescat in pace,m,0.07
requin,m,12.24
requin-baleine,m,0.01
requin-tigre,m,0.04
requins,m,12.24
requins-marteaux,m,0.07
requis,m,0.27
requérant,m,0.16
requérante,f,0.16
requérants,m,0.16
requête,f,8.82
requêtes,f,8.82
rescapé,m,4.93
rescapée,f,4.93
rescapées,f,4.93
rescapés,m,4.93
rescision,f,0.07
rescousse,f,3.18
rescrit,m,0.14
reset,m,0.05
resocialisation,f,0.01
respect,m,54.78
respectabilité,f,2.30
respects,m,54.78
respir,m,0.14
respirateur,m,1.68
respirateurs,m,1.68
respiration,f,31.82
respirations,f,31.82
resplendissement,m,0.07
responsabilisation,f,0.01
responsabilité,f,37.46
responsabilités,f,37.46
resquille,f,0.61
resquilleur,m,0.61
resquilleurs,m,0.61
resquilleuse,f,0.61
resquilleuses,f,0.61
ressac,m,4.39
ressacs,m,4.39
ressaisissement,m,0.07
ressassement,m,0.47
ressasseur,m,0.07
ressaut,m,1.15
ressauts,m,1.15
ressemblance,f,10.54
ressemblances,f,10.54
ressemelage,m,0.41
ressemelages,m,0.41
ressentiment,m,5.00
ressentiments,m,5.00
resserrage,m,0.10
resserre,f,1.08
resserrement,m,1.15
resserres,f,1.08
ressort,m,20.54
ressortissant,m,1.49
ressortissante,f,1.49
ressortissants,m,1.49
ressorts,m,20.54
ressource,f,22.50
ressourcement,m,0.07
ressources,f,22.50
ressui,m,0.07
ressuiement,m,0.07
restant,m,5.74
restants,m,5.74
restau,m,3.65
restaurant,m,50.04
restaurants,m,50.04
restaurateur,m,2.57
restaurateurs,m,2.57
restauration,f,5.27
restaurations,f,5.27
restauratrice,f,2.57
restauroute,m,0.41
restaus,m,3.65
reste,m,214.54
restes,m,214.54
restitution,f,0.88
resto,m,10.47
restoroute,m,0.16
restos,m,10.47
restriction,f,6.69
restrictions,f,6.69
restructuration,f,0.91
restructurations,f,0.91
resucée,f,0.14
retable,m,1.15
retables,m,1.15
retape,f,0.41
retapeur,m,0.01
retard,m,126.45
retardateur,m,0.14
retardement,m,2.03
retards,m,126.45
retardé,m,1.11
retardée,f,1.11
retardées,f,1.11
retardés,m,1.11
retentissement,m,1.55
retenue,f,8.04
retenues,f,8.04
retirement,m,0.14
retiro,m,0.10
retombe,f,0.07
retombement,m,0.14
retombée,f,2.36
retombées,f,2.36
retouche,f,2.30
retouches,f,2.30
retoucheur,m,0.01
retour,m,158.65
retourne,f,1.55
retournement,m,2.91
retournements,m,2.91
retournes,f,1.55
retourné,m,1.08
retournés,m,1.08
retours,m,158.65
retraduction,f,0.01
retrait,m,13.72
retraite,f,40.14
retraitement,m,0.07
retraites,f,40.14
retraits,m,13.72
retraité,m,5.95
retraitée,f,5.95
retraitées,f,5.95
retraités,m,5.95
retranchement,m,1.69
retranchements,m,1.69
retranscription,f,0.03
retransmission,f,0.47
retransmissions,f,0.47
retreinte,f,0.01
retriever,m,0.17
retroussage,m,0.07
retroussette,f,0.27
retroussis,m,0.41
retrouvaille,f,6.82
retrouvailles,f,6.82
rets,m,0.27
retsina,m,0.13
reubeu,m,0.61
reubeus,m,0.61
revalidation,f,0.01
revalorisation,f,0.14
revanchard,m,0.27
revancharde,f,0.27
revanchards,m,0.27
revanche,f,41.62
revanches,f,41.62
revenant,m,3.99
revenants,m,3.99
revendeur,m,1.23
revendeurs,m,1.23
revendeuse,f,1.23
revendicateurs,m,0.07
revendication,f,3.78
revendications,f,3.78
revente,f,0.34
reventes,f,0.34
revenu,m,6.72
revenus,m,6.72
revers,m,25.00
revient,m,5.07
revirement,m,1.62
revirements,m,1.62
revitalisation,f,0.07
revival,m,0.14
reviviscence,f,0.07
revoir,m,262.05
revolver,m,30.74
revolvers,m,30.74
revoyure,f,0.47
revue,f,33.92
revues,f,33.92
revêtement,m,1.11
revêtements,m,1.11
rex,m,10.57
rez-de-chaussée,m,16.96
rez-de-jardin,m,0.01
rezzou,m,0.20
rezzous,m,0.20
reçu,m,13.08
reçus,m,13.08
reître,m,1.62
reîtres,m,1.62
rhabillage,m,0.01
rhabilleur,m,0.07
rhapsodie,f,0.41
rhapsodies,f,0.41
rhingraves,m,0.07
rhinite,f,0.14
rhinites,f,0.14
rhino,m,0.90
rhinocéros,m,2.51
rhinoplastie,f,0.23
rhinos,m,0.90
rhinoscopie,f,0.10
rhizome,m,0.01
rhizopus,m,0.04
rho,m,0.06
rhodamine,f,0.01
rhodia,m,0.07
rhodium,m,0.04
rhodo,m,0.07
rhododendron,m,0.81
rhododendrons,m,0.81
rhodoïd,m,0.14
rhombe,m,0.07
rhomboïdes,m,0.07
rhovyl,m,0.07
rhubarbe,f,6.55
rhubarbes,f,6.55
rhum,m,12.70
rhumatisme,m,3.78
rhumatismes,m,3.78
rhumatologie,f,0.16
rhumbs,m,0.14
rhume,m,8.17
rhumerie,f,0.14
rhumes,m,8.17
rhynchites,m,0.07
rhyolite,f,0.02
rhythm and blues,m,0.08
rhythm'n'blues,m,0.02
rhéostat,m,0.34
rhésus,m,0.37
rhéteur,m,0.47
rhéteurs,m,0.47
rhétorique,f,2.03
rhétoriques,f,2.03
rhô,m,0.01
ria,f,2.21
rial,m,0.04
rials,m,0.04
ribambelle,f,2.36
ribambelles,f,2.36
ribaud,m,0.47
ribauds,m,0.47
ribes,m,0.14
ribleur,m,0.07
riboflavine,f,0.05
ribosomes,m,0.19
ribot,m,0.20
ribote,f,0.20
riboteur,m,0.01
ribouis,m,0.20
ribouldingue,f,0.41
ricain,m,2.55
ricaines,f,2.55
ricains,m,2.55
ricanement,m,10.14
ricanements,m,10.14
ricaneur,m,0.27
ricaneurs,m,0.27
richard,m,2.05
richarde,f,2.05
richards,m,2.05
richelieu,m,0.14
richelieus,m,0.14
richesse,f,22.16
richesses,f,22.16
richomme,m,0.74
ricin,m,0.47
ricochet,m,2.09
ricochets,m,2.09
ricotta,f,0.45
rictus,m,6.35
ride,f,24.26
rideau,m,84.53
rideaux,m,84.53
ridelle,f,84.53
ridelles,f,84.53
rides,f,24.26
ridicule,m,11.55
ridicules,m,11.55
ridiculisation,f,0.01
ridiculités,f,0.14
ridule,f,0.16
ridules,f,0.16
riel,m,0.16
rien,m,24.19
riens,m,24.19
riesling,m,0.71
rieur,m,2.23
rieurs,m,2.23
rieuse,f,2.23
rif,m,1.42
rifain,m,0.03
rifains,m,0.03
riff,m,0.53
riffs,m,0.53
rififi,m,0.47
riflard,m,0.41
rifle,m,0.74
rifles,m,0.74
riflette,f,0.61
rift,m,0.20
rigaudon,m,0.07
rigaudons,m,0.07
rigidité,f,1.89
rigidités,f,1.89
rigodon,m,0.61
rigolade,f,9.19
rigolades,f,9.19
rigolage,m,0.07
rigolard,m,0.34
rigolarde,f,0.34
rigolards,m,0.34
rigole,f,5.61
rigoles,f,5.61
rigollot,m,0.07
rigolo,m,3.99
rigolos,m,3.99
rigolote,f,0.27
rigolotes,f,0.27
rigorisme,m,0.20
rigoureuse,f,0.14
rigueur,f,40.34
rigueurs,f,40.34
rillettes,f,2.43
rillons,m,0.41
rimaillerie,f,0.07
rimailleur,m,0.07
rimailleurs,m,0.07
rimaye,f,0.01
rime,f,3.08
rimes,f,3.08
rimeur,m,0.04
rimeurs,m,0.04
rimeuse,f,0.04
rimmel,m,3.04
rince-bouche,m,0.03
rince-doigts,m,0.27
rinceau,m,0.68
rinceaux,m,0.68
rincette,f,0.27
rinceur,m,0.07
rincée,f,0.07
ring,m,6.49
ringard,m,2.54
ringarde,f,2.54
ringardes,f,2.54
ringardise,f,0.14
ringardises,f,0.14
ringards,m,2.54
rings,m,6.49
rink,m,2.84
rinçage,m,0.74
rinçages,m,0.74
rioja,m,0.01
ripaille,f,1.62
ripailles,f,1.62
ripaton,m,0.20
ripatons,m,0.20
ripe,f,0.27
ripeur,m,0.07
ripolin,m,0.41
riposte,f,2.97
ripostes,f,2.97
ripoux,m,1.54
ripper,m,0.31
rire,m,155.47
rires,m,155.47
ris,m,1.50
rise,f,0.32
riser,m,0.06
risette,f,1.08
risettes,f,1.08
risibilité,f,0.14
risorius,m,0.14
risotto,m,0.54
risque,m,69.33
risques,m,69.33
rissole,f,0.34
rissoles,f,0.34
ristourne,f,0.54
ristournes,f,0.54
risée,f,2.50
risées,f,2.50
rital,m,3.51
ritale,f,3.51
ritales,f,3.51
ritals,m,3.51
rite,m,17.84
rites,m,17.84
ritournelle,f,2.03
ritournelles,f,2.03
rittes,f,0.07
ritualisation,f,0.07
rituel,m,8.82
rituels,m,8.82
rivage,m,17.23
rivages,m,17.23
rival,m,10.20
rivale,f,10.20
rivales,f,10.20
rivalité,f,4.93
rivalités,f,4.93
rivaux,m,10.20
rive,f,46.15
riverain,m,0.81
riverains,m,0.81
rives,f,46.15
rivet,m,1.08
rivetage,m,0.20
riveteuse,f,0.01
rivets,m,1.08
riviera,f,0.14
rivieras,f,0.14
rivière,f,43.72
rivières,f,43.72
rivoir,m,0.27
rixdales,f,0.07
rixe,f,2.16
rixes,f,2.16
riz,m,18.49
riz-minute,m,0.07
riz-pain-sel,m,0.07
rizière,f,6.45
rizières,f,6.45
roadster,m,0.27
roast beef,m,0.16
roast-beef,m,0.16
robe,f,148.18
robert,m,1.51
roberts,m,1.51
robes,f,148.18
robette,f,0.07
robin,m,0.41
robinet,m,18.24
robinets,m,18.24
robinetterie,f,0.27
robiniers,m,0.07
robins,m,0.41
robinsonnade,m,0.07
robinsons,m,0.20
roblot,m,1.15
robot,m,22.89
robotique,f,0.72
robotiques,f,0.72
robots,m,22.89
roburite,f,0.07
robustesse,f,0.81
roc,m,11.76
rocade,f,0.27
rocades,f,0.27
rocaille,f,2.16
rocailles,f,2.16
rocambole,f,0.41
rochassier,m,0.07
roche,f,23.38
rochelle,f,0.74
rocher,m,39.53
rochers,m,39.53
roches,f,23.38
rochet,m,0.14
rochiers,m,0.07
rock,m,22.11
rock'n'roll,m,0.19
rock-'n-roll,m,0.01
rocket,m,1.40
rockets,m,1.40
rockeur,m,0.30
rockeurs,m,0.30
rockeuse,f,0.30
rocking chair,m,1.15
rocking-chair,m,1.15
rocking-chairs,m,1.15
rocks,m,22.11
rococo,m,0.20
rococos,m,0.20
rocs,m,11.76
rodage,m,0.41
rodages,m,0.41
rodeo,m,0.23
rodomontades,f,0.47
rodéo,m,2.01
rodéos,m,2.01
roentgens,m,0.02
rogations,f,0.34
rogaton,m,1.15
rogatons,m,1.15
rogne,f,3.68
rogne-pied,m,0.07
rognes,f,3.68
rognon,m,1.28
rognons,m,1.28
rognure,f,0.74
rognures,f,0.74
rogomme,m,0.54
rogommes,m,0.54
rogue,f,0.36
rogues,f,0.36
roi,m,177.53
roi-roi,m,0.01
roi-soleil,m,0.14
roideur,f,0.20
rois,m,177.53
roitelet,m,0.41
roitelets,m,0.41
roll,m,5.67
rolle,m,0.01
roller,m,1.41
rollers,m,1.41
rollmops,m,0.20
romain,m,2.30
romaine,f,2.30
romaines,f,2.30
romains,m,2.30
roman,m,74.80
roman-feuilleton,m,0.41
roman-fleuve,m,0.07
roman-photo,m,0.41
romancero,m,0.07
romanche,m,0.07
romancier,m,11.89
romanciers,m,11.89
romancière,f,11.89
romancières,f,11.89
romani,m,0.11
romanichel,m,1.35
romanichelle,f,1.35
romanichelles,f,1.35
romanichels,m,1.35
romanisation,f,0.07
romanité,f,0.14
romans,m,74.80
romans-feuilletons,m,0.41
romans-photos,m,0.41
romanticisme,m,0.01
romantisme,m,3.85
romantismes,m,3.85
romarin,m,1.47
rombière,f,2.70
rombières,f,2.70
ron,m,0.34
ronce,f,13.78
ronces,f,13.78
roncet,m,0.07
ronchon,m,0.23
ronchonne,f,0.23
ronchonneur,m,0.20
ronchonneuse,f,0.20
ronchonnot,m,0.14
roncier,m,2.64
ronciers,m,2.64
rond,m,33.65
rond-de-cuir,m,0.34
rond-point,m,2.50
rondache,f,0.07
ronde,f,20.81
ronde-bosse,f,0.61
rondeau,m,0.07
rondelet,m,0.01
rondelle,f,5.34
rondelles,f,5.34
rondes,f,20.81
rondeur,f,6.49
rondeurs,f,6.49
rondin,m,8.78
rondins,m,8.78
rondo,m,0.68
rondos,m,0.68
ronds,m,33.65
ronds-de-cuir,m,0.34
ronds-points,m,2.50
ronflement,m,10.41
ronflements,m,10.41
ronflette,f,0.81
ronfleur,m,0.68
ronfleurs,m,0.68
ronfleuse,f,0.68
rongement,m,0.14
rongeur,m,2.91
rongeurs,m,2.91
ronin,m,0.30
ronron,m,3.51
ronronnement,m,5.27
ronronnements,m,5.27
ronrons,m,3.51
ronéo,f,0.14
roof,m,0.20
roploplos,m,0.07
roque,m,1.14
roquefort,m,0.61
roquentin,m,0.14
roques,m,1.14
roquet,m,1.89
roquets,m,1.89
roquette,f,1.68
roquettes,f,1.68
rorqual,m,0.20
rorquals,m,0.20
rosace,f,2.16
rosaces,f,2.16
rosages,m,0.07
rosaire,m,1.54
rosaires,m,1.54
rosales,f,0.36
rosbif,m,1.81
rosbifs,m,1.81
rose-croix,m,0.07
roseau,m,16.55
roseaux,m,16.55
roselière,f,0.61
roselières,f,0.61
roseraie,f,0.31
roseraies,f,0.31
rosette,f,2.03
rosettes,f,2.03
roseur,f,0.68
roseurs,f,0.68
rosicrucienne,f,0.02
rosicruciens,m,0.02
rosier,m,5.41
rosiers,m,5.41
rosière,f,0.14
rossard,m,0.20
rossards,m,0.20
rosse,f,0.95
rosserie,f,0.47
rosseries,f,0.47
rosses,f,0.95
rossignol,m,3.51
rossignols,m,3.51
rossinante,f,0.09
rossinantes,f,0.09
rossée,f,0.07
rostre,m,0.14
rostres,m,0.14
rosé,m,2.70
rosée,f,9.46
rosées,f,9.46
roséole,f,0.07
rosés,m,2.70
rot,m,1.85
rotary,m,0.76
rotation,f,3.58
rotations,f,3.58
rotative,f,1.08
rotatives,f,1.08
rote,f,0.27
rotengles,m,0.07
roteur,m,0.68
roteuse,f,0.68
roteuses,f,0.68
rotin,m,3.38
roto,f,0.07
rotonde,f,1.22
rotondes,f,1.22
rotondité,f,0.54
rotondités,f,0.54
rotoplos,m,0.27
rotoplots,m,0.07
rotor,m,0.41
rotors,m,0.41
rotos,f,0.07
rototo,m,0.07
rototos,m,0.07
rots,m,1.85
rotule,f,1.76
rotules,f,1.76
roture,f,0.47
roturier,m,0.54
roturiers,m,0.54
roturière,f,0.54
roténone,f,0.09
rouage,m,4.05
rouages,m,4.05
rouan,m,0.20
roubaisienne,f,0.07
roubignoles,f,0.27
roublard,m,0.33
roublarde,f,0.33
roublardise,f,0.20
roublardises,f,0.20
rouble,m,7.88
roubles,m,7.88
roucoulade,f,0.68
roucoulades,f,0.68
roucoulement,m,1.42
roucoulements,m,1.42
roucouleur,m,0.07
roudoudou,m,0.68
roudoudous,m,0.68
roue,f,42.43
rouelle,f,0.14
rouennaise,f,0.27
rouenneries,f,0.07
rouerie,f,0.95
roueries,f,0.95
roues,f,42.43
rouet,m,0.54
rouf,m,0.27
rouflaquettes,f,0.81
rouge-gorge,m,1.08
rouge-queue,m,0.07
rougeaud,m,0.74
rougeaude,f,0.74
rougeoiement,m,1.42
rougeoiements,m,1.42
rougeole,f,1.69
rouges-gorges,m,1.08
rouget,m,1.49
rougets,m,1.49
rougeur,f,3.04
rougeurs,f,3.04
rough,m,0.20
rougissement,m,0.07
rougissements,m,0.07
rouillarde,f,0.07
rouille,f,8.85
rouilles,f,8.85
rouillures,f,0.07
roulade,f,1.28
roulades,f,1.28
roulage,m,0.20
roulages,m,0.20
roulante,f,0.81
roulantes,f,0.81
roule,m,4.85
rouleau,m,19.19
rouleaux,m,19.19
roulement,m,10.41
roulements,m,10.41
roules,m,4.85
roulette,f,8.78
roulettes,f,8.78
rouleur,m,0.41
rouleurs,m,0.41
roulier,m,1.01
rouliers,m,1.01
roulis,m,3.04
roulotte,f,4.80
roulottes,f,4.80
roulottiers,m,0.20
roulottière,f,0.20
roulure,f,0.88
roulures,f,0.88
roulé-boulé,m,0.27
roulés-boulés,m,0.27
roumain,m,2.58
roumaine,f,2.58
roumaines,f,2.58
roumains,m,2.58
roumi,m,0.47
roumis,m,0.47
round,m,7.59
rounds,m,7.59
roupane,f,0.27
roupette,f,0.15
roupettes,f,0.56
roupie,f,1.30
roupies,f,1.30
roupillon,m,1.08
roupillons,m,1.08
rouquette,f,0.07
rouquin,m,10.07
rouquine,f,10.07
rouquines,f,10.07
rouquins,m,10.07
rouspétage,m,0.07
rouspétance,f,0.27
rouspéteur,m,0.04
rouspéteurs,m,0.04
rousse,f,11.08
rousseau,m,0.20
rousseaux,m,0.20
rousserolle,f,0.07
rousses,f,11.08
roussette,f,1.69
roussettes,f,1.69
rousseur,f,5.54
rousseurs,f,5.54
roussi,m,1.22
roussin,m,0.68
roussins,m,0.68
roussis,m,1.22
roussissures,f,0.07
rouste,f,0.41
roustes,f,0.41
rouston,m,0.01
roustons,m,0.24
routage,m,0.16
routard,m,0.32
routards,m,0.32
route,f,288.04
routes,f,288.04
routeur,m,0.17
routeurs,m,0.17
routier,m,5.61
routiers,m,5.61
routin,m,0.47
routine,f,12.77
routines,f,12.77
routière,f,5.61
rouvre,m,0.27
rouvres,m,0.27
roux,m,11.08
roy,m,0.27
royale,f,2.84
royales,f,0.20
royalties,f,0.54
royalty,f,0.07
royaume,m,27.79
royaumes,m,27.79
royauté,f,1.28
royautés,f,1.28
ru,m,0.88
ruade,f,2.09
ruades,f,2.09
ruban,m,23.18
rubans,m,23.18
rubia,m,0.01
rubis,m,3.11
rubricard,m,0.07
rubrique,f,6.69
rubriques,f,6.69
rubéole,f,0.14
ruche,f,3.57
rucher,m,0.20
ruchers,m,0.20
ruches,f,3.57
ruché,m,0.14
ruchée,f,0.14
rucksack,m,0.07
rudesse,f,3.65
rudesses,f,3.65
rudiment,m,1.89
rudiments,m,1.89
rudoiement,m,0.14
rudoiements,m,0.14
rue,f,562.97
ruelle,f,30.47
ruelles,f,30.47
rues,f,562.97
ruffian,m,0.81
ruffians,m,0.81
rufian,m,0.01
rugby,m,3.11
rugbyman,m,1.28
rugbymen,m,1.28
rugissement,m,4.93
rugissements,m,4.93
rugosité,f,0.81
rugosités,f,0.81
ruine,f,39.39
ruines,f,39.39
ruisseau,m,24.59
ruisseaux,m,24.59
ruisselet,m,1.01
ruisselets,m,1.01
ruissellement,m,4.53
ruissellements,m,4.53
ruisson,m,0.07
rumba,f,0.68
rumbas,f,0.68
rumeur,f,37.97
rumeurs,f,37.97
ruminant,m,1.08
ruminants,m,1.08
rumination,f,2.16
ruminations,f,2.16
ruminement,m,0.27
ruminements,m,0.27
rumsteck,m,0.07
rune,f,2.40
runes,f,2.40
running,m,0.66
rupin,m,1.69
rupines,f,1.69
rupins,m,1.69
rupteur,m,0.02
rupture,f,21.49
ruptures,f,21.49
rural,m,0.08
rurale,f,0.08
rurales,f,0.08
rus,m,0.88
ruse,f,19.93
ruses,f,19.93
rush,m,2.02
rushes,m,2.02
russification,f,0.14
russules,f,0.14
rustaud,m,0.39
rustaudes,f,0.39
rustauds,m,0.39
rusticité,f,1.08
rustine,f,1.69
rustines,f,1.69
rusé,m,1.69
rusée,f,1.69
rusées,f,1.69
rusés,m,1.69
rut,m,2.09
rutabaga,m,1.49
rutabagas,m,1.49
rutherford,m,0.04
rutilances,f,0.07
ruée,f,4.73
ruées,f,4.73
rythme,m,45.95
rythmes,m,45.95
rythmique,f,0.54
rythmiques,f,0.54
râble,m,1.96
râle,m,9.46
râlement,m,0.07
râles,m,9.46
râleur,m,0.48
râleurs,m,0.48
râleuse,f,0.48
râleuses,f,0.48
râleux,m,0.14
râpe,f,1.55
râpes,f,1.55
râpé,m,0.47
râteau,m,2.50
râteaux,m,2.50
râtelier,m,2.77
râteliers,m,2.77
règle,f,79.51
règlement,m,21.27
règlements,m,21.27
règles,f,79.51
règne,m,13.58
règnes,m,13.58
ré,m,3.06
réa,m,0.88
réabonnement,m,0.07
réabsorption,f,0.03
réactant,m,0.01
réacteur,m,5.24
réacteurs,m,5.24
réactif,m,0.38
réactifs,m,0.38
réaction,f,30.68
réactions,f,30.68
réactivation,f,0.07
réactivité,f,0.20
réactualisation,f,0.01
réadaptation,f,0.24
réadmission,f,0.04
réaffectation,f,0.16
réaffirmation,f,0.01
réagencement,m,0.07
réajustement,m,0.18
réajustements,m,0.18
réal,m,0.16
réalignement,m,0.07
réalisateur,m,17.07
réalisateurs,m,17.07
réalisation,f,4.19
réalisations,f,4.19
réalisatrice,f,17.07
réalisatrices,f,17.07
réalisme,m,5.41
réalité,f,82.77
réalités,f,82.77
réamorçage,m,0.01
réaménagement,m,0.19
réaménagements,m,0.19
réanimateur,m,0.04
réanimation,f,2.16
réapparition,f,1.69
réapparitions,f,1.69
réapprovisionnement,m,0.21
réarmement,m,0.34
réarrangement,m,0.03
réassignation,f,0.03
rébecca,f,0.07
rébellion,f,4.04
rébellions,f,4.04
rébus,m,1.28
récalcitrant,m,0.41
récalcitrantes,f,0.41
récalcitrants,m,0.41
récapitulatif,m,0.20
récapitulation,f,0.47
réceptacle,m,0.70
réceptacles,m,0.70
récepteur,m,3.58
récepteurs,m,3.58
réception,f,17.47
réceptions,f,17.47
réceptivité,f,0.20
récession,f,0.96
réchappé,m,0.14
réchappés,m,0.14
réchaud,m,6.82
réchauds,m,6.82
réchauffage,m,0.01
réchauffement,m,1.02
réchauffeur,m,0.03
récidive,f,0.81
récidives,f,0.81
récif,m,2.03
récifs,m,2.03
récipient,m,4.12
récipients,m,4.12
réciprocité,f,1.55
réciproque,f,0.41
récit,m,56.15
récital,m,1.89
récitals,m,1.89
récitant,m,1.28
récitante,f,1.28
récitants,m,1.28
récitatif,m,0.20
récitatifs,m,0.20
récitation,f,2.91
récitations,f,2.91
récits,m,56.15
réclamantes,f,0.07
réclamation,f,2.15
réclamations,f,2.15
réclame,f,6.15
réclames,f,6.15
réclusion,f,3.04
réclusions,f,3.04
récollet,m,0.81
récollets,m,0.81
récoltant,m,0.07
récolte,f,9.83
récoltes,f,9.83
récolteurs,m,0.07
récolteuse,f,0.07
récompense,f,19.66
récompenses,f,19.66
réconciliateur,m,0.07
réconciliation,f,5.47
réconciliations,f,5.47
réconfort,m,6.42
réconforts,m,6.42
récri,m,0.14
récrimination,f,3.11
récriminations,f,3.11
récris,m,0.14
récré,f,2.70
récréation,f,11.28
récréations,f,11.28
récrés,f,2.70
récup,m,0.14
récupe,f,0.14
récupérateur,m,0.27
récupérateurs,m,0.27
récupération,f,2.04
récupérations,f,2.04
récurage,m,0.27
récurrence,f,0.19
récurrences,f,0.19
récusation,f,0.09
récusations,f,0.09
récépissé,m,0.34
rédacteur,m,5.68
rédacteurs,m,5.68
rédaction,f,12.23
rédactions,f,12.23
rédactrice,f,5.68
rédactrices,f,5.68
rédempteur,m,0.78
rédemption,f,2.35
rédemptions,f,2.35
rédemptrice,f,0.78
rédhibition,f,0.07
réducteur,m,0.26
réducteurs,m,0.26
réduction,f,4.51
réductionnisme,m,0.03
réductions,f,4.51
réduit,m,8.99
réduits,m,8.99
réduplication,f,0.07
réel,m,6.62
réels,m,6.62
réembarquement,m,0.07
réemploi,m,0.14
réengagement,m,0.07
réexamen,m,0.07
réexpédition,f,0.05
réf,f,0.02
réfection,f,1.96
réfections,f,1.96
réfectoire,m,9.66
réfectoires,m,9.66
réflecteur,m,0.54
réflecteurs,m,0.54
réflexe,m,18.85
réflexes,m,18.85
réflexion,f,37.03
réflexions,f,37.03
réflexologie,f,0.02
réformateur,m,1.49
réformateurs,m,1.49
réformation,f,0.07
réforme,f,11.35
réformes,f,11.35
réformisme,m,0.01
réformé,m,0.54
réformés,m,0.54
réfraction,f,0.41
réfrigérant,m,0.07
réfrigérants,m,0.07
réfrigérateur,m,3.58
réfrigérateurs,m,3.58
réfrigération,f,0.23
réfugié,m,10.20
réfugiée,f,10.20
réfugiées,f,10.20
réfugiés,m,10.20
réfutation,f,0.41
réfutations,f,0.41
référence,f,10.45
référencement,m,0.01
références,f,10.45
référendum,m,2.57
référendums,m,2.57
référent,m,0.02
référé,m,0.14
référés,m,0.14
régal,m,2.97
régalade,f,0.81
régale,f,0.07
régaleur,m,0.07
régals,m,2.97
régate,f,1.13
régates,f,1.13
régence,f,1.69
régent,m,2.30
régente,f,2.30
régentes,f,2.30
régie,f,0.92
régies,f,0.92
régime,m,39.73
régiment,m,25.54
régiments,m,25.54
régimes,m,39.73
région,f,53.31
régional,m,1.22
régionale,f,1.22
régionales,f,1.22
régionalisme,m,0.14
régionaux,m,1.22
régions,f,53.31
régisseur,m,4.26
régisseurs,m,4.26
régisseuse,f,4.26
réglage,m,1.15
réglages,m,1.15
réglementation,f,0.56
réglementations,f,0.56
réglette,f,0.20
régleur,m,1.82
réglisse,f,2.57
réglisses,f,2.57
réglure,f,0.20
régression,f,1.55
régressions,f,1.55
régularisation,f,0.14
régularisations,f,0.14
régularité,f,6.96
régulateur,m,1.05
régulateurs,m,1.05
régulation,f,0.46
régulatrices,f,0.01
régule,m,0.28
régulier,m,1.82
réguliers,m,1.82
régulière,f,1.82
régulières,f,1.82
régurgitation,f,0.09
régurgitations,f,0.09
régénérateur,m,0.19
régénérateurs,m,0.19
régénération,f,0.67
régénérescence,f,0.27
réhabilitation,f,1.55
réhabilité,m,0.20
réhabilités,m,0.20
réhydratation,f,0.03
réimplantation,f,0.09
réimpression,f,0.14
réincarnation,f,1.75
réincarnations,f,1.75
réinitialisation,f,0.13
réinjection,f,0.14
réinsertion,f,1.51
réinstallation,f,0.14
réinterprétation,f,0.10
réintégration,f,0.34
réintégrations,f,0.34
réinvention,f,0.07
réinvestissement,m,0.01
réitération,f,0.14
réitérations,f,0.14
réjouissance,f,2.91
réjouissances,f,2.91
rémanence,f,0.20
rémiges,f,0.68
réminiscence,f,3.92
réminiscences,f,3.92
rémission,f,2.77
rémissions,f,2.77
rémiz,f,0.07
rémora,m,0.02
rémoulade,f,0.20
rémouleur,m,0.95
rémouleurs,m,0.95
rémunération,f,0.81
rémunérations,f,0.81
rénettes,f,0.07
rénine,f,0.01
rénovateur,m,0.20
rénovateurs,m,0.20
rénovation,f,3.65
rénovations,f,3.65
réorganisation,f,1.42
réorganisations,f,1.42
réorientation,f,0.08
réouverture,f,0.61
réouvertures,f,0.61
répandeur,m,0.07
réparateur,m,1.04
réparateurs,m,1.04
réparation,f,8.35
réparations,f,8.35
réparatrice,f,1.04
répartie,f,0.88
réparties,f,0.88
répartiteur,m,0.07
répartition,f,3.11
répartitions,f,3.11
répercussion,f,1.69
répercussions,f,1.69
répertoire,m,5.68
répertoires,m,5.68
répit,m,11.76
répits,m,11.76
réplication,f,0.23
réplique,f,16.82
répliques,f,16.82
répondant,m,1.82
répondants,m,1.82
répondeur,m,7.95
répondeurs,m,7.95
répons,m,0.68
réponse,f,99.93
réponses,f,99.93
répresseur,m,0.01
répression,f,4.05
répressions,f,4.05
réprimande,f,1.96
réprimandes,f,1.96
réprobation,f,5.27
réprouvé,m,1.42
réprouvées,f,1.42
réprouvés,m,1.42
républicain,m,4.19
républicaine,f,4.19
républicaines,f,4.19
républicains,m,4.19
république,f,21.96
républiques,f,21.96
répudiation,f,0.34
répugnance,f,7.91
répugnances,f,7.91
répulsion,f,5.27
répulsions,f,5.27
réputation,f,22.50
réputations,f,22.50
répétiteur,m,1.15
répétiteurs,m,1.15
répétition,f,15.06
répétitions,f,15.06
répétitrice,f,1.15
réquisition,f,2.77
réquisitions,f,2.77
réquisitoire,m,2.50
réquisitoires,m,2.50
réseau,m,18.92
réseaux,m,18.92
résection,f,0.18
réservation,f,4.99
réservations,f,4.99
réserve,f,51.55
réserves,f,51.55
réservoir,m,8.53
réservoirs,m,8.53
résidant,m,0.01
résidence,f,10.95
résidences,f,10.95
résident,m,1.66
résidente,f,1.66
résidents,m,1.66
résidu,m,2.72
résidus,m,2.72
résignation,f,9.93
résignations,f,9.93
résigné,m,3.45
résignée,f,3.45
résignées,f,3.45
résignés,m,3.45
résiliation,f,0.07
résilience,f,0.02
résille,f,1.96
résilles,f,1.96
résine,f,5.54
résines,f,5.54
résineux,m,0.20
résiné,m,2.43
résipiscence,f,0.47
résistance,f,56.49
résistances,f,56.49
résistant,m,6.15
résistante,f,6.15
résistantes,f,6.15
résistants,m,6.15
résolution,f,14.39
résolutions,f,14.39
résonance,f,5.27
résonances,f,5.27
résonateur,m,0.13
résorption,f,0.20
résorptions,f,0.20
résultante,f,0.54
résultantes,f,0.54
résultat,m,59.47
résultats,m,59.47
résumé,m,3.95
résumés,m,3.95
résurgence,f,1.08
résurgences,f,1.08
résurrection,f,8.11
résurrections,f,8.11
réséda,m,0.41
résédas,m,0.41
rétablissement,m,3.85
rétablissements,m,3.85
rétameur,m,0.14
rétention,f,0.48
réticence,f,7.64
réticences,f,7.64
réticulation,f,0.07
réticule,m,0.81
réticulum,m,0.04
rétinal,m,0.01
rétine,f,2.97
rétines,f,2.97
rétinite,f,0.07
rétinopathie,f,0.02
rétorsion,f,0.07
rétractation,f,0.34
rétractations,f,0.34
rétracteur,m,0.08
rétracteurs,m,0.08
rétraction,f,0.20
rétribution,f,0.60
rétributions,f,0.60
rétro,m,3.65
rétroaction,f,0.13
rétrocession,f,0.07
rétrofusée,f,0.25
rétrofusées,f,0.25
rétrogradation,f,0.20
rétrogradations,f,0.20
rétrogression,f,0.01
rétroprojecteur,m,0.11
rétropropulsion,f,0.03
rétros,m,3.65
rétrospection,f,0.03
rétrospective,f,0.61
rétrospectives,f,0.61
rétroversion,f,0.07
rétrovirus,m,1.11
rétroviseur,m,5.20
rétroviseurs,m,5.20
rétrécissement,m,0.88
rétrécissements,m,0.88
réunification,f,1.30
réunion,f,56.82
réunionnais,m,0.07
réunionnite,f,0.01
réunions,f,56.82
réussite,f,20.74
réussites,f,20.74
réutilisation,f,0.15
réveil,m,28.58
réveille-matin,m,0.88
réveilleurs,m,0.07
réveillon,m,5.07
réveillonneurs,m,0.20
réveillons,m,5.07
réveils,m,28.58
réverbère,m,10.81
réverbères,m,10.81
réverbération,f,1.69
réverbérations,f,1.69
réversibilité,f,0.61
réversion,f,0.14
réviseur,m,0.01
révision,f,3.99
révisionnisme,m,0.07
révisions,f,3.99
révocation,f,0.61
révocations,f,0.61
révolte,f,25.07
révoltes,f,25.07
révolté,m,2.43
révoltée,f,2.43
révoltées,f,2.43
révoltés,m,2.43
révolution,f,46.08
révolutions,f,46.08
révulsif,m,0.34
révulsion,f,0.20
révélateur,m,0.95
révélateurs,m,0.95
révélation,f,20.61
révélations,f,20.61
révérence,f,6.49
révérences,f,6.49
révérend,m,7.64
révérends,m,7.64
rééchelonnement,m,0.07
réécriture,f,0.13
réécritures,f,0.13
réédition,f,0.68
rééditions,f,0.68
rééducateur,m,0.07
rééducation,f,2.48
réélection,f,0.56
réélu,m,0.01
rééquilibrage,m,0.07
réévaluation,f,0.07
rêne,f,5.74
rênes,f,5.74
rêvasserie,f,0.41
rêvasseries,f,0.41
rêve,m,158.75
rêverie,f,19.46
rêveries,f,19.46
rêves,m,158.75
rêveur,m,4.66
rêveurs,m,4.66
rêveuse,f,4.66
rêveuses,f,4.66
rôdeur,m,2.57
rôdeurs,m,2.57
rôdeuse,f,2.57
rôdeuses,f,2.57
rôle,m,96.96
rôle-titre,m,0.01
rôles,m,96.96
rônier,m,0.07
rôniers,m,0.07
rônin,m,0.10
rônins,m,0.10
rôt,m,0.07
rôti,m,4.33
rôtie,f,1.15
rôties,f,1.15
rôtis,m,4.33
rôtisserie,f,0.35
rôtisseur,m,0.20
rôtisseurs,m,0.20
rôtisseuse,f,0.20
rôtisseuses,f,0.20
rôtissoire,f,0.41
rôtissoires,f,0.41
rôts,m,0.07
röntgens,m,0.02
s,m,38.31
s',m,38.31
sa,f,0.09
sabayon,m,0.30
sabayons,m,0.30
sabbat,m,3.28
sabbats,m,3.28
sabelles,f,0.07
sabines,f,0.14
sabir,m,0.74
sable,m,96.55
sables,m,96.55
sablier,m,3.11
sabliers,m,3.11
sablière,f,0.47
sablières,f,0.47
sablons,m,0.20
sabord,m,1.89
sabordage,m,0.20
sabords,m,1.89
sabot,m,24.66
sabotage,m,4.69
sabotages,m,4.69
saboterie,f,0.07
saboteur,m,1.15
saboteurs,m,1.15
saboteuse,f,1.15
sabotier,m,0.61
sabotiers,m,0.61
sabots,m,24.66
sabra,m,0.12
sabre,m,17.03
sabres,m,17.03
sabretache,f,0.27
sabretaches,f,0.27
sabreur,m,0.47
sabreurs,m,0.47
sac,m,174.26
sac-poubelle,m,0.41
saccade,f,6.15
saccades,f,6.15
saccage,m,1.42
saccages,m,1.42
saccageurs,m,0.07
saccagne,f,0.68
saccharine,f,0.54
saccharomyces,m,0.01
saccharose,m,0.04
sacculine,f,0.03
sacculines,f,0.03
sacerdoce,m,0.77
sacerdoces,m,0.77
sachem,m,0.07
sachet,m,5.41
sachets,m,5.41
sacoche,f,6.82
sacoches,f,6.82
sacralisation,f,0.07
sacre,m,0.75
sacrement,m,4.93
sacrements,m,4.93
sacres,m,0.75
sacret,m,0.03
sacrificateur,m,1.22
sacrificateurs,m,1.22
sacrifice,m,26.08
sacrifices,m,26.08
sacrifié,m,0.68
sacrifiée,f,0.68
sacrifiés,m,0.68
sacrilège,m,3.24
sacrilèges,m,3.24
sacripant,m,0.47
sacripants,m,0.47
sacristain,m,3.92
sacristaine,f,3.92
sacristaines,f,3.92
sacristains,m,3.92
sacristie,f,4.39
sacristies,f,4.39
sacristine,f,0.10
sacrum,m,0.07
sacré,m,5.88
sacré-coeur,m,0.20
sacrés,m,5.88
sacs,m,174.26
sacs-poubelles,m,0.41
sadducéen,m,0.07
sadisme,m,1.96
sadismes,m,1.96
sadomasochisme,m,0.02
saducéen,m,0.14
safari,m,1.77
safari-photo,m,0.01
safaris,m,1.77
safran,m,1.89
saga,f,1.01
sagacité,f,1.42
sagaie,f,0.41
sagaies,f,0.41
sagard,m,0.07
sagas,f,1.01
sage-femme,f,1.52
sages-femmes,f,1.52
sagesse,f,21.55
sagesses,f,21.55
sagettes,f,0.07
sagouin,m,1.22
sagouins,m,1.22
sagoutier,m,0.14
sagum,m,0.07
saharien,m,0.74
saharienne,f,0.74
sahariennes,f,0.74
sahariens,m,0.74
sahib,m,1.63
sahibs,m,1.63
saie,f,0.04
saignement,m,2.67
saignements,m,2.67
saigneur,m,0.07
saignée,f,2.84
saignées,f,2.84
saillie,f,5.54
saillies,f,5.54
saindoux,m,9.80
sainfoin,m,0.81
sainfoins,m,0.81
saint-bernard,m,0.68
saint-crépin,m,0.05
saint-cyrien,m,1.01
saint-cyriens,m,1.01
saint-esprit,m,0.47
saint-frusquin,m,0.74
saint-germain,m,0.34
saint-glinglin,f,0.07
saint-guy,m,0.03
saint-honoré,m,0.20
saint-hubert,f,0.07
saint-nectaire,m,0.14
saint-paulin,m,0.34
saint-pierre,m,0.20
saint-père,m,2.16
saint-siège,m,1.28
saint-synode,m,0.07
saint-émilion,m,0.41
sainte,f,63.31
sainte nitouche,f,0.51
sainte-nitouche,f,0.46
saintes,f,63.31
saintes-nitouches,f,0.46
sainteté,f,5.54
saintetés,f,5.54
saints,m,63.31
saints-pères,m,2.16
saisie,f,2.75
saisie-arrêt,f,0.20
saisies,f,2.75
saisissement,m,1.96
saisissements,m,1.96
saison,f,49.59
saisonnier,m,0.44
saisonniers,m,0.44
saisonnière,f,0.44
saisons,f,49.59
saki,m,0.05
saké,m,2.55
sakés,m,2.55
salacité,f,0.20
salacités,f,0.20
salade,f,24.26
salades,f,24.26
saladier,m,2.43
saladiers,m,2.43
salaire,m,26.43
salaires,m,26.43
salaison,f,1.22
salaisons,f,1.22
salam,m,0.03
salamalec,m,1.49
salamalecs,m,1.49
salamandre,f,1.62
salamandres,f,1.62
salami,m,2.06
salamis,m,2.06
salanque,f,0.07
salariat,m,0.27
salarié,m,0.95
salariée,f,0.95
salariés,m,0.95
salat,f,0.03
salaud,m,87.40
salauds,m,87.40
saleté,f,17.55
saletés,f,17.55
saleur,m,0.07
salicaires,f,0.07
salicine,f,0.10
salicorne,f,0.07
saligaud,m,3.36
saligauds,m,3.36
saline,f,0.13
salines,f,2.16
salinité,f,0.07
salins,m,2.16
salissure,f,0.74
salissures,f,0.74
salivation,f,0.07
salive,f,18.65
salives,f,18.65
saliveur,m,0.07
salière,f,2.03
salières,f,2.03
salle,f,215.81
salles,f,215.81
salmigondis,m,0.34
salmis,m,0.47
salmonelle,f,0.45
salmonellose,f,0.02
salmonidé,m,0.01
saloir,m,0.74
saloirs,m,0.74
salon,m,101.22
salonnard,m,0.07
salonniers,m,0.07
salonnières,f,0.14
salons,m,101.22
saloon,m,5.08
saloons,m,5.08
salop,m,0.82
salopard,m,21.80
salopards,m,21.80
salope,f,66.97
saloperie,f,25.27
saloperies,f,25.27
salopes,f,66.97
salopette,f,5.61
salopettes,f,5.61
salopiaud,m,0.16
salopiauds,m,0.16
salopiaux,m,0.07
salopiot,m,0.74
salopiots,m,0.74
salops,m,0.82
salpicon,m,0.14
salpingite,f,0.01
salpêtre,m,2.16
salpêtrière,f,0.07
sals,m,0.06
salsa,f,1.43
salsepareille,f,0.19
salsifis,m,1.01
salto,m,0.08
salubrité,f,0.34
salueur,m,0.01
salut,m,277.42
salutation,f,5.79
salutations,f,5.79
saluts,m,277.42
salvadorien,m,0.78
salvadorienne,f,0.01
salvadoriens,m,0.78
salvation,f,0.04
salvatrice,f,6.93
salve,f,7.43
salves,f,7.43
salé,m,1.42
salés,m,1.42
samaras,m,0.07
samaritain,m,0.50
samaritaine,f,1.08
samaritains,m,0.50
samba,f,7.50
sambenito,m,0.14
sambo,m,0.20
samedi,m,46.53
samedis,m,46.53
samizdats,m,0.07
sammy,m,0.13
samouraï,m,2.77
samouraïs,m,2.77
samovar,m,3.78
samovars,m,3.78
samoyède,m,0.07
sampan,m,0.09
sampang,m,0.34
sampangs,m,0.34
sample,m,0.07
sampler,m,0.10
samurai,m,0.68
sana,m,2.43
sanas,m,2.43
sanatorium,m,4.39
sanatoriums,m,4.39
sancerre,m,0.20
sanctification,f,0.07
sanction,f,4.86
sanctions,f,4.86
sanctuaire,m,6.42
sanctuaires,m,6.42
sanctus,m,0.68
sandale,f,8.51
sandales,f,8.51
sandalettes,f,0.61
sandalier,m,0.07
sanderling,m,0.03
sandjak,m,0.20
sandow,m,0.27
sandows,m,0.27
sandre,m,0.07
sandres,m,0.07
sandwich,m,9.93
sandwiches,m,4.93
sandwichs,m,9.93
sang,m,304.75
sang-froid,m,9.26
sangle,f,3.78
sangles,f,3.78
sanglier,m,8.78
sangliers,m,8.78
sanglot,m,29.12
sanglots,m,29.12
sangria,f,0.72
sangs,m,304.75
sangsue,f,2.90
sangsues,f,2.90
sanguin,m,0.07
sanguine,f,0.41
sanguines,f,0.41
sanguins,m,0.07
sanhédrin,m,0.41
sanie,f,1.08
sanies,f,1.08
sanitaire,m,0.41
sanitaires,m,0.41
sans-culotte,m,0.41
sans-culottes,m,0.41
sans-culottides,f,0.07
sans-faute,m,0.05
sans-façon,m,0.14
sans-fil,m,0.21
sans-filiste,m,0.74
sans-filistes,m,0.74
sans-grade,m,0.14
sans-pareil,m,5.20
sanscrit,m,0.41
sanskrit,m,0.14
sansonnet,m,0.47
sansonnets,m,0.47
santal,m,1.08
santals,m,1.08
santiag,f,1.49
santiags,m,1.49
santoche,f,0.07
santon,m,0.34
santons,m,0.34
santé,f,88.69
santés,f,88.69
saoudien,m,0.47
saoudienne,f,0.05
saoudiennes,f,0.05
saoudiens,m,0.47
saoulard,m,0.17
saoulerie,f,0.47
saouleries,f,0.47
sapajou,m,0.47
sapajous,m,0.47
sape,f,5.95
sapement,m,0.95
sapements,m,0.95
saperlotte,m,0.14
sapes,f,5.95
sapeur,m,4.80
sapeur-pompier,m,0.61
sapeurs,m,4.80
sapeurs-pompiers,m,0.61
saphir,m,1.96
saphirs,m,1.96
saphisme,m,0.07
sapidité,f,0.07
sapience,f,0.07
sapin,m,26.28
sapines,f,0.27
sapinette,f,0.20
sapinettes,f,0.20
sapinière,f,1.42
sapinières,f,1.42
sapins,m,26.28
saponaires,f,0.07
saponification,f,0.14
saponite,f,0.27
sapotille,f,0.10
sapotillier,m,0.27
sar,m,0.07
sara,f,0.10
sarabande,f,1.89
sarabandes,f,1.89
sarbacane,f,0.95
sarbacanes,f,0.95
sarcasme,m,4.66
sarcasmes,m,4.66
sarcelle,f,0.81
sarcelles,f,0.81
sarcine,f,0.01
sarclage,m,0.07
sarclette,f,0.01
sarcleuse,f,0.06
sarcloir,m,0.14
sarcome,m,0.34
sarcophage,m,2.43
sarcophages,m,2.43
sarcoïdose,f,0.10
sardanes,f,0.07
sardine,f,8.38
sardines,f,8.38
sardiniers,m,0.07
sardoine,f,0.07
sargasse,f,0.14
sargasses,f,0.14
sari,m,0.98
sarigue,f,0.07
saris,m,0.98
sarment,m,1.28
sarments,m,1.28
sarong,m,0.19
saroual,m,0.07
sarouel,m,0.14
sarracénie,f,0.01
sarrasin,m,0.68
sarrasine,f,0.68
sarrasins,m,0.68
sarrau,m,1.42
sarraus,m,1.42
sarreau,m,0.20
sarriette,f,0.07
sarrois,m,0.14
sarrussophone,m,0.07
sas,m,3.26
sashimi,m,0.23
sassafras,m,0.07
sasseur,m,0.54
satan,m,0.42
satanisme,m,0.34
satellite,m,13.41
satellites,m,13.41
satellites-espions,m,0.02
sati,m,0.02
satiation,f,0.07
satin,m,8.58
satinette,f,0.41
satins,m,8.58
satire,f,0.47
satires,f,0.47
satisfaction,f,41.22
satisfactions,f,41.22
satisfecit,m,0.34
satiété,f,1.42
satrape,m,0.88
satrapes,m,0.88
satrapie,f,0.01
saturation,f,1.08
saturnales,f,0.34
saturniennes,f,0.07
saturnisme,m,0.07
satyre,m,5.54
satyres,m,5.54
sauce,f,19.24
sauces,f,19.24
saucier,m,0.14
sauciflard,m,0.34
saucisse,f,15.89
saucisses,f,15.89
saucisson,m,8.04
saucissonnage,m,0.14
saucissonnages,m,0.14
saucissons,m,8.04
saucière,f,0.47
saucières,f,0.47
saucée,f,0.13
sauf-conduit,m,1.14
sauf-conduits,m,1.14
sauge,f,0.81
saulaie,f,0.20
saulaies,f,0.20
saule,m,8.65
saules,m,8.65
saulnier,m,0.07
saumon,m,5.92
saumoneau,m,0.07
saumonette,f,0.14
saumons,m,5.92
saumurage,m,0.01
saumure,f,1.76
sauna,m,3.85
saunas,m,3.85
saunier,m,0.68
sauniers,m,0.68
saunières,f,0.07
saupoudrage,m,0.02
saupoudreur,m,0.02
saura,m,0.02
saurien,m,0.47
sauriens,m,0.47
saurin,m,0.07
saussaies,f,1.22
saut,m,17.03
saut-de-lit,m,0.20
saute,f,14.52
saute-mouton,m,0.54
saute-ruisseau,m,0.07
sautelle,f,0.01
sauterelle,f,3.29
sauterelles,f,3.29
sauterie,f,0.63
sauteries,f,0.63
sauternes,m,1.08
sautes,f,14.52
sauteur,m,1.89
sauteurs,m,1.89
sauteuse,f,1.89
sauteuses,f,1.89
sautillement,m,0.74
sautillements,m,0.74
sautoir,m,2.70
sautoirs,m,2.70
sauton,m,0.20
sautons,m,0.20
sauts,m,17.03
sauts-de-lit,m,0.20
sauté,m,0.54
sautés,m,0.54
sauvageon,m,0.65
sauvageonne,f,0.65
sauvageonnes,f,0.65
sauvageons,m,0.65
sauvagerie,f,7.70
sauvageries,f,7.70
sauvagesse,f,0.14
sauvagesses,f,0.14
sauvagin,m,1.28
sauvagine,f,1.28
sauvagines,f,1.28
sauve-qui-peut,m,0.68
sauvegarde,f,2.57
sauvegardes,f,2.57
sauvetage,m,8.32
sauvetages,m,8.32
sauveteur,m,1.38
sauveteurs,m,1.38
sauveté,f,0.27
sauveur,m,6.93
sauveurs,m,6.93
sauveuse,f,6.93
sauvignon,m,0.20
savane,f,2.57
savanes,f,2.57
savant,m,12.03
savantasses,m,0.07
savante,f,12.03
savants,m,12.03
savarin,m,0.20
savate,f,3.99
savates,f,3.99
savetier,m,0.39
savetiers,m,0.39
saveur,f,12.36
saveurs,f,12.36
savoir,m,41.42
savoir-faire,m,2.03
savoir-vivre,m,1.76
savoirs,m,41.42
savon,m,18.04
savonnage,m,0.10
savonnages,m,0.10
savonneries,f,0.14
savonnette,f,3.92
savonnettes,f,3.92
savonnée,f,0.07
savons,m,18.04
savoyard,m,3.24
savoyarde,f,3.24
savoyards,m,3.24
sax,m,0.36
saxes,m,0.14
saxhorn,m,0.40
saxifragacées,f,0.07
saxifrage,f,0.14
saxifrages,f,0.14
saxo,m,1.01
saxon,m,0.03
saxonnes,f,0.10
saxons,m,0.03
saxophone,m,1.32
saxophones,m,1.32
saxos,m,1.01
saynète,f,0.74
saynètes,f,0.74
sayon,m,0.14
saï,m,0.47
sbire,m,1.62
sbires,m,1.62
scaferlati,m,0.14
scalaire,m,0.03
scalp,m,1.44
scalpel,m,2.45
scalpels,m,2.45
scalpeur,m,0.01
scalps,m,1.44
scampi,m,0.09
scandale,m,24.05
scandales,m,24.05
scannage,m,0.10
scanner,m,8.56
scanners,m,8.56
scanneur,m,0.04
scanning,m,0.17
scanographie,f,0.08
scansion,f,0.34
scansions,f,0.34
scaphandre,m,0.79
scaphandres,m,0.79
scaphandrier,m,0.34
scaphandriers,m,0.34
scapin,m,0.07
scapulaire,m,0.68
scapulaires,m,0.68
scarabée,m,1.42
scarabées,m,1.42
scare,m,0.06
scarification,f,0.14
scarifications,f,0.14
scarlatine,f,1.01
scarlatines,f,1.01
scarole,f,0.14
scaroles,f,0.14
scat,m,0.06
scatologie,f,0.01
scatologue,m,0.07
scatter,m,0.14
scazons,m,0.14
sceau,m,4.93
sceaux,m,4.93
scellage,m,0.01
scellement,m,0.27
scellements,m,0.27
scellé,m,1.91
scellés,m,1.91
scenarii,m,0.07
scenic railway,m,0.20
scepticisme,m,5.00
sceptre,m,1.69
sceptres,m,1.69
schah,m,0.02
schako,m,0.07
schampooing,m,0.07
schbeb,m,0.41
scheik,m,0.01
schilling,m,1.42
schillings,m,1.42
schisme,m,0.81
schismes,m,0.81
schiste,m,1.28
schistes,m,1.28
schizophasie,f,0.01
schizophrénie,f,1.83
schlague,f,0.20
schlass,m,0.14
schlem,m,0.07
schleu,m,0.02
schlitte,f,0.07
schnaps,m,1.86
schnauzer,m,0.04
schnick,m,0.14
schnitzel,m,0.46
schnouf,f,0.01
schnouff,f,0.01
schooner,m,0.04
schooners,m,0.04
schpile,m,1.28
schproum,m,0.41
schtroumf,m,0.02
schtroumpf,m,0.55
schtroumpfs,m,0.55
schupo,m,0.54
schupos,m,0.54
schuss,m,0.41
schème,m,0.14
schèmes,m,0.14
schéma,m,4.03
schémas,m,4.03
schématisme,m,0.07
sciage,m,0.14
scie,f,10.07
science,f,32.97
science-fiction,f,2.36
sciences,f,32.97
scientificité,f,0.01
scientisme,m,0.02
scientologie,f,0.30
scierie,f,2.30
scieries,f,2.30
scies,f,10.07
scieur,m,0.54
scieurs,m,0.54
scintigraphie,f,0.36
scintillation,f,0.41
scintillations,f,0.41
scintillement,m,4.53
scintillements,m,4.53
scion,m,0.61
scions,m,0.61
scirpe,m,0.07
scirpes,m,0.07
scission,f,0.68
scissiparité,f,0.01
scissures,f,0.07
sciure,f,6.08
sciures,f,6.08
sciène,f,0.14
sclérodermie,f,0.03
sclérose,f,0.88
scléroses,f,0.88
sclérotique,f,0.54
sclérotiques,f,0.54
scolarisation,f,0.07
scolarité,f,1.63
scolarités,f,1.63
scoliose,f,0.34
scolioses,f,0.34
scolopendre,f,0.34
scolopendres,f,0.34
scolyte,m,0.01
scone,m,0.45
scones,m,0.45
sconse,m,0.04
scoop,m,5.29
scoops,m,5.29
scooter,m,3.62
scooters,m,3.62
scope,m,0.41
scopes,m,0.41
scopie,f,0.01
scopitones,m,0.07
scopolamine,f,0.02
scorbut,m,0.95
score,m,5.92
scores,m,5.92
scories,f,0.74
scorpion,m,3.54
scorpions,m,3.54
scotch,m,9.45
scotch-terrier,m,0.01
scotchs,m,9.45
scottish,f,0.14
scoubidou,m,0.34
scoubidous,m,0.34
scoumoune,f,0.20
scout,m,3.73
scoute,f,3.73
scoutisme,m,0.54
scouts,m,3.73
scrabble,m,1.39
scratch,m,0.41
scratching,m,0.17
scriban,m,0.07
scribe,m,3.18
scribes,m,3.18
scribouillages,m,0.07
scribouillard,m,1.01
scribouillards,m,1.01
script,m,6.45
script-girl,f,0.20
scripteur,m,0.14
scripteurs,m,0.14
scripts,m,6.45
scrofulaire,f,0.01
scrofule,f,0.14
scrofules,f,0.14
scrotum,m,0.77
scrub,m,2.72
scrubs,m,2.72
scrupule,m,16.42
scrupules,m,16.42
scrupulosité,f,0.01
scrutateur,m,0.07
scrutation,f,0.04
scrutin,m,1.49
scrutins,m,1.49
sculpteur,m,7.50
sculpteurs,m,7.50
sculptrice,f,7.50
sculpture,f,7.91
sculptures,f,7.91
scutigère,f,0.61
scutigères,f,0.61
scène,f,114.93
scène-clé,f,0.01
scènes,f,114.93
scènes-clés,f,0.01
scélérat,m,2.87
scélérate,f,2.87
scélératesse,f,0.14
scélératesses,f,0.14
scélérats,m,2.87
scénar,m,0.51
scénarii,m,19.14
scénarimage,m,0.01
scénario,m,19.14
scénarios,m,19.14
scénars,m,0.51
scénographie,f,0.35
seaborgium,m,0.10
seau,m,24.05
seaux,m,24.05
secco,m,0.61
seccos,m,0.61
seccotine,f,0.34
second,m,31.28
second-maître,m,0.07
secondaire,m,1.01
secondaires,m,1.01
seconde,f,124.54
secondes,f,124.54
secondo,m,0.20
seconds,m,31.28
secouement,m,0.07
secoueur,m,0.09
secoueurs,m,0.09
secourisme,m,0.26
secours,m,70.36
secousse,f,16.28
secousses,f,16.28
secret,m,103.49
secrets,m,103.49
secrète,f,2.57
secrètes,f,2.57
secrétairerie,f,0.07
secrétariat,m,3.31
secrétariats,m,3.31
sectarisme,m,0.34
sectateur,m,0.34
sectateurs,m,0.34
secte,f,5.02
sectes,f,5.02
secteur,m,26.50
secteurs,m,26.50
section,f,22.23
sectionnement,m,0.07
sections,f,22.23
sectorisation,f,0.01
sedan,m,0.07
sedia gestatoria,f,0.20
sedums,m,0.07
seersucker,m,0.02
segment,m,1.42
segments,m,1.42
seguedilla,f,0.20
seguedillas,f,0.20
seiche,f,0.88
seiches,f,0.88
seigle,m,2.36
seigles,m,2.36
seigneur,m,153.82
seigneurie,f,4.86
seigneuries,f,4.86
seigneurs,m,153.82
seille,f,0.27
seilles,f,0.27
seillon,m,0.07
sein,m,84.05
seine,f,0.47
seing,m,0.07
seins,m,84.05
sel,m,33.24
self,m,0.67
self-control,m,0.34
self-contrôle,m,0.19
self-défense,f,0.18
self-made man,m,0.14
self-made-man,m,0.07
self-made-men,m,0.07
self-service,m,0.47
self-services,m,0.47
selfs,m,0.67
selle,f,19.05
sellerie,f,0.27
selleries,f,0.27
selles,f,19.05
sellette,f,0.88
sellier,m,0.47
sels,m,33.24
seltz,m,0.17
selva,f,0.44
semailles,f,0.81
semaine,f,290.85
semaines,f,290.85
semainier,m,0.34
semblance,f,0.27
semblant,m,32.09
semblants,m,32.09
semelle,f,21.96
semelles,f,21.96
semen-contra,m,0.07
semence,f,5.27
semences,f,5.27
semestre,m,3.53
semestres,m,3.53
semeur,m,0.74
semeurs,m,0.74
semeuse,f,0.47
semeuses,f,0.74
semi,m,1.28
semi-conducteur,m,0.08
semi-conducteurs,m,0.08
semi-liberté,f,0.26
semi-remorque,m,0.61
semi-remorques,m,0.61
semis,m,2.84
semoir,m,0.34
semoirs,m,0.34
semonce,f,1.49
semonces,f,1.49
semoule,f,1.35
semtex,m,0.10
sen,m,0.48
senior,m,0.64
seniors,m,0.64
senne,f,0.47
sens,m,217.50
sensation,f,46.89
sensationnalisme,m,0.07
sensationnel,m,0.98
sensationnels,m,0.98
sensations,f,46.89
senseur,m,0.42
senseurs,m,0.42
sensibilisation,f,0.09
sensibilité,f,12.36
sensibilités,f,12.36
sensiblerie,f,1.15
sensibleries,f,1.15
sensorialité,f,0.07
sensualité,f,6.76
sensualités,f,6.76
sent-bon,m,0.54
sente,f,3.24
sentence,f,7.70
sentences,f,7.70
sentes,f,3.24
senteur,f,11.69
senteurs,f,11.69
senti,m,0.70
sentier,m,36.62
sentiers,m,36.62
sentiment,m,157.30
sentimental,m,1.49
sentimentale,f,1.49
sentimentales,f,1.49
sentimentalisme,m,0.75
sentimentalité,f,1.22
sentimentalités,f,1.22
sentimentaux,m,1.49
sentiments,m,157.30
sentine,f,0.54
sentinelle,f,12.57
sentinelles,f,12.57
sentines,f,0.54
sentis,m,0.70
seppuku,m,0.07
seps,m,0.07
sept,f,0.01
septante,m,0.07
septembre,m,43.58
septembriseur,m,0.07
septennat,m,0.14
septentrion,m,0.16
septicité,f,0.03
septicémie,f,0.23
septidi,m,0.07
septime,f,0.81
septum,m,0.09
septuor,m,0.01
septuple,m,0.03
sepuku,m,0.07
sequin,m,0.29
sequins,m,0.29
serein,m,1.15
sereine,f,1.15
serf,m,1.08
serfouette,f,0.07
serfs,m,1.08
serge,f,2.64
sergent,m,27.36
sergent-chef,m,1.52
sergent-major,m,1.35
sergent-pilote,m,0.07
sergents,m,27.36
sergents-chefs,m,1.52
sergents-majors,m,1.35
serges,f,2.64
sergot,m,0.14
sergots,m,0.14
sergé,m,0.20
serial,m,0.69
serin,m,3.24
serine,f,3.24
serines,f,3.24
seringa,m,0.81
seringas,m,0.81
seringue,f,6.15
seringueiros,m,0.07
seringues,f,6.15
serins,m,3.24
serment,m,21.19
serments,m,21.19
sermon,m,7.61
sermonneur,m,0.28
sermonneurs,m,0.28
sermons,m,7.61
serpe,f,4.32
serpent,m,32.20
serpenteau,m,0.01
serpentement,m,0.14
serpentements,m,0.14
serpentin,m,1.49
serpentine,f,1.49
serpentins,m,1.49
serpents,m,32.20
serpes,f,4.32
serpette,f,0.47
serpillière,f,4.46
serpillières,f,4.46
serpolet,m,0.14
serra,f,2.09
serrage,m,0.47
serrante,f,0.20
serre,f,6.62
serre-file,m,0.34
serre-joint,m,0.14
serre-joints,m,0.14
serre-livres,m,0.07
serre-tête,m,0.74
serre-têtes,m,0.74
serrement,m,1.76
serrements,m,1.76
serres,f,6.62
serrure,f,19.26
serrurerie,f,0.54
serrures,f,19.26
serrurier,m,2.25
serruriers,m,2.25
serrurière,f,2.25
sert,m,0.01
sertao,m,0.10
serti,m,0.34
sertis,m,0.34
sertissage,m,0.07
sertisseur,m,0.07
sertão,m,2.00
servage,m,0.54
serval,m,0.01
servant,m,18.65
servante,f,18.65
servantes,f,18.65
servants,m,18.65
serve,f,0.20
serves,f,0.20
serveur,m,23.21
serveurs,m,23.21
serveuse,f,23.21
serveuses,f,23.21
serviabilité,f,0.01
service,m,187.67
services,m,187.67
serviette,f,35.07
serviette-éponge,f,1.49
serviettes,f,35.07
serviettes-éponges,f,1.49
servilité,f,1.22
servilités,f,1.22
serviteur,m,17.77
serviteurs,m,17.77
servitude,f,7.43
servitudes,f,7.43
servofrein,m,0.03
servomoteur,m,0.02
servomoteurs,m,0.02
servomécanisme,m,0.01
ses,f,0.06
session,f,3.29
sessions,f,3.29
sesterces,m,0.85
set,m,3.76
sets,m,3.76
setter,m,0.61
setters,m,0.61
seuil,m,49.86
seuils,m,49.86
seul,m,102.45
seule,f,102.45
seules,f,102.45
seuls,m,102.45
sevrage,m,1.08
sevrages,m,1.08
sex appeal,m,0.74
sex shop,m,0.57
sex shops,m,0.57
sex-appeal,m,0.74
sex-shop,m,0.57
sex-shops,m,0.57
sex-symbol,m,0.08
sexe,m,52.70
sexes,m,52.70
sexisme,m,0.39
sexologie,f,0.27
sextant,m,0.54
sextidi,m,0.07
sextuor,m,0.14
sexualité,f,6.02
señor,m,9.75
shabbat,m,4.25
shah,m,1.13
shahs,m,1.13
shake-hand,m,0.14
shaker,m,0.81
shakespearien,m,0.03
shakespearienne,f,0.03
shakespeariens,m,0.03
shako,m,1.22
shakos,m,1.22
shale,m,0.17
shaman,m,0.92
shamans,m,0.92
shamisen,m,0.07
shampoing,m,1.57
shampoings,m,1.57
shampooing,m,2.61
shampooings,m,2.61
shampouineur,m,1.62
shampouineuse,f,1.62
shampouineuses,f,1.62
shanghaien,m,0.02
shanghaiens,m,0.02
shantung,m,1.08
shed,m,0.17
shekels,m,1.03
sheriff,m,2.61
sherpa,m,0.18
sherpas,m,0.18
sherry,m,2.75
shetland,m,0.74
shetlands,m,0.74
shiatsu,m,0.28
shilling,m,2.28
shillings,m,2.28
shilom,m,0.01
shimmy,m,0.20
shingle,m,0.01
shintoïsme,m,0.07
shintô,m,0.01
shipchandler,m,0.07
shipping,m,0.07
shirting,m,0.07
shit,m,3.00
shogoun,m,0.10
shogun,m,0.32
shogunat,m,0.06
shoot,m,2.50
shooteuse,f,0.27
shoots,m,2.50
shopping,m,5.75
shoppings,m,5.75
short,m,8.24
shorts,m,8.24
show,m,2.64
show-business,m,0.27
showbiz,m,0.68
shows,m,2.64
shrapnel,m,0.34
shrapnell,m,1.42
shrapnells,m,1.42
shrapnels,m,0.34
shunt,m,0.16
shéol,m,0.07
shérif,m,46.65
shérifs,m,46.65
shôgun,m,0.07
si,m,1.22
siam,m,0.01
siamois,m,2.36
siamoise,f,2.36
siamoises,f,2.36
sibylle,f,0.61
sibylles,f,0.61
sibérien,m,0.54
sibérienne,f,0.14
sibériens,m,0.54
sicaire,m,0.14
sicaires,m,0.14
sicilien,m,3.60
sicilienne,f,3.60
siciliennes,f,3.60
siciliens,m,3.60
sicle,m,0.02
sida,m,5.20
sidas,m,5.20
side-car,m,1.08
side-cars,m,1.08
sidi,m,0.81
sidis,m,0.81
sidéens,m,0.18
sidération,f,0.03
sidérite,f,0.01
sidérurgie,f,0.27
siennois,m,0.20
sierra,f,4.27
sierras,f,4.27
sieste,f,14.86
siestes,f,14.86
sieur,m,21.35
sieurs,m,21.35
sifflante,f,0.02
sifflantes,f,0.01
sifflard,m,0.34
sifflement,m,13.78
sifflements,m,13.78
sifflet,m,17.91
sifflets,m,17.91
siffleur,m,0.20
sifflotement,m,0.34
sifflotis,m,0.14
sigisbée,m,0.20
sigisbées,m,0.20
sigle,m,1.62
sigles,m,1.62
signal,m,39.61
signalement,m,3.43
signalements,m,3.43
signaleur,m,0.83
signaleurs,m,0.83
signalisation,f,1.08
signalisations,f,1.08
signature,f,18.47
signatures,f,18.47
signaux,m,39.61
signe,m,161.28
signes,m,161.28
signet,m,0.74
signets,m,0.74
signifiance,f,0.14
signification,f,16.76
significations,f,16.76
signifié,m,0.07
signor,m,5.36
signora,f,5.36
signorina,f,0.64
sil,m,2.65
silence,m,325.54
silences,m,325.54
silencieux,m,2.84
silex,m,5.14
silhouette,f,73.31
silhouettes,f,73.31
silicate,m,0.07
silice,f,0.34
silices,f,0.34
silicium,m,0.24
silicone,f,2.42
silicose,f,0.34
silionne,f,0.01
sillage,m,10.88
sillages,m,10.88
sillet,m,0.01
sillon,m,12.30
sillons,m,12.30
silo,m,1.69
silos,m,1.69
sils,m,2.65
silvaner,m,0.14
silène,m,0.14
silènes,m,0.14
sima,m,0.37
simagrée,f,3.18
simagrées,f,3.18
simarre,f,0.14
simien,m,0.07
simiens,m,0.07
similarité,f,0.31
similarités,f,0.31
simili,m,1.01
similicuir,m,0.01
similitude,f,1.55
similitudes,f,1.55
similor,m,0.07
similors,m,0.07
simoun,m,0.54
simplesse,f,0.20
simplet,m,0.78
simplets,m,0.78
simplette,f,0.17
simplicité,f,21.69
simplification,f,0.61
simplifications,f,0.61
simulacre,m,6.22
simulacres,m,6.22
simulateur,m,1.05
simulateurs,m,1.05
simulation,f,3.69
simulations,f,3.69
simulatrice,f,1.05
simultanéité,f,1.15
sinapisme,m,0.20
sinapismes,m,0.20
sinciput,m,0.20
sincérité,f,9.66
sindon,m,0.27
singe,m,35.48
singe-araignée,m,0.01
singerie,f,2.23
singeries,f,2.23
singes,m,35.48
single,m,1.10
singles,m,1.10
singleton,m,0.17
singularité,f,3.11
singularités,f,3.11
singulier,m,2.64
singuliers,m,2.64
sinistre,m,2.16
sinistres,m,2.16
sinistrose,f,0.07
sinistré,m,0.61
sinistrés,m,0.61
sino-américain,m,0.02
sinologie,f,0.07
sinople,m,0.14
sinoquet,m,0.88
sinuosité,f,0.68
sinuosités,f,0.68
sinus,m,1.30
sinusite,f,0.33
sinusites,f,0.33
sinusoïdes,f,0.14
sinécure,f,0.88
sinécures,f,0.88
sionisme,m,0.27
sioux,m,0.14
siphon,m,2.23
siphonnage,m,0.07
siphons,m,2.23
sipo,m,0.03
sir,m,10.48
sirdar,m,0.41
sire,m,3.37
sires,m,3.37
sirocco,m,1.52
sirop,m,8.18
sirops,m,8.18
sirventès,m,0.14
sirène,f,17.50
sirènes,f,17.50
sisal,m,0.34
sismologie,f,0.02
sismomètre,m,0.01
sismothérapie,f,0.01
sisymbre,m,0.07
sit-in,m,0.30
sitar,m,0.16
sitcom,f,0.85
sitcoms,f,0.85
site,m,17.17
sites,m,17.17
sittelle,f,0.03
situ,m,0.95
situation,f,108.99
situationnisme,m,0.01
situations,f,108.99
six-quatre,m,0.07
sixain,m,0.20
sixte,f,0.14
sixtus,m,0.01
sizain,m,0.14
siècle,m,132.91
siècles,m,132.91
siège,m,57.91
sièges,m,57.91
ska,m,0.35
skate,m,2.50
skate-board,m,0.57
skateboard,m,1.13
skateboards,m,1.13
skates,m,2.50
skating,m,0.07
skaï,m,1.82
skeet,m,0.04
skeets,m,0.04
sketch,m,2.54
sketches,m,2.54
sketchs,m,2.54
ski,m,16.57
skieur,m,1.28
skieurs,m,1.28
skieuse,f,1.28
skieuses,f,1.28
skiff,m,0.27
skiffs,m,0.27
skin,m,0.93
skinhead,m,1.59
skinheads,m,1.59
skins,m,0.93
skip,m,2.27
skipper,m,1.32
skis,m,16.57
skunks,m,1.55
skydome,m,0.01
slalom,m,0.95
slaloms,m,0.95
slang,m,0.07
slash,m,0.07
slavisme,m,0.07
slavon,m,0.07
sleeping,m,0.37
sleepings,m,0.37
slibard,m,0.47
slice,m,0.19
slip,m,12.77
slips,m,12.77
slogan,m,6.96
slogans,m,6.96
sloop,m,0.07
sloughi,m,0.07
slow,m,2.16
slows,m,2.16
slug,m,0.10
smack,m,0.15
smacks,m,0.15
smala,f,0.61
smalah,f,0.20
smash,m,0.40
smegma,m,0.04
smicard,m,0.14
smicards,m,0.14
smigard,m,0.07
smiley,m,0.78
smocks,m,0.34
smog,m,0.29
smoking,m,4.90
smokings,m,4.90
smorrebrod,m,0.07
smurf,m,0.03
snack,m,1.21
snack-bar,m,0.61
snack-bars,m,0.61
snacks,m,1.21
sniffette,f,0.07
snipe,m,0.07
sniper,m,4.50
snipers,m,4.50
snobinard,m,0.46
snobinarde,f,0.46
snobinardes,f,0.46
snobinards,m,0.46
snobisme,m,3.45
snobismes,m,3.45
snow-boots,m,0.07
soap opéra,m,0.17
soap-opéra,m,0.17
sobriquet,m,4.86
sobriquets,m,4.86
sobriété,f,1.62
soc,m,1.89
soccer,m,0.64
sociabilité,f,0.41
social,m,1.01
social-démocrate,m,0.47
social-démocratie,f,0.34
social-traître,m,0.27
socialisation,f,0.10
socialisme,m,6.76
socialismes,m,6.76
sociaux-démocrates,m,0.47
sociniens,m,0.07
socio,f,0.01
sociobiologie,f,0.01
sociologie,f,1.28
sociopathie,f,0.04
socius,m,0.07
société,f,75.46
sociétés,f,75.46
socket,m,0.03
socle,m,8.45
socles,m,8.45
socque,m,0.47
socques,m,0.47
socquette,f,2.16
socquettes,f,2.16
socs,m,1.89
soda,m,10.23
sodas,m,10.23
sodium,m,1.13
sodomie,f,1.44
sodomisation,f,0.34
sodomite,m,0.86
sodomites,m,0.86
soeur,f,184.99
soeurette,f,2.12
soeurs,f,184.99
sofa,m,5.68
sofas,m,5.68
soft,m,0.10
softball,m,0.69
soi,m,0.28
soie,f,51.62
soierie,f,1.96
soieries,f,1.96
soies,f,51.62
soif,f,35.54
soiffard,m,0.54
soiffarde,f,0.54
soiffards,m,0.54
soifs,f,35.54
soignant,m,0.27
soignante,f,0.27
soignantes,f,0.27
soignants,m,0.27
soigneur,m,0.95
soigneurs,m,0.95
soin,m,71.99
soins,m,71.99
soir,m,575.70
soirs,m,575.70
soirée,f,102.37
soirées,f,102.37
soissonnais,m,0.14
soixantaine,f,4.53
soixante,m,3.18
soixante-dix,m,1.15
soixante-huitard,m,0.14
soixante-huitards,m,0.14
soja,m,2.28
sol,m,150.34
solanacée,f,0.07
solanacées,f,0.07
solarium,m,0.74
solariums,m,0.74
soldat,m,128.92
soldate,f,128.92
soldatesque,f,0.81
soldats,m,128.92
solderie,f,0.05
soldeur,m,0.20
soldeurs,m,0.20
sole,f,2.50
soleil,m,334.39
soleil-roi,m,0.07
soleils,m,334.39
solen,m,0.07
solennité,f,8.11
solennités,f,8.11
soles,f,2.50
solex,m,3.38
solfatares,f,0.14
solfège,m,0.95
soli,m,5.22
solicitor,m,0.14
solicitors,m,0.14
solidarité,f,9.05
solidarités,f,9.05
solide,m,4.53
solides,m,4.53
solidification,f,0.01
solidité,f,4.66
solidus,m,0.07
soliflore,m,0.20
soliloque,m,1.22
soliloques,m,1.22
solipsisme,m,0.01
solitude,f,69.73
solitudes,f,69.73
solive,f,0.95
soliveau,m,0.14
solives,f,0.95
sollicitation,f,2.30
sollicitations,f,2.30
solliciteur,m,0.68
solliciteurs,m,0.68
solliciteuse,f,0.68
sollicitude,f,9.46
sollicitudes,f,9.46
solo,m,5.22
solos,m,5.22
sols,m,150.34
solstice,m,1.42
solstices,m,1.42
solubilité,f,0.01
solucamphre,m,0.07
solution,f,61.96
solutionneur,m,0.03
solutions,f,61.96
soluté,m,0.17
solutés,m,0.17
solvabilité,f,0.15
solvant,m,0.27
solvants,m,0.27
solécismes,m,0.14
solénoïde,m,0.11
solénoïdes,m,0.11
soma,m,0.48
somaliens,m,0.32
sombrero,m,0.68
sombreros,m,0.68
sommaire,m,0.54
sommaires,m,0.54
sommation,f,3.24
sommations,f,3.24
somme,f,79.26
sommeil,m,114.80
sommeils,m,114.80
sommelier,m,1.15
sommes,f,79.26
sommet,m,47.50
sommets,m,47.50
sommier,m,7.97
sommiers,m,7.97
sommité,f,2.64
sommités,f,2.64
somnambulisme,m,0.74
somnifère,m,5.73
somnifères,m,5.73
somno,m,0.07
somnolence,f,3.58
somnolences,f,3.58
somptuosité,f,1.08
somptuosités,f,1.08
son,m,67.84
sonagramme,m,0.01
sonar,m,1.71
sonars,m,1.71
sonate,f,2.98
sonates,f,2.98
sonatine,f,1.62
sondage,m,4.64
sondages,m,4.64
sonde,f,6.31
sondes,f,6.31
sondeur,m,0.20
sondeurs,m,0.20
sondeuse,f,0.20
sondé,m,0.08
sondée,f,0.08
sondés,m,0.08
song,m,0.40
songe,m,21.28
songe-creux,m,0.41
songerie,f,1.69
songeries,f,1.69
songes,m,21.28
songeuse,f,0.07
sonnaille,f,1.15
sonnailles,f,1.15
sonnerie,f,18.31
sonneries,f,18.31
sonnet,m,2.09
sonnets,m,2.09
sonnette,f,16.15
sonnettes,f,16.15
sonneur,m,1.34
sonneurs,m,1.34
sono,f,1.89
sonoluminescence,f,0.01
sonomètres,m,0.01
sonorisateurs,m,0.07
sonorisation,f,0.27
sonorité,f,6.15
sonorités,f,6.15
sonos,f,1.89
sonothèque,f,0.01
sonotone,m,0.17
sonotones,m,0.17
sons,m,67.84
sopha,m,0.27
sophie,f,1.23
sophisme,m,0.54
sophismes,m,0.54
sophistication,f,0.68
sophistications,f,0.68
sophora,m,0.14
sopor,m,0.07
sorbes,f,0.07
sorbet,m,1.55
sorbetière,f,0.27
sorbetières,f,0.27
sorbets,m,1.55
sorbier,m,1.18
sorbiers,m,1.18
sorbitol,m,0.03
sorbonnarde,f,0.07
sorbonne,f,0.20
sorcellerie,f,5.24
sorcelleries,f,5.24
sorcier,m,54.09
sorciers,m,54.09
sorcière,f,54.09
sorcières,f,54.09
sordidité,f,0.14
sorgho,m,0.07
sorite,m,0.01
sornette,f,1.83
sornettes,f,1.83
sororité,f,0.14
sort,m,58.92
sorte,f,307.16
sortes,f,307.16
sortie,f,75.27
sorties,f,75.27
sortilège,m,3.19
sortilèges,m,3.19
sortir,m,10.61
sorts,m,58.92
sosie,m,1.89
sosies,m,1.89
sot,m,5.84
sotie,f,0.07
sots,m,5.84
sotte,f,5.84
sottes,f,5.84
sottise,f,11.82
sottises,f,11.82
sou,m,41.22
soubassement,m,2.23
soubassements,m,2.23
soubise,f,0.07
soubresaut,m,6.96
soubresauts,m,6.96
soubrette,f,3.11
soubrettes,f,3.11
souche,f,10.54
souches,f,10.54
souchet,m,0.07
souchette,f,0.07
souci,m,61.22
soucis,m,61.22
soucoupe,f,8.85
soucoupes,f,8.85
soudage,m,0.04
soudaineté,f,1.28
soudanais,m,0.24
soudard,m,2.23
soudards,m,2.23
soude,f,0.88
soudeur,m,1.42
soudeurs,m,1.42
soudeuse,f,1.42
soudure,f,1.35
soudures,f,1.35
soue,f,0.34
soufflages,m,0.07
soufflant,m,0.34
soufflante,f,0.34
soufflants,m,0.34
souffle,m,100.20
soufflement,m,0.27
soufflements,m,0.27
soufflerie,f,0.98
souffles,m,100.20
soufflet,m,6.22
soufflets,m,6.22
souffleur,m,1.35
souffleurs,m,1.35
souffleuse,f,1.35
soufflure,f,0.20
soufflures,f,0.20
soufflé,m,1.33
soufflés,m,1.33
souffrance,f,47.16
souffrances,f,47.16
souffre-douleur,m,1.22
soufis,m,0.44
soufrages,m,0.07
soufre,m,4.53
souhait,m,10.41
souhaits,m,10.41
souillage,m,0.07
souillarde,f,2.03
souille,f,2.57
souilles,f,2.57
souillure,f,2.91
souillures,f,2.91
souk,m,2.64
souks,m,2.64
soul,f,1.71
soulagement,m,21.22
soulagements,m,21.22
soule,f,0.03
soulier,m,35.68
souliers,m,35.68
soulèvement,m,2.36
soulèvements,m,2.36
soumission,f,10.95
soumissions,f,10.95
soupape,f,1.28
soupapes,f,1.28
soupe,f,38.04
soupente,f,3.11
soupentes,f,3.11
souper,m,7.70
soupers,m,7.70
soupes,f,38.04
soupeur,m,0.20
soupeurs,m,0.20
soupir,m,35.95
soupirail,m,3.24
soupirant,m,2.23
soupirants,m,2.23
soupiraux,m,3.24
soupirs,m,35.95
soupière,f,2.43
soupières,f,2.43
souplesse,f,9.86
souplesses,f,9.86
soupçon,m,23.58
soupçons,m,23.58
souquenille,f,0.41
souquenilles,f,0.41
sourate,f,0.20
sourates,f,0.20
source,f,49.19
sources,f,49.19
sourcier,m,0.81
sourciers,m,0.81
sourcil,m,47.64
sourcils,m,47.64
sourd,m,4.93
sourd-muet,m,1.48
sourde-muette,f,0.24
sourdine,f,6.49
sourds,m,4.93
sourds-muets,m,1.48
souriceau,m,0.41
souriceaux,m,0.41
souricière,f,1.35
souricières,f,1.35
sourire,m,215.34
sourires,m,215.34
sournois,m,2.91
sournoise,f,2.91
sournoiserie,f,0.95
sournoiseries,f,0.95
sournoises,f,2.91
sous,m,41.22
sous-alimentation,f,0.27
sous-alimenté,m,0.27
sous-alimentés,m,0.27
sous-bois,m,7.57
sous-chef,m,0.88
sous-chefs,m,0.88
sous-classe,f,0.01
sous-comité,m,0.26
sous-commission,f,0.18
sous-continent,m,0.07
sous-continents,m,0.07
sous-couche,f,0.03
sous-cul,m,0.07
sous-diacre,m,0.07
sous-directeur,m,1.96
sous-directeurs,m,1.96
sous-directrice,f,1.96
sous-division,f,0.04
sous-dominante,f,0.07
sous-développement,m,0.30
sous-développé,m,0.41
sous-développés,m,0.41
sous-effectif,m,0.11
sous-effectifs,m,0.11
sous-emploi,m,0.07
sous-ensemble,m,0.14
sous-entendu,m,5.34
sous-entendus,m,5.34
sous-espace,m,0.22
sous-espèce,f,0.11
sous-estimation,f,0.07
sous-fifre,m,0.72
sous-fifres,m,0.72
sous-garde,f,0.07
sous-genre,m,0.02
sous-gorge,f,0.07
sous-groupe,m,0.01
sous-homme,m,0.61
sous-hommes,m,0.61
sous-humanité,f,0.20
sous-intendant,m,0.30
sous-intendants,m,0.30
sous-lieutenant,m,5.61
sous-lieutenants,m,5.61
sous-location,f,0.09
sous-locations,f,0.09
sous-main,m,1.96
sous-marin,m,11.14
sous-marinier,m,0.26
sous-mariniers,m,0.26
sous-marins,m,11.14
sous-marque,f,0.14
sous-marques,f,0.14
sous-maîtresse,f,0.20
sous-merde,f,0.59
sous-merdes,f,0.59
sous-ministre,m,0.17
sous-off,m,4.26
sous-officier,m,9.53
sous-officiers,m,9.53
sous-offs,m,4.26
sous-ordre,m,0.61
sous-ordres,m,0.61
sous-pied,m,0.20
sous-pieds,m,0.20
sous-plat,m,0.07
sous-prieur,m,0.27
sous-produit,m,0.54
sous-produits,m,0.54
sous-programme,m,0.12
sous-programmes,m,0.12
sous-prolétariat,m,0.34
sous-préfecture,f,1.62
sous-préfectures,f,1.62
sous-préfet,m,1.01
sous-préfets,m,1.01
sous-pulls,m,0.01
sous-secrétaire,m,1.15
sous-secrétaires,m,1.15
sous-secrétariat,m,0.10
sous-secteur,m,0.27
sous-section,f,0.09
sous-sol,m,13.50
sous-sols,m,13.50
sous-station,f,0.17
sous-système,m,0.04
sous-tasse,f,0.20
sous-tasses,f,0.20
sous-tension,f,0.03
sous-titrage,m,54.64
sous-titre,m,23.09
sous-titres,m,23.09
sous-traitance,f,0.04
sous-traitant,m,0.23
sous-traitants,m,0.23
sous-ventrière,f,0.47
sous-verge,m,0.54
sous-verre,m,0.20
sous-vêtement,m,6.57
sous-vêtements,m,6.57
souscripteur,m,0.20
souscripteurs,m,0.20
souscription,f,0.41
souscriptions,f,0.41
soustraction,f,1.08
soustractions,f,1.08
soutache,f,0.14
soutaches,f,0.14
soutane,f,6.89
soutanelle,f,0.07
soutanes,f,6.89
soute,f,2.62
soutenance,f,0.14
soutenant,m,0.41
souteneur,m,1.89
souteneurs,m,1.89
souterrain,m,5.07
souterrains,m,5.07
soutes,f,2.62
soutien,m,18.87
soutien-gorge,m,8.65
soutiens,m,18.87
soutiens-gorge,m,8.65
soutier,m,0.54
soutiers,m,0.54
soutif,m,2.11
soutifs,m,2.11
soutirage,m,0.07
soutra,m,0.20
soutènement,m,0.54
souvenance,f,0.81
souvenances,f,0.81
souvenir,m,197.03
souvenirs,m,197.03
souverain,m,8.18
souveraine,f,8.18
souveraines,f,8.18
souveraineté,f,10.81
souverainetés,f,10.81
souverains,m,8.18
souvlaki,m,0.14
soviet,m,7.70
soviets,m,7.70
soviétisation,f,0.14
soviétisme,m,0.34
sovkhoze,m,0.07
sovkhozes,m,0.07
soya,m,0.09
soûlard,m,1.19
soûlarde,f,1.19
soûlards,m,1.19
soûlerie,f,0.20
soûlographie,f,0.14
soûlot,m,0.29
soûlots,m,0.29
spa,m,1.05
spadassin,m,1.15
spadassins,m,1.15
spadille,m,0.07
spaghetti,m,7.02
spaghettis,m,7.02
spahi,m,2.30
spahis,m,2.30
spamming,m,0.01
sparadrap,m,1.96
sparadraps,m,1.96
sparring-partner,m,0.07
sparte,f,0.14
sparterie,f,0.34
spartéine,f,0.01
spas,m,1.05
spasme,m,6.76
spasmes,m,6.76
spasmophilie,f,0.20
spasticité,f,0.03
spath,m,0.07
spatial,m,0.07
spatule,f,1.82
spatules,f,1.82
speakeasy,m,0.07
speaker,m,3.99
speakerine,f,3.99
speakerines,f,3.99
speakers,m,3.99
species,m,0.10
spectacle,m,73.78
spectacles,m,73.78
spectateur,m,21.69
spectateurs,m,21.69
spectatrice,f,21.69
spectatrices,f,21.69
spectre,m,6.96
spectres,m,6.96
spectrogramme,m,0.03
spectrographe,m,0.05
spectrographie,f,0.14
spectrohéliographe,m,0.01
spectromètre,m,0.34
spectrométrie,f,0.09
spectrophotomètre,m,0.01
spectroscope,m,0.07
spectroscopie,f,0.01
speech,m,1.88
speed,m,3.45
spencer,m,0.27
spencers,m,0.27
spenglérienne,f,0.07
spermaceti,m,0.08
spermato,m,0.41
spermatogenèse,f,0.04
spermatos,m,0.41
spermatozoïde,m,0.74
spermatozoïdes,m,0.74
sperme,m,8.47
spermes,m,8.47
spermicide,m,0.07
spermogramme,m,0.01
spermophiles,m,0.01
spetsnaz,f,0.02
sphaigne,f,0.07
sphaignes,f,0.07
sphincter,m,1.01
sphincters,m,1.01
sphinge,f,0.20
sphinges,f,0.20
sphinx,m,3.04
sphygmomanomètre,m,0.02
sphère,f,9.19
sphères,f,9.19
sphéricité,f,0.07
sphéroïde,m,0.14
sphéroïdes,m,0.14
spi,m,0.01
spic,m,0.14
spica,m,0.14
spics,m,0.14
spicules,m,0.01
spider,m,3.27
spin,m,0.14
spina,f,0.05
spina-bifida,m,0.04
spina-ventosa,m,0.07
spinnaker,m,0.14
spinnakers,m,0.14
spinozisme,m,0.07
spirale,f,6.08
spirales,f,6.08
spire,f,0.81
spires,f,0.81
spiritisme,m,1.81
spiritualisme,m,0.14
spiritualité,f,1.15
spiritualités,f,1.15
spirituel,m,0.47
spirituels,m,0.47
spiritueux,m,0.61
spirochète,m,0.02
spirographe,m,0.03
spiromètres,m,0.07
spiruline,f,0.01
spirées,f,0.07
spitz,m,0.01
spleen,m,1.55
spleens,m,1.55
splendeur,f,14.59
splendeurs,f,14.59
splénectomie,f,0.09
splénique,m,0.05
spoiler,m,0.01
spoliation,f,0.61
spoliations,f,0.61
spolié,m,0.07
spoliées,f,0.07
spondylarthrose,f,0.01
spondylite,f,0.01
spondées,m,0.07
sponsor,m,2.72
sponsoring,m,0.09
sponsors,m,2.72
spontanéité,f,2.50
spoon,m,0.31
spore,f,0.91
spores,f,0.91
sport,m,30.04
sportif,m,4.80
sportifs,m,4.80
sportive,f,4.80
sportives,f,4.80
sportivité,f,0.02
sports,m,30.04
sportsman,m,0.61
sportsmen,m,0.61
sportswear,m,0.07
spot,m,3.50
spots,m,3.50
spoutnik,m,0.24
spoutniks,m,0.24
sprat,m,0.40
sprats,m,0.40
spray,m,2.71
sprays,m,2.71
sprechgesang,m,0.07
spring,m,0.83
springer,m,0.59
sprinkler,m,0.05
sprinklers,m,0.05
sprint,m,2.23
sprinter,m,0.34
sprinters,m,0.34
sprinteur,m,0.03
sprinteurs,m,0.03
sprints,m,2.23
spruce,m,0.04
spumosité,f,0.07
spéciale,f,0.81
spéciales,f,0.81
spécialisation,f,0.43
spécialité,f,10.06
spécialités,f,10.06
spécification,f,0.48
spécifications,f,0.48
spécificité,f,0.34
spécificités,f,0.34
spécimen,m,5.26
spécimens,m,5.26
spéculateur,m,0.88
spéculateurs,m,0.88
spéculation,f,3.92
spéculations,f,3.92
spéculatrice,f,0.88
spéculatrices,f,0.88
spéculoos,m,0.14
spéculum,m,0.14
spéléo,f,0.27
spéléologie,f,0.07
spéléotomie,f,0.14
squale,m,0.47
squales,m,0.47
squames,f,0.14
square,m,16.69
squares,m,16.69
squash,m,0.73
squat,m,1.23
squats,m,1.23
squatter,m,0.46
squatters,m,0.46
squatteur,m,0.17
squatteurs,m,0.17
squaw,f,6.08
squaws,f,6.08
squeeze,m,0.10
squelette,m,11.69
squelettes,m,11.69
squire,m,0.07
squires,m,0.07
sri lankais,m,0.01
stabat mater,m,0.07
stabilisant,m,0.02
stabilisateur,m,0.84
stabilisateurs,m,0.84
stabilisation,f,0.41
stabilité,f,3.18
stabulation,f,0.14
staccato,m,0.41
stade,m,15.14
stades,m,15.14
stadium,m,0.22
staff,m,1.39
staffs,m,1.39
stage,m,6.16
stages,m,6.16
stagflation,f,0.01
stagnation,f,0.61
stalactite,f,0.61
stalactites,f,0.61
stalag,m,0.74
stalagmite,f,0.34
stalagmites,f,0.34
stalags,m,0.74
stalinien,m,1.69
staliniens,m,1.69
stalinisme,m,1.01
stalle,f,2.43
stalles,f,2.43
stance,f,0.41
stances,f,0.41
stand,m,7.02
stand-by,m,0.83
standard,m,3.24
standardisation,f,0.07
standards,m,3.24
standing,m,2.03
stands,m,7.02
staphylococcie,f,0.01
staphylocoque,m,0.11
staphylocoques,m,0.11
star,f,39.34
star-system,m,0.01
starking,f,0.14
starlette,f,1.22
starlettes,f,1.22
staroste,m,0.60
stars,f,39.34
start-up,f,0.35
starter,m,1.00
starting-gate,f,0.14
stase,f,1.23
statices,m,0.07
station,f,29.71
station-service,f,4.22
station-éclair,f,0.07
stationnement,m,2.64
stationnements,m,2.64
stations,f,29.71
stations-service,f,4.22
statique,f,0.10
statiques,f,0.10
statisticien,m,0.10
statisticienne,f,0.10
statistique,f,5.11
statistiques,f,5.11
statu quo,m,1.08
statue,f,42.84
statues,f,42.84
statuette,f,4.93
statuettes,f,4.93
stature,f,4.05
statures,f,4.05
status,m,0.22
statut,m,6.13
statuts,m,6.13
statère,m,0.74
statères,m,0.74
stayer,m,0.47
steak,m,10.76
steaks,m,10.76
steamboat,m,0.04
steamer,m,0.27
steamers,m,0.27
steeple,m,0.09
steeple-chase,m,0.07
steeples,m,0.09
stegomya,f,0.07
stem,m,0.07
stencil,m,0.07
stendhalien,m,0.07
stentor,m,0.88
stentors,m,0.88
steppe,f,18.65
stepper,m,0.09
steppers,m,0.09
steppes,f,18.65
stercoraires,m,0.07
sterling,m,0.29
sterne,f,0.14
sternes,f,0.14
sternum,m,0.97
stetson,m,0.21
steward,m,1.35
stick,m,0.95
sticker,m,0.04
sticks,m,0.95
stigma,m,0.07
stigmate,m,3.11
stigmates,m,3.11
stilton,m,0.20
stimulant,m,1.81
stimulants,m,1.81
stimulateur,m,0.42
stimulation,f,1.29
stimulations,f,1.29
stimuli,m,0.84
stimulus,m,0.84
stimulus-réponse,m,0.14
stipes,m,0.07
stipulation,f,0.20
stipulations,f,0.20
stipule,f,0.04
stock,m,7.91
stock-car,m,0.19
stock-cars,m,0.19
stock-options,f,0.18
stockage,m,1.33
stockages,m,1.33
stocks,m,7.91
stoker,m,0.65
stokes,m,0.10
stomates,m,0.01
stomie,f,0.02
stomoxys,m,0.27
stop,m,44.50
stoppage,m,0.14
stoppeur,m,0.14
stoppeurs,m,0.14
stoppeuse,f,0.14
stops,m,44.50
storage,m,0.01
store,m,7.09
stores,m,7.09
story board,m,0.28
story-board,m,0.28
story-boards,m,0.28
stout,m,0.45
stoïcien,m,0.61
stoïciens,m,0.61
stoïcisme,m,0.61
strabisme,m,0.95
strabismes,m,0.95
stradivarius,m,0.07
stramoine,f,0.01
stramonium,m,0.04
strangulation,f,1.28
strapontin,m,1.89
strapontins,m,1.89
strass,m,1.69
strasse,f,0.39
stratagème,m,1.89
stratagèmes,m,1.89
strate,f,0.47
strates,f,0.47
stratification,f,0.41
stratifications,f,0.41
stratosphère,f,0.68
stratus,m,0.01
stratège,m,1.62
stratèges,m,1.62
stratégie,f,9.80
stratégies,f,9.80
strelitzia,m,0.01
streptococcie,f,0.01
streptocoque,m,0.18
streptokinase,f,0.01
streptomycine,f,0.14
stress,m,10.85
stretch,m,0.29
stretching,m,0.28
striations,f,0.09
stridence,f,1.96
stridences,f,1.96
stridor,m,0.04
stridulation,f,0.27
stridulations,f,0.27
strie,f,1.82
stries,f,1.82
string,m,3.90
strings,m,3.90
strip,m,2.44
strip-poker,m,0.08
strip-tease,m,4.04
strip-teases,m,4.04
strip-teaseur,m,4.02
strip-teaseurs,m,4.02
strip-teaseuse,f,4.02
strip-teaseuses,f,4.02
striptease,m,0.60
stripteaseuse,f,0.44
stripteaseuses,f,0.44
striures,f,0.41
stroboscope,m,0.05
strontiane,f,0.07
strontium,m,0.07
strophe,f,2.16
strophes,f,2.16
stropiats,m,0.68
structuralisme,m,0.14
structurations,f,0.07
structure,f,8.74
structures,f,8.74
strudel,m,0.46
strudels,m,0.46
struggle for life,m,0.07
strychnine,f,0.74
strychnos,m,0.01
stryges,f,0.07
stuc,m,1.89
stucs,m,1.89
studette,f,0.07
studio,m,27.77
studiolo,m,0.01
studios,m,27.77
stuka,m,1.15
stukas,m,1.15
stup,m,0.20
stupas,m,0.07
stupeur,f,24.05
stupidité,f,3.63
stupidités,f,3.63
stupre,m,0.81
stups,m,2.26
stupéfaction,f,8.04
stupéfiant,m,2.69
stupéfiants,m,2.69
style,m,46.62
styles,m,46.62
stylet,m,0.74
stylets,m,0.74
stylisation,f,0.01
stylisme,m,0.23
stylite,m,0.27
stylo,m,17.73
stylo-bille,m,0.17
stylo-feutre,m,0.27
stylobille,m,0.27
stylographe,m,0.47
stylographes,m,0.47
stylomine,m,0.54
stylos,m,17.73
stylos-feutres,m,0.27
styrax,m,0.07
styrène,m,0.04
stèle,f,2.57
stèles,f,2.57
stère,m,0.61
stères,m,0.61
stéarate,m,0.01
stégosaure,m,0.06
sténodactylographie,f,0.07
sténographie,f,0.32
sténopé,m,0.14
sténopés,m,0.14
sténose,f,0.07
sténotype,f,0.01
stéphanois,m,0.27
stérilet,m,0.61
stérilisateur,m,0.18
stérilisation,f,0.37
stérilisations,f,0.37
stérilité,f,2.91
stéréo,f,2.51
stéréophonie,f,0.27
stéréos,f,2.51
stéréoscope,m,0.27
stéréoscopie,f,0.07
stéréotype,m,1.22
stéréotypes,m,1.22
stéréotypie,f,0.07
stéthoscope,m,0.68
stéthoscopes,m,0.68
suaire,m,2.64
suaires,m,2.64
suavité,f,1.55
sub-espace,m,0.08
sub-zéro,m,0.01
subconscient,m,2.17
subconscients,m,2.17
subculture,f,0.02
subdivision,f,0.47
subdivisions,f,0.47
subduction,f,0.04
suber,m,0.01
subjectivisme,m,0.20
subjectivité,f,0.44
subjonctif,m,1.55
subjonctifs,m,1.55
subjugation,f,0.01
sublimation,f,0.41
sublimations,f,0.41
sublimité,f,0.20
sublimités,f,0.20
sublimé,m,0.27
sublimés,m,0.27
submersible,m,0.27
submersibles,m,0.27
submersion,f,0.05
subordination,f,1.55
subordonné,m,2.77
subordonnée,f,0.20
subordonnées,f,0.20
subordonnés,m,2.77
subornation,f,0.09
suborneur,m,0.41
suborneurs,m,0.41
subrogation,f,0.02
subrécargue,m,0.07
subside,m,0.88
subsides,m,0.88
subsistance,f,1.55
subsistances,f,1.55
substance,f,14.39
substances,f,14.39
substantif,m,0.34
substantifs,m,0.34
substitut,m,2.70
substitution,f,2.30
substitutions,f,2.30
substituts,m,2.70
substrat,m,0.09
substratum,m,0.27
substruction,f,0.07
subterfuge,m,1.35
subterfuges,m,1.35
subtilité,f,5.20
subtilités,f,5.20
subvention,f,3.00
subventions,f,3.00
subversion,f,0.95
subversions,f,0.95
suc,m,3.18
successeur,m,6.96
successeurs,m,6.96
succession,f,11.35
successions,f,11.35
succion,f,1.69
succions,f,1.69
succube,m,0.46
succubes,m,0.46
succulence,f,0.68
succursale,f,1.42
succursales,f,1.42
succès,m,53.72
succédané,m,0.95
succédanés,m,0.95
sucette,f,2.64
sucettes,f,2.64
suceur,m,2.88
suceurs,m,2.88
suceuse,f,2.88
suceuses,f,2.88
sucre,m,32.77
sucrerie,f,3.58
sucreries,f,3.58
sucres,m,32.77
sucrette,f,0.52
sucrettes,f,0.52
sucrier,m,1.15
sucriers,m,1.15
sucrière,f,1.15
sucrières,f,1.15
sucré,m,0.88
sucrés,m,0.88
sucs,m,3.18
sud,m,28.38
sud-africain,m,0.28
sud-africaine,f,0.28
sud-africains,m,0.28
sud-américain,m,1.01
sud-américaine,f,1.01
sud-américaines,f,1.01
sud-américains,m,1.01
sud-coréen,m,0.01
sud-est,m,3.30
sud-ouest,m,3.51
sud-sud-est,m,0.03
sud-vietnamien,m,0.20
sud-vietnamiens,m,0.20
sudation,f,0.14
suerte,f,0.22
sueur,f,60.34
sueurs,f,60.34
suffisance,f,3.99
suffisances,f,3.99
suffixes,m,0.14
suffocation,f,1.35
suffocations,f,1.35
suffrage,m,3.99
suffrages,m,3.99
suffragette,f,0.27
suffragettes,f,0.27
suffète,m,0.07
suggestibilité,f,0.02
suggestion,f,8.35
suggestions,f,8.35
suggestivité,f,0.01
sui,m,0.55
suicidant,m,0.20
suicidants,m,0.20
suicide,m,27.33
suicides,m,27.33
suicidé,m,1.22
suicidée,f,1.22
suicidés,m,1.22
suie,f,7.43
suies,f,7.43
suif,m,2.03
suiffard,m,0.07
suint,m,0.88
suintement,m,0.81
suintements,m,0.81
suisse,f,3.38
suisses,f,3.38
suissesse,f,3.38
suissesses,f,3.38
suite,f,275.90
suites,f,275.90
suivant,m,26.99
suivante,f,26.99
suivantes,f,26.99
suivants,m,26.99
suiveur,m,0.88
suiveurs,m,0.88
suiveuse,f,0.88
suivez-moi-jeune-homme,m,0.07
suivi,m,1.72
suivis,m,1.72
sujet,m,120.42
sujets,m,120.42
sujette,f,0.20
sujettes,f,0.20
sujétion,f,1.15
sujétions,f,1.15
sulfamide,m,0.19
sulfamides,m,0.19
sulfatages,m,0.07
sulfate,m,0.68
sulfates,m,0.68
sulfateuse,f,0.27
sulfateuses,f,0.27
sulfite,m,0.07
sulfonate,m,0.03
sulfure,m,0.68
sulfures,m,0.68
sulky,m,0.41
sultan,m,7.09
sultanat,m,0.20
sultane,f,3.78
sultanes,f,7.09
sultans,m,7.09
sumac,m,0.14
summum,m,0.56
sumo,m,0.88
sumérien,m,0.04
sunlight,m,0.41
sunlights,m,0.41
sunna,f,0.07
super,m,73.26
super-espion,m,0.02
super-grands,m,0.07
super-puissances,f,0.03
superbe,f,8.04
superbes,f,8.04
supercalculateur,m,0.06
supercarburant,m,0.02
superchampion,m,0.07
superchampions,m,0.07
supercherie,f,1.76
supercheries,f,1.76
superfamille,f,0.01
superficialité,f,0.34
superficialités,f,0.34
superficie,f,1.01
superflu,m,1.62
superfluité,f,0.20
superfluités,f,0.20
superflus,m,1.62
supergrand,m,0.07
superintendant,m,0.14
superintendante,f,0.07
superintendants,m,0.14
superlatifs,m,0.27
superman,m,1.52
supermarché,m,12.19
supermarchés,m,12.19
supermen,m,1.52
supernova,f,0.58
supernovas,f,0.58
superordinateur,m,0.03
superphosphates,m,0.07
superposition,f,0.95
superpositions,f,0.95
superpouvoirs,m,0.20
superproduction,f,0.27
superproductions,f,0.27
superpuissance,f,0.34
superpuissances,f,0.34
supers,m,73.26
supersonique,m,0.17
supersoniques,m,0.17
superstar,f,1.82
superstars,f,1.82
superstitieuse,f,0.47
superstitieuses,f,0.47
superstitieux,m,0.47
superstition,f,6.11
superstitions,f,6.11
superstructure,f,1.35
superstructures,f,1.35
supertanker,m,0.03
superviseur,m,1.99
superviseurs,m,1.99
supervision,f,0.68
supervisions,f,0.68
supin,m,0.07
supination,f,0.14
supplication,f,4.80
supplications,f,4.80
supplice,m,13.38
supplices,m,13.38
supplicié,m,2.64
suppliciée,f,2.64
suppliciées,f,2.64
suppliciés,m,2.64
supplique,f,1.08
suppliques,f,1.08
suppléance,f,0.14
suppléant,m,0.54
suppléante,f,0.54
suppléants,m,0.54
supplément,m,7.50
suppléments,m,7.50
supplétifs,m,0.14
support,m,6.42
supporter,m,6.07
supporters,m,6.07
supporteur,m,0.21
supportrice,f,0.21
supportrices,f,0.21
supports,m,6.42
supports-chaussettes,m,0.07
supposition,f,5.34
suppositions,f,5.34
suppositoire,m,0.88
suppositoires,m,0.88
suppresseur,m,0.03
suppression,f,2.09
suppressions,f,2.09
suppuration,f,0.14
suppurations,f,0.14
supputation,f,0.95
supputations,f,0.95
suppôt,m,0.95
suppôts,m,0.95
supraconducteur,m,0.16
supraconducteurs,m,0.16
supraconductivité,f,0.01
suprématie,f,1.08
supérette,f,0.56
supérieur,m,13.63
supérieure,f,13.63
supérieures,f,13.63
supérieurs,m,13.63
supériorité,f,9.26
supériorités,f,9.26
sur,m,0.22
sur-mesure,m,0.03
sur-place,m,0.27
surabondance,f,1.35
surabondances,f,1.35
suractivité,f,0.07
suradaptation,f,0.14
surah,m,0.20
suralimentation,f,0.07
surard,m,0.07
surarmement,m,0.01
surboum,f,0.88
surboums,f,0.88
surbrillance,f,0.01
surcapacité,f,0.03
surcharge,f,1.57
surcharges,f,1.57
surchauffe,f,0.48
surchoix,m,0.20
surcompensation,f,0.07
surconsommation,f,0.02
surcontre,m,0.03
surcot,m,0.14
surcots,m,0.14
surcoût,m,0.02
surcroît,m,17.03
surcroîts,m,17.03
surdité,f,2.16
surdosage,m,0.01
surdose,f,0.27
surdoué,m,1.08
surdouée,f,1.08
surdoués,m,1.08
sureau,m,1.89
sureaux,m,1.89
sureffectif,m,0.10
suremploi,m,0.01
surenchère,f,2.91
surenchères,f,2.91
surentraînement,m,0.10
surestimation,f,0.01
surexcitation,f,0.81
surexposition,f,0.02
surf,m,5.57
surface,f,57.09
surfaces,f,57.09
surfactant,m,0.08
surfacturation,f,0.04
surfaçage,m,0.07
surfeur,m,1.96
surfeurs,m,1.96
surfeuse,f,1.96
surfeuses,f,1.96
surfilage,m,0.07
surgelé,m,1.11
surgelés,m,1.11
surgeon,m,0.54
surgeons,m,0.54
surgissement,m,1.01
surgissements,m,1.01
surgénérateur,m,0.03
surhomme,m,1.11
surhommes,m,1.11
surhumain,m,0.14
surhumanité,f,0.07
suricate,m,0.05
surimi,m,0.01
surimpression,f,0.81
surimpressions,f,0.81
surin,m,3.99
surinfections,f,0.07
surinformation,f,0.07
surins,m,3.99
surintendance,f,0.07
surintendant,m,0.43
surintendante,f,0.43
surintensité,f,0.04
surinvestissement,m,0.07
surjet,m,0.14
surjeteuse,f,0.47
surjets,m,0.14
surlendemain,m,7.57
surligneur,m,0.03
surmenage,m,0.63
surmoi,m,0.68
surmulot,m,0.34
surmulots,m,0.34
surmâle,m,0.14
surmédicalisation,f,0.01
surnaturel,m,2.71
surnom,m,7.79
surnombre,m,0.68
surnoms,m,7.79
suroît,m,0.61
suroîts,m,0.61
surpatte,f,0.20
surpattes,f,0.20
surpeuplement,m,0.07
surpiqûres,f,0.07
surplace,m,0.34
surplis,m,1.69
surplomb,m,2.23
surplombs,m,2.23
surplus,m,10.95
surpoids,m,0.23
surpopulation,f,0.45
surpresseur,m,0.01
surpression,f,0.14
surprime,f,0.14
surprise,f,82.94
surprise-partie,f,0.61
surprise-party,f,0.10
surprises,f,82.94
surprises-parties,f,0.61
surproduction,f,0.14
surprotectrice,f,0.10
surpuissance,f,0.07
surréalisme,m,1.96
surréalité,f,0.14
surréel,m,0.01
surrégime,m,0.07
surréservation,f,0.01
sursaut,m,21.28
sursauts,m,21.28
sursis,m,7.36
surtaxe,f,0.14
surtaxes,f,0.14
surtension,f,0.37
surtout,m,2.84
surtouts,m,2.84
surveillance,f,19.16
surveillances,f,19.16
surveillant,m,6.55
surveillante,f,6.55
surveillantes,f,6.55
surveillants,m,6.55
survenants,m,0.14
survenue,f,1.62
survenues,f,1.62
survie,f,11.64
survitesse,f,0.14
survivance,f,1.08
survivances,f,1.08
survivant,m,12.80
survivante,f,12.80
survivantes,f,12.80
survivants,m,12.80
survol,m,0.83
survols,m,0.83
survoltage,m,0.20
survolteur,m,0.02
survêt,m,0.47
survêtement,m,2.77
survêtements,m,2.77
survêts,m,0.47
surélévation,f,0.03
surévaluation,f,0.07
susceptibilité,f,2.57
susceptibilités,f,2.57
suscription,f,0.14
susdit,m,0.31
susdite,f,0.31
sushi,m,2.03
susnommé,m,0.20
suspect,m,32.45
suspecte,f,32.45
suspectes,f,32.45
suspects,m,32.45
suspens,m,7.43
suspension,f,7.91
suspensions,f,7.91
suspensoir,m,0.14
suspensoirs,m,0.14
suspente,f,0.14
suspentes,f,0.14
suspicion,f,2.57
suspicions,f,2.57
sustentation,f,0.14
susucre,m,0.20
susurrement,m,0.47
susurrements,m,0.47
sutra,m,0.20
suture,f,4.54
sutures,f,4.54
sutémi,m,0.14
suzerain,m,0.68
suzeraine,f,0.68
suzeraineté,f,0.14
suzerains,m,0.68
suçage,m,0.07
suçages,m,0.07
suçoir,m,0.27
suçoirs,m,0.27
suçon,m,1.05
suçons,m,1.05
suçotements,m,0.07
suède,m,0.07
suédine,f,0.54
suédois,m,4.76
suédoise,f,4.76
suédoises,f,4.76
suée,f,1.96
suées,f,1.96
svastika,m,0.20
svastikas,m,0.20
sveltesse,f,0.61
swahili,m,0.54
sweat-shirt,m,0.20
sweater,m,1.01
sweaters,m,1.01
sweepstake,m,0.07
swing,m,0.88
swings,m,0.88
sybaritisme,m,0.07
sycomore,m,1.08
sycomores,m,1.08
sycophante,m,0.07
sycophantes,m,0.07
syllabe,f,11.28
syllabes,f,11.28
syllabus,m,0.01
syllepse,f,0.07
syllogisme,m,0.54
syllogismes,m,0.54
sylphes,m,0.07
sylphide,f,0.27
sylphides,f,0.27
sylvain,m,0.20
sylvains,m,0.20
sylvaner,m,0.14
sylve,f,0.14
sylviculture,f,0.14
sylvie,f,2.09
symbionte,m,0.01
symbiose,f,0.68
symbiote,m,4.04
symbiotes,m,4.04
symbole,m,18.92
symboles,m,18.92
symbolisation,f,0.14
symbolisme,m,0.81
sympathectomie,f,0.07
sympathie,f,26.15
sympathies,f,26.15
sympathisant,m,1.62
sympathisante,f,1.62
sympathisantes,f,1.62
sympathisants,m,1.62
symphonie,f,5.54
symphonies,f,5.54
symphorines,f,0.07
symphyse,f,0.05
symposium,m,0.81
symposiums,m,0.81
symptomatologie,f,0.11
symptôme,m,11.64
symptômes,m,11.64
symétrie,f,2.97
symétries,f,2.97
synagogue,f,3.65
synagogues,f,3.65
synapse,f,0.70
synapses,f,0.70
synchronie,f,0.07
synchronisation,f,1.87
synchroniseur,m,0.05
synchronisme,m,0.54
synchrotron,m,0.01
syncope,f,1.76
syncopes,f,1.76
syncrétisme,m,0.14
syndic,m,1.08
syndicalisation,f,0.04
syndicalisme,m,0.95
syndicat,m,14.25
syndication,f,0.05
syndicats,m,14.25
syndics,m,1.08
syndiqué,m,0.14
syndiqués,m,0.14
syndrome,m,5.47
syndromes,m,5.47
synecdoque,f,0.14
synergie,f,0.15
synergies,f,0.15
synesthésie,f,0.01
synode,m,0.20
synonyme,m,0.68
synonymes,m,0.68
synopsie,f,0.01
synopsis,m,0.47
synovite,f,0.04
syntagme,m,0.07
syntaxe,f,2.03
syntaxes,f,2.03
synthèse,f,1.96
synthèses,f,1.96
synthé,m,0.61
synthés,m,0.61
synthétiseur,m,0.41
synthétiseurs,m,0.41
synérèses,f,0.07
syphilis,f,1.53
syrah,f,0.09
syrien,m,1.42
syrienne,f,1.42
syriennes,f,1.42
syriens,m,1.42
syringomyélie,f,0.01
syrinx,f,0.07
syrtes,f,5.47
systole,f,0.20
système,m,76.92
systèmes,m,76.92
systèmes-clés,m,0.03
systématisation,f,0.07
syzygie,m,0.20
syzygies,m,0.20
syénite,f,0.01
sèche-cheveux,m,0.97
sèche-linge,m,0.74
sèche-mains,m,0.04
sème,m,0.14
sève,f,7.91
sèves,f,7.91
sèvres,m,0.07
séance,f,32.36
séances,f,32.36
séant,m,1.42
sébaste,m,0.01
sébile,f,0.47
sébiles,f,0.47
séborrhée,f,0.07
sébum,m,0.07
sécateur,m,1.49
sécateurs,m,1.49
sécession,f,0.74
séchage,m,0.41
séchard,m,0.14
sécheresse,f,11.15
sécheresses,f,11.15
sécherie,f,0.20
sécheries,f,0.20
sécheuse,f,0.05
séchoir,m,1.28
séchoirs,m,1.28
sécot,m,0.07
sécréteur,m,0.02
sécréteurs,m,0.02
sécrétine,f,0.01
sécrétion,f,1.49
sécrétions,f,1.49
sécu,f,1.50
sécurisation,f,0.01
sécurit,m,0.15
sécurité,f,113.17
sécurités,f,113.17
sédatif,m,3.93
sédatifs,m,3.93
sédation,f,0.08
sédentarisation,f,0.07
sédentarisme,m,0.07
sédentarité,f,0.27
sédiment,m,0.61
sédimentation,f,0.20
sédimentations,f,0.20
sédiments,m,0.61
séditieux,m,0.14
sédition,f,1.28
séducteur,m,4.86
séducteurs,m,4.86
séduction,f,9.39
séductions,f,9.39
séductrice,f,4.86
séductrices,f,4.86
ségrégation,f,0.74
séguedille,f,0.14
séide,m,0.20
séides,m,0.20
séisme,m,3.31
séismes,m,3.31
séjour,m,43.58
séjours,m,43.58
sélecteur,m,0.27
sélecteurs,m,0.27
sélection,f,4.69
sélectionneur,m,0.07
sélectionneuse,f,0.01
sélectionné,m,0.27
sélectionnés,m,0.27
sélections,f,4.69
sélectivité,f,0.07
sélénium,m,0.19
séléniure,m,0.03
sélénographie,f,0.07
sémantique,f,0.34
sémaphore,m,1.01
sémaphores,m,1.01
sémillon,m,0.07
séminaire,m,4.59
séminaires,m,4.59
séminome,m,0.01
sémiologie,f,0.07
sémiotique,f,0.04
sémiotiques,f,0.04
sénat,m,1.82
sénateur,m,19.77
sénateurs,m,19.77
sénatoriales,f,0.03
sénatrice,f,19.77
sénatus-consulte,m,0.07
sénescence,f,0.14
sénevé,m,0.14
sénilité,f,0.81
séné,m,0.16
sénéchal,m,5.81
sénéchaux,m,5.81
sénégalais,m,2.09
sénégalaise,f,2.09
sénégalaises,f,2.09
sénés,m,0.16
sépale,m,0.03
sépales,m,0.03
séparateur,m,0.07
séparation,f,14.39
séparations,f,14.39
sépia,f,1.15
sépias,f,1.15
sépulcre,m,1.08
sépulcres,m,1.08
sépulture,f,2.97
sépultures,f,2.97
séquanaise,f,0.20
séquelle,f,2.36
séquelles,f,2.36
séquence,f,7.61
séquences,f,7.61
séquenceur,m,0.11
séquençage,m,0.27
séquestration,f,0.50
séquestrations,f,0.50
séquestre,m,0.95
séquestres,m,0.95
séquoia,m,1.49
séquoias,m,1.49
sérac,m,0.21
séracs,m,0.21
sérail,m,13.31
séraphin,m,0.41
séraphins,m,0.41
sérial,m,0.03
série,f,39.59
séries,f,39.59
sérieuse,f,28.09
sérieuses,f,28.09
sérieux,m,28.09
sérologie,f,0.09
séronégatif,m,0.34
séronégatifs,m,0.34
séropositif,m,0.61
séropositifs,m,0.61
séropositive,f,0.04
séropositivité,f,0.27
sérosité,f,0.07
sérotonine,f,0.61
sérum,m,4.16
sérums,m,4.16
sérénade,f,1.13
sérénades,f,1.13
sérénité,f,12.91
sésame,m,1.35
séton,m,0.07
sévice,m,2.50
sévices,m,2.50
sévillan,m,0.27
sévillane,f,0.27
sévrienne,f,0.14
sévriennes,f,0.14
sévérité,f,7.16
sévérités,f,7.16
sûreté,f,10.07
sûretés,f,10.07
t,m,30.96
t',m,30.96
t-shirt,m,10.87
t-shirts,m,10.87
tabac,m,41.89
tabacs,m,41.89
tabagie,f,0.41
tabagies,f,0.41
tabagisme,m,0.26
tabard,m,0.13
tabaski,f,0.07
tabassage,m,0.27
tabassages,m,0.27
tabassée,f,0.01
tabatière,f,2.57
tabatières,f,2.57
tabellion,m,0.20
tabellions,m,0.20
tabernacle,m,2.16
tabernacles,m,2.16
tabla,m,0.01
tablature,f,0.07
table,f,379.80
table-bureau,f,0.07
table-coiffeuse,f,0.27
tableau,m,90.00
tableautin,m,0.27
tableautins,m,0.27
tableaux,m,90.00
tables,f,379.80
tablette,f,9.86
tabletterie,f,0.07
tablettes,f,9.86
tableur,m,0.05
tablier,m,30.34
tabliers,m,30.34
tabloïd,m,0.45
tabloïds,m,0.45
tablée,f,1.49
tablées,f,1.49
tabor,m,1.15
taborites,m,0.07
tabors,m,1.15
tabou,m,3.11
taboulé,m,0.18
tabouret,m,18.38
tabourets,m,18.38
tabous,m,3.11
tabulateur,m,0.07
tabulations,f,0.01
tabès,m,0.07
tac,m,4.66
tacauds,m,0.07
tache,f,71.28
taches,f,71.28
tachetures,f,0.07
tachyarythmie,f,0.04
tachycardie,f,0.82
tachycardies,f,0.82
tachymètre,m,0.14
tachyon,m,0.24
tachyons,m,0.24
tachéomètre,m,0.02
taciturnité,f,0.20
tacle,m,0.38
taco,m,2.00
tacon,m,0.14
taconnet,m,0.34
tacos,m,2.00
tacot,m,1.31
tacots,m,1.31
tacs,m,4.66
tact,m,4.80
tacticien,m,0.41
tacticienne,f,0.41
tacticiens,m,0.41
tactique,f,6.69
tactiques,f,6.69
tadjik,m,0.14
tadorne,m,0.41
tadornes,m,0.41
taenia,m,0.68
taf,m,1.05
tafanard,m,0.20
taffe,f,2.06
taffes,f,2.06
taffetas,m,1.76
tafia,m,0.07
tafs,m,1.05
tag,m,0.79
tagalog,m,0.14
tagger,m,0.13
tagliatelle,f,0.47
tagliatelles,f,0.47
tagueur,m,0.06
tagueurs,m,0.06
tahitien,m,0.34
tahitienne,f,0.34
tahitiennes,f,0.34
tahitiens,m,0.34
tai-chi,m,0.12
taie,f,2.57
taies,f,2.57
taifas,m,0.07
taillade,f,0.30
taillandier,m,0.07
taillants,m,0.07
taille,f,76.49
taille-crayon,m,0.68
taille-crayons,m,0.68
taille-douce,f,0.20
taille-haie,m,0.07
taille-haies,m,0.07
tailles,f,76.49
tailles-douces,f,0.20
tailleur,m,25.20
tailleur-pantalon,m,0.07
tailleurs,m,25.20
tailleuse,f,2.29
taillis,m,15.00
tailloir,m,0.20
tailloirs,m,0.20
taillons,m,0.14
tain,m,1.55
tajine,m,0.41
tajines,m,0.41
take-off,m,0.08
tala,m,0.34
talas,m,0.34
talbin,m,1.49
talbins,m,1.49
talc,m,1.49
talent,m,44.17
talents,m,44.17
taleth,m,0.27
taleths,m,0.27
taliban,m,1.81
talibans,m,1.81
talion,m,3.18
talisman,m,2.97
talismans,m,2.97
talkie,m,0.32
talkie-walkie,m,1.37
talkies,m,0.32
talkies-walkies,m,1.37
talle,f,0.07
tallipot,m,0.07
talmouse,f,0.07
taloche,f,1.22
taloches,f,1.22
talon,m,49.26
talonnades,f,0.07
talonnette,f,0.74
talonnettes,f,0.74
talonneur,m,0.07
talons,m,49.26
talures,f,0.07
talus,m,19.53
tam-tam,m,3.45
tam-tams,m,3.45
tamagotchi,m,0.08
tamanoir,m,0.07
tamarin,m,0.14
tamarinier,m,0.14
tamariniers,m,0.14
tamaris,m,0.61
tambouille,f,1.96
tambouilles,f,1.96
tambour,m,19.32
tambour-major,m,0.74
tambourin,m,1.08
tambourinade,f,0.07
tambourinaire,m,0.27
tambourinaires,m,0.27
tambourinement,m,0.95
tambourineur,m,0.07
tambourins,m,1.08
tambours,m,19.32
tamia,m,0.04
tamis,m,1.82
tamisage,m,0.01
tamise,f,0.01
tamiseur,m,0.14
tamoul,m,0.14
tamouré,m,0.07
tampax,m,0.29
tampon,m,8.72
tampon-buvard,m,0.20
tamponnade,f,0.17
tamponnage,m,0.07
tamponnages,m,0.07
tamponnement,m,0.20
tamponnoir,m,0.14
tamponnoirs,m,0.14
tampons,m,8.72
tamtam,m,0.13
tan,m,0.62
tan-sad,m,0.20
tanaisie,f,0.01
tanche,f,0.74
tanches,f,0.74
tandem,m,2.03
tandems,m,2.03
tandoori,m,0.06
tangage,m,1.08
tangara,m,0.08
tangaras,m,0.08
tangence,f,0.14
tangente,f,1.15
tangentes,f,1.15
tangerine,f,0.14
tangibilité,f,0.01
tango,m,6.28
tangon,m,0.02
tangos,m,6.28
tangue,f,0.07
tanin,m,0.34
tanière,f,4.80
tanières,f,4.80
tank,m,8.41
tanka,m,0.54
tanker,m,0.78
tankers,m,0.78
tanks,m,8.41
tannage,m,0.01
tanne,f,0.54
tannerie,f,0.34
tannes,f,0.54
tanneur,m,1.15
tanneurs,m,1.15
tannin,m,0.01
tannée,f,0.27
tannées,f,0.27
tanrec,m,0.07
tans,m,0.62
tansad,m,0.07
tante,f,118.38
tantes,f,118.38
tantine,f,1.08
tantines,f,1.08
tantinet,m,1.55
tantièmes,m,0.07
tantouse,f,0.74
tantouses,f,0.74
tantouze,f,1.14
tantouzes,f,1.14
tantra,m,0.11
tantrisme,m,0.34
tantôt,m,1.08
tao,m,0.61
taon,m,0.73
taons,m,0.73
taoïsme,m,0.07
tapage,m,6.08
tapages,m,6.08
tapageur,m,0.11
tapageurs,m,0.11
tapas,m,0.15
tape,f,8.11
tape-cul,m,0.41
tape-à-l'oeil,m,0.20
tapecul,m,0.07
tapement,m,0.14
tapements,m,0.14
tapenade,f,0.02
tapes,f,8.11
tapette,f,7.16
tapettes,f,7.16
tapeur,m,0.27
tapeurs,m,0.27
tapeuses,f,0.27
tapin,m,5.41
tapinage,m,0.16
tapineuse,f,0.54
tapineuses,f,0.54
tapins,m,5.41
tapioca,m,1.69
tapir,m,0.34
tapirs,m,0.34
tapis,m,60.88
tapis-brosse,m,0.14
tapisserie,f,12.57
tapisseries,f,12.57
tapissier,m,1.69
tapissiers,m,1.69
tapissière,f,1.69
tapotement,m,1.22
tapotements,m,1.22
tapotis,m,0.07
tapée,f,0.41
tapées,f,0.41
taquet,m,0.27
taquets,m,0.27
taquinerie,f,0.74
taquineries,f,0.74
taquoir,m,0.14
tarabiscot,m,0.07
tarabiscotages,m,0.14
tarama,m,0.28
tarare,m,0.20
taraud,m,0.34
tarauds,m,0.34
tarbais,m,0.07
tarbouche,m,0.07
tarbouif,m,0.14
tard,m,34.10
tarderie,f,0.20
tarderies,f,0.20
tardigrade,m,0.01
tardillon,m,0.14
tare,f,5.20
tarentelle,f,0.14
tarentelles,f,0.14
tarentule,f,0.41
tarentules,f,0.41
tares,f,5.20
taret,m,0.20
tarets,m,0.20
targe,f,0.40
targette,f,1.01
targettes,f,1.01
targui,m,0.07
taride,f,0.20
tarif,m,6.26
tarification,f,0.02
tarifications,f,0.02
tarifs,m,6.26
tarin,m,2.91
tarissement,m,0.27
tarière,f,0.20
tarières,f,0.20
tarlatane,f,0.07
tarmac,m,0.28
taro,m,4.21
tarot,m,2.09
tarots,m,2.09
tarpan,m,0.20
tarpans,m,0.20
tarpon,m,0.08
tarpé,m,0.32
tarse,m,0.14
tarses,m,0.14
tarsier,m,0.01
tartan,m,0.51
tartane,f,0.51
tartarin,m,0.47
tartarinades,f,0.14
tartarins,m,0.47
tarte,f,13.04
tartelette,f,0.81
tartelettes,f,0.81
tartempion,m,0.04
tartes,f,13.04
tartine,f,16.89
tartines,f,16.89
tartiss,m,0.41
tartouille,f,0.20
tartouilles,f,0.20
tartre,m,0.54
tartufe,m,0.14
tartuferie,f,0.14
tartuferies,f,0.14
tartufferie,f,0.07
tartuffes,m,0.07
tarzan,m,0.20
tarzans,m,0.20
taré,m,10.48
tarés,m,10.48
tas,m,83.78
tasmanien,m,0.07
tasse,f,34.12
tasseau,m,0.01
tassement,m,0.68
tassements,m,0.68
tasses,f,34.12
tassili,m,0.34
taste-vin,m,0.14
tata,f,3.00
tatami,m,0.20
tatamis,m,0.20
tatane,f,2.64
tatanes,f,2.64
tatar,m,0.07
tatas,f,3.00
tatillon,m,0.20
tatillonne,f,0.20
tatillons,m,0.20
tatin,f,0.14
tatou,m,0.51
tatouage,m,12.06
tatouages,m,12.06
tatoueur,m,1.01
tatoueurs,m,1.01
tatoueuse,f,1.01
tatous,m,0.51
tau,m,0.88
taube,m,0.27
taudis,m,4.17
taulard,m,2.03
taularde,f,2.03
taulardes,f,2.03
taulards,m,2.03
taule,f,27.00
taules,f,27.00
taulier,m,5.41
tauliers,m,5.41
taulière,f,5.41
taulières,f,5.41
taupe,f,6.60
taupes,f,6.60
taupicide,m,0.07
taupin,m,0.40
taupinière,f,1.22
taupinières,f,1.22
taupinées,f,0.07
taure,f,0.07
taureau,m,13.38
taureaux,m,13.38
taurillon,m,0.27
taurillons,m,0.27
taurobole,m,0.14
tauromachie,f,0.34
tautologie,f,0.14
taux,m,11.22
tavel,m,0.14
tavelures,f,0.34
taverne,f,8.51
tavernes,f,8.51
tavernier,m,0.88
taverniers,m,0.88
taxation,f,0.07
taxaudier,m,0.20
taxe,f,4.34
taxes,f,4.34
taxi,m,63.77
taxi-auto,m,0.07
taxi-brousse,m,0.14
taxi-girl,f,0.27
taxi-girls,f,0.27
taxidermie,f,0.07
taximan,m,0.34
taximen,m,0.34
taximètre,m,0.01
taxinomie,f,0.14
taxiphone,m,0.07
taxiphones,m,0.07
taxis,m,63.77
taxonomie,f,0.01
taylorisme,m,0.07
taï chi,m,0.16
taïga,f,1.50
taïgas,f,1.50
tchadiens,m,0.07
tchador,m,0.23
tchatche,f,0.79
tcherkesse,m,0.07
tchernoziom,m,0.14
tchetnik,m,0.83
tchetniks,m,0.83
te deum,m,0.14
tea-room,m,0.20
team,m,13.84
teams,m,13.84
teaser,m,0.04
tec,m,0.01
technicien,m,5.16
technicienne,f,5.16
techniciens,m,5.16
technicité,f,0.14
technico-commerciaux,m,0.07
technicolor,m,0.88
techno,f,0.51
technocratisme,m,0.07
technologie,f,17.57
technologies,f,17.57
technétium,m,0.01
teck,m,0.34
teckel,m,1.01
teckels,m,1.01
tectonique,f,0.01
tee,m,0.93
tee-shirt,m,5.27
tee-shirts,m,5.27
tees,m,0.93
tefillin,m,0.14
teigne,f,1.22
teignes,f,1.22
teint,m,24.26
teinte,f,12.91
teintes,f,12.91
teints,m,24.26
teinture,f,3.38
teinturerie,f,0.61
teintureries,f,0.61
teintures,f,3.38
teinturier,m,1.55
teinturiers,m,1.55
teinturière,f,1.55
tek,m,0.12
tell,m,2.92
tellure,m,0.14
telson,m,0.07
tem,m,0.07
tempe,f,29.46
tempera,f,0.10
tempes,f,29.46
tempi,m,1.44
temple,m,20.20
temples,m,20.20
templier,m,5.74
templiers,m,5.74
tempo,m,1.44
temporalité,f,0.34
temporalités,f,0.34
temporaux,m,0.07
temporisation,f,0.20
tempos,m,1.44
temps,m,1289.39
tempura,f,0.06
tempuras,f,0.06
tempérament,m,9.93
tempéraments,m,9.93
tempérance,f,0.32
température,f,15.68
températures,f,15.68
tempête,f,31.28
tempêtes,f,31.28
tenaille,f,2.43
tenailles,f,2.43
tenancier,m,2.43
tenanciers,m,2.43
tenancière,f,2.43
tenancières,f,2.43
tenant,m,4.46
tenants,m,4.46
tendance,f,20.88
tendances,f,20.88
tendelet,m,0.20
tender,m,0.95
tenders,m,0.95
tendeur,m,0.74
tendeurs,m,0.74
tendinite,f,0.24
tendon,m,3.99
tendons,m,3.99
tendresse,f,61.69
tendresses,f,61.69
tendreté,f,0.14
tendron,m,0.61
tendrons,m,0.61
tennis,m,13.24
tennis-ballon,m,0.07
tennis-club,m,0.34
tennisman,m,0.61
tennismen,m,0.61
tenon,m,0.34
tenons,m,0.34
tenseur,m,0.02
tensiomètre,m,0.02
tension,f,21.28
tensions,f,21.28
tentacule,m,2.50
tentacules,m,2.50
tentateur,m,0.41
tentateurs,m,0.41
tentation,f,20.61
tentations,f,20.61
tentative,f,19.53
tentatives,f,19.53
tentatrice,f,0.41
tentatrices,f,0.41
tente,f,26.22
tentes,f,26.22
tentiaire,f,0.41
tenture,f,8.18
tentures,f,8.18
tenue,f,31.89
tenues,f,31.89
tenure,f,0.01
tepidarium,m,0.01
tequila,f,3.81
tequilas,f,3.81
tercets,m,0.07
tercio,m,0.14
tergal,m,0.41
tergiversation,f,1.28
tergiversations,f,1.28
terme,m,59.73
termes,m,59.73
terminaison,f,0.41
terminaisons,f,0.41
terminal,m,5.61
terminale,f,5.61
terminales,f,5.61
terminateur,m,0.02
terminaux,m,5.61
terminologie,f,0.46
terminus,m,5.00
termite,m,2.23
termites,m,2.23
termitière,f,0.81
termitières,f,0.81
terra incognita,f,0.34
terrage,m,0.54
terrain,m,74.73
terrains,m,74.73
terramycine,f,0.14
terraplane,m,0.02
terrarium,m,0.06
terrasse,f,74.05
terrassement,m,0.95
terrassements,m,0.95
terrasses,f,74.05
terrassier,m,2.97
terrassiers,m,2.97
terrasson,m,0.14
terre,f,452.91
terre-neuvas,m,0.34
terre-neuve,m,0.27
terre-neuvien,m,0.01
terre-plein,m,5.81
terre-pleins,m,5.81
terreau,m,3.78
terreaux,m,3.78
terres,f,452.91
terreur,f,27.09
terreurs,f,27.09
terri,m,0.43
terrien,m,3.67
terrienne,f,3.67
terriennes,f,3.67
terriens,m,3.67
terrier,m,2.91
terriers,m,2.91
terril,m,0.68
terrils,m,0.68
terrine,f,3.31
terrines,f,3.31
territoire,m,58.24
territoires,m,58.24
territorialité,f,0.05
terroir,m,1.82
terrorisme,m,5.59
terrorismes,m,5.59
tertiaire,m,0.02
tertre,m,2.50
tertres,m,2.50
tesla,m,0.02
tessiture,f,0.41
tesson,m,2.43
tessons,m,2.43
test,m,55.38
test-match,m,0.01
testament,m,10.90
testaments,m,10.90
teste,m,0.01
testeur,m,0.17
testeuse,f,0.17
testicule,m,2.46
testicules,m,2.46
testons,m,0.05
testostérone,f,1.18
testostérones,f,1.18
tests,m,55.38
testu,m,0.07
tette,f,0.14
teuf-teuf,m,0.41
teuton,m,0.34
teutonne,f,0.54
teutonnes,f,0.54
teutons,m,0.34
tex,m,1.70
texan,m,0.95
texane,f,0.95
texanes,f,0.95
texans,m,0.95
texte,m,43.24
textes,m,43.24
textile,m,1.22
textiles,m,1.22
textologie,f,0.07
texture,f,1.69
textures,f,1.69
thalamus,m,0.13
thalasso,f,0.45
thalassothérapie,f,0.20
thalassémie,f,0.01
thaler,m,0.10
thalers,m,0.10
thalidomide,f,0.05
thallium,m,0.14
thalweg,m,0.07
thanatologie,f,0.01
thanatopraxie,f,0.01
thanatos,m,0.04
thanksgiving,m,6.89
thaumaturgie,f,0.07
thaï,m,0.16
thaïlandais,m,0.30
thermes,m,0.55
thermidor,m,0.20
thermique,f,0.06
thermiques,f,0.06
thermite,f,0.04
thermo,m,0.10
thermodynamique,f,0.20
thermoformage,m,0.07
thermographe,m,0.04
thermographie,f,0.04
thermoluminescence,f,0.01
thermomètre,m,5.27
thermomètres,m,5.27
thermostat,m,1.31
thermostats,m,1.31
thesaurus,m,0.01
thiamine,f,0.04
thibaude,f,0.14
thomas,m,25.81
thomisme,m,0.14
thon,m,5.88
thonier,m,0.34
thoniers,m,0.34
thons,m,5.88
thoracentèse,f,0.04
thoracotomie,f,0.31
thorax,m,3.62
thorine,f,0.13
thoron,m,0.01
thrill,m,0.07
thriller,m,0.58
thrillers,m,0.58
thrombolyse,f,0.01
thrombose,f,0.56
thrène,m,0.10
thug,m,0.33
thugs,m,0.33
thune,f,5.68
thunes,f,5.68
thuriféraire,m,0.34
thuriféraires,m,0.34
thuya,m,0.27
thuyas,m,0.27
thym,m,2.09
thymectomie,f,0.03
thymine,f,0.04
thymus,m,0.05
thyroxine,f,0.02
thyroïde,f,0.27
thyroïdectomie,f,0.03
thyrses,m,0.07
thyréotoxicose,f,0.01
thème,m,17.32
thèmes,m,17.32
thèse,f,10.67
thèses,f,10.67
thé,m,69.01
thébaïde,f,0.34
thébaïdes,f,0.34
thébaïne,f,0.07
théier,m,0.01
théine,f,0.01
théière,f,2.91
théières,f,2.91
thématique,f,0.14
thématiques,f,0.14
théodolite,m,0.01
théologie,f,4.19
théologien,m,2.09
théologiennes,f,2.09
théologiens,m,2.09
théologies,f,4.19
théophylline,f,0.04
théorbe,m,0.34
théorbes,m,0.34
théoricien,m,1.15
théoricienne,f,1.15
théoriciens,m,1.15
théorie,f,32.38
théories,f,32.38
théorème,m,0.81
théorèmes,m,0.81
théosophie,f,0.03
thérapeutique,f,0.41
thérapie,f,13.63
thérapies,f,13.63
thés,m,69.01
thésard,m,0.08
thésards,m,0.08
thésaurus,m,0.01
théâtralité,f,0.07
théâtre,m,68.18
théâtres,m,68.18
théâtreuse,f,0.20
théâtreux,m,0.20
thêta,m,0.21
tiama,m,0.17
tian,m,0.20
tiare,f,0.88
tiares,f,0.88
tiaré,m,0.07
tibia,m,3.04
tibias,m,3.04
tibétain,m,0.20
tibétains,m,0.20
tic,m,9.86
tic-tac,m,2.91
ticheurte,m,0.07
ticket,m,24.25
tickets,m,24.25
tics,m,9.86
ticsons,m,0.14
tie-break,m,0.02
tiens,m,12.98
tierce,f,14.93
tiercefeuille,f,0.07
tiercelet,m,0.14
tiercelets,m,0.14
tierces,f,14.93
tiercé,m,2.03
tiercés,m,2.03
tiers,m,14.93
tiers-monde,m,1.96
tiers-mondes,m,1.96
tiers-mondisme,m,0.07
tiers-ordre,m,0.07
tiers-point,m,0.14
tiers-état,m,0.03
tif,m,6.01
tifs,m,6.01
tige,f,22.16
tigelles,f,0.20
tiges,f,22.16
tignasse,f,4.80
tignasses,f,4.80
tigre,m,15.19
tigres,m,15.19
tigresse,f,15.19
tigresses,f,15.19
tigrure,f,0.07
tiki,m,0.16
tilbury,m,0.81
tilburys,m,0.81
till,m,0.35
tillac,m,0.14
tillacs,m,0.14
tille,f,0.18
tilles,f,0.18
tilleul,m,11.01
tilleuls,m,11.01
tilt,m,1.55
tilts,m,1.55
timbale,f,2.43
timbales,f,2.43
timbalier,m,0.14
timbaliers,m,0.14
timbrage,m,0.07
timbre,m,20.81
timbre-poste,m,1.28
timbres,m,20.81
timbres-poste,m,1.28
time-sharing,m,0.01
timidité,f,11.55
timidités,f,11.55
timing,m,3.59
timings,m,3.59
timon,m,2.09
timonerie,f,0.54
timonier,m,1.05
timoniers,m,1.05
timons,m,2.09
tin,m,0.52
tine,f,0.16
tinette,f,1.55
tinettes,f,1.55
tins,m,0.52
tintamarre,m,3.51
tintamarres,m,3.51
tintement,m,8.78
tintements,m,8.78
tintinnabulement,m,0.14
tintinnabulements,m,0.14
tintouin,m,2.09
tintouins,m,2.09
tinée,f,0.14
tipi,m,0.36
tipis,m,0.36
tipule,f,0.07
tique,f,1.95
tiques,f,1.95
tir,m,32.11
tirade,f,4.05
tirades,f,4.05
tirage,m,6.01
tirages,m,6.01
tiraillement,m,0.95
tiraillements,m,0.95
tirailleries,f,0.07
tirailleur,m,6.49
tirailleurs,m,6.49
tiramisu,m,0.24
tirant,m,1.89
tirants,m,1.89
tire,f,17.13
tire-au-cul,m,0.02
tire-au-flanc,m,0.51
tire-botte,m,0.07
tire-bouchon,m,2.43
tire-bouchons,m,2.43
tire-bouton,m,0.07
tire-d'aile,f,0.02
tire-fesse,f,0.01
tire-jus,m,0.20
tire-laine,m,0.07
tire-lait,m,0.07
tire-larigot,f,0.07
tire-ligne,m,0.34
tire-lignes,m,0.34
tire-lire,m,0.14
tirelire,f,2.16
tirelires,f,2.16
tires,f,17.13
tiret,m,0.54
tirets,m,0.54
tirette,f,1.22
tirettes,f,1.22
tireur,m,18.09
tireurs,m,18.09
tireuse,f,18.09
tireuses,f,18.09
tiroir,m,37.09
tiroir-caisse,m,2.16
tiroirs,m,37.09
tiroirs-caisses,m,2.16
tirs,m,32.11
tirée,f,0.68
tirées,f,0.68
tisane,f,4.80
tisanes,f,4.80
tisanière,f,0.14
tison,m,2.16
tisonnier,m,1.01
tisonniers,m,1.01
tisons,m,2.16
tissage,m,1.55
tissages,m,1.55
tisserand,m,1.08
tisserande,f,1.08
tisserands,m,1.08
tisseur,m,0.47
tisseuse,f,0.47
tissu,m,34.66
tissu-éponge,m,0.41
tissus,m,34.66
tissuterie,f,0.14
tissutier,m,0.07
titan,m,1.33
titane,m,1.69
titans,m,1.33
titi,m,6.28
titillation,f,0.27
titillations,f,0.27
titillement,m,0.20
titillements,m,0.20
titis,m,6.28
titisme,m,0.14
titrage,m,0.31
titre,m,71.22
titres,m,71.22
titubation,f,0.20
titubations,f,0.20
titubement,m,0.07
titularisation,f,0.13
tiédeur,f,10.27
tiédeurs,f,10.27
to,m,55.51
toast,m,16.30
toaster,m,0.45
toasteur,m,0.17
toasts,m,16.30
toboggan,m,1.69
toboggans,m,1.69
toc,m,4.05
tocade,f,0.30
tocante,f,0.54
tocard,m,1.27
tocards,m,1.27
toccata,f,0.07
tocs,m,4.05
tocsin,m,1.42
tocsins,m,1.42
toffee,m,0.01
tofu,m,1.56
toge,f,1.55
toges,f,1.55
togolais,m,0.20
togolaises,f,0.20
tohu-bohu,m,1.42
toile,f,106.62
toiles,f,106.62
toilettage,m,0.13
toilette,f,62.84
toilettes,f,62.84
toiletteur,m,0.04
toise,f,1.01
toises,f,1.01
toison,f,6.35
toisons,f,6.35
toit,m,91.76
toits,m,91.76
toiture,f,7.57
toitures,f,7.57
tokamak,m,0.04
tokay,m,0.07
tokharien,m,0.07
tolar,m,0.08
tolet,m,0.27
tolets,m,0.27
tollé,m,0.47
tolu,m,0.14
toluidine,f,0.01
toluène,m,0.04
tolérance,f,4.39
tom,m,2.51
tom-pouce,m,0.54
tom-tom,m,0.04
tomahawk,m,0.27
tomahawks,m,0.27
toman,m,0.27
tomate,f,20.77
tomates,f,20.77
tombe,f,49.67
tombeau,m,11.96
tombeaux,m,11.96
tombereau,m,2.50
tombereaux,m,2.50
tombes,f,49.67
tombeur,m,2.13
tombeurs,m,2.13
tombeuse,f,2.13
tombeuses,f,2.13
tombola,f,1.23
tombolas,f,1.23
tombée,f,9.59
tombées,f,9.59
tome,m,7.09
tomes,m,7.09
tomettes,f,0.47
tomme,f,0.14
tommes,f,0.14
tommette,f,0.88
tommettes,f,0.88
tommies,m,0.12
tommy,m,0.11
tomodensitomètre,m,0.03
tomodensitométrie,f,0.04
tomographe,m,0.03
tomographie,f,0.56
ton,m,146.35
tonalité,f,3.04
tonalités,f,3.04
tondeur,m,2.30
tondeuse,f,2.30
tondeuses,f,2.30
toner,m,0.07
tong,f,1.73
tongs,f,1.73
tonic,m,2.04
tonicardiaque,m,0.14
tonicité,f,0.07
tonics,m,2.04
tonie,f,0.02
tonique,m,0.35
toniques,m,0.35
tonitruance,f,0.14
tonitruances,f,0.14
tonka,f,0.03
tonkinois,m,0.20
tonkinoise,f,0.20
tonnage,m,1.55
tonnages,m,1.55
tonne,f,16.29
tonneau,m,12.16
tonneaux,m,12.16
tonnelet,m,1.55
tonnelets,m,1.55
tonnelier,m,0.61
tonneliers,m,0.61
tonnelle,f,3.51
tonnellerie,f,0.88
tonnelleries,f,0.88
tonnelles,f,3.51
tonnerre,m,19.39
tonnerres,m,19.39
tonnes,f,16.29
tons,m,146.35
tonsure,f,0.88
tonsures,f,0.88
tonte,f,0.74
tonton,m,14.02
tontons,m,14.02
tonus,m,0.61
top,m,19.35
top models,f,0.12
top-modèle,f,0.22
top-modèles,f,0.22
topaze,f,0.88
topazes,f,0.88
tope,m,0.01
topette,f,0.20
topettes,f,0.20
tophus,m,0.07
topinambour,m,1.35
topinambours,m,1.35
topless,m,0.01
topo,m,3.17
topographie,f,1.35
topologie,f,0.07
toponymie,f,0.07
topos,m,3.17
tops,m,19.35
toquade,f,0.41
toquades,f,0.41
toquante,f,0.27
toquantes,f,0.27
toquard,m,0.41
toquards,m,0.41
toque,f,7.57
toques,f,7.57
torana,m,0.01
torche,f,11.96
torche-cul,m,0.06
torches,f,11.96
torchis,m,2.23
torchon,m,10.14
torchons,m,10.14
torchère,f,1.42
torchères,f,1.42
torchées,f,0.07
tord-boyaux,m,0.47
tord-nez,m,0.14
tordage,m,0.07
tordeur,m,0.13
tordeurs,m,0.13
tordion,m,0.14
tordions,m,0.14
tore,m,0.14
torera,f,0.20
torero,m,2.43
toreros,m,2.43
tores,m,0.14
torgnole,f,1.08
torgnoles,f,1.08
tories,m,0.12
toril,m,0.41
tornade,f,4.12
tornades,f,4.12
toro,m,0.91
torons,m,0.07
torpeur,f,13.38
torpeurs,f,13.38
torpillage,m,0.20
torpillages,m,0.20
torpille,f,5.28
torpilles,f,5.28
torpilleur,m,1.62
torpilleurs,m,1.62
torpédo,f,2.91
torpédos,f,2.91
torque,m,0.05
torrent,m,16.35
torrents,m,16.35
torréfaction,f,0.07
torsade,f,2.91
torsades,f,2.91
torse,m,21.08
torses,m,21.08
torsion,f,3.11
torsions,f,3.11
tort,m,67.97
tortellini,m,0.34
tortellinis,m,0.34
torticolis,m,0.92
tortil,m,0.14
tortilla,f,1.73
tortillard,m,1.69
tortillards,m,1.69
tortillas,f,1.73
tortille,f,0.05
tortillement,m,0.20
tortillements,m,0.20
tortillon,m,1.28
tortillons,m,1.28
tortils,m,0.14
tortore,f,1.82
torts,m,67.97
tortue,f,6.22
tortues,f,6.22
torture,f,17.03
tortures,f,17.03
tortureurs,m,0.07
toréador,m,0.61
toréador-vedette,m,0.07
toréadors,m,0.61
tos,m,55.51
toscan,m,0.20
toscans,m,0.20
toss,m,0.07
total,m,9.66
totalisateur,m,0.01
totalisation,f,0.07
totalitarisme,m,0.95
totalitarismes,m,0.95
totalité,f,9.39
totalités,f,9.39
totaux,m,9.66
totem,m,1.42
totems,m,1.42
toto,m,0.30
toton,m,0.41
totons,m,0.41
totos,m,0.30
totémisme,m,0.01
touareg,m,0.07
touaregs,m,0.07
toubab,m,0.61
toubabs,m,0.61
toubib,m,13.72
toubibs,m,13.72
toucan,m,0.14
touche,f,16.28
touche-pipi,m,0.61
touche-touche,f,0.01
toucher,m,10.14
touchers,m,10.14
touches,f,16.28
touchette,f,0.01
touchotter,m,0.07
toue,f,0.68
toues,f,0.68
touffe,f,16.69
touffes,f,16.69
touffeur,f,1.35
touffeurs,f,1.35
touille,f,0.01
toulonnais,m,0.41
touloupes,f,0.14
toulousain,m,2.57
toulousaine,f,2.57
toulousains,m,2.57
toundra,f,0.47
toundras,f,0.47
toupet,m,2.30
toupets,m,2.30
toupie,f,3.92
toupies,f,3.92
toupilleur,m,0.07
touque,f,0.14
touques,f,0.14
tourbe,f,2.03
tourbes,f,2.03
tourbiers,m,0.07
tourbillon,m,17.77
tourbillonnement,m,0.20
tourbillonnements,m,0.20
tourbillons,m,17.77
tourbière,f,0.88
tourbières,f,0.88
tourde,f,0.10
tourelle,f,3.92
tourelles,f,3.92
touret,m,0.07
tourillon,m,0.07
tourisme,m,4.66
tourière,f,0.27
tourlourou,m,0.07
tourlousine,f,0.07
tourmalines,f,0.20
tourment,m,12.30
tourmente,f,2.84
tourmentes,f,2.84
tourmenteur,m,0.47
tourmenteurs,m,0.47
tourmentin,m,0.07
tourmentins,m,0.07
tourments,m,12.30
tournage,m,16.59
tournages,m,16.59
tournant,m,20.34
tournants,m,20.34
tourne,f,3.28
tourne-disque,m,1.35
tourne-disques,m,1.35
tournebroche,m,0.07
tournedos,m,0.25
tournelle,f,1.15
tournemain,m,0.74
tournements,m,0.07
tourneries,f,0.07
tournes,f,3.28
tournesol,m,1.43
tournesols,m,1.43
tournette,f,0.01
tourneur,m,1.08
tourneurs,m,1.08
tourneuses,f,1.08
tournevis,m,3.46
tourniquet,m,2.77
tourniquets,m,2.77
tournis,m,1.62
tournoi,m,6.86
tournoiement,m,1.49
tournoiements,m,1.49
tournois,m,6.86
tournure,f,8.24
tournures,f,8.24
tournée,f,23.85
tournées,f,23.85
tourte,f,1.15
tourteau,m,0.81
tourteaux,m,0.81
tourtereau,m,2.50
tourtereaux,m,2.50
tourterelle,f,2.50
tourterelles,f,2.50
tourtes,f,1.15
tourtière,f,0.07
tourtières,f,0.07
toussaint,f,0.54
toussotement,m,0.68
toussotements,m,0.68
tout,m,330.70
tout-fait,m,0.01
tout-paris,m,1.01
tout-petit,m,0.74
tout-petits,m,0.74
tout-puissant,m,2.79
tout-puissants,m,2.79
tout-terrain,m,0.28
tout-venant,m,0.74
tout-à-l'égout,m,0.47
tout-étoile,m,0.01
toute-puissance,f,2.03
toutim,m,0.88
toutime,m,0.74
toutou,m,6.06
toutous,m,6.06
touts,m,330.70
toux,f,12.23
toxicité,f,0.34
toxicologie,f,0.61
toxicomanie,f,0.21
toxine,f,2.29
toxines,f,2.29
toxique,m,0.42
toxiques,m,0.42
toxoplasmose,f,0.20
trabans,m,0.07
traboules,f,0.14
trabuco,m,0.14
trac,m,8.38
tracas,m,4.46
tracasserie,f,0.95
tracasseries,f,0.95
tracassin,m,0.27
tracassière,f,0.07
trace,f,80.27
traces,f,80.27
traceur,m,0.59
traceurs,m,0.59
trachome,m,0.07
trachée,f,0.97
trachée-artère,f,0.20
trachées,f,0.97
trachéite,f,0.07
trachéotomie,f,0.35
tracs,m,8.38
tract,m,9.39
tractage,m,0.01
tractation,f,1.96
tractations,f,1.96
tracteur,m,6.82
tracteurs,m,6.82
traction,f,8.31
traction-avant,f,0.07
tractions,f,8.31
tractopelle,f,0.24
tracts,m,9.39
tractus,m,0.20
tracé,m,5.07
tracés,m,5.07
trader,m,0.33
tradition,f,33.92
traditionalisme,m,0.54
traditions,f,33.92
traduc,f,0.17
traducteur,m,4.42
traducteurs,m,4.42
traduction,f,11.15
traductions,f,11.15
traductrice,f,4.42
traductrices,f,4.42
trafic,m,14.02
traficoteurs,m,0.07
trafics,m,14.02
trafiquant,m,5.41
trafiquant-espion,m,0.07
trafiquante,f,5.41
trafiquants,m,5.41
tragi-comédie,f,0.27
tragi-comédies,f,0.27
tragicomédies,f,0.01
tragique,m,4.46
tragiques,m,4.46
tragédie,f,15.59
tragédien,m,1.15
tragédienne,f,1.15
tragédiennes,f,1.15
tragédiens,m,1.15
tragédies,f,15.59
trahison,f,18.61
trahisons,f,18.61
train,m,288.65
train-train,m,1.62
trainglots,m,0.07
training,m,0.07
trains,m,288.65
traintrain,m,0.14
trait,m,97.30
traite,f,6.22
traitement,m,29.23
traitements,m,29.23
traites,f,6.22
traiteur,m,4.07
traiteurs,m,4.07
traits,m,97.30
traité,m,18.51
traités,m,18.51
trajectographie,f,0.02
trajectoire,f,6.42
trajectoires,f,6.42
trajet,m,16.69
trajets,m,16.69
tralala,m,1.55
tralalas,m,1.55
tram,m,5.73
tramail,m,0.27
tramails,m,0.27
trame,f,5.41
trames,f,5.41
tramontane,f,0.34
tramontanes,f,0.34
tramp,m,0.04
trams,m,5.73
tramway,m,7.64
tramways,m,7.64
tranchage,m,0.07
tranchant,m,4.93
tranchants,m,4.93
tranche,f,21.82
tranche-montagne,m,0.28
tranchecaille,f,0.07
tranchelards,m,0.07
tranches,f,21.82
tranchet,m,0.27
tranchets,m,0.27
trancheur,m,0.19
trancheuse,f,0.19
tranchoir,m,0.34
tranchoirs,m,0.34
tranchée,f,33.72
tranchée-abri,f,0.81
tranchées,f,33.72
tranchées-abris,f,0.81
tranquille,m,0.01
tranquillisant,m,2.33
tranquillisants,m,2.33
tranquillité,f,11.01
tranquillités,f,11.01
transaction,f,4.47
transactions,f,4.47
transaminase,f,0.07
transaminases,f,0.07
transatlantique,m,2.50
transatlantiques,m,2.50
transbordement,m,0.61
transbordements,m,0.61
transbordeur,m,0.20
transcendance,f,0.61
transcriptase,f,0.12
transcripteur,m,0.01
transcription,f,1.24
transcriptions,f,1.24
transducteur,m,0.06
transducteurs,m,0.06
transduction,f,0.03
transe,f,5.14
transept,m,1.01
transepts,m,1.01
transes,f,5.14
transfert,m,11.07
transferts,m,11.07
transfiguration,f,0.88
transfigurations,f,0.88
transfiguratrice,f,0.07
transfo,m,0.34
transformateur,m,0.64
transformateurs,m,0.64
transformation,f,6.22
transformations,f,6.22
transfos,m,0.34
transfuge,m,1.15
transfuges,m,1.15
transfuseur,m,0.01
transfusion,f,2.37
transfusions,f,2.37
transfusée,f,0.01
transfèrement,m,0.27
transfèrements,m,0.27
transgresseur,m,0.04
transgression,f,1.28
transgressions,f,1.28
transhumance,f,0.14
transhumances,f,0.14
transillumination,f,0.01
transistor,m,5.07
transistors,m,5.07
transit,m,2.64
transition,f,8.78
transitions,f,8.78
transits,m,2.64
translation,f,0.60
translations,f,0.60
translocation,f,0.01
translucidité,f,0.14
transmetteur,m,1.83
transmetteurs,m,1.83
transmigration,f,0.14
transmission,f,9.63
transmissions,f,9.63
transmutation,f,1.35
transmutations,f,1.35
transparence,f,11.35
transparences,f,11.35
transparent,m,0.81
transparents,m,0.81
transpiration,f,3.24
transplantation,f,2.85
transplantations,f,2.85
transplants,m,0.02
transpondeur,m,0.97
transport,m,22.16
transportation,f,0.07
transporteur,m,2.46
transporteurs,m,2.46
transports,m,22.16
transporté,m,1.69
transportée,f,1.69
transportées,f,1.69
transportés,m,1.69
transposition,f,0.61
transpositions,f,0.61
transposon,m,0.04
transsaharienne,f,0.07
transsexualisme,m,0.01
transsexualité,f,0.01
transsibérien,m,0.11
transsubstantiation,f,0.34
transsudat,m,0.03
transvestisme,m,0.02
trappe,f,6.49
trappes,f,6.49
trappeur,m,2.03
trappeurs,m,2.03
trappiste,m,0.47
trappistes,m,0.47
trappon,m,0.41
trapèze,m,3.78
trapèzes,m,3.78
traque,f,0.73
traquenard,m,1.89
traquenards,m,1.89
traques,f,0.73
traquet,m,0.34
traquets,m,0.34
traqueur,m,0.78
traqueurs,m,0.78
traqueuse,f,0.78
trattoria,f,0.41
trattorias,f,0.41
trauma,m,4.69
traumas,m,4.69
traumatisme,m,6.69
traumatismes,m,6.69
traumatologie,f,0.09
travail,m,389.83
travailleur,m,12.57
travailleurs,m,12.57
travailleuse,f,12.57
travailleuses,f,12.57
travaux,m,389.83
trave,f,0.07
traveller,m,0.21
traveller's chèques,m,0.04
travellers,m,0.21
travelling,m,0.81
travellings,m,0.81
travelo,m,1.20
travelos,m,1.20
travers,m,247.64
traverse,f,7.43
traverses,f,7.43
traversier,m,0.16
traversin,m,2.57
traversine,f,0.07
traversins,m,2.57
traversée,f,14.80
traversées,f,14.80
travertin,m,0.09
travesti,m,2.75
travestis,m,2.75
travestisme,m,0.14
travestissement,m,0.88
travestissements,m,0.88
travois,m,0.01
travée,f,3.65
travées,f,3.65
trax,m,0.01
trayeuse,f,0.23
trayeuses,f,0.23
trayon,m,0.27
trayons,m,0.27
traçabilité,f,0.02
traçage,m,0.29
traînage,m,0.01
traînard,m,1.35
traînarde,f,1.35
traînards,m,1.35
traîne,f,4.86
traîne-misère,m,0.07
traîne-patins,m,0.47
traîne-savate,m,0.07
traîne-savates,m,0.54
traîne-semelles,m,0.07
traîneau,m,4.53
traîneaux,m,4.53
traînement,m,0.03
traînes,f,4.86
traîneur,m,0.41
traîneurs,m,0.41
traîneuses,f,0.41
traînier,m,0.20
traînée,f,13.24
traînées,f,13.24
traître,m,26.36
traîtres,m,26.36
traîtresse,f,1.54
traîtresses,f,1.54
traîtrise,f,1.96
traîtrises,f,1.96
trecento,m,0.20
treillage,m,1.22
treillages,m,1.22
treillard,m,0.02
treille,f,2.70
treilles,f,2.70
treillis,m,4.12
treizaine,f,0.07
trek,m,0.03
trekkeur,m,0.01
trekking,m,0.03
tremble,m,2.70
tremblement,m,20.41
tremblements,m,20.41
trembles,m,2.70
trembleur,m,0.14
tremblote,f,0.95
tremblotement,m,0.20
tremblotements,m,0.20
tremblé,m,0.27
tremolos,m,0.07
trempage,m,0.21
trempages,m,0.21
trempe,f,3.31
trempes,f,3.31
trempette,f,0.95
trempeur,m,0.16
tremplin,m,1.28
trempoline,m,0.07
trench,m,0.41
trench-coat,m,1.55
trench-coats,m,1.55
trentaine,f,13.45
trente,m,5.07
trente-et-quarante,m,0.07
trente-et-un,m,0.39
tressaillement,m,3.85
tressaillements,m,3.85
tressautement,m,0.74
tressautements,m,0.74
tresse,f,4.73
tresses,f,4.73
tresseurs,m,0.07
treuil,m,2.16
treuils,m,2.16
tri,m,3.04
triade,f,1.18
triades,f,1.18
triage,m,1.55
trial,m,0.47
triangle,m,13.24
triangles,m,13.24
triangulaire,f,0.14
triangulaires,f,0.14
triangulation,f,0.20
trianon,m,0.07
trias,m,0.01
triathlon,m,0.18
tribart,m,0.07
tribord,m,3.79
tribu,f,18.24
tribulation,f,1.69
tribulations,f,1.69
tribun,m,1.96
tribunal,m,37.98
tribunat,m,0.34
tribunaux,m,37.98
tribune,f,8.99
tribunes,f,8.99
tribuns,m,1.96
tribus,f,18.24
tribut,m,2.16
tributs,m,2.16
tric,m,0.07
tricard,m,0.27
tricentenaire,m,0.07
triceps,m,0.34
triche,f,1.91
tricherie,f,1.28
tricheries,f,1.28
triches,f,1.91
tricheur,m,3.47
tricheurs,m,3.47
tricheuse,f,3.47
tricheuses,f,3.47
trichinose,f,0.07
trichlorure,m,0.01
trichloréthylène,m,0.02
trichophyties,f,0.01
trick,m,0.35
tricoises,f,0.07
tricorne,m,0.88
tricornes,m,0.88
tricot,m,14.19
tricotage,m,0.41
tricotages,m,0.41
tricoteur,m,0.68
tricoteuse,f,0.68
tricoteuses,f,0.68
tricots,m,14.19
trictrac,m,0.14
tricycle,m,0.95
tricycles,m,0.95
tricératops,m,0.02
trident,m,0.68
tridents,m,0.68
tridi,m,0.07
trieur,m,0.20
trieurs,m,0.20
trieuse,f,0.20
trieuses,f,0.20
trifolium,m,0.07
triforium,m,0.07
trigger,m,0.09
trigles,m,0.07
triglycéride,m,0.07
triglycérides,m,0.07
trigonométrie,f,0.28
trigrammes,m,0.01
trille,m,2.64
trilles,m,2.64
trillion,m,0.22
trillions,m,0.22
trilobite,m,0.02
trilogie,f,0.36
trimard,m,1.76
trimardeur,m,0.81
trimardeurs,m,0.81
trimards,m,1.76
trimballage,m,0.01
trimestre,m,5.54
trimestres,m,5.54
trimeur,m,0.14
trimeurs,m,0.14
trimmer,m,0.02
trinacrie,f,0.07
tringle,f,3.18
tringles,f,3.18
tringlette,f,0.14
tringlot,m,0.34
tringlots,m,0.34
trinidadienne,f,0.01
trinitrine,f,0.13
trinité,f,0.45
trinquette,f,0.07
trinôme,m,0.01
trio,m,5.47
triode,f,0.07
triolet,m,0.27
triolets,m,0.27
triolisme,m,0.01
triomphalisme,m,0.01
triomphateur,m,0.81
triomphateurs,m,0.81
triomphatrice,f,0.81
triomphatrices,f,0.81
triomphe,m,29.19
triomphes,m,29.19
trional,m,0.01
trionix,m,0.07
trios,m,5.47
trip,m,4.62
tripaille,f,0.88
tripailles,f,0.88
tripang,m,0.02
tripangs,m,0.02
tripatouillage,m,0.14
tripatouillages,m,0.14
tripe,f,13.58
triperie,f,0.20
triperies,f,0.20
tripes,f,13.58
tripette,f,0.54
triphosphate,m,0.01
tripier,m,0.27
tripiers,m,0.27
tripière,f,0.27
triple,m,0.66
triplement,m,0.14
triples,m,0.66
triplets,m,0.06
triplette,f,0.16
triplex,m,0.04
triplice,f,0.14
triplé,m,1.54
triplées,f,1.54
triplés,m,1.54
tripode,m,0.02
tripoli,m,0.14
triporteur,m,5.61
triporteurs,m,5.61
tripot,m,1.57
tripotage,m,0.27
tripotages,m,0.27
tripoteur,m,0.04
tripoteuse,f,0.04
tripots,m,1.57
tripotée,f,0.27
tripoux,m,0.20
trips,m,4.62
triptyque,m,0.74
triptyques,m,0.74
trique,f,4.46
triqueballe,m,0.14
triques,f,4.46
trirème,f,0.20
trirèmes,f,0.20
tris,m,3.04
trisaïeul,m,0.34
trisaïeule,f,0.34
trisaïeuls,m,0.34
trismus,m,0.07
trisomie,f,0.01
tristesse,f,48.72
tristesses,f,48.72
trithéisme,m,0.07
trithérapie,f,0.17
tritium,m,0.11
triton,m,0.81
tritons,m,0.81
trituration,f,0.20
triturations,f,0.20
triumvir,m,0.09
triumvirat,m,0.57
trivialité,f,0.34
trivialités,f,0.34
trivium,m,0.07
trobriandais,m,0.07
troc,m,2.03
trocart,m,0.14
trochanter,m,0.02
troche,f,0.14
trochures,f,0.07
trocs,m,2.03
troglodyte,m,0.68
troglodytes,m,0.68
trogne,f,3.85
trognes,f,3.85
trognon,m,3.38
trognons,m,3.38
trois-deux,m,0.01
trois-huit,m,0.17
trois-mâts,m,0.47
trois-points,m,0.01
trois-quarts,m,0.59
trois-quatre,m,0.47
trois-six,m,0.07
troll,m,2.07
trolle,f,0.07
trolley,m,0.61
trolleybus,m,1.08
trolleys,m,0.61
trolls,m,2.07
trombe,f,9.32
trombes,f,9.32
trombine,f,1.28
trombines,f,1.28
trombinoscope,m,0.14
tromblon,m,0.68
tromblons,m,0.68
trombone,m,2.96
trombones,m,2.96
trommel,m,0.14
trompe,f,7.64
trompe-l'oeil,m,2.43
tromperie,f,2.16
tromperies,f,2.16
trompes,f,7.64
trompeur,m,0.16
trompeurs,m,0.16
tronc,m,36.62
tronche,f,25.68
tronches,f,25.68
troncs,m,36.62
tronçon,m,3.99
tronçonneuse,f,1.85
tronçonneuses,f,1.85
tronçons,m,3.99
trop-perçu,m,0.01
trop-plein,m,2.64
trop-pleins,m,2.64
trope,m,0.07
trophée,m,7.02
trophées,m,7.02
tropique,m,2.43
tropiques,m,2.43
tropisme,m,0.61
tropismes,m,0.61
troposphère,f,0.20
tropézienne,f,0.14
troquet,m,6.82
troquets,m,6.82
trot,m,10.47
trots,m,10.47
trotskisme,m,0.14
trotte,f,0.81
trottes,f,0.81
trotteur,m,0.88
trotteurs,m,0.88
trotteuse,f,0.88
trotteuses,f,0.88
trottignolles,m,0.07
trottin,m,0.14
trottinement,m,0.81
trottinements,m,0.81
trottinette,f,0.81
trottinettes,f,0.81
trottins,m,0.14
trottoir,m,87.36
trottoirs,m,87.36
trou,m,108.38
trou-du-cul,m,0.43
trou-trou,m,0.34
trou-trous,m,0.34
troubades,m,0.07
troubadour,m,1.62
troubadours,m,1.62
trouble,m,25.68
troubles,m,25.68
trouduc,m,3.68
trouducuteries,f,0.07
troufignard,m,0.07
troufignon,m,0.14
troufignons,m,0.14
troufion,m,1.76
troufions,m,1.76
trouillard,m,3.76
trouillarde,f,3.76
trouillards,m,3.76
trouille,f,17.43
trouilles,f,17.43
trouillomètre,m,0.20
troupe,f,105.41
troupeau,m,25.54
troupeaux,m,25.54
troupes,f,105.41
troupier,m,1.22
troupiers,m,1.22
trous,m,108.38
trous-du-cul,m,0.43
trousse,f,8.92
trousseau,m,5.95
trousseaux,m,5.95
troussequin,m,0.07
trousses,f,8.92
trousseur,m,0.14
trouvaille,f,7.84
trouvailles,f,7.84
trouveur,m,0.07
trouveurs,m,0.07
trouvère,m,0.20
trouvères,m,0.20
trouée,f,5.81
trouées,f,5.81
troyen,m,0.20
troène,m,1.28
troènes,m,1.28
troïka,f,0.81
troïkas,f,0.81
truand,m,6.49
truandage,m,0.68
truandages,m,0.68
truandaille,f,0.27
truande,f,6.49
truanderie,f,0.54
truandes,f,6.49
truands,m,6.49
trublion,m,0.34
trublions,m,0.34
truc,m,381.34
trucage,m,0.69
trucages,m,0.69
truchement,m,2.57
truchements,m,2.57
truck,m,0.39
trucks,m,0.39
trucmuche,m,0.14
trucs,m,381.34
truculence,f,0.27
truelle,f,2.43
truelles,f,2.43
truffe,f,4.73
truffes,f,4.73
truffier,m,0.34
truffiers,m,0.34
truie,f,3.35
truies,f,3.35
truisme,m,0.20
truismes,m,0.20
truite,f,7.91
truitelle,f,0.07
truites,f,7.91
trumeau,m,0.61
trumeaux,m,0.61
truquage,m,1.15
truquages,m,1.15
truqueur,m,0.34
truqueurs,m,0.34
truqueuse,f,0.34
trusquin,m,0.14
trust,m,1.16
trustee,m,0.27
trustees,m,0.27
trusteeship,m,0.41
trusteeships,m,0.41
trusts,m,1.16
trypanosome,m,0.14
trypanosomes,m,0.14
trypanosomiase,f,0.13
trypsine,f,0.01
tryptophane,m,0.02
trâlée,f,0.07
trèfle,m,5.00
trèfles,m,5.00
trèpe,m,1.49
trébuchement,m,0.20
trébuchements,m,0.20
trébuchet,m,0.27
tréflières,f,0.07
tréfonds,m,2.91
tréma,m,0.14
trémail,m,0.14
trémas,m,0.14
trémie,f,0.41
trémies,f,0.41
trémois,m,0.07
trémolo,m,1.15
trémolos,m,1.15
trémoussement,m,0.34
trémoussements,m,0.34
trémulation,f,0.34
trépan,m,0.14
trépanation,f,0.20
trépané,m,0.20
trépanée,f,0.20
trépas,m,1.55
trépassé,m,0.47
trépassée,f,0.47
trépassées,f,0.47
trépassés,m,0.47
trépidation,f,1.96
trépidations,f,1.96
trépied,m,2.70
trépieds,m,2.70
trépignement,m,0.61
trépignements,m,0.61
tréponème,m,0.27
tréponèmes,m,0.27
trésor,m,49.92
trésorerie,f,0.81
trésorier,m,1.83
trésorier-payeur,m,0.07
trésoriers,m,1.83
trésorière,f,1.83
trésors,m,49.92
tréteau,m,3.99
tréteaux,m,3.99
trêve,f,11.42
trêves,f,11.42
trône,m,14.32
trônes,m,14.32
tsar,m,14.30
tsarine,f,14.30
tsarisme,m,0.34
tsars,m,14.30
tsarévitch,m,2.90
tsoin-tsoin,m,0.47
tss tss,m,0.14
tss-tss,m,0.14
tsuica,f,0.14
tsunami,m,0.53
tsé-tsé,f,0.07
tu,m,2.79
tu autem,m,0.07
tub,m,1.15
tuba,m,1.44
tubages,m,0.07
tubard,m,0.95
tubardise,f,0.68
tubards,m,0.95
tubas,m,1.44
tube,m,20.47
tubercule,m,0.61
tubercules,m,0.61
tuberculeuse,f,0.81
tuberculeux,m,0.81
tuberculine,f,0.14
tuberculose,f,3.04
tubes,m,20.47
tubs,m,1.15
tubule,m,0.01
tubulure,f,1.22
tubulures,f,1.22
tubérosité,f,0.01
tue-loup,m,0.06
tue-loups,m,0.06
tue-mouches,m,0.41
tuerie,f,3.17
tueries,f,3.17
tueur,m,64.06
tueurs,m,64.06
tueuse,f,6.26
tueuses,f,64.06
tuf,m,0.54
tuffeau,m,0.34
tuffeaux,m,0.34
tuile,f,13.38
tuilerie,f,1.15
tuileries,f,1.15
tuiles,f,13.38
tularémie,f,0.18
tulipe,f,2.91
tulipes,f,2.91
tulipier,m,0.14
tulipiers,m,0.14
tulle,m,3.51
tulles,m,3.51
tumescence,f,0.04
tumeur,f,7.96
tumeurs,f,7.96
tumuli,m,1.49
tumulte,m,13.11
tumultes,m,13.11
tumulus,m,1.49
tuméfaction,f,0.07
tune,f,2.16
tuner,m,0.07
tunes,f,2.16
tungstène,m,0.47
tunique,f,10.27
tuniques,f,10.27
tunnel,m,19.24
tunnels,m,19.24
tuque,f,0.07
turban,m,7.30
turbans,m,7.30
turbin,m,4.19
turbine,f,1.28
turbines,f,1.28
turbins,m,4.19
turbocompresseur,m,0.14
turbocompresseurs,m,0.14
turbopropulseur,m,0.28
turboréacteur,m,0.01
turbot,m,0.68
turbotière,f,0.07
turbotières,f,0.07
turbulence,f,2.36
turbulences,f,2.36
turbé,m,0.34
turbés,m,0.34
turc,m,3.92
turco,m,0.61
turcoman,m,0.34
turcomans,m,0.34
turcos,m,0.61
turcs,m,3.92
turdus,m,0.20
turelure,f,0.07
turf,m,1.82
turfs,m,1.82
turgescence,f,0.14
turgotine,f,0.07
turinois,m,0.07
turista,f,0.54
turistas,f,0.54
turlu,m,0.34
turlupinade,f,0.14
turlupinades,f,0.14
turlupins,m,0.14
turlutaines,f,0.07
turlutte,f,0.26
turne,f,1.96
turnes,f,1.96
turnover,m,0.03
turpitude,f,2.36
turpitudes,f,2.36
turque,f,3.92
turquerie,f,0.14
turques,f,3.92
turquoise,f,1.01
turquoises,f,1.01
tussilage,m,0.01
tussor,m,1.69
tutelle,f,2.43
tuteur,m,4.60
tuteurs,m,4.60
tutoiement,m,1.89
tutoiements,m,1.89
tutorat,m,0.33
tutrice,f,4.60
tutu,m,3.51
tutus,m,3.51
tutute,f,0.34
tuyau,m,26.73
tuyautages,m,0.07
tuyauterie,f,1.69
tuyauteries,f,1.69
tuyauteur,m,0.27
tuyauteurs,m,0.27
tuyauté,m,0.14
tuyautés,m,0.14
tuyaux,m,26.73
tuyère,f,0.07
tuyères,f,0.07
tué,m,3.99
tuée,f,3.99
tuées,f,3.99
tués,m,3.99
tweed,m,5.34
tweeds,m,5.34
twill,m,0.14
twin-set,m,0.14
twist,m,0.74
twists,m,0.74
tympan,m,6.01
tympanon,m,0.20
tympans,m,6.01
type,m,334.85
types,m,334.85
typhon,m,1.89
typhons,m,1.89
typhoïde,f,1.01
typhus,m,1.76
typo,m,1.49
typographie,f,0.47
typologie,f,0.20
typomètre,m,0.14
typos,m,1.49
tyran,m,7.79
tyranneau,m,0.14
tyranneaux,m,0.14
tyrannie,f,2.63
tyrannies,f,2.63
tyrannosaure,m,0.15
tyrannosaures,m,0.15
tyrans,m,7.79
tyrolien,m,0.20
tyroliens,m,0.20
tzar,m,0.88
tzarevitch,m,0.07
tzarine,f,0.88
tzars,m,0.88
tâche,f,44.53
tâcheron,m,0.81
tâcherons,m,0.81
tâches,f,44.53
tâtonnement,m,2.03
tâtonnements,m,2.03
té,m,2.35
téflon,m,0.17
tégument,m,0.14
tégénaires,f,0.07
tél,m,0.04
tél.,m,0.14
télencéphale,m,1.20
télescopage,m,0.41
télescope,m,2.46
télescopes,m,2.46
télescripteurs,m,0.07
télex,m,1.49
téloche,f,1.62
télègue,f,1.42
télé,f,106.42
téléachat,m,0.06
téléavertisseur,m,0.02
télécabine,f,0.34
télécartes,f,0.01
téléchargement,m,0.32
télécinéma,m,0.01
télécommande,f,4.37
télécommandes,f,4.37
télécommunication,f,0.94
télécommunications,f,0.94
télécoms,f,0.30
téléconférence,f,0.41
télécopieur,m,0.03
télécran,m,0.05
télécrans,m,0.05
télédiffusion,f,0.01
téléfax,m,0.07
téléfilm,m,0.50
téléfilms,m,0.50
téléfériques,m,0.07
télégramme,m,38.78
télégrammes,m,38.78
télégraphe,m,1.66
télégraphes,m,1.66
télégraphie,f,0.14
téléguidage,m,0.15
télégénie,f,0.01
télékinésie,f,0.60
télémark,m,0.07
télémarketing,m,0.14
télémesure,f,0.07
télémesures,f,0.07
télémètre,m,0.20
télémètres,m,0.20
télémétrie,f,0.85
téléobjectif,m,0.72
téléobjectifs,m,0.72
télépathie,f,1.94
téléphonage,m,0.07
téléphone,m,160.80
téléphones,m,160.80
téléphonie,f,0.22
téléphérique,m,0.54
téléport,m,0.01
téléportation,f,1.00
téléprompteur,m,0.08
téléreportage,m,0.01
téléroman,m,0.05
télés,f,106.42
téléscripteur,m,1.08
téléscripteurs,m,1.08
télésiège,m,1.18
télésièges,m,1.18
téléski,m,0.02
téléspectateur,m,2.19
téléspectateurs,m,2.19
téléspectatrice,f,2.19
téléspectatrices,f,2.19
télésurveillance,f,0.01
télétexte,m,0.10
télétravail,m,0.01
télétravailleuse,f,0.01
télétype,m,0.10
télétypes,m,0.10
télévendeur,m,0.01
télévente,f,0.01
téléviseur,m,2.43
téléviseurs,m,2.43
télévision,f,26.38
télévisions,f,26.38
témoignage,m,19.73
témoignages,m,19.73
témoin,m,74.78
témoin-clé,m,0.17
témoin-vedette,m,0.01
témoins,m,74.78
témoins-clés,m,0.17
témérité,f,1.35
témérités,f,1.35
ténacité,f,2.30
ténia,m,0.68
ténias,m,0.68
ténor,m,2.70
ténors,m,2.70
ténuité,f,0.14
ténèbre,f,0.61
ténèbres,f,26.15
ténébrionidé,m,0.07
téraoctets,m,0.01
tératome,m,0.05
térébenthine,f,1.28
térébinthe,m,0.20
térébinthes,m,0.20
tés,m,2.35
tétanie,f,0.15
tétanisation,f,0.07
tétanos,m,0.95
téteur,m,0.05
tétine,f,1.15
tétines,f,1.15
tétins,m,0.20
téton,m,4.59
tétons,m,4.59
tétra,m,0.01
tétrachlorure,m,0.07
tétracycline,f,0.09
tétradrachme,m,0.07
tétragones,f,0.07
tétragramme,m,0.07
tétragrammes,m,0.07
tétralogie,f,0.07
tétramètre,m,0.03
tétraplégie,f,0.14
tétrarque,m,0.47
tétrarques,m,0.47
tétras,m,0.16
tétrodotoxine,f,0.02
tétère,f,0.14
tétée,f,1.01
tétées,f,1.01
tévé,f,0.34
têt,m,1.08
têtard,m,1.89
têtards,m,1.89
tête,f,923.45
tête-bêche,m,0.47
tête-de-mort,f,0.41
tête-à-queue,m,0.20
tête-à-tête,m,5.95
têtes,f,923.45
têtes-de-loup,f,0.27
têtière,f,0.27
têtières,f,0.27
tôlarde,f,0.01
tôle,f,15.41
tôlerie,f,0.20
tôles,f,15.41
tôlier,m,0.27
tôliers,m,0.27
tôlière,f,0.27
tôt-fait,m,0.07
u,m,18.40
ubac,m,0.14
ubiquité,f,1.82
ufologie,f,0.04
uhlan,m,1.15
uhlans,m,1.15
ukase,m,0.20
ukases,m,0.20
ukrainien,m,0.71
ukrainienne,f,0.71
ukrainiens,m,0.71
ukulélé,m,0.16
ulcère,m,4.69
ulcères,m,4.69
ulcérations,f,0.20
ulna,f,0.01
ultima ratio,f,0.07
ultimatum,m,1.55
ultimatums,m,1.55
ultra-gauche,f,0.07
ultra-sons,m,0.14
ultragauche,f,0.07
ultrason,m,0.87
ultrasons,m,0.87
ultraviolet,m,0.33
ultraviolets,m,0.33
ultravirus,m,0.01
ululement,m,0.47
ululements,m,0.47
umbanda,m,0.10
unanimisme,m,0.07
unanimité,f,3.78
unau,m,0.01
underground,m,0.20
une,f,1.13
unetelle,m,0.61
uni,m,0.81
unicité,f,0.41
unification,f,1.50
uniforme,m,50.14
uniformes,m,50.14
uniformisation,f,0.27
uniformité,f,1.35
unilatéralité,f,0.03
union,f,30.07
unions,f,30.07
uniprix,m,0.61
unis,m,0.81
unisson,m,4.53
unité,f,43.46
unités,f,43.46
univers,m,58.45
universal,m,1.24
universalisme,m,0.14
universalité,f,0.27
universel,m,0.81
université,f,40.64
universités,f,40.64
untel,m,2.77
upanisads,f,0.07
upanishad,m,0.07
upas,m,0.07
update,f,0.04
uppercut,m,1.28
uppercuts,m,1.28
urane,m,0.07
uranisme,m,0.07
uraniste,m,0.02
uranium,m,1.60
urbanisation,f,0.14
urbanisme,m,1.48
urbanité,f,0.41
urdu,m,0.02
ures,m,0.07
uretère,m,0.04
urgence,f,53.03
urgences,f,53.03
urinal,m,0.20
urine,f,6.62
urines,f,6.62
urinoir,m,1.35
urinoirs,m,1.35
urne,f,3.38
urnes,f,3.38
urographie,f,0.07
urokinase,f,0.01
urologie,f,0.23
uroscopie,f,0.07
ursuline,f,1.01
ursulines,f,1.01
urticaire,f,1.22
urubu,m,0.34
urubus,m,0.34
uruguayen,m,0.57
urus,m,0.20
urètre,m,0.47
urée,f,0.20
urémie,f,0.31
uréthane,m,0.08
urétrite,f,0.04
us,m,9.10
usage,m,47.97
usager,m,1.55
usagers,m,1.55
usages,m,47.97
usagères,f,1.55
usinage,m,0.05
usine,f,51.59
usine-pilote,f,0.07
usines,f,51.59
usiniers,m,0.07
ustensile,m,5.27
ustensiles,m,5.27
ustion,f,0.14
usufruit,m,0.47
usufruitier,m,0.14
usure,f,10.20
usures,f,10.20
usurier,m,2.17
usuriers,m,2.17
usurière,f,2.17
usurpateur,m,1.62
usurpateurs,m,1.62
usurpation,f,1.35
usurpatrice,f,1.62
ut,m,1.02
utile,m,2.22
utilisateur,m,1.24
utilisateurs,m,1.24
utilisation,f,4.67
utilisations,f,4.67
utilisatrice,f,1.24
utilitarisme,m,0.07
utilité,f,7.09
utilités,f,7.09
utopie,f,1.48
utopies,f,1.48
utérus,m,2.88
v,m,26.54
va,m,0.34
va-et-vient,m,10.61
va-tout,m,0.41
vacance,f,82.57
vacances,f,82.57
vacancier,m,2.23
vacanciers,m,2.23
vacancière,f,2.23
vacancières,f,2.23
vacarme,m,15.61
vacarmes,m,15.61
vacation,f,0.54
vacations,f,0.54
vaccin,m,6.54
vaccination,f,0.54
vaccinations,f,0.54
vaccine,f,0.04
vaccins,m,6.54
vachardise,f,0.14
vache,f,53.45
vacher,m,0.91
vacherie,f,5.41
vacheries,f,5.41
vacherin,m,0.54
vachers,m,0.91
vaches,f,53.45
vachette,f,0.41
vachettes,f,0.41
vachère,f,0.61
vachères,f,0.61
vacillations,f,0.07
vacillement,m,0.34
vacuité,f,1.42
vacuole,f,0.01
vacuolisation,f,0.01
vacuum,m,0.20
vadrouille,f,1.89
vadrouilles,f,1.89
vadrouilleur,m,0.14
vadrouilleurs,m,0.14
vadrouilleuse,f,0.14
vadrouilleuses,f,0.14
vagabond,m,6.22
vagabondage,m,2.57
vagabondages,m,2.57
vagabonde,f,6.22
vagabondes,f,6.22
vagabonds,m,6.22
vagin,m,4.40
vaginite,f,0.03
vagins,m,4.40
vagissement,m,0.95
vagissements,m,0.95
vagotomie,f,0.01
vaguelette,f,2.84
vaguelettes,f,2.84
vahiné,f,0.54
vahinés,f,0.54
vaillance,f,2.03
vaincu,m,8.51
vaincue,f,8.51
vaincues,f,8.51
vaincus,m,8.51
vainqueur,m,11.35
vainqueurs,m,11.35
vair,m,0.27
vairon,m,0.54
vairons,m,0.54
vaisseau,m,83.39
vaisseau-amiral,m,0.05
vaisseaux,m,83.39
vaisselier,m,0.68
vaisseliers,m,0.68
vaisselle,f,25.95
vaisselles,f,25.95
val,m,4.93
valdôtains,m,0.14
valence,f,0.28
valencien,m,0.14
valencienne,f,0.14
valentin,m,0.27
valentine,f,0.27
valentinien,m,0.02
valet,m,19.80
valetaille,f,1.01
valets,m,19.80
valeur,f,52.30
valeur-refuge,f,0.07
valeurs,f,52.30
validation,f,0.14
validité,f,0.41
validé,m,0.88
valise,f,70.34
valises,f,70.34
valkyries,f,0.02
valleuse,f,0.07
vallon,m,6.89
vallonnement,m,2.09
vallonnements,m,2.09
vallons,m,6.89
vallée,f,35.68
vallées,f,35.68
valoche,f,3.38
valoches,f,3.38
valorisation,f,0.01
valpolicella,m,0.14
vals,m,4.93
valse,f,9.32
valse-hésitation,f,0.27
valses,f,9.32
valses-hésitations,f,0.27
valseur,m,1.35
valseurs,m,1.35
valseuse,f,1.35
valseuses,f,1.35
valve,f,2.63
valves,f,2.63
valvule,f,0.22
valériane,f,0.30
vamp,f,1.42
vamp-club,f,0.01
vampire,m,27.27
vampires,m,27.27
vampirisme,m,0.32
vamps,f,1.42
van,m,8.90
vanadium,m,0.74
vandalisme,m,1.55
vandoises,f,0.14
vanille,f,3.38
vaniteuse,f,0.54
vaniteux,m,0.54
vanity-case,m,0.14
vanité,f,17.97
vanités,f,17.97
vanne,f,7.36
vanneau,m,0.74
vanneaux,m,0.74
vannerie,f,0.74
vanneries,f,0.74
vannes,f,7.36
vanneur,m,0.20
vanneurs,m,0.20
vannier,m,0.27
vanniers,m,0.27
vannières,f,0.07
vans,m,8.90
vantail,m,3.85
vantard,m,1.60
vantarde,f,1.60
vantardise,f,1.69
vantardises,f,1.69
vantards,m,1.60
vantaux,m,3.85
vanterie,f,0.20
vanteries,f,0.20
vape,f,3.04
vapes,f,3.04
vaporetto,m,0.41
vaporisateur,m,1.08
vaporisateurs,m,1.08
vaporisation,f,0.14
vaporisations,f,0.14
vaps,f,0.24
vaquero,m,0.11
vaqueros,m,0.11
var,m,0.01
varan,m,0.07
varans,m,0.07
varappe,f,0.07
varappeur,m,0.07
varech,m,2.70
varechs,m,2.70
varenne,f,4.53
varennes,f,4.53
vareuse,f,8.24
vareuses,f,8.24
varia,m,0.07
variabilité,f,0.14
variable,f,1.05
variables,f,1.05
variance,f,0.03
variante,f,3.24
variantes,f,3.24
variateur,m,0.14
variation,f,6.28
variations,f,6.28
varice,f,1.76
varicelle,f,1.03
varices,f,1.76
variole,f,2.42
variorum,m,0.07
variété,f,9.73
variétés,f,9.73
varlet,m,0.07
varlope,f,0.41
varon,m,0.12
varsovien,m,0.10
vasais,m,0.20
vasculo-nerveux,m,0.01
vasectomie,f,0.38
vaseline,f,1.28
vasistas,m,3.85
vasière,f,0.88
vasières,f,0.88
vasoconstriction,f,0.03
vasodilatation,f,0.01
vasopressine,f,0.01
vasque,f,3.99
vasques,f,3.99
vassal,m,4.39
vassale,f,4.39
vassalité,f,0.20
vassaux,m,4.39
vastitude,f,0.27
vastitudes,f,0.27
vastité,f,0.07
vater,m,0.07
vaticination,f,0.47
vaticinations,f,0.47
vatères,m,0.14
vau,m,0.20
vau-l'eau,m,0.14
vaudeville,m,1.82
vaudevilles,m,1.82
vaudois,m,0.14
vaudou,m,2.93
vaudouisme,m,0.02
vaudous,m,2.93
vaurien,m,10.22
vaurienne,f,10.22
vauriens,m,10.22
vautour,m,5.89
vautours,m,5.89
vautre,m,0.07
vaux,m,4.93
vauxhall,m,0.07
veau,m,16.96
veaux,m,16.96
vecteur,m,0.92
vecteurs,m,0.92
vedettariat,m,0.14
vedette,f,20.88
vedettes,f,20.88
veille,f,89.05
veilles,f,89.05
veilleur,m,3.99
veilleurs,m,3.99
veilleuse,f,8.58
veilleuses,f,8.58
veillée,f,8.31
veillées,f,8.31
veinard,m,5.79
veinarde,f,5.79
veinardes,f,5.79
veinards,m,5.79
veine,f,35.41
veines,f,35.41
veinule,f,1.15
veinules,f,1.15
veinures,f,0.14
velcro,m,0.39
veld,m,0.01
veldt,m,0.04
velléité,f,3.92
velléités,f,3.92
velours,m,35.88
velouté,m,1.76
veloutés,m,1.76
velte,f,0.01
velum,m,0.03
velux,m,0.01
velvet,m,0.27
venaison,f,0.54
venaisons,f,0.54
venant,m,0.23
vendange,f,3.38
vendanges,f,3.38
vendangeur,m,0.54
vendangeurs,m,0.54
vendangeuses,f,0.54
vendetta,f,1.25
vendettas,f,1.25
vendeur,m,18.65
vendeurs,m,18.65
vendeuse,f,18.65
vendeuses,f,18.65
vendredi,m,32.49
vendredis,m,32.49
vendu,m,4.03
vendue,f,4.03
vendues,f,4.03
vendus,m,4.03
vendéen,m,0.14
vendémiaire,m,0.34
venelle,f,3.58
venelles,f,3.58
venette,f,0.07
veneur,m,2.91
veneurs,m,2.91
vengeance,f,28.27
vengeances,f,28.27
vengeresse,f,1.27
vengeur,m,1.27
vengeurs,m,1.27
venin,m,3.59
venins,m,3.59
venise,f,0.07
vent,m,220.27
ventail,m,0.01
vente,f,27.54
ventes,f,27.54
ventilateur,m,3.02
ventilateurs,m,3.02
ventilation,f,2.90
ventilations,f,2.90
ventilo,m,0.54
ventilos,m,0.54
ventis,m,0.07
ventouse,f,4.66
ventouses,f,4.66
ventre,m,141.96
ventres,m,141.96
ventricule,m,0.78
ventricules,m,0.78
ventriloquie,f,0.04
ventripotent,m,0.07
ventrière,f,0.14
ventrée,f,0.54
ventrées,f,0.54
vents,m,220.27
ventôse,m,0.88
venue,f,21.76
venues,f,21.76
venus,m,4.59
ver,m,10.21
verbalisation,f,0.04
verbalisme,m,0.41
verbatim,m,0.01
verbe,m,9.93
verbes,m,9.93
verbiage,m,0.74
verbosité,f,0.27
verbosités,f,0.27
verdeur,f,1.08
verdeurs,f,1.08
verdict,m,8.63
verdicts,m,8.63
verdier,m,0.14
verdiers,m,0.14
verdine,f,0.07
verdoiement,m,0.14
verdure,f,10.95
verdures,f,10.95
verge,f,5.41
vergence,f,0.02
verger,m,11.69
vergers,m,11.69
verges,f,5.41
vergeture,f,0.42
vergetures,f,0.42
verglas,m,1.62
vergne,m,0.34
vergnes,m,0.34
vergogne,f,4.05
vergue,f,0.47
vergues,f,0.47
verjus,m,0.27
verlan,m,0.34
vermeil,m,1.35
vermicelle,m,0.81
vermicelles,m,0.81
vermifuge,m,0.14
vermillon,m,1.08
vermillons,m,1.08
vermine,f,7.31
vermines,f,7.31
vermisseau,m,0.49
vermisseaux,m,0.49
vermoulure,f,0.34
vermoulures,f,0.34
vermout,m,0.01
vermouth,m,1.49
vermouths,m,1.49
verne,m,0.14
vernier,m,0.07
vernis,m,9.80
vernissage,m,2.21
vernissages,m,2.21
vernisseur,m,0.10
verrat,m,0.74
verrats,m,0.74
verre,m,230.07
verrerie,f,1.14
verreries,f,1.14
verres,m,230.07
verriers,m,0.07
verrière,f,5.95
verrières,f,5.95
verroterie,f,1.42
verroteries,f,1.42
verrou,m,12.03
verrouillage,m,1.23
verrous,m,12.03
verrue,f,3.11
verrues,f,3.11
vers,m,43.04
versaillais,m,0.54
versant,m,10.68
versants,m,10.68
versatilité,f,0.34
verse,f,1.44
verseau,m,0.02
versement,m,2.76
versements,m,2.76
verses,f,1.44
verset,m,4.39
versets,m,4.39
verseuse,f,0.27
verseuses,f,0.27
versiculets,m,0.07
versificateur,m,0.07
versification,f,0.01
version,f,20.09
versions,f,20.09
verso,m,1.96
versos,m,1.96
verstes,f,0.47
vert,m,34.66
vert-de-gris,m,0.81
vert-galant,m,0.20
vert-jaune,m,0.07
vertex,m,1.22
vertical,m,0.18
verticale,f,5.07
verticales,f,5.07
verticalité,f,0.20
verticille,m,0.01
vertige,m,26.62
vertiges,m,26.62
vertigo,m,0.14
verts,m,34.66
vertu,f,38.45
vertugadin,m,0.14
vertus,f,38.45
vertèbre,f,3.38
vertèbres,f,3.38
vertébré,m,0.36
vertébrés,m,0.36
verve,f,3.04
verveine,f,1.76
vesce,f,0.20
vesces,f,0.20
vespa,f,1.19
vespas,f,1.19
vespasienne,f,0.41
vespasiennes,f,0.41
vesprée,f,0.07
vesse-de-loup,f,0.20
vesses,f,0.14
vesses-de-loup,f,0.20
vessie,f,3.34
vessies,f,3.34
vestalat,m,0.07
vestale,f,0.81
vestales,f,0.81
veste,f,61.62
vestes,f,61.62
vestiaire,m,12.43
vestiaires,m,12.43
vestibule,m,12.77
vestibules,m,12.77
vestige,m,7.77
vestiges,m,7.77
veston,m,16.55
vestons,m,16.55
veto,m,1.94
veuf,m,32.70
veufs,m,32.70
veulerie,f,2.50
veuleries,f,2.50
veuvage,m,2.84
veuvages,m,2.84
veuve,f,32.70
veuves,f,32.70
vexation,f,1.82
vexations,f,1.82
viabilité,f,0.10
viaduc,m,0.88
viager,m,0.27
viagra,m,0.45
viandard,m,0.07
viande,f,45.00
viandes,f,45.00
viandox,m,0.68
viatique,m,1.28
vibraphone,m,0.14
vibraphones,m,0.14
vibrateur,m,0.14
vibrateurs,m,0.14
vibration,f,12.64
vibrations,f,12.64
vibrato,m,0.54
vibratos,m,0.54
vibreur,m,0.25
vibrions,m,0.20
vibrisses,f,0.14
vibro-masseur,m,0.08
vibromasseur,m,0.93
vibromasseurs,m,0.93
vicaire,m,2.57
vicaires,m,2.57
vice,m,18.45
vice-amiral,m,0.61
vice-chancelier,m,0.07
vice-consul,m,0.54
vice-premier,m,0.01
vice-présidence,f,0.57
vice-président,m,8.63
vice-présidente,f,8.63
vice-présidents,m,8.63
vice-recteur,m,0.10
vice-roi,m,0.94
vice-rois,m,0.94
vicelardise,f,0.20
vicelardises,f,0.20
vices,m,18.45
vichy,m,1.22
vichysme,m,0.07
vichyssois,m,0.07
vicieuse,f,2.70
vicieuses,f,2.70
vicieux,m,2.70
vicinalité,f,0.07
vicissitude,f,2.16
vicissitudes,f,2.16
vicomte,m,6.28
vicomtes,m,6.28
vicomtesse,f,6.28
vicomtesses,f,6.28
vicomté,f,0.41
victimaire,m,0.07
victime,f,106.25
victimes,f,106.25
victimologie,f,0.04
victoire,f,63.24
victoires,f,63.24
victuaille,f,4.26
victuailles,f,4.26
vidage,m,0.14
vidame,m,0.07
vidange,f,1.55
vidanges,f,1.55
vidangeur,m,0.27
vidangeurs,m,0.27
vide,m,78.85
vide-gousset,m,0.27
vide-greniers,m,0.04
vide-ordure,m,0.06
vide-ordures,m,1.22
vide-poche,m,0.14
vide-poches,m,0.27
vides,m,78.85
videur,m,1.48
videurs,m,1.48
vidicon,m,0.01
viduité,f,0.01
vidures,f,0.07
vidéo,f,21.34
vidéo-clip,m,0.27
vidéo-clips,m,0.27
vidéo-club,f,0.44
vidéo-espion,m,0.07
vidéocassette,f,0.10
vidéocassettes,f,0.10
vidéoclip,m,0.02
vidéoclub,m,1.34
vidéoconférence,f,0.05
vidéogramme,m,0.01
vidéophone,m,0.04
vidéophonie,f,0.01
vidéos,f,21.34
vidéosurveillance,f,0.42
vidéothèque,f,0.36
vie,f,1021.22
vieillard,m,55.14
vieillarde,f,55.14
vieillardes,f,55.14
vieillards,m,55.14
vieille,f,185.81
vieillerie,f,2.30
vieilleries,f,2.30
vieilles,f,185.81
vieillesse,f,14.53
vieillesses,f,14.53
vieillissement,m,2.50
vielle,f,2.01
vielles,f,2.01
vielleux,m,0.14
viennois,m,0.68
viennoiserie,f,0.66
viennoiseries,f,0.66
vierge,f,25.61
vierges,f,25.61
vies,f,1021.22
vietnamien,m,1.19
vietnamiens,m,1.19
vieux,m,185.81
vieux-rose,m,0.14
vif,m,12.57
vif-argent,m,0.21
vifs,m,12.57
vigie,f,1.69
vigies,f,1.69
vigilance,f,8.18
vigilances,f,8.18
vigne,f,20.41
vigneaux,m,0.07
vigneron,m,1.96
vigneronne,f,1.96
vigneronnes,f,1.96
vignerons,m,1.96
vignes,f,20.41
vignette,f,1.76
vignettes,f,1.76
vignoble,m,1.96
vignobles,m,1.96
vigogne,f,0.20
vigueur,f,15.61
vigueurs,f,15.61
viguier,m,0.88
viguiers,m,0.88
viking,m,0.43
vikings,m,0.43
vilain,m,4.21
vilains,m,4.21
vilebrequin,m,0.68
vilebrequins,m,0.68
vilenie,f,1.15
vilenies,f,1.15
villa,f,33.72
village,m,143.99
villageois,m,4.83
villageoise,f,4.83
villageoises,f,4.83
villages,m,143.99
villas,f,33.72
ville,f,352.97
ville-champignon,f,0.02
ville-dortoir,f,0.07
villes,f,352.97
villes-clés,f,0.01
villette,f,0.88
villégiature,f,2.70
villégiatures,f,2.70
vin,m,110.47
vina,f,0.11
vinaigre,m,5.61
vinaigres,m,5.61
vinaigrette,f,0.68
vinasse,f,1.62
vindicte,f,1.15
vingt-et-un,m,0.74
vingt-et-une,f,0.74
vingtaine,f,15.47
vingtaines,f,15.47
vinificatrice,f,0.01
vins,m,110.47
vintage,m,0.17
vinyle,m,0.74
vinyles,m,0.74
vioc,m,0.41
viocard,m,0.14
viocs,m,0.41
viol,m,15.33
violation,f,4.54
violations,f,4.54
viole,f,0.95
violence,f,56.49
violences,f,56.49
violent,m,2.84
violents,m,2.84
violes,f,0.95
violet,m,4.66
violets,m,4.66
violette,f,6.89
violettes,f,6.89
violeur,m,6.41
violeurs,m,6.41
violeuses,f,6.41
violine,m,0.20
violon,m,13.65
violoncelle,m,3.38
violoncelles,m,3.38
violoneux,m,0.41
violons,m,13.65
viols,m,15.33
vioque,f,4.93
vioques,f,4.93
viorne,f,0.41
viornes,f,0.41
vipère,f,5.41
vipères,f,5.41
vipéreau,m,0.07
virage,m,12.91
virages,m,12.91
virago,f,0.20
viragos,f,0.20
vire,f,0.38
virement,m,1.75
virements,m,1.75
vires,f,0.38
virevolte,f,0.27
virevoltes,f,0.27
virginal,m,0.47
virginie,m,31.28
virginien,m,0.34
virginiens,m,0.34
virginité,f,4.26
virginités,f,4.26
virgule,f,4.73
virgules,f,4.73
virilité,f,6.69
virilités,f,6.69
viroles,f,0.07
virolet,m,0.07
virologie,f,0.28
virtualité,f,0.41
virtualités,f,0.41
virtuosité,f,1.82
virulence,f,0.95
virus,m,23.98
virée,f,4.13
virées,f,4.13
vis,f,6.89
vis-à-vis,m,0.95
visa,m,7.39
visage,m,565.00
visages,m,565.00
visas,m,7.39
viscose,f,0.14
viscoses,f,0.14
viscosité,f,0.74
viscosités,f,0.74
viscère,m,2.97
viscères,m,2.97
viseur,m,1.93
viseurs,m,1.93
vishnouisme,m,0.02
visibilité,f,1.55
visioconférence,f,0.01
vision,f,41.82
visionnage,m,0.16
visionnaire,m,1.46
visionnaires,m,1.46
visionneuse,f,0.14
visions,f,41.82
visiophone,m,0.01
visitandines,f,0.07
visitation,f,0.95
visite,f,99.95
visite-éclair,f,0.07
visites,f,99.95
visiteur,m,35.54
visiteurs,m,35.54
visiteuse,f,35.54
visiteuses,f,35.54
visière,f,10.14
visières,f,10.14
vison,m,2.97
visons,m,2.97
visserie,f,0.02
vista,f,0.86
visualisation,f,0.21
visé,m,0.20
visée,f,2.57
visées,f,2.57
visés,m,0.20
vitalité,f,6.49
vitamine,f,5.77
vitamines,f,5.77
vitesse,f,57.84
vitesses,f,57.84
viticulteur,m,0.68
viticulteurs,m,0.68
viticultrice,f,0.68
viticulture,f,0.03
vitiligo,m,0.01
vitrage,m,0.81
vitrages,m,0.81
vitrail,m,7.77
vitrauphanie,f,0.07
vitraux,m,7.77
vitre,f,76.22
vitres,f,76.22
vitrier,m,0.74
vitriers,m,0.74
vitrine,f,33.99
vitrines,f,33.99
vitriol,m,0.74
vitrioleurs,m,0.07
vitriols,m,0.74
vitrophanie,f,0.07
vits,m,0.14
vitupérations,f,0.07
vivacité,f,8.58
vivacités,f,8.58
vivandier,m,0.34
vivandiers,m,0.34
vivandière,f,0.34
vivandières,f,0.34
vivant,m,27.36
vivants,m,27.36
vivarium,m,0.41
vivat,m,0.84
vivats,m,1.82
vive,f,1.69
vives,f,1.69
viveur,m,0.41
viveurs,m,0.41
vivier,m,1.42
viviers,m,1.42
vivification,f,0.01
vivisecteur,m,0.04
vivisection,f,0.41
vivisections,f,0.41
vivre,m,12.61
vivres,m,12.61
vizir,m,7.97
vizirs,m,7.97
vocable,m,2.16
vocables,m,2.16
vocabulaire,m,10.41
vocabulaires,m,10.41
vocalisation,f,0.27
vocalisations,f,0.27
vocalise,f,1.28
vocalises,f,1.28
vocatif,m,0.14
vocatifs,m,0.14
vocation,f,22.84
vocations,f,22.84
vocifération,f,2.03
vociférations,f,2.03
vocodeur,m,0.01
vodka,f,17.07
vodkas,f,17.07
vodou,m,0.04
vodous,m,0.04
voeu,m,28.58
voeux,m,28.58
vogue,f,3.58
vogues,f,3.58
voie,f,71.01
voies,f,71.01
voilage,m,0.74
voilages,m,0.74
voilette,f,2.97
voilettes,f,2.97
voilier,m,4.86
voiliers,m,4.86
voilure,f,0.74
voilures,f,0.74
voirie,f,1.22
voisin,m,81.82
voisinage,m,10.41
voisinages,m,10.41
voisine,f,81.82
voisines,f,81.82
voisins,m,81.82
voiture,f,429.40
voiture-balai,f,0.23
voiture-bar,f,0.01
voiture-lit,f,0.01
voiture-restaurant,f,0.05
voitures,f,429.40
voitures-balais,f,0.23
voiturette,f,0.74
voiturettes,f,0.74
voiturier,m,0.86
voituriers,m,0.86
voiturin,m,0.07
voix,f,612.70
voix-off,f,0.04
vol,m,82.42
vol-au-vent,m,0.14
volaille,f,6.49
volailler,m,0.20
volaillers,m,0.20
volailles,f,6.49
volant,m,37.30
volants,m,37.30
volapük,m,0.07
volatile,m,2.57
volatiles,m,2.57
volatilisation,f,0.01
volatilité,f,0.04
volcan,m,5.50
volcans,m,5.50
vole,f,2.00
volerie,f,0.01
voles,f,2.00
volet,m,41.55
volets,m,41.55
voleur,m,68.18
voleurs,m,68.18
voleuse,f,68.18
voleuses,f,68.18
volige,f,0.54
voliges,f,0.54
volition,f,0.27
volitions,f,0.27
volière,f,3.24
volières,f,3.24
volley,m,1.51
volley-ball,m,0.68
volleyeur,m,0.14
volleyeurs,m,0.14
volontariat,m,0.60
volontarisme,m,0.14
volonté,f,74.93
volontés,f,74.93
vols,m,82.42
volt,m,2.00
voltage,m,0.41
voltaire,m,0.14
voltaires,m,0.14
volte,f,1.35
volte-face,f,3.31
voltes,f,1.35
voltige,f,2.09
voltigement,m,0.07
voltiges,f,2.09
voltigeur,m,5.00
voltigeurs,m,5.00
voltmètre,m,0.23
volts,m,2.00
volubilis,m,1.35
volubilité,f,1.55
volume,m,27.84
volumes,m,27.84
volupté,f,11.42
voluptés,f,11.42
volute,f,6.69
volutes,f,6.69
volvaires,f,0.07
volve,f,0.07
volée,f,16.42
volées,f,16.42
volémie,f,0.01
vomi,m,3.52
vomis,m,3.52
vomissement,m,1.55
vomissements,m,1.55
vomissure,f,1.15
vomissures,f,1.15
vomitif,m,0.27
vomitifs,m,0.27
vomito negro,m,0.01
vomitoire,m,0.07
vomitoires,m,0.07
vopo,m,0.07
voracité,f,1.69
vortex,m,6.14
vosgien,m,0.14
votant,m,0.20
votants,m,0.20
vote,m,15.04
votes,m,15.04
vouge,f,0.14
vouivre,f,3.18
vouivres,f,3.18
vouloir,m,2.57
vouloirs,m,2.57
voussoiement,m,0.34
voussure,f,0.81
voussures,f,0.81
vouvoiement,m,0.47
vouvoiements,m,0.47
vouvray,m,0.07
vox populi,f,0.27
voyage,m,140.07
voyages,m,140.07
voyages-éclair,m,0.07
voyageur,m,43.38
voyageurs,m,43.38
voyageuse,f,43.38
voyageuses,f,43.38
voyance,f,0.74
voyances,f,0.74
voyant,m,8.65
voyante,f,8.65
voyantes,f,8.65
voyants,m,8.65
voyelle,f,1.76
voyelles,f,1.76
voyer,m,0.16
voyeur,m,4.26
voyeurisme,m,0.34
voyeurs,m,4.26
voyeuse,f,4.26
voyou,m,25.14
voyoucratie,f,0.27
voyous,m,25.14
voyoute,f,25.14
voyouterie,f,0.34
voyoutisme,m,0.07
voïvodie,f,0.40
voïvodies,f,0.40
voûte,f,27.09
voûtes,f,27.09
vrac,m,5.20
vrai,m,37.77
vrais,m,37.77
vraisemblance,f,2.91
vraisemblances,f,2.91
vraquier,m,0.07
vrille,f,2.57
vrillement,m,0.07
vrilles,f,2.57
vrillette,f,0.07
vrillettes,f,0.07
vrombissement,m,1.35
vrombissements,m,1.35
vu,m,2.62
vue,f,144.39
vues,f,144.39
vulcain,m,0.06
vulcanisation,f,0.07
vulgaire,m,2.23
vulgaires,m,2.23
vulgarisateurs,m,0.07
vulgarisation,f,0.41
vulgarisations,f,0.41
vulgarité,f,5.68
vulgarités,f,5.68
vulgate,f,0.20
vulgum pecus,m,0.07
vulnérabilité,f,1.01
vulpin,m,0.07
vulvaire,f,0.07
vulvaires,f,0.07
vulve,f,1.35
vulves,f,1.35
vécu,m,1.55
vécus,m,1.55
vécés,m,1.08
végétal,m,1.89
végétalien,m,0.07
végétalienne,f,0.07
végétalisme,m,0.01
végétarien,m,0.90
végétariens,m,0.90
végétarisme,m,0.03
végétation,f,9.53
végétations,f,9.53
végétaux,m,1.89
véhicule,m,22.09
véhicules,m,22.09
véhémence,f,5.07
vélaires,f,0.07
vélar,m,0.04
vélin,m,0.68
vélins,m,0.68
vélo,m,35.58
vélo-cross,m,0.07
vélo-pousse,m,0.01
vélocipède,m,0.41
vélocipèdes,m,0.41
vélocité,f,1.08
vélodrome,m,0.88
vélodromes,m,0.88
vélomoteur,m,1.49
vélomoteurs,m,1.49
vélos,m,35.58
vélum,m,0.41
vélums,m,0.41
vénalité,f,0.41
vénerie,f,0.61
vénitien,m,1.82
vénitienne,f,0.54
vénitiennes,f,0.54
vénitiens,m,1.82
vénus,f,0.56
vénusté,f,0.34
vénérable,m,0.95
vénérables,m,0.95
vénération,f,2.84
vénérations,f,2.84
vénéréologie,f,0.01
vénézuélien,m,0.07
vénézuéliens,m,0.07
véracité,f,0.74
véranda,f,10.20
vérandas,f,10.20
vérif,f,0.27
vérificateur,m,0.42
vérificateurs,m,0.42
vérification,f,4.07
vérifications,f,4.07
vérificatrice,f,0.42
vérifieur,m,0.02
vérin,m,0.34
vérins,m,0.34
vérité,f,193.24
vérités,f,193.24
vérole,f,3.58
véroles,f,3.58
véronal,m,0.04
véronique,f,0.74
véroniques,f,0.74
vésanie,f,0.27
vésanies,f,0.27
vésicule,f,1.01
vésicules,f,1.01
vétille,f,1.22
vétilles,f,1.22
vétiver,m,0.27
vétusté,f,0.68
vétyver,m,0.07
vétéran,m,3.84
vétérans,m,3.84
vêlage,m,0.20
vêlages,m,0.20
vêpre,m,0.07
vêpres,f,2.36
vêtement,m,90.14
vêtements,m,90.14
vêture,f,0.61
vêtures,f,0.61
w,m,3.54
wagon,m,32.77
wagon-bar,m,0.03
wagon-lit,m,1.89
wagon-lits,m,0.07
wagon-restaurant,m,1.01
wagon-salon,m,0.54
wagonnet,m,1.28
wagonnets,m,1.28
wagons,m,32.77
wagons-citernes,m,0.07
wagons-lits,m,1.89
wagons-restaurants,m,1.01
wait and see,m,0.16
wali,m,0.02
walkie-talkie,m,0.14
walkies-talkies,m,0.14
walkman,m,1.28
walkmans,m,1.28
walkyrie,f,0.27
wallaby,m,0.13
wallace,f,0.91
walter,m,0.27
wapiti,m,0.20
wapitis,m,0.20
warning,m,0.34
warnings,m,0.34
warrants,m,0.07
wassingue,f,0.14
wassingues,f,0.14
water,m,2.49
water-closet,m,0.14
water-polo,m,0.23
waterman,m,0.34
waters,m,2.49
watt,m,1.78
wattman,m,0.20
watts,m,1.78
wax,m,0.74
way of life,m,0.14
web,m,2.34
webcam,f,0.31
week end,m,44.51
week-end,m,44.51
week-ends,m,44.51
weltanschauung,f,0.07
welter,m,0.14
welters,m,0.14
western,m,6.35
western-spaghetti,m,0.07
westerns,m,6.35
wharf,m,1.22
whig,m,0.21
whigs,m,0.21
whipcord,m,0.07
whiskey,m,1.20
whiskies,m,1.89
whisky,m,30.20
whisky-soda,m,0.13
whiskys,m,30.20
whist,m,0.27
white-spirit,m,0.01
wicket,m,0.16
wigwam,m,0.27
wigwams,m,0.27
wildcat,m,0.02
willaya,f,0.68
willayas,f,0.68
william,m,0.27
williams,f,0.46
winchester,m,0.27
winchesters,m,0.27
windsurf,m,0.05
wintergreen,m,0.01
wishbone,m,0.01
wisigothe,f,0.14
wisigoths,m,0.14
witz,m,0.01
wombat,m,0.04
woofer,m,0.04
woofers,m,0.04
world music,f,0.02
wurtembergeois,m,0.07
xavier,m,0.67
xiang,m,0.01
xiphidion,m,0.07
xylographie,f,0.20
xylophone,m,0.34
xylophones,m,0.34
xylène,m,0.03
xénogenèse,f,0.01
xénogreffe,f,0.01
xénon,m,0.34
xénophilie,f,0.14
xénophobie,f,0.88
xérographie,f,0.01
xérès,m,0.54
y,m,33.20
ya,m,11.45
yacht,m,6.95
yacht-club,m,0.07
yachting,m,0.14
yachtman,m,0.14
yachtmen,m,0.14
yachts,m,6.95
yachtwoman,f,0.07
yack,m,3.15
yacks,m,3.15
yak,m,0.41
yakitori,m,0.01
yaks,m,0.41
yakusa,m,0.15
yakuza,m,0.86
yakuzas,m,0.86
yali,m,1.01
yalis,m,1.01
yama,m,0.24
yang,m,3.25
yaourt,m,4.73
yaourtières,f,0.07
yaourts,m,4.73
yard,m,2.10
yards,m,2.10
yatagan,m,0.88
yatagans,m,0.88
yearling,m,0.14
yen,m,3.27
yens,m,3.27
yeshiva,f,1.13
yeti,m,0.29
yeuse,f,0.81
yeuses,f,0.81
yeux,m,1234.59
yeux-radars,m,0.07
yin,m,2.17
ylang-ylang,m,0.01
yo-yo,m,1.03
yoga,m,3.17
yoghourt,m,0.34
yogi,m,0.57
yogis,m,0.57
yogourt,m,0.31
yole,f,0.47
yom kippour,m,0.45
yom kippur,m,0.04
york,m,0.61
yorkshire,m,0.01
you-you,m,0.07
youpin,m,1.62
youpine,f,1.62
yourte,f,2.91
yourtes,f,2.91
youyou,m,1.62
youyous,m,1.62
yoyo,m,0.64
yoyos,m,0.64
ypérite,f,0.14
yu,m,33.20
yuan,m,4.69
yuans,m,4.69
yucca,m,0.31
yuccas,m,0.31
yue,m,0.43
yèbles,f,0.14
yé-yé,m,0.14
yéti,m,0.65
z,m,5.39
zaibatsu,m,0.01
zakouski,m,0.62
zakouskis,m,0.62
zani,m,0.04
zanimaux,m,0.07
zanzi,m,8.04
zanzibar,m,0.01
zappeur,m,0.14
zapping,m,0.02
zazou,m,0.88
zazous,m,0.88
zaïrois,m,0.01
zeb,m,0.50
zef,m,4.53
zelle,m,0.74
zemstvo,m,0.07
zen,m,0.93
zens,m,0.93
zeppelin,m,0.41
zeppelins,m,0.41
zest,m,0.07
zeste,m,0.88
zestes,m,0.88
zibeline,f,1.48
zibelines,f,1.48
zicmu,f,0.14
zig,m,1.16
ziggourat,f,0.07
ziggourats,f,0.07
zigomar,m,0.27
zigomars,m,0.27
zigoto,m,1.42
zigotos,m,1.42
zigounette,f,0.14
zigue,m,0.74
zigues,m,0.74
zigzag,m,2.64
zigzags,m,2.64
zinc,m,17.30
zincs,m,17.30
zingage,m,0.07
zingaro,m,17.97
zinnia,m,0.34
zinnias,m,0.34
zinzin,m,0.74
zinzins,m,0.74
zip,m,0.78
zircon,m,0.20
zirconium,m,0.05
zircons,m,0.20
zizanie,f,0.56
zizanies,f,0.56
zizi,m,2.89
zizique,f,0.34
zizis,m,2.89
zloty,m,1.29
zlotys,m,1.29
zob,m,1.57
zobs,m,1.57
zodiac,m,0.01
zodiaque,m,0.68
zombi,m,3.58
zombie,m,5.04
zombies,m,5.04
zombification,f,0.02
zombis,m,3.58
zona,m,0.61
zonage,m,0.10
zonard,m,4.26
zonarde,f,4.26
zonardes,f,4.26
zonards,m,4.26
zonas,m,0.61
zone,f,53.94
zones,f,53.94
zones-clés,f,0.07
zoning,m,0.01
zonzon,m,0.54
zoo,m,12.17
zoologie,f,0.40
zoologue,m,0.02
zoom,m,2.40
zooms,m,2.40
zoophilie,f,0.08
zoos,m,12.17
zoreille,m,0.07
zoreilles,m,0.07
zorille,f,0.07
zoroastrien,m,0.02
zoroastriens,m,0.02
zoroastrisme,m,0.01
zouave,m,2.70
zouaves,m,2.70
zouk,m,0.01
zoulou,m,0.11
zoulous,m,0.11
zoziaux,m,0.07
zozo,m,0.88
zozos,m,0.88
zozotement,m,0.14
zozotements,m,0.14
zozoteuse,f,0.07
zurichois,m,0.14
zydeco,f,0.01
zygoma,m,0.07
zygote,m,0.06
zyklon,m,0.82
zèbre,m,5.14
zèbres,m,5.14
zèle,m,10.68
zèles,m,10.68
zébrure,f,1.49
zébrures,f,1.49
zébu,m,0.41
zébus,m,0.41
zélateur,m,0.41
zélateurs,m,0.41
zélatrice,f,0.41
zélote,m,0.81
zélotes,m,0.81
zénana,f,0.07
zénith,m,3.38
zéphire,m,0.01
zéphyr,m,0.61
zéphyrs,m,0.61
zéro,m,32.85
zéros,m,32.85
zézaiement,m,0.20
zézette,f,9.32
zézettes,f,9.32
à-coup,m,4.80
à-coups,m,4.80
à-côté,m,0.68
à-côtés,m,0.68
à-peu-près,m,0.74
à-pic,m,1.42
à-pics,m,1.42
à-plat,m,0.27
à-plats,m,0.27
à-propos,m,0.88
à-valoir,m,0.27
âcreté,f,0.95
âge,m,217.43
âges,m,217.43
âgisme,m,0.02
âme,f,151.62
âme-soeur,f,0.14
âmes,f,151.62
âne,m,18.58
ânerie,f,2.70
âneries,f,2.70
ânes,m,18.58
ânesse,f,0.90
ânesses,f,0.90
ânier,m,0.54
ânon,m,0.47
ânonnement,m,0.14
ânonnements,m,0.14
ânons,m,0.47
âpreté,f,2.77
âpretés,f,2.77
âtre,m,5.88
âtres,m,5.88
ça,m,38.19
çruti,m,0.07
ère,f,13.23
ères,f,13.23
ève,f,19.93
ébahissement,m,1.15
ébarbage,m,0.07
ébats,m,2.30
ébattements,m,0.07
ébauche,f,5.47
ébauches,f,5.47
ébaucheurs,m,0.07
ébauchons,m,0.07
éblouissement,m,5.95
éblouissements,m,5.95
ébonite,f,0.88
éboueur,m,2.70
éboueurs,m,2.70
éboulement,m,2.36
éboulements,m,2.36
éboulis,m,3.99
ébranchement,m,0.07
ébranlement,m,1.55
ébranlements,m,1.55
ébriété,f,1.15
ébrouement,m,0.14
ébréchure,f,0.20
ébréchures,f,0.20
ébullition,f,1.35
ébène,f,4.26
ébénisterie,f,0.41
ébénisteries,f,0.41
écaillage,m,0.03
écaille,f,11.35
écailler,m,0.27
écaillers,m,0.27
écailles,f,11.35
écailleur,m,0.07
écaillure,f,0.14
écaillures,f,0.14
écaillère,f,0.27
écale,f,0.07
écales,f,0.07
écarlate,f,1.08
écarquillement,m,0.20
écart,m,34.53
écartelé,m,0.14
écartelés,m,0.14
écartement,m,0.47
écartements,m,0.47
écarteur,m,0.27
écarts,m,34.53
écartèlement,m,0.34
écartèlements,m,0.34
écarté,m,0.27
écartés,m,0.27
écervelé,m,0.91
écervelée,f,0.91
écervelées,f,0.91
écervelés,m,0.91
échafaud,m,2.43
échafaudage,m,6.42
échafaudages,m,6.42
échafauds,m,2.43
échalas,m,1.76
échalier,m,0.20
échaliers,m,0.20
échalote,f,1.30
échalotes,f,1.30
échancrure,f,3.31
échancrures,f,3.31
échange,m,32.77
échanges,m,32.77
échangeur,m,0.47
échangeurs,m,0.47
échangisme,m,0.16
échanson,m,0.34
échansons,m,0.34
échantillon,m,16.87
échantillonnage,m,0.74
échantillons,m,16.87
échappatoire,f,1.96
échappatoires,f,1.96
échappement,m,2.03
échappements,m,2.03
échappé,m,0.47
échappée,f,2.50
échappées,f,2.50
échappés,m,0.47
écharde,f,2.91
échardes,f,2.91
écharpe,f,13.92
écharpes,f,13.92
échasse,f,1.15
échasses,f,1.15
échassier,m,3.51
échassiers,m,3.51
échaudé,m,0.47
échaudés,m,0.47
échauffement,m,0.88
échauffements,m,0.88
échauffourée,f,1.35
échauffourées,f,1.35
échauguette,f,0.27
échauguettes,f,0.27
échec,m,33.72
échecs,m,33.72
échelle,f,31.76
échelles,f,31.76
échelon,m,6.08
échelons,m,6.08
écheveau,m,3.72
écheveaux,m,3.72
échevellement,m,0.07
échevin,m,0.48
échevins,m,0.48
échine,f,8.85
échines,f,8.85
échinodermes,m,0.01
échiquier,m,2.84
échiquiers,m,2.84
écho,m,45.95
échocardiogramme,m,0.07
échocardiographie,f,0.01
échographie,f,1.39
écholocalisation,f,0.05
écholocation,f,0.01
échoppe,f,3.31
échoppes,f,3.31
échos,m,45.95
échos-radars,m,0.01
échotier,m,0.61
échotiers,m,0.61
échotière,f,0.61
échouage,m,0.34
échouages,m,0.34
échouement,m,0.07
échéance,f,6.69
échéances,f,6.69
échéancier,m,0.14
éclaboussement,m,1.01
éclaboussements,m,1.01
éclaboussure,f,3.51
éclaboussures,f,3.51
éclair,m,35.00
éclairage,m,12.77
éclairages,m,12.77
éclaircie,f,3.31
éclaircies,f,3.31
éclaircissage,m,0.01
éclaircissement,m,1.96
éclaircissements,m,1.96
éclaire,f,0.27
éclairement,m,0.20
éclaires,f,0.27
éclaireur,m,3.67
éclaireurs,m,3.67
éclaireuse,f,3.67
éclaireuses,f,3.67
éclairs,m,35.00
éclampsie,f,0.10
éclat,m,82.77
éclatage,m,0.07
éclatement,m,7.03
éclatements,m,7.03
éclateurs,m,0.07
éclats,m,82.77
éclaté,m,0.54
éclatés,m,0.54
éclectisme,m,0.20
éclipse,f,2.64
éclipses,f,2.64
écliptique,m,0.14
éclisse,f,0.47
éclisses,f,0.47
éclopé,m,1.42
éclopée,f,1.42
éclopés,m,1.42
éclosion,f,2.16
éclosions,f,2.16
écluse,f,3.31
écluses,f,3.31
éclusier,m,0.20
éclusiers,m,0.20
écoeurement,m,3.18
écoeurements,m,3.18
écoinçon,m,0.07
école,f,206.88
écoles,f,206.88
écolier,m,21.22
écoliers,m,21.22
écolière,f,21.22
écolières,f,21.22
écologie,f,0.41
éconocroques,f,0.74
économat,m,0.54
économie,f,23.78
économies,f,23.78
économique,m,0.41
économiques,m,0.41
économiseur,m,0.07
économiseurs,m,0.07
économisme,m,0.07
écope,f,0.20
écoperches,f,0.07
écopes,f,0.20
écorce,f,11.76
écorces,f,11.76
écorchage,m,0.01
écorchement,m,0.07
écorcherie,f,0.10
écorcheur,m,0.27
écorcheurs,m,0.27
écorchure,f,1.55
écorchures,f,1.55
écorché,m,2.03
écorchée,f,2.03
écorchées,f,2.03
écorchés,m,2.03
écosphère,f,0.01
écossais,m,2.16
écossaise,f,2.16
écossaises,f,2.16
écosse,f,0.01
écosystème,m,0.63
écosystèmes,m,0.63
écot,m,0.95
écotone,m,0.01
écoulement,m,4.46
écoulements,m,4.46
écoutant,m,2.23
écoute,f,24.73
écoutes,f,24.73
écouteur,m,4.19
écouteurs,m,4.19
écouteuse,f,4.19
écoutille,f,2.22
écoutilles,f,2.22
écouvillon,m,0.26
écouvillons,m,0.26
écrabouillage,m,0.14
écrabouillement,m,0.27
écrabouillements,m,0.27
écran,m,23.68
écrans,m,23.68
écrasage,m,0.07
écrase-merde,m,0.41
écrase-merdes,m,0.41
écrasement,m,3.72
écrasements,m,3.72
écraseur,m,0.19
écrasure,f,0.07
écrevisse,f,5.47
écrevisses,f,5.47
écrin,m,3.78
écrins,m,3.78
écrit,m,13.92
écriteau,m,3.65
écriteaux,m,3.65
écritoire,f,2.09
écritoires,f,2.09
écrits,m,13.92
écriture,f,36.35
écritures,f,36.35
écrivailleur,m,0.01
écrivaillon,m,0.27
écrivaillons,m,0.27
écrivain,m,48.99
écrivaine,f,48.99
écrivaines,f,48.99
écrivains,m,48.99
écrivassiers,m,0.14
écriveur,m,0.14
écrou,m,3.24
écrouelles,f,0.07
écroulement,m,5.07
écroulements,m,5.07
écrous,m,3.24
écrémage,m,0.07
écrémeuse,f,0.07
écu,m,4.59
écubier,m,0.20
écueil,m,2.09
écueils,m,2.09
écuelle,f,2.97
écuelles,f,2.97
écuellée,f,0.14
écuellées,f,0.14
écume,f,16.15
écumes,f,16.15
écumeur,m,0.47
écumeurs,m,0.47
écumeuses,f,0.47
écumoire,f,0.88
écumoires,f,0.88
écureuil,m,10.41
écureuils,m,10.41
écurie,f,12.84
écuries,f,12.84
écus,m,4.59
écusson,m,3.78
écussons,m,3.78
écuyer,m,5.27
écuyers,m,5.27
écuyère,f,5.27
écuyères,f,5.27
édam,m,0.34
éden,m,2.36
édens,m,2.36
édenté,m,0.88
édentée,f,0.88
édentées,f,0.88
édentés,m,0.88
édicule,m,0.40
édicules,m,0.40
édification,f,1.28
édifice,m,13.99
édifices,m,13.99
édiles,m,0.14
édit,m,0.74
éditeur,m,12.30
éditeurs,m,12.30
édition,f,16.62
éditions,f,16.62
édito,m,0.16
éditorial,m,2.16
éditoriaux,m,2.16
éditos,m,0.16
éditrice,f,12.30
éditrices,f,12.30
édits,m,0.74
édredon,m,6.22
édredons,m,6.22
éducateur,m,2.84
éducateurs,m,2.84
éducation,f,27.23
éducations,f,27.23
éducatrice,f,2.84
éducatrices,f,2.84
édulcorant,m,0.08
égal,m,8.18
égalisateur,m,0.01
égalisation,f,0.27
égaliseur,m,0.05
égalitarisme,m,0.07
égalité,f,8.18
égalités,f,8.18
égard,m,65.61
égards,m,65.61
égarement,m,3.65
égarements,m,3.65
égaux,m,8.18
égide,f,0.95
égipan,m,0.14
égipans,m,0.14
églantier,m,0.61
églantiers,m,0.61
églantine,f,2.03
églantines,f,2.03
église,f,145.07
églises,f,145.07
églogue,f,0.34
églogues,f,0.34
égocentrisme,m,0.27
égocentrismes,m,0.27
égorgement,m,0.74
égorgements,m,0.74
égorgeoir,m,0.14
égorgeur,m,0.95
égorgeurs,m,0.95
égorgeuses,f,0.95
égotisme,m,0.20
égout,m,8.45
égoutier,m,1.76
égoutiers,m,1.76
égouts,m,8.45
égouttement,m,0.34
égouttis,m,0.07
égouttoir,m,0.54
égoïne,f,0.47
égoïsme,m,9.53
égoïsmes,m,9.53
égratignure,f,4.86
égratignures,f,4.86
égrenage,m,0.01
égreneuse,f,0.44
égrènements,m,0.07
égyptien,m,3.31
égyptienne,f,3.31
égyptiennes,f,3.31
égyptiens,m,3.31
égyptologie,f,0.14
égérie,f,0.46
éjaculat,m,0.20
éjaculateur,m,0.16
éjaculateurs,m,0.16
éjaculation,f,1.42
éjaculations,f,1.42
éjecteur,m,0.10
éjecteurs,m,0.10
éjection,f,0.44
éjections,f,0.44
élaboration,f,1.76
élaborations,f,1.76
élagage,m,0.34
élagueur,m,0.14
élagueurs,m,0.14
élan,m,44.73
élancement,m,2.30
élancements,m,2.30
élans,m,44.73
élargissement,m,1.22
élasticimétrie,f,0.01
élasticité,f,1.76
élastique,m,6.35
élastiques,m,6.35
élastomère,m,0.14
électeur,m,3.54
électeurs,m,3.54
élection,f,17.17
élections,f,17.17
électorat,m,0.24
électrice,f,3.54
électrices,f,3.54
électricien,m,2.79
électricienne,f,2.79
électriciennes,f,2.79
électriciens,m,2.79
électricité,f,15.76
électrification,f,0.27
électrisation,f,0.07
électro-acoustique,f,0.14
électro-aimant,m,0.02
électro-encéphalogramme,m,0.16
électroacoustique,f,0.01
électroaimant,m,0.06
électroaimants,m,0.06
électrobiologie,f,0.01
électrocardiogramme,m,0.34
électrochimie,f,0.02
électrochoc,m,3.14
électrochocs,m,3.14
électrocution,f,0.40
électrode,f,0.87
électrodes,f,0.87
électrodynamique,f,0.07
électroencéphalogramme,m,0.09
électroencéphalographie,f,0.02
électrologie,f,0.01
électrolyse,f,0.20
électrolyte,m,0.35
électrolytes,m,0.35
électromagnétisme,m,0.11
électromètre,m,0.07
électroménager,m,0.34
électron,m,1.28
électronicien,m,0.07
électroniciens,m,0.07
électronique,f,1.52
électroniques,f,1.52
électrons,m,1.28
électronvolts,m,0.02
électrophone,m,3.04
électrophones,m,3.04
électrophorèse,f,0.01
électrostatique,f,0.03
électrum,m,0.27
électuaires,m,0.14
élevage,m,3.38
élevages,m,3.38
éleveur,m,1.82
éleveurs,m,1.82
éleveuse,f,1.82
élevons,m,0.02
élevures,f,0.07
éligibilité,f,0.14
élimination,f,1.96
éliminations,f,1.96
éliminatoire,f,0.34
éliminatoires,f,0.34
élingue,f,0.02
élite,f,10.27
élites,f,10.27
élitisme,m,0.16
élixir,m,1.56
élixirs,m,1.56
élocution,f,1.62
éloge,m,8.85
éloges,m,8.85
éloignement,m,7.50
élongation,f,0.34
élongations,f,0.34
éloquence,f,4.46
élu,m,5.81
élucidation,f,0.61
élucubration,f,1.15
élucubrations,f,1.15
élus,m,5.81
élysée,m,3.72
élytre,m,1.76
élytres,m,1.76
élégance,f,23.51
élégances,f,23.51
élégant,m,5.41
élégante,f,5.41
élégantes,f,5.41
élégants,m,5.41
élégie,f,0.41
élégies,f,0.41
élément,m,63.04
élément-clé,m,0.09
élémentarité,f,0.07
éléments,m,63.04
éléments-clés,m,0.02
éléphant,m,15.36
éléphante,f,15.36
éléphanteau,m,0.20
éléphantes,f,15.36
éléphantiasis,m,0.27
éléphants,m,15.36
élévateur,m,0.28
élévateurs,m,0.28
élévation,f,3.11
élévations,f,3.11
émail,m,6.42
émanation,f,3.11
émanations,f,3.11
émancipation,f,1.15
émargement,m,0.01
émasculation,f,0.14
émaux,m,6.42
émeraude,f,6.42
émeraudes,f,6.42
émergence,f,0.54
émergences,f,0.54
émeri,m,0.95
émerillon,m,0.20
émersion,f,0.07
émerveillement,m,8.24
émerveillements,m,8.24
émetteur,m,3.35
émetteur-récepteur,m,0.05
émetteurs,m,3.35
émeu,m,0.09
émeus,m,0.09
émeute,f,6.75
émeutes,f,6.75
émeutier,m,0.81
émeutiers,m,0.81
émiettement,m,0.47
émiettements,m,0.47
émigrant,m,0.81
émigrante,f,0.81
émigrants,m,0.81
émigration,f,1.15
émigré,m,3.45
émigrée,f,3.45
émigrés,m,3.45
émilien,m,3.38
émilienne,f,3.38
émincé,m,0.15
émincés,m,0.15
éminence,f,3.85
éminences,f,3.85
émir,m,0.86
émirat,m,0.27
émirats,m,0.27
émirs,m,0.86
émissaire,m,3.72
émissaires,m,3.72
émission,f,32.31
émissions,f,32.31
émoi,m,7.77
émois,m,7.77
émoluments,m,0.20
émondeur,m,0.14
émotif,m,0.16
émotifs,m,0.16
émotion,f,59.59
émotions,f,59.59
émotivité,f,0.47
émouchets,m,0.07
émoussement,m,0.07
émulation,f,2.30
émulations,f,2.30
émulsion,f,0.24
émétine,f,0.01
émétique,m,0.14
énergie,f,43.06
énergies,f,43.06
énergisant,m,0.01
énergétique,f,0.07
énervement,m,3.58
énervements,m,3.58
énigme,f,10.88
énigmes,f,10.88
énonciateurs,m,0.07
énonciation,f,0.07
énoncé,m,1.76
énoncés,m,1.76
énormité,f,3.04
énormités,f,3.04
énucléation,f,0.07
énumération,f,2.16
énumérations,f,2.16
énurésie,f,0.07
éocène,m,0.01
éolien,m,1.76
éolienne,f,1.76
éoliennes,f,1.76
éon,m,0.07
éonisme,m,0.07
éosine,f,0.01
épagneul,m,1.55
épagneule,f,1.55
épaisseur,f,25.34
épaisseurs,f,25.34
épaississement,m,0.20
épanchement,m,1.82
épanchements,m,1.82
épandage,m,0.47
épandages,m,0.47
épandeur,m,0.02
épanouissement,m,3.72
épanouissements,m,3.72
épargnant,m,0.61
épargnants,m,0.61
épargne,f,3.13
épargnes,f,3.13
éparpillement,m,0.88
épars,m,0.14
épart,m,0.01
épate,f,0.68
épatement,m,0.07
épates,f,0.68
épaulard,m,0.28
épaulards,m,0.28
épaule,f,288.72
épaulement,m,0.47
épaulements,m,0.47
épaules,f,288.72
épaulette,f,2.97
épaulettes,f,2.97
épaulière,f,0.20
épaulières,f,0.20
épaulé,m,0.07
épave,f,12.23
épaves,f,12.23
épeautre,m,0.07
épectase,f,0.07
épeichette,f,0.07
épeire,f,0.07
épellation,f,0.04
épendyme,m,0.01
éperlan,m,0.03
éperlans,m,0.03
éperon,m,8.18
éperons,m,8.18
épervier,m,1.49
éperviers,m,1.49
épervière,f,0.14
épervières,f,0.14
éphèbe,m,2.23
éphèbes,m,2.23
éphébie,f,0.07
éphédrine,f,0.08
éphélides,f,0.27
éphémère,m,1.89
éphémères,m,1.89
éphéméride,f,0.81
éphémérides,f,0.81
éphésiens,m,0.07
épi,m,5.81
épicanthus,m,0.01
épice,f,6.76
épicemard,m,0.41
épicemards,m,0.41
épicentre,m,0.53
épicerie,f,9.46
épiceries,f,9.46
épices,f,6.76
épicier,m,10.27
épiciers,m,10.27
épicière,f,10.27
épicières,f,10.27
épicondyle,m,0.01
épicurien,m,0.27
épicuriens,m,0.27
épicurisme,m,0.27
épicéa,m,0.07
épiderme,m,2.97
épidermes,m,2.97
épidiascopes,m,0.07
épididyme,m,0.14
épididymes,m,0.14
épidémie,f,9.05
épidémies,f,9.05
épidémiologie,f,0.14
épieu,m,0.44
épieux,m,0.27
épigastre,m,0.20
épiglotte,f,0.06
épigone,m,0.41
épigones,m,0.41
épigramme,f,0.41
épigrammes,f,0.41
épigraphe,f,0.61
épigraphie,f,0.14
épilateur,m,0.04
épilation,f,0.53
épilepsie,f,1.89
épileuse,f,0.07
épilogue,m,1.76
épilogues,m,1.76
épinaie,f,0.01
épinard,m,2.23
épinards,m,2.23
épine,f,12.43
épine-vinette,f,0.07
épines,f,12.43
épinette,f,0.20
épinettes,f,0.20
épineux,m,2.50
épinglage,m,0.07
épingle,f,18.24
épingles,f,18.24
épinglette,f,0.01
épiniers,m,0.07
épinoches,f,0.07
épiphanie,f,0.74
épiphylle,m,0.14
épiphylles,m,0.14
épiphyse,f,0.16
épiphyte,m,0.05
épiphytes,m,0.05
épiphénomène,m,0.07
épiploon,m,0.14
épiploons,m,0.14
épis,m,5.81
épiscopalien,m,0.03
épiscopalienne,f,0.03
épiscopat,m,0.27
épisiotomie,f,0.05
épisode,m,18.51
épisodes,m,18.51
épissoirs,m,0.07
épissures,f,0.14
épistolier,m,0.27
épistolière,f,0.27
épistémologie,f,0.07
épitaphe,f,1.69
épitaphes,f,1.69
épithalame,m,0.20
épithalames,m,0.20
épithète,f,1.96
épithètes,f,1.96
épithélioma,m,0.01
épithélium,m,0.19
épitoge,f,0.14
épitomé,m,0.07
épluchage,m,0.68
épluchages,m,0.68
épluche-légumes,m,0.01
éplucheur,m,0.20
éplucheurs,m,0.20
éplucheuses,f,0.20
épluchure,f,3.18
épluchures,f,3.18
éponge,f,14.53
épongeage,m,0.07
éponges,f,14.53
épopée,f,4.73
épopées,f,4.73
époque,f,138.51
époques,f,138.51
épouillage,m,0.07
épousailles,f,0.61
épouse,f,65.34
épouses,f,65.34
épouseur,m,0.40
épouseurs,m,0.40
époussetage,m,0.07
épousée,f,1.28
épousées,f,1.28
épouvantail,m,3.51
épouvantails,m,3.51
épouvante,f,9.80
épouvantement,m,0.27
épouvantements,m,0.27
épouvantes,f,9.80
époux,m,65.34
époxyde,m,0.01
épreuve,f,46.28
épreuves,f,46.28
éprouvette,f,1.22
éprouvettes,f,1.22
épuisement,m,7.91
épuisements,m,7.91
épuisette,f,1.49
épuisettes,f,1.49
épulie,f,0.07
épurateur,m,0.15
épuration,f,1.69
épurations,f,1.69
épure,f,1.28
épures,f,1.28
épée,f,32.81
épées,f,32.81
épître,f,1.22
épîtres,f,1.22
équanimité,f,0.14
équarisseur,m,0.27
équarisseurs,m,0.27
équarrissage,m,0.14
équarrisseur,m,0.47
équarrisseurs,m,0.47
équateur,m,1.55
équation,f,3.50
équations,f,3.50
équatorien,m,0.07
équerrage,m,0.07
équerre,f,1.55
équerres,f,1.55
équidistance,f,0.11
équidés,m,0.01
équilibrage,m,0.17
équilibre,m,39.73
équilibres,m,39.73
équilibreur,m,0.03
équilibrisme,m,0.07
équinoxe,m,3.18
équinoxes,m,3.18
équipage,m,19.91
équipages,m,19.91
équipe,f,129.97
équipement,m,12.82
équipements,m,12.82
équipes,f,129.97
équipier,m,4.34
équipiers,m,4.34
équipière,f,4.34
équipée,f,3.65
équipées,f,3.65
équitation,f,1.42
équité,f,1.49
équivalence,f,0.81
équivalences,f,0.81
équivalent,m,5.74
équivalents,m,5.74
équivoque,f,3.78
équivoques,f,3.78
érable,m,2.03
érables,m,2.03
érablières,f,0.07
éradicateur,m,0.02
éradication,f,0.31
éraflure,f,1.76
éraflures,f,1.76
éraillures,f,0.07
érection,f,4.05
érections,f,4.05
éreintement,m,0.27
éreinteur,m,0.01
éros,m,0.54
érosion,f,1.49
érosions,f,1.49
érotisme,m,3.38
érotomanie,f,0.14
éructation,f,0.20
éructations,f,0.20
érudit,m,1.69
érudite,f,1.69
érudition,f,2.84
érudits,m,1.69
éruption,f,3.73
éruptions,f,3.73
érythromycine,f,0.04
érythrophobie,f,0.05
érythréenne,f,0.01
érythème,m,0.17
érythèmes,m,0.17
ésotérisme,m,0.54
étable,f,9.46
étables,f,9.46
établi,m,4.12
établis,m,4.12
établissement,m,22.23
établissements,m,22.23
étage,m,96.55
étages,m,96.55
étagère,f,16.69
étagères,f,16.69
étai,m,0.88
étain,m,4.66
étains,m,4.66
étais,m,0.88
étal,m,5.54
étalage,m,11.42
étalages,m,11.42
étalement,m,0.47
étalements,m,0.47
étalon,m,6.20
étalonnage,m,0.45
étalonnages,m,0.45
étalons,m,6.20
étals,m,5.54
étambot,m,0.14
étameur,m,0.07
étameurs,m,0.07
étamine,f,1.22
étamines,f,1.22
étampes,f,1.01
étampures,f,0.07
étanchement,m,0.20
étanchéité,f,0.34
étang,m,15.47
étangs,m,15.47
étançon,m,0.20
étape,f,23.65
étapes,f,23.65
état,m,218.18
état-civil,m,0.54
état-major,m,22.43
étatisation,f,0.03
étatisme,m,0.07
états,m,218.18
états-civils,m,0.54
états-majors,m,22.43
étau,m,4.86
étaux,m,4.86
étayage,m,0.07
éteignoir,m,0.16
étendage,m,0.20
étendard,m,4.80
étendards,m,4.80
étendoir,m,0.14
étendue,f,24.46
étendues,f,24.46
éternel,m,10.54
éternelle,f,10.54
éternelles,f,10.54
éternels,m,10.54
éternité,f,31.62
éternités,f,31.62
éternuement,m,1.55
éternuements,m,1.55
éteule,f,0.54
éteules,f,0.54
éthane,m,0.01
éthanol,m,0.29
éther,m,4.05
éthers,m,4.05
éthiopien,m,0.20
éthiopiennes,f,0.20
éthiopiens,m,0.20
éthique,f,4.56
éthiques,f,4.56
éthologie,f,0.11
éthyle,m,0.07
éthylisme,m,0.20
éthylotest,m,0.05
éthylène,m,0.09
étiage,m,0.34
étier,m,0.34
étiers,m,0.34
étincelle,f,12.97
étincellement,m,0.81
étincellements,m,0.81
étincelles,f,12.97
étiolement,m,0.07
étiologie,f,0.03
étiquetage,m,0.12
étiqueteuse,f,0.04
étiquette,f,15.74
étiquettes,f,15.74
étirage,m,0.14
étirement,m,1.01
étirements,m,1.01
étisie,f,0.07
étoffe,f,28.24
étoffes,f,28.24
étoile,f,81.82
étoiles,f,81.82
étole,f,2.09
étoles,f,2.09
étonnement,m,31.96
étonnements,m,31.96
étouffe-chrétien,m,0.01
étouffement,m,3.92
étouffements,m,3.92
étouffeur,m,0.07
étouffeuses,f,0.07
étouffoir,m,0.20
étouffoirs,m,0.20
étouffée,f,1.35
étouffées,f,1.35
étoupe,f,1.28
étourderie,f,1.69
étourderies,f,1.69
étourdi,m,2.16
étourdie,f,2.16
étourdies,f,2.16
étourdis,m,2.16
étourdissement,m,1.82
étourdissements,m,1.82
étourneau,m,1.22
étourneaux,m,1.22
étrange,m,3.80
étranger,m,66.62
étrangers,m,66.62
étranges,m,3.80
étrangeté,f,5.68
étrangetés,f,5.68
étranglement,m,1.42
étranglements,m,1.42
étrangleur,m,0.88
étrangleurs,m,0.88
étrangleuse,f,0.88
étrangère,f,66.62
étrangères,f,66.62
étrangéité,f,0.07
étrave,f,3.31
étraves,f,3.31
étreinte,f,16.42
étreintes,f,16.42
étrenne,f,1.22
étrennes,f,1.22
étrier,m,5.00
étriers,m,5.00
étrillage,m,0.14
étrille,f,0.41
étrilles,f,0.41
étripage,m,0.07
étripages,m,0.07
étrivière,f,0.41
étrivières,f,0.41
étroitesse,f,2.36
étron,m,2.43
étrons,m,2.43
étrécissement,m,0.07
étrésillon,m,0.07
étude,f,63.04
études,f,63.04
étudiant,m,38.45
étudiante,f,38.45
étudiantes,f,38.45
étudiants,m,38.45
étui,m,7.97
étuis,m,7.97
étuve,f,3.78
étuves,f,3.78
étuveuse,f,0.07
étuvée,f,0.14
étymologie,f,1.08
étymologies,f,1.08
été,m,125.47
étés,m,125.47
évacuation,f,6.30
évacuations,f,6.30
évacué,m,0.54
évacuée,f,0.54
évacués,m,0.54
évadé,m,1.76
évadée,f,1.76
évadées,f,1.76
évadés,m,1.76
évaluateur,m,0.14
évaluation,f,3.91
évaluations,f,3.91
évanescence,f,0.27
évanescences,f,0.27
évangile,m,8.24
évangiles,m,8.24
évangéliaire,m,0.27
évangélisateur,m,0.01
évangélisation,f,0.01
évangéliste,m,1.45
évangélistes,m,1.45
évanouissement,m,3.31
évanouissements,m,3.31
évaporateur,m,0.17
évaporateurs,m,0.17
évaporation,f,0.88
évaporée,f,0.20
évaporées,f,0.20
évasement,m,0.07
évasion,f,10.07
évasions,f,10.07
éveil,m,6.42
éveilleur,m,0.14
éveils,m,6.42
éveinage,m,0.01
évent,m,0.15
éventail,m,13.99
éventails,m,13.99
éventaire,m,2.16
éventaires,m,2.16
éventration,f,0.14
éventrement,m,0.07
éventreur,m,0.95
éventreurs,m,0.95
évents,m,0.15
éventualité,f,6.15
éventualités,f,6.15
éventuel,m,0.54
éventuels,m,0.54
éviction,f,0.41
évidement,m,0.21
évidence,f,39.93
évidences,f,39.93
évier,m,12.16
éviers,m,12.16
éviscération,f,0.22
évitement,m,0.18
évitée,f,0.14
évocateur,m,0.07
évocation,f,8.72
évocations,f,8.72
évolution,f,14.19
évolutions,f,14.19
évolué,m,0.47
évoluée,f,0.47
évoluées,f,0.47
évolués,m,0.47
évènement,m,6.59
évènements,m,6.59
événement,m,84.59
événements,m,84.59
évêché,m,3.85
évêchés,m,3.85
évêque,m,19.32
évêques,m,19.32
éwé,m,0.07
être,m,122.57
être-là,m,0.14
êtres,m,122.57
île,f,108.24
îles,f,108.24
îlette,f,0.07
îlot,m,10.68
îlotier,m,0.04
îlots,m,10.68
