lemma,freq
a,81.36
a capella,0.07
a cappella,0.07
a contrario,0.27
a fortiori,0.88
a giorno,0.27
a l'instar,0.26
a posteriori,0.20
a priori,3.85
aa,0.01
ab absurdo,0.07
ab initio,0.07
ab ovo,0.27
abaca,0.01
abaissant,0.27
abaisse,0.02
abaisse-langue,0.14
abaissement,2.16
abaisser,18.04
abaissé,0.74
abalone,0.07
abandon,27.36
abandonner,128.45
abandonnique,0.07
abandonné,24.39
abaque,0.07
abasourdi,2.64
abasourdir,2.97
abasourdissant,0.07
abat,1.01
abat-jour,8.24
abat-son,0.27
abatage,0.07
abatis,0.88
abattage,1.28
abattant,0.61
abattement,2.64
abatteur,0.27
abattis,1.08
abattoir,4.66
abattre,50.61
abattu,7.09
abbatial,0.61
abbatiale,0.14
abbaye,3.94
abbé,33.51
abc,0.04
abcès,3.31
abdication,1.96
abdiquer,2.77
abdomen,2.76
abdominal,2.56
abdos,0.86
abducteur,0.01
abduction,0.05
abeille,9.86
aber,0.25
aberrant,2.50
aberration,4.46
abhorrer,1.35
abhorré,0.27
abject,3.92
abjectement,0.10
abjection,2.30
abjuration,0.47
abjurer,1.53
abkhaze,0.07
ablatif,0.14
ablation,1.35
able,0.68
ablette,0.95
ablution,1.55
abnégation,3.58
aboi,3.58
aboiement,5.95
aboli,2.57
abolir,9.32
abolition,1.49
abolitionniste,0.17
abominable,11.22
abominablement,0.68
abomination,4.53
abominer,0.54
abondamment,4.93
abondance,9.39
abondant,7.03
abonder,4.59
abonnement,4.82
abonner,2.09
abonné,2.23
abord,19.05
abordable,0.47
abordage,1.49
aborder,33.18
abordé,0.20
aborigène,0.60
abornement,0.07
abortif,0.34
aboucher,0.81
abouler,1.80
aboulie,0.14
aboulique,0.07
about,5.94
abouti,0.20
aboutir,25.81
aboutissant,0.95
aboutissement,4.05
aboyant,0.20
aboyer,11.82
aboyeur,0.61
abracadabra,0.98
abracadabrant,0.68
abrasif,0.41
abrasion,0.19
abraxas,0.29
abreuvage,0.07
abreuver,6.22
abreuvoir,3.92
abreuvé,0.14
abri,56.76
abri-refuge,0.07
abribus,0.14
abricot,2.50
abricotier,0.41
abricotine,0.07
abritant,0.01
abriter,26.22
abrité,1.08
abrogation,0.16
abroger,0.71
abrogé,0.01
abrupt,7.43
abruptement,2.03
abruti,25.64
abrutir,6.01
abrutissant,0.41
abrutissement,1.42
abrutisseur,0.07
abréger,4.86
abrégé,0.54
abréviatif,0.07
abréviation,0.95
abscisse,0.02
abscission,0.07
abscons,0.68
absence,76.28
absent,29.80
absenter,6.14
absentéisme,0.20
absentéiste,0.01
abside,1.62
absidiole,0.07
absinthe,2.91
absolu,34.39
absolument,89.79
absolution,2.50
absolutisme,0.68
absolvant,0.14
absorbant,1.35
absorber,28.65
absorbeur,0.03
absorbé,3.72
absorption,2.03
absoudre,3.72
absous,0.68
absoute,0.14
abstenir,8.78
abstention,1.28
abstentionniste,0.14
abstinence,1.62
abstinent,0.11
abstraction,2.97
abstraire,3.18
abstrait,11.35
abstraitement,0.34
abstrus,0.61
absurde,30.95
absurdement,3.72
absurdité,6.28
abus,8.58
abuser,20.00
abuseur,0.04
abusif,1.82
abusivement,1.15
abusé,0.74
abyme,0.07
abyssal,0.74
abysse,1.07
abyssin,0.20
abyssinien,0.10
abâtardir,0.41
abécédaire,0.18
abêti,0.27
abêtir,1.28
abêtissement,0.54
abîme,20.61
abîmer,21.69
acabit,1.62
acacia,6.35
acadien,0.16
acadienne,0.03
académicien,1.55
académie,10.03
académique,1.41
académiquement,0.14
académisme,0.27
acagnarder,0.74
acajou,5.95
acanthe,0.61
acariâtre,1.55
accablant,5.41
accablement,3.72
accabler,21.28
accablé,5.47
accalmie,3.72
accaparant,0.07
accaparer,3.99
accapareur,0.02
accastillage,0.20
accelerando,0.14
accent,45.54
accenteur,0.01
accentuation,0.14
accentuer,16.15
accentué,1.55
acceptable,4.39
acceptant,0.14
acceptation,4.39
accepter,165.84
acception,0.47
accessibilité,0.03
accessible,5.74
accession,1.22
accessit,0.07
accessoire,7.30
accessoirement,0.88
accessoiriser,0.07
accessoiriste,0.62
accident,108.21
accidentel,3.45
accidentellement,3.39
accidenter,0.27
accidenté,1.42
acclamation,4.66
acclamer,5.81
acclimatation,0.81
acclimatement,0.14
acclimater,1.96
accointance,0.88
accolade,2.23
accolement,0.07
accoler,2.70
accommodant,0.47
accommodation,0.41
accommodement,1.01
accommoder,14.19
accompagnant,0.27
accompagnateur,1.01
accompagnement,2.57
accompagner,124.46
accompagné,1.58
accompli,10.54
accomplir,55.20
accomplissement,4.46
accord,766.20
accordailles,0.07
accordement,0.07
accorder,67.84
accordeur,0.61
accordo,0.07
accordé,2.58
accordéon,5.47
accordéoniste,1.69
accore,0.14
accort,0.68
accostage,0.88
accostant,0.07
accoster,4.19
accotement,1.42
accoter,2.43
accouchant,0.12
accouchement,5.96
accoucher,16.49
accoucheur,0.81
accouchée,1.15
accouder,17.70
accoudoir,5.20
accoudé,0.41
accouplement,2.50
accoupler,3.24
accourir,19.05
accoutrement,2.70
accoutré,0.41
accoutumance,1.28
accoutumer,9.12
accoutumé,5.00
accro,6.81
accroc,3.11
accrochage,2.06
accrochant,0.20
accroche,0.65
accroche-coeur,0.74
accrocher,99.93
accrocheur,0.59
accroché,3.51
accroire,0.54
accroissement,1.28
accroupi,8.24
accroupir,24.93
accroupissement,0.20
accroître,11.15
accru,3.04
accrue,0.07
accréditation,0.27
accréditer,1.55
accréditif,0.07
accrédité,0.27
accrétion,0.03
accu,0.34
accueil,16.42
accueillant,5.07
accueillir,54.73
acculer,4.93
acculturation,0.01
acculé,0.27
accumulateur,0.14
accumulation,3.78
accumuler,24.53
accusateur,1.42
accusatif,0.11
accusation,19.72
accusatoire,0.01
accuser,52.72
accusé,13.74
accès,29.53
accéder,12.97
accélérant,0.23
accélérateur,3.51
accélération,3.11
accélérer,17.97
accéléré,2.03
ace,2.48
acellulaire,0.03
acerbe,1.22
acerbité,0.07
acetabulum,0.01
achalandage,0.07
achalandé,0.34
achaler,0.01
achards,0.03
acharnement,8.24
acharner,22.64
acharné,5.41
achat,16.96
ache,0.20
acheminement,0.47
acheminer,6.15
achetable,0.14
acheter,290.70
acheteur,6.57
achever,81.42
achevé,6.69
achillée,0.01
achondroplasie,0.04
achoppement,0.14
achopper,0.81
achèvement,1.82
achélème,1.69
acid jazz,0.03
acide,9.46
acidité,0.95
acidocétose,0.08
acidose,0.22
acidulé,1.55
acier,34.46
aciérie,2.21
acmé,0.01
acné,1.90
acolyte,1.96
acompte,3.67
aconit,0.34
acoquiner,1.01
acouphène,0.18
acoustique,0.81
acqua-toffana,0.07
acquiescement,2.84
acquiescer,12.43
acquis,6.28
acquisition,3.78
acquit,2.23
acquittement,0.60
acquitter,6.82
acquitté,0.35
acquéreur,1.08
acquérir,29.66
acquêt,0.20
acra,0.27
acre,0.83
acrimonie,0.81
acrimonieusement,0.07
acrimonieux,0.14
acrobate,4.12
acrobatie,2.57
acrobatique,1.01
acrobatiquement,0.07
acrocéphale,0.07
acromion,0.14
acronyme,0.19
acrophobie,0.08
acropole,0.81
acrostiche,0.02
acrotère,0.07
acrylique,0.50
acrylonitrile,0.01
acré,0.20
acte,57.30
acteur,74.77
actif,13.65
actine,0.01
action,87.43
action painting,0.07
actionnaire,3.72
actionnariat,0.01
actionnement,0.07
actionner,5.61
actionneur,0.01
activant,0.07
activateur,0.10
activation,2.27
activement,3.51
activer,12.58
activisme,0.20
activiste,0.88
activité,38.92
activé,2.57
actuaire,0.03
actualisation,0.07
actualiser,0.34
actualité,8.72
actuariel,0.02
actuation,0.01
actuel,20.68
actuellement,16.69
acuité,3.18
acumen,0.07
acuponcteur,0.23
acuponcture,0.17
acupuncteur,0.11
acupuncture,0.79
acéphale,0.20
acéré,2.43
acétate,0.20
acétique,0.07
acétone,0.27
acétylcholine,0.25
acétylsalicylique,0.03
acétylène,1.96
ad hoc,0.81
ad infinitum,0.05
ad libitum,0.14
ad limina,0.07
ad majorem dei gloriam,0.14
ad nutum,0.07
ad patres,0.27
ad vitam aeternam,0.20
ada,0.05
adage,0.74
adagio,0.34
adamantin,0.20
adamique,0.14
adaptabilité,0.16
adaptable,0.20
adaptateur,0.41
adaptatif,0.07
adaptation,4.66
adapter,13.44
addenda,0.07
addendum,0.07
addiction,0.41
additif,0.21
addition,9.53
additionnel,0.34
additionner,2.64
adducteur,0.02
adduction,0.14
adent,0.01
adepte,2.84
adhérence,0.54
adhérent,1.01
adhérer,5.07
adhésif,1.05
adhésion,6.55
adieu,44.44
adipeux,1.28
adipique,0.03
adiposité,0.07
adja,1.01
adjacent,0.95
adjectif,3.51
adjoindre,2.97
adjoint,9.42
adjonction,0.41
adjudant,22.23
adjudant-chef,2.70
adjudant-major,0.05
adjudication,0.37
adjuger,1.64
adjupète,0.14
adjuration,0.34
adjurer,2.97
adjutrice,0.07
admettre,59.46
administrant,0.07
administrateur,4.95
administratif,11.08
administration,26.42
administrativement,0.14
administrer,8.04
administré,1.62
admirable,31.55
admirablement,4.73
admirateur,5.64
admiratif,6.96
admiration,32.70
admirativement,0.20
admirer,68.18
admis,1.96
admissibilité,0.07
admissible,0.61
admission,3.42
admixtion,0.07
admonestation,0.47
admonester,0.61
admonition,0.20
ado,3.40
adobe,0.08
adolescence,13.78
adolescent,25.20
adon,0.01
adonc,0.07
adoncques,0.07
adonies,0.07
adonis,0.28
adonner,5.74
adoptable,0.07
adoptant,0.07
adopter,29.86
adoptif,3.98
adoption,4.06
adopté,1.28
adorable,25.95
adorablement,0.27
adorant,0.20
adorateur,1.82
adoration,5.07
adorer,193.67
ados,3.27
adosser,16.89
adossé,0.34
adoubement,0.27
adouber,0.34
adouci,0.34
adoucir,11.01
adoucissant,0.14
adoucissement,0.61
adoucisseur,0.14
adp,0.04
adressage,0.01
adresse,73.92
adresser,98.04
adret,0.07
adriatique,0.14
adroit,4.86
adroitement,1.96
adrénaline,3.57
adulateur,0.10
adulation,0.81
aduler,1.62
adultat,0.14
adulte,27.64
adultère,3.69
adultération,0.07
adultérin,0.34
advenir,9.39
adventiste,0.27
adverbe,0.61
adversaire,25.14
adverse,4.32
adversité,2.16
adénine,0.01
adénocarcinome,0.04
adénome,0.07
adénopathie,0.01
adénosine,0.07
adénovirus,0.01
adéquat,4.80
adéquatement,0.03
adéquation,0.34
affabilité,1.28
affable,3.78
affablement,0.20
affabulation,1.22
affabuler,0.28
affacturage,0.01
affadir,1.35
affadissement,0.20
affaibli,2.57
affaiblir,7.84
affaiblissant,0.03
affaiblissement,1.49
affaire,393.83
affairement,0.54
affairer,13.38
affairisme,0.07
affairiste,0.14
affairé,2.64
affaissement,1.55
affaisser,11.22
affalement,0.14
affaler,14.05
affamer,6.62
affamé,6.08
affect,0.26
affectation,5.27
affecter,25.34
affectif,2.91
affection,31.22
affectionner,4.12
affectionné,0.41
affectivement,0.30
affectivité,0.41
affectueusement,3.38
affectueux,14.59
affecté,2.84
affermir,5.61
affermissement,0.14
affichage,1.49
affichant,0.07
affiche,19.86
afficher,19.26
affichette,1.35
afficheur,0.27
affichiste,0.20
affidavit,0.06
affidé,0.27
affiler,0.07
affiliation,0.33
affilier,0.74
affilié,0.41
affilé,4.19
affin,0.02
affinage,0.07
affinement,0.20
affiner,3.38
affinité,4.46
affiné,0.27
affirmatif,4.91
affirmation,6.42
affirmative,0.61
affirmativement,0.74
affirmer,63.51
affixé,0.07
affleurant,0.14
affleurement,0.88
affleurer,6.01
affliction,2.77
affligeant,1.62
affliger,5.95
affligé,1.66
affluence,2.64
affluent,0.95
affluer,7.50
afflux,2.30
affolant,2.57
affolement,5.34
affoler,20.54
affolé,11.49
affouage,0.14
affouillement,0.14
affranchi,1.82
affranchir,11.42
affranchissement,0.47
affreusement,5.61
affreux,39.46
affriander,0.27
affriolant,0.26
affrioler,0.27
affront,3.85
affrontement,4.05
affronter,30.72
affrètement,0.03
affréter,0.67
affréteur,0.07
affublement,0.14
affubler,6.55
affublé,0.47
affurer,1.49
afférent,0.34
afféterie,0.41
affût,11.35
affûtage,0.14
affûter,3.65
affûteur,0.07
afghan,1.48
aficionado,0.68
afin,0.95
afin d,0.07
afin de,43.18
afin qu,0.05
afin que,14.93
africain,12.09
africanisme,0.10
afrikaans,0.05
afrikaner,0.14
afro,1.21
afro-américain,0.95
afro-asiatique,0.01
afro-cubain,0.07
after-shave,0.68
aga,6.01
agace,0.41
agacement,7.57
agacer,30.68
agacerie,0.54
agaceur,0.07
agami,0.07
agapanthe,0.07
agape,0.68
agar-agar,0.07
agate,1.22
agathe,0.14
agave,0.47
agaçant,4.19
age,3.37
agence,23.15
agencement,1.89
agencer,2.91
agenda,6.08
agenouillement,0.27
agenouiller,23.31
agenouillé,2.36
agent,117.90
aggiornamento,0.07
agglo,0.07
agglomérat,0.47
agglomération,2.16
agglomérer,1.62
aggloméré,0.47
agglutinatif,0.07
agglutination,0.14
agglutinement,0.07
agglutiner,6.55
agglutinogène,0.07
aggravation,0.74
aggrave,0.01
aggraver,10.54
aggravée,0.07
agile,5.00
agilité,3.38
agioteur,0.07
agir,219.73
agissant,0.68
agissement,1.34
agit-prop,0.10
agitant,0.14
agitateur,1.89
agitation,21.35
agitato,0.17
agiter,89.19
agité,9.86
aglagla,0.07
agnat,0.07
agneau,16.13
agnelage,0.07
agnelet,0.11
agneline,0.07
agnosie,0.02
agnostique,0.47
agnus dei,0.47
agnus-dei,0.07
agonie,14.59
agonique,0.14
agonir,0.95
agonisant,3.38
agoniser,5.34
agoniste,0.07
agora,0.68
agoraphobe,0.07
agoraphobie,0.23
agouti,0.41
agoyate,0.41
agrafage,0.03
agrafe,2.43
agrafer,2.36
agrafeur,0.03
agrafeuse,0.79
agrainage,0.07
agraire,0.54
agrandir,16.15
agrandissement,1.69
agrandisseur,0.27
agranulocytose,0.01
agrarien,0.14
agresser,13.39
agresseur,6.87
agressif,15.88
agression,12.91
agressivement,1.01
agressivité,5.00
agreste,0.81
agricole,7.36
agriculteur,1.76
agriculture,3.39
agrippant,0.14
agrippement,0.07
agripper,17.57
agro,0.20
agro-alimentaire,0.15
agroalimentaire,0.04
agronome,0.40
agronomie,0.07
agronomique,0.07
agrume,0.54
agrès,1.01
agréable,40.24
agréablement,3.65
agréer,5.07
agrég,0.14
agrégat,0.61
agrégatif,0.47
agrégation,2.97
agrégative,0.07
agréger,0.81
agrégé,1.15
agrément,7.16
agrémenter,5.68
agrémenté,0.14
agréé,0.68
aguardiente,0.03
aguerri,1.01
aguerrir,0.81
aguichage,0.01
aguichant,0.54
aguiche,0.01
aguicher,0.88
aguicheur,0.47
ah,576.53
ahan,0.54
ahanant,0.41
ahanement,0.34
ahaner,2.16
ahi,0.27
ahou,0.01
ahuri,7.70
ahurir,3.38
ahurissant,2.16
ahurissement,1.82
aicher,0.10
aide,175.59
aide-bourreau,0.14
aide-comptable,0.07
aide-cuisinier,0.14
aide-infirmier,0.04
aide-jardinier,0.07
aide-major,0.14
aide-mémoire,0.41
aide-ménagère,0.27
aide-pharmacien,0.07
aide-soignant,0.40
aider,688.71
aigle,11.35
aiglefin,0.07
aiglon,0.95
aigre,10.47
aigre-doux,1.28
aigrelet,3.58
aigrement,1.42
aigrette,2.64
aigreur,4.32
aigri,1.08
aigrir,2.09
aigu,32.09
aiguade,0.14
aiguail,0.27
aigue-marine,0.81
aiguillage,2.16
aiguillat,0.02
aiguille,34.19
aiguiller,3.24
aiguilleur,0.41
aiguillon,2.50
aiguillonner,1.55
aiguillée,0.27
aiguiser,7.36
aiguiseur,0.04
aiguisoir,0.07
aiguisé,1.69
aiguière,0.27
ail,9.14
aile,60.47
aileron,1.49
ailette,0.54
ailier,1.40
ailler,0.61
ailleurs,346.35
ailé,3.04
aimable,29.26
aimablement,3.85
aimant,2.97
aimantation,0.47
aimanter,2.30
aimer,1655.07
aimé,12.77
aine,2.77
ains,0.02
ainsi,469.46
air,690.81
air bag,0.02
air-air,0.09
air-mer,0.02
air-sol,0.13
airain,1.69
airbag,1.11
airbus,0.01
aire,5.54
airedale,0.01
airelle,1.12
ais,10.14
aisance,15.41
aise,52.64
aisseau,0.01
aisselle,8.99
aisé,7.77
aisément,11.69
aixois,0.14
ajaccienne,0.07
ajax,0.07
ajointer,0.20
ajonc,1.69
ajournement,0.47
ajourner,1.48
ajourné,0.19
ajouré,2.70
ajout,0.94
ajoute,0.27
ajouter,224.66
ajouté,0.74
ajustable,0.07
ajustage,0.14
ajustement,0.88
ajuster,10.41
ajusteur,0.62
ajusture,0.07
ajusté,3.24
ajutage,0.10
akkadien,0.03
akkadienne,0.01
ako,0.08
akvavit,0.20
al dente,0.40
alacrité,0.61
alain,0.14
alaire,0.14
alaise,0.07
alambic,1.22
alangui,2.30
alanguir,1.89
alanguissement,0.47
alarmant,2.84
alarme,19.29
alarmer,6.28
alarmisme,0.07
alarmiste,0.27
alba,0.20
albacore,0.09
albanais,1.28
albanophone,0.01
albatros,2.01
albe,0.01
albertine,0.07
albigeois,0.14
albinisme,0.02
albinos,0.74
alboche,0.07
albugo,0.07
album,18.38
albumine,0.19
albâtre,3.11
albène,0.07
alcade,0.30
alcalde,0.05
alcali,0.27
alcalin,0.24
alcaliniser,0.02
alcalinité,0.03
alcalose,0.02
alcaloïde,0.16
alcatraz,1.09
alcazar,1.69
alchimie,1.96
alchimique,1.15
alchimiste,2.87
alcibiade,0.01
alcool,42.84
alcoolique,4.12
alcoolisme,1.84
alcoolisé,1.55
alcoolo,1.40
alcoolémie,0.58
alcoomètre,0.07
alcootest,0.31
alcoran,0.07
alcyon,0.74
alcôve,4.59
alde,0.22
alderman,0.14
aldol,0.05
aldéhyde,0.07
ale,2.10
alea jacta est,0.30
alentour,8.92
alençonnais,0.27
aleph,0.41
alerte,13.45
alertement,0.27
alerter,12.91
alerté,2.64
alevin,0.68
alexandra,0.51
alexandrin,1.89
alexie,0.01
alexithymie,0.03
alezan,2.36
alfa,1.01
algarade,1.96
algie,0.27
algonquin,0.54
algorithme,0.72
algorithmique,0.13
algue,12.03
algèbre,2.03
algébrique,0.54
algébriquement,0.07
algébriste,0.14
algérien,7.43
algérois,0.74
alhambra,1.76
alias,5.45
alibi,11.13
alidade,0.07
alignement,5.14
aligner,26.69
aligné,5.81
aligot,0.03
aligoté,0.20
alim,0.21
aliment,6.62
alimentaire,5.85
alimentation,5.64
alimenter,8.92
alinéa,0.75
alise,0.07
alisier,0.07
alitement,0.01
aliter,1.49
alizé,0.68
aliénant,1.22
aliénation,1.49
aliéner,2.23
aliéniste,0.05
aliéné,2.28
alkali,0.06
all right,1.53
allaitant,0.14
allaitement,0.29
allaiter,1.73
allant,4.19
allegretto,0.27
allegro,0.47
allemagne,0.27
allemand,91.55
aller,9992.77
aller-retour,2.43
allergie,5.00
allergique,8.15
allergologie,0.14
allergologue,0.03
allergène,0.08
alliacé,0.14
alliage,1.07
alliance,24.73
allier,7.97
alligator,2.80
allitératif,0.01
allitération,0.09
allium,0.02
allié,55.34
allo,31.11
allobarbital,0.07
alloc,0.59
allocation,3.16
allocations,0.07
allochtone,0.01
allocution,4.12
allogreffe,0.01
allonge,0.54
allongement,0.68
allonger,89.66
allongé,12.57
allopathie,0.14
allostérique,0.01
allouer,2.09
allumage,1.75
allume-cigare,0.19
allume-cigares,0.14
allume-feu,0.27
allume-gaz,0.20
allumer,116.28
allumette,20.88
allumeur,1.49
allumoir,0.07
allumé,14.59
allure,65.88
alluré,0.07
allusif,1.22
allusion,31.15
allusivement,0.14
alluvion,0.95
allègement,0.20
allègre,4.93
allègrement,2.03
allèle,0.04
alléchant,2.09
allécher,2.09
allée,62.36
allégation,1.87
allégeance,1.64
allégement,0.54
alléger,6.89
allégorie,2.16
allégorique,1.35
allégoriquement,0.10
allégrement,2.77
allégresse,11.89
alléguer,2.97
alléluia,2.62
allô,116.05
alma,0.86
almanach,1.89
almohade,0.14
almée,0.27
aloi,1.89
alopécie,0.07
alors,1777.65
alose,0.47
alouette,4.32
alourdir,15.34
alourdissement,0.14
aloyau,0.27
aloès,1.15
alpaga,1.28
alpage,0.81
alpaguer,2.16
alpe,0.27
alpenstock,0.34
alpestre,0.47
alpha,2.09
alphabet,4.73
alphabétique,1.69
alphabétiquement,0.14
alphabétisation,0.30
alphabétiser,0.02
alphabétisé,0.01
alphanumérique,0.07
alpin,3.04
alpinisme,0.67
alpiniste,1.96
alsacien,3.99
alstonia,0.14
alter,0.07
alter ego,0.54
altercation,1.49
alternance,3.78
alternant,0.20
alternateur,0.14
alternatif,3.04
alternative,5.89
alternativement,5.88
alterne,0.07
alterner,6.82
alterné,0.81
altesse,12.93
althaea,0.01
altier,2.91
altimètre,0.75
altitude,6.96
altièrement,0.07
alto,1.08
altruisme,0.74
altruiste,0.86
altuglas,0.07
altérable,0.01
altération,1.49
altérer,7.50
altérité,0.20
altéré,1.35
alu,1.06
aluette,0.01
aluminium,4.32
alun,0.74
alunir,0.43
alunissage,0.52
alvar,0.05
alvin,0.12
alvéolaire,0.04
alvéole,3.18
alvéolé,0.34
alysse,0.27
alène,0.34
alèse,0.61
alèze,0.07
aléa,1.01
aléatoire,2.16
aléatoirement,0.09
aléoutien,0.02
aléser,0.14
am stram gram,0.14
amabilité,5.34
amadou,1.76
amadouer,3.58
amaigri,2.16
amaigrissant,0.14
amaigrissement,0.54
amalgame,2.03
amalgamer,1.22
aman,0.14
amande,8.18
amandier,2.23
amandine,0.07
amanite,0.27
amant,69.59
amante,6.76
amarante,0.61
amaro,2.02
amarrage,0.61
amarre,4.66
amarrer,6.69
amaryllis,1.22
amas,9.32
amasser,8.24
amateur,16.15
amateurisme,0.34
amaurose,0.07
amazone,2.23
amazonien,0.36
ambages,0.88
ambassade,15.34
ambassadeur,33.72
ambiance,12.37
ambiant,4.05
ambidextre,0.32
ambigu,8.99
ambiguïté,3.04
ambitieux,6.08
ambition,30.34
ambitionner,1.49
ambivalence,0.41
ambivalent,0.20
amble,0.47
ambler,0.05
amboine,0.07
ambon,0.07
ambre,4.39
ambrer,0.54
ambroisie,0.51
ambré,2.16
ambulance,27.55
ambulancier,1.69
ambulant,5.41
ambulatoire,0.14
amen,19.70
amende,9.37
amendement,3.75
amender,1.49
amener,190.32
amenuisement,0.14
amenuiser,4.19
amenée,0.07
amer,30.07
amerlo,0.47
amerloque,1.76
amerrir,0.13
amerrissage,0.16
amertume,19.39
ameublement,0.95
ameuter,3.51
amharique,0.27
ami,747.98
amiable,1.82
amiante,0.82
amibe,0.40
amical,23.04
amicale,1.62
amicalement,4.12
amidon,0.74
amidonner,1.89
amignoter,0.07
amigo,6.91
aminci,0.47
amincir,2.30
amincissant,0.14
amincissement,0.14
amine,0.01
aminophylline,0.01
aminé,0.36
amiral,13.51
amirauté,6.96
amish,0.14
amitié,77.77
ammoniac,0.28
ammoniaque,0.40
ammoniaqué,0.27
ammonite,0.40
ammonitrate,0.14
ammonium,0.36
amniocentèse,0.38
amnios,0.04
amniotique,0.14
amnistiable,0.07
amnistie,2.93
amnistier,0.52
amnistié,0.07
amnésie,3.74
amnésique,2.48
amocher,3.80
amoindrir,2.36
amoindrissement,0.07
amok,0.07
amollir,5.41
amollissant,0.14
amollissement,0.14
amonceler,4.86
amoncellement,6.08
amont,3.85
amontillado,0.29
amoral,0.68
amoraliste,0.05
amoralité,0.07
amorce,4.59
amorcer,11.89
amoroso,0.45
amorphe,1.42
amorti,1.55
amortir,4.93
amortissement,0.42
amortisseur,0.85
amorçage,0.09
amorçoir,0.07
amour,458.27
amour-goût,0.07
amour-passion,0.41
amour-propre,6.89
amouracher,1.15
amourer,0.07
amourette,1.15
amoureusement,2.50
amoureux,107.79
amovible,0.68
amphi,1.08
amphibie,0.71
amphibien,0.20
amphigouri,0.27
amphigourique,0.20
amphithéâtre,2.57
amphitrite,0.07
amphitryon,0.13
amphore,1.35
amphétamine,1.13
ample,11.89
amplement,1.82
ampleur,7.57
ampli,1.15
ampli-tuner,0.01
amplificateur,0.29
amplification,0.54
amplifier,8.65
amplitude,1.76
ampoule,19.12
ampoulé,0.95
amputation,1.62
amputer,3.62
amputé,1.49
ampère,0.26
ampèremètre,0.02
ampélopsis,0.07
ampérage,0.01
amulette,3.08
amure,0.27
amusant,29.36
amuse-bouche,0.05
amuse-gueule,1.23
amusement,7.30
amuser,141.41
amusette,1.15
amuseur,0.34
amygdale,1.50
amygdalectomie,0.14
amygdalien,0.02
amygdalite,0.23
amylase,0.09
amyle,0.27
amylique,0.02
amyotrophique,0.07
amène,1.15
amèrement,5.20
amé,0.01
améliorable,0.07
améliorateur,0.04
amélioration,2.87
améliorer,22.34
amélioré,0.61
aménagement,2.77
aménager,12.57
aménité,1.96
aménorrhée,0.28
américain,74.73
américanisation,0.07
américaniser,0.14
américanisme,0.14
américanité,0.07
américano,0.27
américano-britannique,0.01
américano-russe,0.01
américano-soviétique,0.03
américanophile,0.27
américium,0.03
amérindien,0.14
amérique,1.08
améthyste,0.81
an,866.58
ana,4.91
anabaptiste,0.41
anabase,0.14
anabolisant,0.09
anachorète,0.47
anachronique,2.36
anachroniquement,0.07
anachronisme,0.88
anacoluthe,0.10
anaconda,0.49
anadyomène,0.14
anaglyphe,0.04
anagramme,0.60
anal,2.18
analgésie,0.01
analgésique,0.64
analogie,2.03
analogique,0.35
analogue,6.82
analphabète,1.22
analphabétisme,0.20
analysant,0.20
analyse,23.26
analyser,15.40
analyseur,0.45
analyste,2.44
analysé,0.14
analytique,0.38
analytiquement,0.07
anamnèse,0.07
anamorphose,0.27
ananas,3.51
anaphase,0.03
anaphoriquement,0.14
anaphylactique,0.52
anaphylaxie,0.06
anar,0.74
anarchie,4.80
anarchique,1.15
anarchiquement,0.14
anarchisant,0.01
anarchisme,0.71
anarchiste,4.46
anarcho-syndicalisme,0.07
anarcho-syndicaliste,0.14
anas,0.07
anastomose,0.08
anathème,1.12
anatomie,4.80
anatomique,1.69
anatomiquement,0.20
anatomiser,0.07
anatomiste,0.34
anatomophysiologique,0.07
anaérobie,0.05
ancestral,5.41
ancestralement,0.14
ancestralité,0.07
anch'io son pittore,0.07
anche,0.27
anchilops,0.07
anchois,2.57
anchoïade,0.07
ancien,154.86
anciennement,1.01
ancienneté,1.55
ancillaire,0.88
ancolie,0.07
ancrage,0.41
ancre,5.81
ancrer,5.54
ancré,1.08
ancêtre,22.23
anda,1.13
andain,0.20
andalou,2.23
andante,0.47
andouille,6.94
andouiller,1.28
andouillette,0.74
andrinople,0.20
androgyne,0.54
androgynie,0.07
androgynique,0.07
andropause,0.23
androïde,0.82
anecdote,12.91
anecdotier,0.01
anecdotique,0.81
anecdotiquement,0.14
anesthésiant,0.44
anesthésie,3.74
anesthésier,1.55
anesthésique,0.47
anesthésiste,1.07
aneth,0.61
anfractuosité,1.28
ange,69.27
angelot,1.49
angevin,0.10
angine,2.57
angiocholite,0.01
angiographie,0.32
angiome,0.13
angioplastie,0.19
anglais,79.53
angle,57.64
angler,0.21
angleterre,0.47
anglican,0.61
angliche,0.44
anglicisation,0.07
angliciser,0.11
anglo-albanais,0.07
anglo-allemand,0.01
anglo-américain,0.20
anglo-arabe,0.27
anglo-chinois,0.01
anglo-français,0.14
anglo-hellénique,0.07
anglo-irlandais,0.27
anglo-normand,0.34
anglo-russe,0.02
anglo-saxon,4.12
anglo-soviétique,0.07
anglo-égyptien,0.41
anglo-éthiopien,0.07
anglomane,0.14
anglomanie,0.07
anglophile,0.20
anglophobe,0.01
anglophobie,0.07
anglophone,0.14
angoissant,4.19
angoisse,68.99
angoisser,5.88
angoissé,5.27
angolais,0.20
angon,0.41
angor,0.01
angora,0.61
angström,0.20
anguille,4.32
anguis,0.07
angulaire,0.47
anguleux,3.24
angulosité,0.07
angustura,0.27
angéite,0.01
angélique,4.86
angéliquement,0.14
angélisme,0.47
angélus,1.28
anhydre,0.04
anhydride,0.07
anicroche,0.74
aniline,0.27
animal,82.64
animal-roi,0.07
animalcule,0.14
animalement,0.27
animalerie,0.42
animalier,0.61
animalité,1.42
animateur,2.72
animation,8.31
animaux,2.30
animaux-espions,0.01
animer,33.78
animique,0.07
animisme,0.07
animiste,0.07
animosité,2.64
animus,0.02
animé,8.92
anionique,0.01
anis,2.50
anisette,1.15
anisé,0.07
ankh,0.07
ankylose,0.95
ankyloser,0.88
ankylosé,1.28
annales,1.76
annamite,0.34
anneau,21.61
annelé,1.22
annexe,2.97
annexer,3.45
annexion,0.74
annihilant,0.14
annihilateur,0.12
annihilation,0.46
annihiler,0.84
anniv,0.26
anniversaire,82.79
annonce,23.76
annoncer,133.92
annonceur,0.58
annonciateur,2.30
annonciation,0.61
annotation,0.88
annoter,0.81
annuaire,4.56
annuel,5.78
annuellement,0.15
annulaire,2.64
annulation,2.46
annuler,42.11
annulé,1.75
année,375.54
année-lumière,1.16
anobli,0.07
anoblir,0.68
anoblissement,0.14
anode,0.02
anodin,8.65
anodique,0.20
anomalie,3.96
anomoure,0.07
anonymat,3.04
anonyme,14.80
anonymement,0.42
anonymographe,0.14
anophèle,0.01
anorak,0.88
anorexie,0.88
anorexique,0.41
anormal,7.91
anormalement,1.15
anormalité,0.20
anosmie,0.07
anosmique,0.07
anoxie,0.09
anse,6.08
antagonique,0.03
antagonisme,1.55
antagoniste,0.88
antalgique,0.50
antan,4.86
antarctique,0.07
ante,1.12
antenne,11.59
anthologie,0.81
anthonome,0.01
anthracine,0.04
anthracite,1.82
anthracose,0.01
anthracène,0.01
anthraquinone,0.01
anthrax,1.26
anthropologie,0.78
anthropologique,0.27
anthropologiquement,0.01
anthropologiste,0.11
anthropologue,1.46
anthropomorphe,0.07
anthropomorphique,0.07
anthropomorphiser,0.01
anthropomorphisme,0.34
anthropométrie,0.27
anthropométrique,0.41
anthropophage,0.47
anthropophagie,0.61
anthropopithèque,0.14
anthropoïde,0.20
anthume,0.20
anti,0.81
anti-acné,0.02
anti-agression,0.07
anti-allergie,0.01
anti-anatomique,0.01
anti-apartheid,0.07
anti-aphrodisiaque,0.07
anti-asthmatique,0.01
anti-atomique,0.07
anti-avortement,0.12
anti-aérien,0.41
anti-beauf,0.01
anti-bison,0.07
anti-blindage,0.04
anti-blouson,0.07
anti-bombe,0.10
anti-braquage,0.01
anti-brouillard,0.12
anti-bruit,0.16
anti-cancer,0.04
anti-capitaliste,0.03
anti-castriste,0.02
anti-cellulite,0.01
anti-chambre,0.14
anti-char,0.20
anti-cité,0.07
anti-civilisation,0.07
anti-club,0.02
anti-colère,0.01
anti-communisme,0.14
anti-communiste,0.07
anti-conformisme,0.14
anti-conformiste,0.01
anti-conglutinatif,0.07
anti-corps,0.08
anti-corruption,0.04
anti-crash,0.01
anti-crime,0.03
anti-criminalité,0.01
anti-desperado,0.01
anti-dieu,0.03
anti-discrimination,0.02
anti-dopage,0.06
anti-douleur,0.46
anti-drague,0.01
anti-dramatique,0.07
anti-drogue,0.42
anti-débauche,0.07
anti-démocratique,0.14
anti-démon,0.04
anti-establishment,0.02
anti-existence,0.07
anti-explosion,0.04
anti-fasciste,0.02
anti-femme,0.01
anti-flingage,0.07
anti-flip,0.07
anti-frigo,0.07
anti-fusionnel,0.01
anti-féministe,0.07
anti-g,0.01
anti-gang,0.33
anti-gel,0.05
anti-gerce,0.01
anti-gouvernement,0.10
anti-graffiti,0.01
anti-gravité,0.06
anti-gros,0.01
anti-hypertenseur,0.01
anti-immigration,0.02
anti-impérialiste,0.11
anti-incendie,0.16
anti-inertie,0.01
anti-infectieux,0.01
anti-inflammatoire,0.07
anti-insecte,0.07
anti-instinct,0.07
anti-insurrectionnel,0.01
anti-intimité,0.04
anti-japon,0.07
anti-jeunes,0.07
anti-mafia,0.07
anti-maison,0.14
anti-manipulation,0.01
anti-manoir,0.07
anti-mariage,0.03
anti-matière,0.09
anti-militariste,0.01
anti-mite,0.14
anti-monde,0.07
anti-moustique,0.58
anti-métaphysique,0.07
anti-nausée,0.01
anti-navire,0.01
anti-nucléaire,0.06
anti-odeur,0.14
anti-origine,0.07
anti-panache,0.07
anti-particule,0.01
anti-pasteur,0.07
anti-patriote,0.01
anti-patriotique,0.06
anti-pelliculaire,0.13
anti-piratage,0.01
anti-pirate,0.01
anti-poison,0.14
anti-poisse,0.07
anti-pollution,0.04
anti-poux,0.04
anti-psychotique,0.01
anti-pub,0.07
anti-racket,0.06
anti-rapt,0.07
anti-rejet,0.20
anti-religion,0.01
anti-rhume,0.02
anti-romain,0.07
anti-romantique,0.01
anti-rouille,0.01
anti-russe,0.11
anti-sida,0.02
anti-sociaux,0.04
anti-société,0.07
anti-somnolence,0.01
anti-souffle,0.03
anti-sous-marin,0.02
anti-soviétique,0.07
anti-stress,0.35
anti-syndical,0.01
anti-sèche,0.07
anti-sémite,0.04
anti-sémitisme,0.08
anti-tabac,0.17
anti-tank,0.03
anti-tapisserie,0.07
anti-temps,0.27
anti-tension,0.01
anti-terrorisme,0.53
anti-terroriste,0.26
anti-toux,0.01
anti-truie,0.01
anti-venin,0.18
anti-vieillissement,0.04
anti-viol,0.09
anti-violence,0.01
anti-viral,0.13
anti-virus,0.09
anti-vol,0.36
anti-âge,0.74
anti-émeute,0.15
anti-émotionnelle,0.07
anti-évasion,0.01
antiacide,0.12
antialcoolique,0.02
antiaméricain,0.14
antiaméricanisme,0.07
antiatomique,0.31
antiaérien,1.35
antibactérien,0.03
antibiotique,5.22
antiblocage,0.07
antibois,0.14
antibolchevisme,0.14
antibourgeois,0.07
antibrouillard,0.07
antibruit,0.01
anticalcaire,0.07
anticapitaliste,0.14
anticastriste,0.07
anticatholique,0.07
antichambre,8.58
antichar,1.89
antichoc,0.04
anticholinergique,0.01
antichristianisme,0.07
antichrétien,0.14
anticipateur,0.20
anticipation,2.23
anticipatoire,0.07
anticiper,4.14
anticipé,1.64
anticlérical,1.15
anticléricalisme,0.34
anticoagulant,0.21
anticolonialisme,0.07
anticommunisme,0.88
anticommuniste,1.82
anticonformisme,0.07
anticonformiste,0.05
anticonstitutionnel,0.19
anticonstitutionnellement,0.01
anticorps,1.35
anticyclique,0.01
anticyclone,0.07
antidater,0.27
antidopage,0.01
antidote,4.48
antidouleur,0.34
antidreyfusard,0.14
antidreyfusisme,0.07
antidrogue,0.08
antidémarrage,0.01
antidémocratique,0.07
antidépresseur,0.98
antidérapant,0.14
antienne,1.62
antiesclavagiste,0.01
antifading,0.07
antifascisme,0.07
antifasciste,0.88
antifongique,0.03
antifumée,0.01
antiféminisme,0.07
antigang,0.16
antigel,0.20
antigermanisme,0.07
antigravitation,0.01
antigravitationnel,0.04
antigravité,0.01
antigrippe,0.16
antigène,0.34
antihistaminique,0.25
antihygiénique,0.07
antihéros,0.04
antillais,4.12
antilogique,0.01
antilope,2.16
antimarxiste,0.07
antimatière,0.14
antimicrobien,0.01
antimigraineux,0.02
antimilitarisme,0.34
antimilitariste,0.81
antimissile,0.04
antimite,0.61
antimoine,0.27
antimonde,0.07
antinationaliste,0.14
antinaturel,0.14
antinomie,0.34
antinomique,0.20
antinucléaire,0.14
antioxydant,0.05
antipape,0.14
antiparasitage,0.07
antiparasite,0.14
antipathie,1.82
antipathique,2.03
antipatriote,0.01
antipelliculaire,0.01
antipersonnel,0.41
antiphrase,0.34
antipodaire,0.07
antipode,2.43
antipodiste,0.14
antipoison,0.16
antipoliomyélitique,0.07
antipollution,0.05
antipopulaire,0.07
antiproton,0.07
antiprotéase,0.01
antipsychiatrie,0.14
antipsychotique,0.10
antiquaille,0.41
antiquaire,7.03
antiquark,0.01
antique,15.54
antiquité,6.55
antirabique,0.07
antiracisme,0.11
antiradiation,0.02
antireligieux,0.14
antirides,0.07
antirouille,0.06
antirusse,0.07
antirépublicain,0.07
antisatellite,0.03
antiscientifique,0.14
antisepsie,0.07
antiseptique,0.32
antisexuel,0.07
antiskating,0.07
antisocial,0.77
antisolaire,0.14
antisoviétique,0.34
antisoviétisme,0.07
antispasmodique,0.07
antisportif,0.01
antistalinien,0.27
antistatique,0.07
antistress,0.01
antisèche,0.23
antisémite,1.55
antisémitisme,1.62
antisérum,0.09
antitabac,0.07
antiterrorisme,0.01
antiterroriste,0.66
antithèse,0.88
antitout,0.07
antitoxine,0.08
antitoxique,0.10
antitrust,0.24
antituberculeux,0.14
antitussif,0.07
antityphoïdique,0.07
antitétanique,0.22
antivariolique,0.01
antivenimeux,0.03
antiviolence,0.02
antiviral,0.16
antivirus,0.66
antivol,0.30
antiémeute,0.01
antiémétique,0.01
antonin,0.14
antonomase,0.07
antonyme,0.14
antre,4.66
antéchrist,2.89
antécédent,5.71
antédiluvien,0.88
antépénultième,0.20
antérieur,10.27
antérieurement,1.01
antérograde,0.07
anus,1.82
anuscopie,0.01
anxieusement,2.36
anxieux,10.47
anxiolytique,0.28
anxiété,10.27
anya,0.26
anéantir,13.18
anéantissement,3.38
anémie,1.31
anémique,1.15
anémié,0.14
anémomètre,0.14
anémométrique,0.07
anémone,3.45
anévrisme,1.33
aoriste,0.07
aorte,1.16
aortique,0.21
août,49.66
aoûtat,0.08
aoûtien,0.07
apache,1.28
apaisant,6.62
apaisement,7.23
apaiser,35.00
apanage,1.22
apartheid,0.53
aparté,1.69
apathie,1.49
apathique,0.54
apatride,0.68
apax,0.07
ape,0.23
apercevoir,233.11
aperçu,2.57
apesanteur,0.93
apeurer,1.76
apeuré,5.68
apex,0.33
aphasie,0.27
aphasique,0.47
aphone,1.01
aphonie,0.14
aphorisme,0.88
aphrodisiaque,1.27
aphrodisie,0.14
aphrodite,0.01
aphteux,0.34
aphérèse,0.07
api,0.20
apiculteur,0.10
apiculture,0.04
apion,0.07
apis,0.01
apitoiement,0.61
apitoyer,6.22
apivore,0.07
aplanir,2.57
aplanissement,0.34
aplasie,0.01
aplat,0.27
aplati,3.65
aplatir,14.53
aplatissement,0.54
aplomb,9.05
apnée,0.60
apocalypse,6.35
apocalyptique,1.76
apocope,0.01
apocryphe,0.27
apodictique,0.07
apogée,1.76
apolitique,0.60
apolitisme,0.07
apollon,0.14
apologie,1.22
apologiste,0.20
apologue,0.61
apologétique,0.47
aponévrotique,0.01
apoplectique,0.88
apoplexie,0.95
apoptose,0.03
apostasie,0.41
apostat,0.46
apostolat,1.08
apostolique,1.96
apostrophe,1.76
apostropher,3.31
apostume,0.07
apothicaire,1.28
apothicairerie,0.07
apothéose,4.26
apparaissant,0.14
apparat,4.86
apparatchik,0.34
apparaux,0.20
apparaître,159.26
appareil,51.53
appareil-photo,0.32
appareillage,1.89
appareiller,2.97
apparemment,43.08
apparence,48.51
apparent,19.32
apparentement,0.07
apparenter,4.86
apparenté,0.20
apparier,0.81
appariteur,0.61
apparition,32.64
appart,18.07
appartement,99.26
appartement-roi,0.07
appartenance,3.45
appartenant,0.27
appartenir,92.36
appas,0.95
appauvrir,1.89
appauvrissant,0.20
appauvrissement,0.74
appeau,0.41
appel,100.18
appelant,0.54
appeler,1165.48
appeleur,0.07
appellation,3.31
appelé,3.65
appendice,1.96
appendicectomie,0.25
appendicite,1.75
appendre,0.41
appentis,2.64
appert,0.14
appesantir,3.04
appesantissement,0.07
applaudimètre,0.02
applaudir,17.97
applaudissement,9.26
applaudisseur,0.01
applicabilité,0.02
applicable,1.01
applicateur,0.28
application,15.88
applique,1.35
appliquer,47.84
appliqué,6.01
appoggiature,0.07
appoint,1.76
appointer,0.74
appointé,0.34
appontage,0.20
appontement,0.47
apponter,0.09
apport,1.82
apporter,209.91
apposer,3.04
apposition,0.14
apprenant,0.20
apprendre,348.47
apprenti,17.64
apprenti-pilote,0.02
apprenti-sorcier,0.14
apprentissage,10.47
appris,1.49
apprivoiser,10.54
apprivoiseur,0.07
approbateur,1.55
approbatif,0.07
approbation,9.80
approbativement,0.07
approchant,1.82
approche,28.03
approcher,196.15
approché,0.47
approfondi,1.69
approfondir,7.57
approfondissement,0.02
appropriation,0.34
approprier,5.73
approprié,4.77
approuver,36.08
approuvé,1.23
approvisionnement,2.57
approvisionner,2.16
approximatif,3.65
approximation,1.35
approximativement,1.96
appréciable,3.18
appréciateur,0.54
appréciation,3.99
apprécier,77.21
appréhender,5.34
appréhensif,0.01
appréhension,10.20
apprêt,1.42
apprêter,29.46
apprêté,1.22
appui,30.81
appui-main,0.14
appui-tête,0.01
appuie-tête,0.14
appuyer,126.01
appuyé,5.07
appât,6.74
appâter,1.59
appétence,0.34
appétissant,2.77
appétit,26.76
aprèm,1.35
après,821.55
après-coup,0.02
après-demain,11.77
après-déjeuner,0.14
après-dîner,0.74
après-guerre,3.24
après-mort,0.07
après-rasage,0.45
après-repas,0.07
après-shampoing,0.04
après-shampooing,0.07
après-ski,0.20
après-vente,0.05
apte,4.59
aptitude,4.59
aptère,0.14
apurer,0.41
apéritif,9.46
apéro,4.05
apôtre,6.28
aquaculture,0.01
aquagym,0.04
aquaplane,0.07
aquarelle,8.85
aquarelliste,0.14
aquariophilie,0.03
aquarium,5.88
aquatinte,0.10
aquatique,1.89
aquavit,0.18
aqueduc,1.15
aqueux,0.88
aquifère,0.01
aquilin,1.08
aquilon,0.54
aquitain,0.07
ara,0.85
arabe,32.64
arabesque,4.53
arabica,0.27
arabique,0.27
arabisant,0.20
arable,0.18
arac,0.03
arachide,0.61
arachnide,0.39
arachnoïde,0.14
arachnéen,0.68
aragonais,0.20
aragonite,0.01
araigne,0.07
araignée,18.20
araignée-crabe,0.07
araire,0.01
arak,0.41
araldite,0.01
aralia,0.07
aramide,0.01
aramon,0.41
araméen,0.45
araser,0.14
aratoire,0.47
araucan,0.07
araucanien,0.27
araucaria,0.54
arbalète,1.55
arbalétrier,0.88
arbi,0.27
arbitrage,0.88
arbitraire,3.78
arbitrairement,0.95
arbitre,7.59
arbitrer,1.08
arbois,0.07
arborer,10.61
arborescence,0.20
arborescent,0.27
arboretum,0.09
arboricole,0.01
arboriculteur,0.01
arboriculture,0.07
arbouse,0.41
arbre,208.58
arbrisseau,1.28
arbuste,7.30
arc,17.30
arc-boutant,0.54
arc-boutement,0.07
arc-bouter,5.00
arc-en-ciel,4.46
arcade,12.36
arcadien,0.20
arcan,0.74
arcane,1.35
arceau,3.04
archange,4.46
archangélique,0.20
archaïque,2.50
archaïsant,0.07
archaïsme,0.54
arche,7.16
archer,3.77
archet,2.30
archevêché,1.08
archevêque,6.28
archi,0.75
archi-blet,0.07
archi-connu,0.07
archi-dégueu,0.07
archi-faux,0.05
archi-libre,0.07
archi-mortels,0.01
archi-méfiance,0.07
archi-nul,0.01
archi-nuls,0.23
archi-plein,0.07
archi-prouvé,0.07
archi-prudent,0.07
archi-ringard,0.07
archi-usé,0.01
archi-vieux,0.07
archiatre,0.20
archicomble,0.14
archiconnu,0.07
archidiacre,0.26
archidiocèse,0.19
archiduc,4.46
archifaux,0.07
archimandrite,0.61
archipel,3.85
archiprêtre,0.95
architecte,9.98
architectonie,0.14
architectonique,0.14
architectural,2.70
architecturalement,0.07
architecture,12.23
architrave,0.20
archivage,0.06
archive,9.42
archiver,0.90
archiviste,1.55
archiviste-paléographe,0.14
archivolte,0.41
archiépiscopal,0.07
archonte,0.14
archéologie,1.69
archéologique,0.81
archéologue,4.59
archéoptéryx,0.20
archétype,0.88
arctique,0.61
ardemment,5.20
ardennais,0.34
ardent,21.89
arder,0.51
ardeur,25.74
ardillon,0.68
ardin,0.07
ardito,0.07
ardoise,9.80
ardre,0.07
ardu,5.00
ardéchois,0.07
ardûment,0.14
are,15.80
area,0.12
arec,0.27
arganier,0.34
argent,515.10
argenterie,3.99
argentier,0.41
argentin,5.47
argenton,0.07
argenté,10.54
argile,9.66
argileux,0.54
argilière,0.02
argol,0.14
argon,0.38
argonaute,0.10
argot,4.86
argotique,0.95
argousin,1.35
arguer,1.89
argument,18.18
argumentaire,0.13
argumentateur,0.01
argumentatif,0.02
argumentation,0.88
argumenter,1.49
argus,0.68
argutie,0.54
aria,0.81
arianisme,0.07
aride,6.15
aridité,1.55
arien,0.72
arioso,0.14
aristarque,0.14
aristo,1.08
aristocrate,3.58
aristocratie,3.92
aristocratique,2.91
aristocratiquement,0.07
aristocratisme,0.07
aristoloche,0.14
aristotélicien,0.14
arithmomètre,0.07
arithmétique,2.23
arithmétiquement,0.07
ariégeois,0.14
arkose,0.14
arlequin,0.47
arlésien,0.14
arlésienne,0.20
armada,1.35
armadille,0.07
armagnac,0.74
armateur,2.30
armature,2.91
arme,220.22
arme-miracle,0.10
armement,9.80
armer,29.77
armistice,15.54
armoire,45.54
armoirie,1.89
armoise,0.38
armon,0.01
armorial,0.34
armure,8.11
armurerie,0.94
armurier,1.69
armé,26.53
armée,146.55
arménien,1.07
arménoïde,0.07
arméria,0.14
arnaque,6.27
arnaquer,6.37
arnaqueur,1.47
arnica,0.61
arobase,0.14
aromate,0.88
aromathérapie,0.18
aromatique,0.74
aromatiser,0.54
aronde,0.47
arousal,0.07
arpent,0.95
arpentage,0.27
arpenter,9.53
arpenteur,1.49
arpette,0.01
arpion,1.08
arpège,1.49
arpète,1.15
arquebusade,0.14
arquebuse,8.72
arquer,2.36
arqué,2.97
arrachage,0.27
arrache-clou,0.07
arrachement,3.11
arracher,113.38
arracheur,0.74
arraché,8.51
arraisonner,0.61
arrangeant,0.47
arrangement,10.23
arranger,116.14
arrangeur,0.10
arrestation,20.59
arrimage,0.61
arrimer,2.91
arrivage,1.96
arrivant,5.07
arriver,1252.42
arrivisme,0.27
arriviste,0.77
arrivé,59.24
arrivée,80.00
arrière,95.00
arrière-automne,0.14
arrière-ban,0.20
arrière-boutique,6.35
arrière-cour,1.35
arrière-cousin,0.12
arrière-cuisine,0.14
arrière-fond,0.95
arrière-garde,2.03
arrière-gorge,0.27
arrière-goût,1.28
arrière-grand-mère,2.57
arrière-grand-oncle,0.41
arrière-grand-père,4.12
arrière-grand-tante,0.20
arrière-loge,0.07
arrière-magasin,0.07
arrière-main,0.07
arrière-monde,0.14
arrière-neveux,0.07
arrière-pays,1.15
arrière-pensée,5.95
arrière-petit-fils,0.61
arrière-petit-neveu,0.27
arrière-petite-fille,0.81
arrière-petite-nièce,0.14
arrière-petits-fils,0.41
arrière-petits-neveux,0.07
arrière-plan,2.70
arrière-saison,1.22
arrière-salle,2.36
arrière-train,1.69
arriération,0.27
arriéré,2.03
arrogamment,0.47
arrogance,3.92
arrogant,5.29
arroger,1.01
arroi,0.68
arrondi,7.84
arrondir,14.53
arrondissement,8.38
arrosage,1.89
arroser,19.73
arroseur,0.47
arrosoir,3.58
arrosé,1.69
arrêt,53.92
arrêt-buffet,0.07
arrête-boeuf,0.07
arrêter,993.79
arrêté,10.68
ars,0.94
arsacide,0.07
arsenal,5.74
arsenic,1.22
arsouille,0.54
arsouiller,0.07
arsénieux,0.07
art,91.49
artefact,0.67
arthrite,1.75
arthritique,0.41
arthrodèse,0.14
arthropathie,0.01
arthroplastie,0.01
arthroscopie,0.01
arthrose,0.86
arthurien,0.20
artichaut,2.57
artiche,1.82
article,50.34
article-choc,0.07
articulaire,0.17
articulation,6.01
articuler,12.97
articulet,0.14
articulé,3.65
artifice,10.95
artificialité,0.01
artificiel,12.16
artificiellement,1.42
artificier,1.35
artiflot,0.34
artillerie,17.36
artilleur,8.45
artimon,0.22
artisan,10.74
artisanal,1.62
artisanalement,0.07
artisanat,1.15
artison,0.07
artiste,45.88
artiste-peintre,0.27
artistement,0.81
artistique,10.00
artistiquement,0.61
artère,7.09
artéfact,0.13
artériectomie,0.07
artériel,1.76
artériographie,0.09
artériole,0.14
artériopathie,0.16
artériosclérose,0.27
artérite,0.07
artésien,0.27
arum,0.61
aruspice,0.15
arverne,0.14
aryen,1.84
aryenne,0.20
arythmie,0.64
arythmique,0.03
arçon,0.95
arène,5.54
aréflexie,0.02
aréna,0.05
aréole,0.54
aréopage,1.08
aréopagite,0.07
aréquier,0.14
arétin,0.07
arête,10.81
arôme,2.70
as,18.80
as-rois,0.01
asa,0.02
asana,0.02
asbeste,0.01
asbestose,0.01
ascaris,0.20
ascendance,2.23
ascendant,3.18
ascendre,0.05
ascenseur,25.88
ascension,8.04
ascensionnel,0.34
ascensionner,0.07
ascite,0.04
asclépias,0.14
ascorbique,0.01
ascot,0.03
ascèse,1.35
ascète,0.74
ascétique,1.22
ascétisme,0.74
asdic,0.10
asepsie,0.07
aseptique,0.27
aseptisation,0.14
aseptisé,0.68
asexualité,0.01
asexué,0.95
ashanti,0.07
ashkénaze,0.27
ashram,0.16
asiate,0.47
asiatique,3.00
asilaire,0.07
asile,26.56
asociabilité,0.07
asocial,0.74
asparagus,0.41
aspartam,0.07
aspartame,0.01
aspartique,0.01
aspect,41.28
asperge,8.65
asperger,7.23
aspergillose,0.02
aspergillus,0.07
aspersion,0.68
asphalte,6.89
asphalter,0.47
asphodèle,0.61
asphyxiant,1.08
asphyxie,1.35
asphyxier,2.91
asphyxié,1.08
aspi,0.14
aspic,1.08
aspidistra,0.41
aspirant,1.82
aspirateur,4.52
aspirateurs-traîneaux,0.07
aspiration,6.22
aspirer,28.85
aspirine,9.18
aspiré,1.08
aspre,0.07
aspécifique,0.01
aspérité,2.77
assa-foetida,0.27
assagi,0.88
assagir,0.95
assaillant,3.72
assaillir,10.54
assainir,1.01
assainissement,0.34
assaisonnement,0.52
assaisonner,2.36
assassin,55.37
assassinat,12.16
assassiner,30.87
assassiné,5.63
assaut,32.16
assavoir,0.14
asse,0.66
asseau,0.03
assemblage,5.88
assembler,7.03
assembleur,0.14
assemblé,1.08
assemblée,35.14
assener,5.47
assentiment,3.45
asseoir,395.27
assermenter,0.34
assermenté,0.37
assertion,1.42
asservi,0.61
asservir,2.36
asservissant,0.01
asservissement,1.15
assesseur,1.28
assez,420.14
assidu,2.91
assiduité,1.82
assidûment,1.96
assiette,56.62
assiettée,0.95
assignation,1.68
assignement,0.01
assigner,4.93
assimilable,0.54
assimilant,0.07
assimilation,1.49
assimiler,8.38
assimilé,0.74
assis,30.27
assise,9.66
assistanat,0.14
assistance,20.00
assistant,31.93
assister,62.23
assisté,0.88
assiégeant,0.95
assiéger,5.81
assiégé,2.77
association,12.02
associer,14.19
associé,22.51
assoiffer,2.91
assoiffé,1.62
assombrir,13.78
assombrissement,0.14
assommant,3.04
assommer,17.23
assommeur,0.14
assommoir,0.68
assomption,0.47
assonance,0.27
assorti,4.05
assortiment,2.23
assortir,5.95
assoupi,5.34
assoupir,11.01
assoupissant,0.07
assoupissement,1.01
assouplir,2.23
assouplissant,0.03
assouplissement,0.54
assourdi,3.45
assourdir,7.70
assourdissant,6.49
assourdissement,0.14
assouvir,5.41
assouvissement,1.22
assujetti,0.27
assujettir,3.24
assujettissant,0.01
assujettissement,0.34
assumer,14.80
assurable,0.01
assurage,0.02
assurance,33.24
assurance-accidents,0.10
assurance-chômage,0.01
assurance-maladie,0.07
assurance-vie,1.32
assurer,126.55
assureur,1.93
assureur-conseil,0.07
assuré,14.19
assurément,10.41
assuétude,0.01
assyrien,0.27
assyro,0.20
assèchement,0.47
assécher,3.58
asséner,0.47
astarté,0.07
aste,0.02
aster,0.47
asthmatique,1.37
asthme,3.18
asthénie,0.47
asti,0.20
astic,0.07
asticot,2.23
asticoter,1.89
astigmate,0.06
astigmatisme,0.07
astiquage,0.47
astiquer,9.80
astiqueur,0.01
astragale,0.47
astrakan,1.69
astral,2.02
astre,12.30
astreignant,0.34
astreindre,3.78
astreint,0.34
astreinte,0.07
astringent,0.47
astro,0.14
astrochimie,0.04
astrolabe,0.14
astrologie,0.87
astrologique,0.61
astrologiquement,0.01
astrologue,1.08
astrométrie,0.01
astronaute,6.45
astronautique,0.07
astronef,0.27
astronome,1.42
astronomie,1.01
astronomique,1.89
astronomiquement,0.02
astrophore,0.14
astrophysicien,0.14
astrophysique,0.28
astroport,0.06
astroscope,0.01
astuce,5.07
astucieusement,0.41
astucieux,3.75
asturienne,0.07
astérisme,0.14
astérisque,0.34
astéroïde,2.28
asymptomatique,0.20
asymétrie,0.49
asymétrique,1.08
asymétriquement,0.20
asynchrone,0.01
asystolie,0.27
atabeg,0.20
ataman,0.14
ataraxie,0.07
atavique,1.28
atavisme,1.22
ataxie,0.01
atchoum,0.27
atelier,45.07
atermoiement,1.08
athanor,0.68
athlète,4.75
athlétique,2.57
athlétisme,0.56
athée,2.70
athéisme,1.76
athéiste,0.01
athénien,1.08
athénienne,0.41
athénée,0.01
atlante,0.41
atlantique,1.89
atlas,2.16
atmosphère,36.69
atmosphérique,1.89
atoll,0.61
atome,4.12
atomique,8.31
atomiser,0.33
atomiseur,0.11
atomiste,0.20
atomisé,0.14
atonal,0.20
atone,0.88
atonie,0.54
atour,1.35
atout,5.74
atrabilaire,0.14
atrium,0.30
atroce,17.43
atrocement,3.18
atrocité,3.92
atrophie,0.39
atrophier,0.74
atrophié,1.22
atropine,0.86
atrésie,0.04
attabler,7.84
attablé,1.08
attachant,2.03
attache,7.16
attachement,10.95
attacher,71.01
attaché,7.23
attaché-case,0.54
attaquable,0.01
attaquant,1.13
attaque,59.92
attaquer,99.63
attaqueur,0.01
attardement,0.07
attarder,29.39
attardé,3.11
atteignable,0.01
atteindre,126.76
atteint,6.76
atteinte,7.97
attelage,5.61
atteler,8.58
attelle,0.83
attenant,3.72
attendant,1.35
attendre,1351.46
attendrir,20.95
attendrissant,3.99
attendrissement,7.64
attendrisseur,0.01
attendu,7.23
attentat,14.58
attentatoire,0.14
attente,63.85
attenter,1.17
attentif,35.74
attention,159.10
attentionné,2.64
attentisme,0.81
attentiste,0.02
attentivement,11.82
atterrant,0.20
atterrir,26.73
atterrissage,9.06
atterré,1.42
attestation,1.00
attester,6.55
attesté,0.14
attifer,1.69
attifiaux,0.07
attique,0.34
attirail,3.99
attirance,2.91
attirant,5.74
attirer,75.27
attisement,0.07
attiser,3.65
attisoir,0.07
attitré,1.35
attitude,67.91
attorney,0.15
attouchement,1.76
attracteur,0.11
attractif,0.41
attraction,7.64
attraction-vedette,0.01
attrait,9.39
attrapage,0.01
attrape,10.55
attrape-couillon,0.07
attrape-mouche,0.07
attrape-nigaud,0.20
attraper,112.52
attrapeur,1.20
attrayant,1.39
attribuable,0.03
attribuer,21.89
attribut,6.01
attribution,8.72
attribué,0.27
attriquer,1.62
attristant,0.47
attrister,6.42
attristé,1.49
attrition,0.20
attroupement,3.85
attrouper,2.36
atténuateur,0.09
atténuation,0.07
atténuer,12.64
atténué,1.76
atypique,0.57
atèle,0.01
atélectasie,0.03
atémi,0.01
au,5322.50
au-dedans,4.86
au-dehors,11.42
au-delà,52.91
au-dessous,24.59
au-dessus,176.35
au-devant,11.08
aubade,0.47
aubain,14.19
aubaine,5.81
aube,57.77
auberge,17.30
aubergine,1.44
aubergiste,3.24
aubette,0.34
aubier,0.47
aubour,0.07
auburn,1.15
aubusson,0.07
aubère,0.20
aubépine,2.03
aucun,180.95
aucune,207.00
aucunement,5.81
aucunes,1.03
aucuns,3.11
audace,19.46
audacieusement,0.47
audacieux,7.03
audible,2.70
audience,14.02
audiencia,0.07
audimat,1.39
audio,1.87
audio-visuel,0.20
audioconférence,0.03
audiogramme,0.01
audiométrie,0.01
audiophile,0.03
audiophone,0.02
audiovisuel,0.88
audit,0.54
auditer,0.01
auditeur,6.49
auditif,1.28
audition,11.64
auditionner,2.57
auditoire,4.19
auditorium,0.80
auge,2.23
augment,0.20
augmentation,6.85
augmenter,29.86
augural,0.34
augure,3.38
augurer,1.76
auguste,2.09
augustin,0.81
augustinien,0.07
aujourd'hui,360.17
aula,0.01
aulique,0.07
aulnaie,0.07
aulne,2.16
auloffée,0.07
aulos,0.07
aulx,0.27
aumône,3.78
aumônerie,0.07
aumônier,4.53
aune,1.15
auner,0.07
auparavant,41.62
auprès,93.45
auquel,52.57
aura,14.48
aurai,0.01
aureus,0.03
auriculaire,1.01
auricule,0.07
aurifère,0.14
aurige,0.14
aurochs,0.81
aurone,0.07
auroral,0.07
aurore,11.62
auréolaire,0.13
auréole,6.35
auréoler,3.38
auréolé,0.34
auréomycine,0.07
auscultation,0.74
ausculter,3.58
aussi,1402.33
aussitôt,189.93
aussière,0.20
austral,0.95
australien,1.89
australienne,0.17
australopithèque,0.07
austro,0.07
austro-hongrois,0.41
austère,10.95
austèrement,0.14
austérité,4.73
ausweis,0.41
autan,0.07
autant,240.41
autarcie,0.34
autarcique,0.27
autel,15.34
auteur,41.89
authenticité,2.43
authentification,0.33
authentifier,0.79
authentique,11.35
authentiquement,0.54
autisme,0.31
autiste,0.58
autistique,0.07
auto,42.36
auto-analyse,0.07
auto-immun,0.12
auto-intoxication,0.14
auto-pilote,0.10
auto-stop,1.06
auto-stoppeur,0.67
auto-tamponneuse,0.26
auto-école,0.58
auto-érotisme,0.02
autobiographe,0.20
autobiographie,1.35
autobiographique,0.68
autobronzant,0.16
autobus,26.28
autocar,8.85
autocensure,0.35
autocensurer,0.14
autochenille,0.07
autochtone,1.69
autoclave,0.14
autocollant,2.07
autoconservation,0.07
autocrate,0.02
autocratie,0.10
autocratique,0.20
autocritique,1.22
autocritiquer,0.01
autocréation,0.07
autocuiseur,0.28
autodafé,0.61
autodestructeur,0.35
autodestructible,0.07
autodestruction,2.14
autodidacte,0.74
autodidactique,0.07
autodirecteur,0.12
autodiscipline,0.18
autodrome,0.01
autodéfense,1.74
autodénigrement,0.07
autodérision,0.04
autodétermination,0.47
autodétruire,0.51
autofinancement,0.01
autofocus,0.13
autogenèse,0.02
autogestion,0.20
autogire,0.07
autographe,8.52
autographier,0.07
autoguidage,0.05
autoguidé,0.01
autogène,0.07
autogérer,0.13
autolysat,0.07
autolyse,0.01
automate,5.54
automatico,0.07
automation,0.14
automatique,8.60
automatiquement,3.85
automatisation,0.14
automatisme,1.22
automatisé,0.24
automnal,1.76
automne,43.65
automobile,19.46
automobile-club,0.03
automobiliste,3.78
automoteur,0.20
automutilation,0.27
automutiler,0.10
automédication,0.08
autoneige,0.04
autonettoyant,0.07
autonome,2.91
autonomie,2.76
autonomique,0.03
autopilote,0.01
autoplastie,0.01
autoportrait,0.85
autoproduit,0.07
autopropulseur,0.01
autopropulsé,0.07
autopsie,12.23
autopsier,0.46
autopunition,0.03
autoradio,1.40
autorail,0.14
autoreproduction,0.01
autorisation,21.10
autoriser,30.28
autorisé,4.22
autoritaire,3.65
autoritairement,0.01
autoritarisme,0.07
autorité,77.03
autoroute,15.00
autoroutière,0.01
autorégulateur,0.01
autorégulation,0.14
autosatisfaction,0.27
autostop,0.07
autostrade,0.27
autosubsistance,0.01
autosuffisance,0.04
autosuffisant,0.04
autosuggestion,0.14
autosurveillance,0.02
autour,361.55
autoérotique,0.03
autre,870.14
autrefois,96.96
autrement,62.77
autres,375.14
autrichien,8.51
autrichiens,0.14
autruche,3.53
autrui,12.30
auvent,6.89
auvergnat,2.50
auvergne,1.22
auverpin,0.54
aux,1907.57
aux aguets,5.88
auxdits,0.14
auxerrois,0.07
auxiliaire,3.51
auxquelles,22.09
auxquels,26.28
avachi,3.58
avachir,2.23
avachissement,0.47
aval,3.99
avalage,0.07
avalanche,5.68
avalant,0.20
avalement,0.14
avaler,65.27
avaleur,0.68
avaliser,0.14
avaliseur,0.03
avance,82.30
avancement,3.34
avancer,195.00
avancé,11.15
avancée,4.39
avanie,1.42
avant,574.32
avant-avant-dernier,0.07
avant-bec,0.01
avant-bras,12.70
avant-centre,0.28
avant-corps,0.07
avant-coureur,1.62
avant-dernier,1.96
avant-dîner,0.07
avant-garde,7.91
avant-gardiste,0.23
avant-gauche,0.10
avant-goût,1.62
avant-guerre,7.16
avant-hier,8.78
avant-papier,0.20
avant-plan,0.07
avant-port,0.07
avant-poste,3.72
avant-première,0.50
avant-printemps,0.07
avant-projet,0.04
avant-propos,0.41
avant-scène,0.88
avant-toit,0.27
avant-train,0.34
avant-trou,0.01
avant-veille,3.65
avantage,32.16
avantager,2.09
avantageusement,1.42
avantageux,5.07
avare,7.09
avarement,0.20
avarice,3.24
avaricieusement,0.14
avaricieux,0.27
avarie,1.19
avarié,1.69
avaro,0.41
avatar,4.93
ave,3.75
avec,4000.41
avenant,2.84
avenir,113.72
avent,0.47
aventure,84.86
aventurer,12.57
aventureux,3.65
aventurier,7.50
aventuré,0.34
avenu,1.42
avenue,47.70
avers,0.14
averse,11.96
aversion,2.64
averti,5.07
avertir,37.70
avertissement,9.60
avertisseur,1.89
aveu,21.55
aveuglant,6.15
aveugle,38.53
aveugle-né,0.14
aveuglement,4.46
aveugler,15.47
aveuglément,3.31
aviaire,0.37
aviateur,8.85
aviation,13.72
avicole,0.01
aviculture,0.10
avide,16.22
avidement,6.08
avidité,7.97
avignonnais,0.07
avilir,2.64
avilissant,0.88
avilissement,0.34
aviné,1.89
avion,128.35
avion-cargo,0.20
avion-citerne,0.03
avion-suicide,0.07
avion-école,0.01
avionique,0.13
avions-espions,0.01
aviron,2.36
avis,139.22
aviser,27.50
aviso,2.23
avisé,2.36
avitailler,0.01
avitaminose,0.07
aviver,4.26
avivé,0.07
avocaillon,0.16
avocat,112.69
avocat-conseil,0.08
avocatier,0.04
avocette,0.14
avoine,6.96
avoiner,0.34
avoir,18559.22
avoisinant,1.89
avoisiner,1.49
avortement,5.24
avorter,5.43
avorteur,0.68
avorton,2.30
avorté,1.49
avouable,1.08
avouer,96.22
avoué,1.35
avoyer,0.14
avril,32.03
avrillée,0.07
avulsion,0.03
avunculaire,0.14
avunculat,0.07
avènement,3.92
avé,0.20
avérer,9.26
avéré,0.40
awacs,0.12
axe,10.88
axel,0.06
axer,0.88
axial,0.20
axillaire,0.05
axiomatisation,0.07
axiome,0.61
axis,3.87
axolotl,0.07
axonge,0.07
aya,0.03
ayants droit,0.14
ayatollah,0.53
aye-aye,0.01
ayuntamiento,0.07
azalée,1.22
azerbaïdjanais,0.07
azimut,1.69
azimutal,0.01
azimuté,0.07
azoospermie,0.01
azote,1.05
azoture,0.01
azoïque,0.01
aztèque,0.74
azulejo,0.54
azur,9.53
azuré,0.68
azygos,0.01
azyme,0.41
azéri,0.27
aède,0.27
aérage,0.06
aérateur,0.20
aération,2.02
aérer,4.12
aérien,21.15
aéro,0.20
aéro-club,0.07
aérobic,1.21
aérodrome,4.26
aérodynamique,0.51
aérodynamisme,0.07
aérofrein,0.07
aérogare,2.23
aéroglisseur,0.75
aérographe,0.07
aérolithe,0.47
aérologie,0.01
aéromobile,0.06
aéromodélisme,0.14
aéronaute,0.07
aéronautique,0.58
aéronaval,0.20
aéronavale,0.48
aéronef,0.14
aéropathie,0.01
aérophagie,0.15
aéroplane,1.62
aéroport,33.13
aéroporté,0.68
aéropostale,0.01
aérosol,0.61
aérospatial,0.17
aérospatiale,0.12
aérostat,0.16
aérostier,0.20
aéré,2.36
aînesse,0.47
aîné,22.84
aître,0.14
aï,2.31
aïd,0.54
aïe,18.25
aïeul,10.61
aïkido,0.07
aïoli,0.27
b,31.78
baba,1.89
baballe,0.34
babasse,0.07
babel,0.05
babeurre,0.13
babi,0.02
babil,0.74
babillage,0.81
babillard,0.20
babiller,1.42
babine,3.38
babiole,2.03
babiroussa,0.07
babouche,2.64
babouchka,3.72
babouin,2.00
baby,13.20
baby-boom,0.05
baby-foot,0.74
baby-sitter,7.85
baby-sitting,1.63
babylonien,0.47
bac,16.08
baccalauréat,1.89
baccara,1.08
baccarat,0.05
bacchanal,0.14
bacchanale,0.54
bacchante,2.70
bachelier,1.76
bachi-bouzouk,0.07
bachique,0.34
bachot,3.85
bachotage,0.02
bachoter,0.20
bacille,1.15
back,4.82
back up,0.09
backgammon,0.66
background,0.07
bacon,4.50
bactéricide,0.02
bactérie,5.00
bactérien,0.49
bactériologie,0.11
bactériologique,0.82
bactériologiste,0.01
bactériophage,0.07
bactériémie,0.01
badabam,0.14
badaboum,0.74
badamier,0.34
badaud,6.82
badauder,0.41
badauderie,0.34
bader,2.36
baderne,0.47
badge,7.14
badigeon,1.01
badigeonnage,0.20
badigeonner,3.31
badigeonneur,0.07
badigoinces,0.20
badin,1.96
badinage,0.61
badine,1.42
badiner,1.35
badminton,0.20
badois,0.27
baffe,3.58
baffer,0.62
baffle,0.68
bafouer,3.78
bafouillage,0.47
bafouillant,0.34
bafouille,2.84
bafouiller,8.92
bafouilleur,0.01
bafouillis,0.27
bafoué,1.96
bagage,29.69
bagagerie,0.14
bagagiste,0.30
bagarre,19.24
bagarrer,5.10
bagarreur,0.65
bagasse,0.15
bagatelle,3.58
bagnard,2.57
bagne,3.85
bagnole,34.26
bagoter,0.41
bagotter,0.34
bagou,0.27
bagouse,0.20
bagout,0.81
bagouze,0.20
baguage,0.02
bague,30.32
baguenaude,0.27
baguenauder,1.62
baguer,0.68
baguette,13.45
bagué,1.01
bah,22.77
baht,0.52
bahut,8.38
bai,1.35
baie,19.80
baignade,2.84
baigner,41.42
baigneur,10.00
baignoire,15.27
bail,11.49
baile,0.47
baille,0.74
bailler,1.02
bailleur,0.56
bailli,0.47
bailliage,0.20
baillive,0.07
bain,83.04
bain-marie,0.95
baisable,0.35
baisade,0.07
baise,7.66
baise-en-ville,0.20
baisemain,0.81
baisement,0.07
baiser,112.82
baiseur,2.00
baisodrome,0.46
baisouiller,0.20
baisse,12.37
baissement,0.27
baisser,115.27
baissier,0.14
bajoue,2.50
bakchich,0.61
baklava,0.34
bakélite,1.08
bal,30.25
balade,7.71
balader,24.30
baladeur,0.88
baladin,0.88
balafon,0.14
balafre,1.69
balafrer,1.55
balafré,1.15
balai,17.70
balai-brosse,0.61
balais,0.25
balaise,0.49
balalaïka,0.41
balan,0.07
balance,10.34
balancelle,0.34
balancement,5.41
balancer,67.70
balancier,4.05
balancé,2.43
balandras,0.07
balanstiquer,0.41
balançage,0.34
balançoire,3.11
balatum,0.14
balayage,1.69
balayant,0.07
balayer,37.43
balayette,0.54
balayeur,2.97
balayure,0.34
balboa,0.02
balbutiant,1.15
balbutiement,1.15
balbutier,13.99
balbuzard,0.07
balcon,40.41
balconnet,0.54
baldaquin,2.77
bale,0.50
baleine,16.68
baleineau,0.05
baleinier,0.81
baleiné,0.41
balinais,0.20
balisage,0.12
balise,2.82
baliser,2.03
baliste,0.14
balistique,1.11
balistiquement,0.07
baliveau,1.08
baliverne,2.79
balkanique,1.49
ball-trap,0.20
ballade,4.54
ballant,6.28
ballast,2.57
balle,122.07
balle-peau,0.07
baller,0.95
ballerine,2.16
ballet,8.66
ballon,32.92
ballon-sonde,0.14
ballonnant,0.27
ballonnement,0.14
ballonner,1.15
ballonné,1.15
ballot,5.88
ballote,0.07
ballottage,0.14
ballottement,0.14
ballotter,5.68
ballottine,0.07
ballotté,0.74
balluche,0.14
balluchon,0.54
balluchonnage,0.07
balnéaire,1.22
balnéothérapie,0.01
balourd,0.82
balourdise,0.88
balpeau,0.61
balsa,0.13
balsamier,0.07
balsamine,0.61
balsamique,0.47
balte,2.23
balthazar,0.54
baltique,0.47
balto,0.54
baluba,0.07
baluchon,2.30
baluchonnage,0.07
baluchonner,0.41
baluchonneur,0.20
balustrade,11.28
balustre,1.35
balzacien,0.61
balèze,1.30
bambara,0.07
bambin,4.66
bambinette,0.07
bambino,0.37
bamboche,0.07
bambocher,0.27
bambou,6.15
bamboula,1.29
ban,2.16
banal,26.22
banalement,1.22
banalisation,0.07
banaliser,0.81
banalité,8.65
banane,11.14
bananer,1.04
bananeraie,0.20
bananier,3.85
banc,66.42
banc-titre,0.14
bancaire,3.94
bancal,3.18
banco,0.42
bancroche,0.14
bandage,4.76
bandagiste,0.14
bandaison,0.74
bandana,0.50
bandant,1.55
bande,78.36
bande-annonce,0.51
bande-son,0.27
bandeau,6.49
bandelette,1.15
bander,15.54
bandera,0.27
banderille,0.88
banderillero,0.10
banderole,4.19
bandeur,0.14
bandit,19.70
banditisme,0.95
bandoline,0.07
bandonéon,0.20
bandothèque,0.01
bandoulière,4.19
bandé,3.58
bang,2.37
bangladais,0.07
banian,0.27
banjo,3.13
bank-note,0.20
banlieue,23.85
banlieusard,1.35
banner,0.86
banni,0.88
bannir,7.03
bannissement,0.62
bannière,6.96
banque,79.35
banquer,0.47
banqueroute,1.02
banqueroutier,0.11
banquet,5.88
banquette,30.88
banquier,12.70
banquise,1.55
bantou,0.14
bantu,0.01
banyan,0.07
banyuls,0.74
baobab,1.15
baou,0.20
baptiser,16.35
baptiseur,0.07
baptismal,1.22
baptiste,0.77
baptistère,0.41
baptême,10.34
baquet,4.86
bar,67.57
bar-hôtel,0.01
bar-mitsva,0.41
bar-restaurant,0.07
bar-tabac,0.61
baragouin,0.41
baragouinage,0.10
baragouiner,1.49
baragouineur,0.01
baraka,0.47
baralipton,0.07
baraque,30.47
baraquement,2.64
baraqué,1.04
baraterie,0.01
baratin,4.03
baratiner,1.89
baratineur,0.74
barattage,0.10
baratte,0.41
baratter,0.47
barbacane,0.14
barbant,1.90
barbaque,3.18
barbara,0.05
barbare,10.61
barbarement,0.14
barbaresque,0.95
barbarie,3.72
barbarisme,0.34
barbe,50.54
barbe-de-capucin,0.07
barbeau,1.08
barbecue,5.87
barbelé,8.38
barber,1.69
barbet,0.41
barbette,0.20
barbiche,3.78
barbichette,0.81
barbichu,0.68
barbier,22.50
barbillon,0.81
barbiquet,0.41
barbiturique,0.80
barbon,0.61
barbot,0.20
barbote,0.20
barboter,3.18
barbotière,0.07
barbotte,0.07
barbouillage,0.81
barbouille,0.81
barbouiller,8.99
barbouilleur,1.22
barbouillis,0.07
barbouillé,1.55
barbouze,0.68
barbu,8.31
barbue,0.07
barca,0.20
barcarolle,0.14
barcasse,0.68
barda,2.16
bardage,0.01
bardane,0.34
barde,0.68
bardeau,0.41
barder,6.55
bardo,0.20
bardolino,0.14
bardot,0.27
baret,0.07
barge,1.70
barguigner,0.34
baril,3.04
barillet,2.03
barine,0.22
bariolage,0.61
bariolé,5.47
barje,0.27
barjo,1.02
barjot,0.84
barmaid,1.82
barman,11.01
barnum,0.20
barolo,0.05
baromètre,2.91
barométrique,0.14
baron,28.24
baronet,0.07
baronner,0.20
baronnet,0.34
baronnie,0.14
baroque,4.86
barotraumatisme,0.01
baroud,1.35
baroudeur,0.68
barouf,0.68
barque,41.28
barquette,0.54
barracuda,2.26
barrage,19.66
barre,29.39
barreau,19.53
barrer,32.36
barrette,2.50
barreur,0.07
barricade,7.57
barricader,5.41
barricadier,0.14
barrique,1.55
barrissement,0.88
barriste,0.07
barrière,22.91
barré,3.36
barrésien,0.07
bartavelle,1.61
barye,0.01
baryon,0.01
baryte,0.07
baryton,2.70
barytonner,0.14
baryté,0.01
baryum,0.14
barzoï,0.07
barème,0.54
bas,187.09
bas-bleu,0.47
bas-côté,5.34
bas-empire,0.07
bas-flanc,0.14
bas-fond,3.72
bas-relief,1.22
bas-ventre,2.30
basal,0.15
basalte,1.01
basaltique,0.34
basane,0.95
basané,2.50
basculant,0.95
bascule,5.95
basculement,0.14
basculer,31.35
base,59.22
base-ball,10.12
baseball,6.95
baser,15.61
basic,0.03
basilaire,0.04
basileus,0.04
basilic,1.86
basilicum,0.07
basilique,4.19
basin,0.07
basique,1.30
basket,16.48
basket-ball,1.38
basketteur,0.43
basmati,0.03
basoche,0.07
basque,8.73
bassa,0.14
basse,4.53
basse-cour,3.85
basse-fosse,0.20
basse-taille,0.14
bassement,0.54
bassesse,3.65
basset,1.49
bassette,0.07
bassin,25.20
bassine,8.99
bassiner,1.42
bassinet,0.34
bassinoire,0.47
bassiste,0.94
basson,0.07
basta,2.15
baste,1.21
baster,0.20
bastide,1.14
bastille,4.32
bastingage,2.03
bastion,2.70
baston,1.51
bastonnade,0.47
bastonner,0.68
bastos,1.62
bastringue,1.08
basé,0.67
bat-flanc,2.84
bat-l'eau,0.07
bataclan,1.08
bataille,77.77
batailler,1.76
batailleur,1.35
bataillon,29.53
bataillonnaire,0.14
batak,0.05
batardeau,0.02
batave,0.27
bateau,124.82
bateau-citerne,0.03
bateau-lavoir,0.20
bateau-mouche,0.74
bateau-pilote,0.01
bateau-pompe,0.07
bateleur,1.08
batelier,1.89
batellerie,0.20
bath,4.73
bathymètre,0.01
bathymétrique,0.01
bathyscaphe,0.05
bathysphère,0.01
batifolage,0.25
batifoler,1.21
batik,0.14
batiste,0.88
batracien,0.54
battage,0.34
battant,12.84
batte,6.87
battement,19.26
batterie,15.54
batteur,4.61
battle-dress,0.14
battoir,2.43
battre,200.35
battu,11.82
battue,3.78
batée,0.07
bau,0.22
baud,0.01
baudelairien,0.27
baudet,0.54
baudrier,3.45
baudroie,0.07
baudruche,0.88
bauge,1.35
baume,3.65
baumier,0.07
bauxite,0.41
bavard,12.30
bavardage,9.73
bavarder,24.19
bavarois,1.82
bavasser,0.95
bavasseur,0.01
bave,3.99
baver,12.36
bavette,0.95
baveur,0.27
baveux,4.05
bavocher,0.07
bavoir,0.61
bavure,4.12
bayadère,0.27
bayard,0.07
bayer,0.54
bayou,0.81
bazar,8.36
bazard,0.20
bazarder,1.42
bazardeur,0.07
bazooka,1.57
baïonnette,7.57
bcbg,0.14
be-bop,0.34
beagle,0.15
beat,1.34
beat generation,0.14
beatnik,0.45
beau,671.86
beau-fils,1.29
beau-frère,15.68
beau-papa,0.23
beau-parent,0.01
beau-père,16.54
beauceron,1.35
beaucoup,626.00
beauf,1.07
beaujolais,1.49
beaujolpif,0.41
beaupré,0.07
beauté,92.64
beauvais,0.07
beaux-arts,3.38
beaux-enfants,0.06
beaux-parents,1.52
bec,26.96
bec-de-cane,1.42
bec-de-lièvre,0.61
because,2.78
becfigue,0.27
becquer,0.54
becquet,0.07
becquetance,0.07
becqueter,1.89
becquée,0.41
bectance,0.95
becter,4.53
bedaine,1.62
bedeau,1.76
bedon,0.27
bedonnant,1.49
beefsteak,0.34
beeper,0.34
beethovénien,0.07
beffroi,0.74
behavioriste,0.01
beige,8.11
beigne,2.16
beignet,8.69
bel,37.09
bel canto,0.41
belette,2.01
belge,8.99
belgique,0.27
belladone,0.47
belle lurette,2.64
belle-doche,0.07
belle-famille,1.22
belle-fille,3.32
belle-maman,0.85
belle-à-voir,0.27
bellement,0.54
bellevillois,0.20
belliciste,0.21
belligérance,0.34
belligérant,1.15
belliqueusement,0.07
belliqueux,2.30
bellissime,0.07
bellot,0.01
belluaire,0.14
bellâtre,1.01
belon,1.01
belote,4.19
beloter,0.14
beluga,0.07
belvédère,0.74
ben,61.43
benedictus,0.11
bengalais,0.27
bengali,0.61
benjamin,0.81
benjoin,0.88
benne,3.11
benoît,0.90
benoîte,0.07
benoîtement,0.81
benthique,0.01
benzidine,0.01
benzine,0.41
benzoate,0.04
benzodiazépine,0.02
benzonaphtol,0.10
benzylique,0.01
benzène,0.12
benzédrine,0.27
benêt,1.49
ber,0.16
berbère,1.22
bercail,2.33
berce,0.20
berceau,13.31
bercelonnette,0.07
bercement,0.74
bercer,18.04
berceur,1.01
berdouillette,0.20
berg,0.04
bergamote,0.16
berge,16.49
berger,24.80
bergerie,3.45
bergeronnette,0.41
berk,1.35
berle,0.13
berlin,0.07
berline,2.30
berlingot,1.76
berlingue,0.34
berlinois,1.69
berloque,0.14
berlue,1.35
berlure,1.08
berlurer,1.01
berme,0.27
bermuda,0.61
bernache,0.41
bernard-l'ermite,0.34
bernard-l'hermite,0.14
berne,1.49
berner,3.56
bernicle,0.34
bernique,0.61
bernois,0.41
berrichon,0.88
bersaglier,0.23
bertha,0.20
berthe,0.61
berzingue,1.49
besace,2.70
besaiguë,0.07
besant,0.07
besef,0.07
besicles,0.27
besogne,15.61
besogner,2.30
besogneux,1.82
besoin,771.24
besson,0.14
best,0.52
best of,0.17
best-seller,1.09
bestiaire,1.28
bestial,3.04
bestialement,0.02
bestialité,1.49
bestiasse,0.14
bestiau,6.35
bestiole,6.76
bette,1.60
betterave,4.12
betteravier,0.07
betting,0.03
beu,0.95
beuark,0.07
beuglant,0.88
beuglement,1.15
beugler,5.74
beuh,1.06
beur,0.54
beurk,4.01
beurrage,0.07
beurre,27.97
beurrer,2.97
beurrier,0.12
beurré,2.50
beuverie,1.55
bey,2.91
bezef,0.14
bi,1.27
biafrais,0.14
biais,16.69
biaiser,0.68
biaisé,0.03
biathlon,0.30
bib,0.01
bibard,0.20
bibelot,7.43
bibendum,0.20
biberon,6.65
biberonner,0.95
bibi,1.15
bibiche,3.04
bibine,3.99
bibite,0.27
bible,17.84
bibliobus,0.07
bibliographe,0.07
bibliographie,0.81
bibliographique,0.14
bibliophile,0.68
bibliophilie,0.14
bibliophilique,0.07
bibliothèque,40.74
bibliothécaire,2.50
biblique,4.19
bibliquement,0.13
bic,0.44
bicarbonate,1.20
bicause,0.68
bicentenaire,0.36
biceps,3.72
biche,13.92
bicher,1.89
bichette,0.09
bichon,0.68
bichonner,1.42
biclou,0.14
bicolore,0.68
bicoque,3.85
bicorne,2.64
bicot,4.46
bicuspide,0.01
bicycle,0.29
bicyclette,28.51
bicycliste,0.07
bicéphale,0.54
bicéphalie,0.20
bidasse,0.81
bide,8.58
bidet,3.45
bidimensionnel,0.07
bidoche,3.78
bidon,16.28
bidonnage,0.14
bidonnant,0.14
bidonner,1.89
bidonville,1.55
bidouillage,0.05
bidouille,0.19
bidouiller,0.45
bidule,2.03
bief,0.61
bielle,1.86
bien,4213.78
bien-aimé,8.50
bien-fonds,0.07
bien-fondé,0.81
bien-manger,0.14
bien-pensant,2.16
bien-portant,0.41
bien-être,8.78
bienfaisance,1.96
bienfaisant,4.05
bienfait,4.26
bienfaiteur,3.45
bienheureusement,0.27
bienheureux,5.20
biennale,0.14
bienséance,2.23
bienséant,1.08
bientôt,184.96
bienveillamment,0.10
bienveillance,7.30
bienveillant,7.50
bienvenu,14.30
bienvenue,22.63
bif,0.14
biface,0.07
biffe,0.54
biffer,1.62
biffeton,2.64
biffin,1.62
bifide,0.61
bifteck,5.14
bifton,2.84
biftèque,0.47
bifurcation,0.54
bifurquer,2.03
big band,0.05
big bang,1.62
big-bang,0.41
bigaille,0.27
bigame,0.23
bigamie,0.47
bigarreau,0.07
bigarrer,0.81
bigarrure,0.74
bigarré,1.62
bighorn,0.20
bigle,0.34
bigler,2.16
bigleux,1.88
bigne,0.20
bignole,5.74
bignolle,0.07
bignon,0.07
bigo,0.54
bigophone,0.68
bigophoner,0.81
bigorne,0.20
bigorneau,1.55
bigorner,0.61
bigot,1.01
bigoterie,0.20
bigouden,0.34
bigoudi,3.45
bigre,1.01
bigrement,1.49
bigue,0.14
biguine,0.34
bihebdomadaire,0.14
bihoreau,0.27
bijou,11.96
bijouterie,2.41
bijoutier,2.70
bijoux,21.01
bikini,2.98
bilan,7.36
bilatéral,0.51
bilatéralement,0.03
bilbergia,0.07
bilboquet,1.15
bile,4.66
biler,2.95
bileux,0.01
bilharziose,0.20
biliaire,0.75
bilieux,0.68
bilingue,0.88
bilinguisme,0.07
bilirubine,0.07
bill,0.56
billard,12.23
bille,19.53
biller,0.07
billet,83.87
billetterie,0.19
billevesée,0.54
billion,0.42
billon,0.14
billot,2.50
bim,0.52
bimbeloterie,0.61
bimensuel,0.14
bimestre,0.01
bimoteur,0.34
bimétallisme,0.14
bin's,0.03
binaire,0.68
biner,0.68
binet-simon,0.07
binette,1.49
bing,1.81
bingo,9.08
biniou,0.81
binoclard,2.43
binocle,1.01
binoculaire,0.07
bintje,0.07
binz,0.27
binôme,0.27
bio,3.30
biochimie,0.63
biochimique,0.32
biochimiquement,0.02
biochimiste,0.35
biodiversité,0.05
biodégradable,0.16
biographe,0.88
biographie,5.34
biographique,0.88
biogénique,0.01
biogénétique,0.14
biologie,4.13
biologique,7.34
biologiquement,0.46
biologiste,1.08
bioluminescence,0.05
biomasse,0.03
biomécanique,0.16
biomécanisme,0.01
biomédical,0.10
biométrie,0.03
biométrique,0.19
bionique,0.34
biophysique,0.06
biopsie,2.19
biorythme,0.06
biosphère,0.08
biotechnique,0.15
biotechnologie,0.22
biotique,0.02
biotite,0.03
biotope,0.07
bioxyde,0.07
bioélectrique,0.01
bip,7.68
bip-bip,0.47
bipartisan,0.01
bipartisme,0.07
bipartite,0.15
biper,4.07
biphényle,0.01
biplace,0.16
biplan,0.68
bipolaire,0.29
bipolarité,0.07
bipède,0.78
bique,4.39
biquet,2.77
biquette,1.35
birbe,0.47
bire,0.07
biribi,0.74
birman,0.36
biroute,0.95
birth control,0.14
biréfringence,0.01
bis,2.03
bisannuel,0.07
bisaïeul,0.20
bisbille,0.34
biscaïen,0.20
bischof,0.14
biscornu,3.04
biscotte,2.43
biscuit,12.72
biscuiterie,0.68
bise,8.72
biseau,0.95
biseness,0.14
biser,0.20
bisette,0.07
bisexualité,0.07
bisexuel,1.80
bisexué,0.07
bishop,0.02
bismarckien,0.07
bismuth,0.14
bisness,0.14
bison,3.38
bisou,18.40
bisou-éclair,0.01
bisque,0.61
bisquer,0.27
bissac,0.34
bissel,0.02
bisser,0.27
bissextile,0.47
bistorte,0.14
bistouille,0.07
bistouquette,0.22
bistouri,2.36
bistouriser,0.07
bistre,2.16
bistro,3.04
bistroquet,0.47
bistrot,27.57
bistrotier,0.41
bistrouille,0.20
bisulfite,0.07
bit,1.24
bite,26.41
bithynien,0.41
bitoniau,0.01
bitos,0.74
bitte,1.01
bitter,0.23
bitume,6.01
bitumeux,0.34
bitumineux,0.07
biture,1.22
biturer,0.20
biturin,0.27
bivalve,0.01
bivouac,3.85
bivouaquer,0.75
bizarde,0.27
bizarre,131.41
bizarrement,11.82
bizarrerie,3.38
bizarroïde,0.27
bizness,2.02
bizou,0.07
bizut,2.30
bizutage,1.02
bizuter,0.14
bizuth,0.02
bière,81.67
bla-bla,1.51
bla-bla-bla,0.41
blabla,1.42
blablabla,0.88
blablater,0.14
black,4.07
black-bass,0.07
black-jack,0.75
black-out,1.00
blackbouler,0.07
blafard,10.27
blague,72.63
blaguer,9.41
blagueur,0.74
blair,1.35
blaireau,4.14
blairer,2.03
blaisois,0.07
blanc,430.54
blanc-bec,1.50
blanc-bleu,0.41
blanc-gris,0.07
blanc-seing,0.27
blanche,11.82
blanchecaille,0.54
blanchement,0.07
blanchet,1.15
blancheur,15.27
blanchi,2.23
blanchiment,0.75
blanchir,12.23
blanchissage,0.31
blanchissant,0.61
blanchissement,0.14
blanchisserie,3.45
blanchisseur,3.65
blanchoiement,0.07
blanchon,1.28
blanchâtre,7.23
blancs-manteaux,0.07
blanque,0.07
blanquette,1.01
blase,1.55
blaser,1.96
blason,3.45
blasphème,5.51
blasphémateur,0.68
blasphématoire,0.81
blasphémer,4.11
blastula,0.01
blasé,3.92
blatte,0.86
blaze,3.18
blazer,3.24
bled,8.04
blennorragie,0.14
blessant,2.91
blesser,103.74
blessing,0.01
blessure,41.81
blessé,30.34
blet,1.42
blettir,0.14
blettissement,0.14
bleu,207.64
bleu-ciel,0.07
bleu-noir,1.01
bleu-roi,0.02
bleu-vert,0.47
bleubite,0.27
bleuet,1.98
bleuette,0.03
bleui,1.08
bleuir,3.11
bleusaille,0.38
bleuté,7.09
bleuâtre,7.23
bliaut,0.27
blindage,1.01
blinde,0.47
blinder,3.58
blindé,9.05
blini,0.93
blitzkrieg,0.09
blizzard,1.12
blob,0.19
bloc,38.78
bloc-cylindres,0.01
bloc-moteur,0.01
bloc-notes,0.61
blocage,1.82
blocaille,0.07
block,1.06
blockhaus,6.15
blocs-notes,0.07
blocus,2.36
blond,76.76
blondasse,0.88
blondeur,2.64
blondin,0.14
blondinet,0.95
blondir,1.15
bloody mary,1.32
bloom,0.01
bloomer,0.01
bloquant,0.01
bloquer,38.62
bloqueur,0.24
bloqué,3.45
blot,1.76
blotti,1.01
blottir,12.84
blottissement,0.07
bloum,0.07
blouse,32.64
blouser,0.54
blouson,25.20
blue note,0.02
blue-jean,2.03
blues,7.81
bluette,0.61
bluff,3.02
bluffer,6.30
bluffeur,0.30
blush,0.20
bluter,0.07
blutoir,0.07
blâmable,0.41
blâme,4.73
blâmer,9.38
blèche,0.34
blèsement,0.07
blé,28.65
blédard,0.14
blépharite,0.14
blême,14.73
blêmir,2.70
boa,2.30
boat people,0.07
bob,0.88
bobard,3.13
bobbies,0.20
bobby,0.32
bobinage,0.14
bobinard,0.41
bobine,5.88
bobineau,0.07
bobinette,0.20
bobino,0.41
bobo,2.42
bobonne,1.15
bobosse,0.61
bobsleigh,0.91
bobèche,0.14
boc,0.07
bocage,2.84
bocal,7.50
bocard,0.07
boche,25.14
bochiman,0.01
bock,1.35
bocson,0.27
bodega,0.65
bodhi,2.21
bodhisattva,0.38
bodo,1.00
body,1.24
body-building,0.01
bodybuilding,0.01
boer,0.41
boeuf,21.01
bof,4.70
boggie,0.41
boghei,2.64
bogie,0.14
bogue,0.47
boguer,0.16
boguet,0.07
bohème,2.84
bohémien,4.08
bohême,0.54
boire,339.05
bois,299.46
boiserie,5.00
boiseur,0.07
boisseau,0.61
boisselier,0.27
boisson,18.55
boisé,3.04
boitement,0.05
boiter,15.43
boiterie,0.54
boiteux,4.39
boitillant,0.14
boitillement,0.14
boitiller,1.82
bol,25.14
bola,0.47
bolchevik,2.11
bolchevique,1.49
bolchevisme,1.08
bolcheviste,0.14
bolcho,0.04
bold,0.04
boldo,0.20
bolduc,0.34
bolet,0.81
bolge,0.07
bolide,2.70
bolivar,0.47
bolivien,0.39
bolognais,0.34
bolée,0.27
boléro,1.22
bombage,0.20
bombance,0.54
bombarde,0.95
bombardement,17.16
bombarder,10.86
bombardier,3.31
bombardon,0.27
bombardé,1.42
bombe,64.39
bomber,5.74
bombeur,0.03
bombillement,0.07
bombinette,0.20
bombonne,0.47
bombyx,0.12
bombé,5.61
bon,1554.44
bon-papa,1.55
bonace,0.14
bonapartiste,0.28
bonard,0.34
bonasse,2.03
bonassement,0.07
bonasserie,0.07
bonbon,23.45
bonbonne,2.43
bonbonnière,1.35
bond,25.74
bondage,0.41
bonde,0.61
bonder,2.30
bondieusard,0.01
bondieuserie,0.68
bondir,35.41
bondissant,2.77
bondissement,0.61
bondrée,0.20
bondé,3.04
bongo,0.21
bonheur,162.36
bonheur-du-jour,0.14
bonhomie,4.12
bonhomme,29.80
boni,0.68
boniche,1.28
bonification,0.07
bonifier,0.14
boniment,3.99
bonimenter,0.20
bonimenteur,0.47
bonir,1.08
bonjour,570.57
bonnard,1.62
bonne,59.44
bonne-maman,2.03
bonnement,4.66
bonnet,18.58
bonneteau,1.35
bonneter,0.07
bonneterie,0.61
bonneteur,0.07
bonnette,0.14
bonniche,2.91
bonnir,6.67
bonsaï,0.23
bonsoir,161.17
bonté,19.80
bonus,3.80
bonzaï,0.20
bonze,1.55
boogie-woogie,0.28
book,2.89
bookmaker,2.07
boom,2.83
boomer,2.19
boomerang,2.17
booster,0.63
bootlegger,0.22
boots,0.95
bop,0.27
boqueteau,3.04
bora,0.14
borax,0.16
borborygme,1.96
borchtch,0.07
bord,228.11
bordage,0.47
bordeau,0.02
bordeaux,3.78
bordel,98.77
bordelais,1.28
border,34.46
bordereau,1.09
borderie,0.01
borderline,0.14
bordier,0.07
bordille,0.07
bordj,0.74
bordure,12.91
bordurer,0.47
bordé,1.28
bordée,3.45
bordélique,0.65
bordéliser,0.07
bore,0.17
borgne,3.99
borie,0.61
borique,0.11
bornage,0.61
borne,20.61
borne-fontaine,0.20
borner,13.24
borné,4.66
borough,0.18
borsalino,0.07
bortch,0.02
bortsch,1.03
boréal,1.49
borée,0.14
bosco,1.01
boskoop,0.14
bosniaque,0.82
bosnien,0.07
bosquet,5.81
boss,13.45
bossa-nova,0.12
bossage,0.01
bosse,12.57
bosseler,2.36
bossellement,0.14
bosselure,0.07
bosselé,2.50
bosser,76.28
bosseur,0.59
bossoir,0.27
bosson,0.07
bossu,4.74
bossué,0.61
boston,0.47
bostonien,0.27
bostonner,0.07
bot,0.54
botanique,0.88
botaniquement,0.01
botaniste,0.74
botte,44.93
botteler,0.34
bottelé,0.01
botter,15.54
botteur,0.14
bottier,0.74
bottillon,0.74
bottin,1.35
bottine,4.86
botté,2.23
botulique,0.19
botulisme,0.15
boubou,2.30
bouc,10.07
boucan,3.22
boucaner,1.08
boucanerie,0.07
boucanier,0.36
bouchage,0.07
boucharde,0.27
boucharder,0.07
bouche,283.45
bouche-trou,0.25
bouche-à-bouche,0.20
bouche-à-oreille,0.07
boucher,21.22
boucherie,8.92
bouchon,14.46
bouchonner,0.95
bouchonné,0.07
bouchot,0.14
bouchure,0.07
bouché,4.12
bouchée,11.49
bouclage,0.54
boucle,29.86
boucler,24.61
bouclette,1.49
bouclier,14.45
bouclé,7.16
bouddha,1.55
bouddhique,0.20
bouddhisme,1.89
bouddhiste,1.69
bouder,8.04
bouderie,1.69
boudeur,4.05
boudi,0.01
boudin,7.57
boudine,0.10
boudiné,1.35
boudiou,0.20
boudoir,3.92
boudu,7.37
boue,53.31
boueur,0.07
boueux,11.15
bouf,0.14
bouffable,0.03
bouffant,3.11
bouffarde,1.01
bouffe,14.51
bouffer,42.72
bouffetance,0.14
bouffeur,0.84
bouffi,3.92
bouffissure,0.41
bouffon,6.79
bouffonnant,0.20
bouffonnement,0.07
bouffonner,0.54
bouffonnerie,1.01
bouffée,26.35
bouftance,0.07
bougainvillier,0.14
bougainvillée,1.42
bouge,34.79
bougeoir,2.57
bougeotte,1.15
bouger,211.90
bougie,29.86
bougnat,2.57
bougnoul,0.11
bougnoule,3.31
bougon,2.91
bougonnement,0.01
bougonner,5.74
bougran,0.23
bougre,11.22
bougrement,1.55
bougrerie,0.14
bougresse,0.47
bougé,0.26
boui-boui,0.39
bouiboui,0.14
bouif,0.14
bouillabaisse,0.66
bouillant,8.11
bouillasse,0.61
bouille,6.55
bouilleur,0.34
bouilli,4.26
bouillie,9.73
bouillir,13.58
bouilloire,3.85
bouillon,8.92
bouillonnant,2.50
bouillonnement,3.11
bouillonner,6.08
bouillonneux,0.07
bouillonné,0.34
bouillotte,1.96
bouillu,0.07
boukha,0.14
boulange,0.27
boulanger,13.31
boulanger-pâtissier,0.14
boulangerie,8.04
boulangisme,0.07
boulder,0.46
boule,61.22
boule-de-neige,0.07
bouleau,4.05
bouledogue,2.09
bouler,1.82
boulet,8.11
boulette,6.13
boulevard,61.15
boulevardier,0.27
bouleversant,5.27
bouleversement,7.30
bouleverser,27.03
bouleversé,6.82
boulgour,0.15
boulier,1.96
boulimie,0.54
boulimique,0.34
bouline,0.07
bouliste,0.61
boulle,0.14
boulodrome,0.07
bouloir,0.01
boulon,3.51
boulonnage,0.01
boulonnais,0.07
boulonner,0.61
boulonnerie,0.07
boulot,202.97
boulot-refuge,0.07
boulotte,0.27
boulotter,0.41
boulu,0.14
boum,7.01
bouquet,37.09
bouquetier,0.41
bouquetin,0.34
bouqueté,0.07
bouquin,27.70
bouquinage,0.07
bouquiner,2.03
bouquineur,0.01
bouquiniste,2.09
bour,0.14
bourbe,0.20
bourbeux,1.89
bourbier,1.35
bourbon,6.96
bourbonien,0.95
bourdaine,0.14
bourde,1.54
bourdillon,0.14
bourdon,5.54
bourdonnant,2.97
bourdonnement,10.54
bourdonner,9.53
bourg,15.88
bourgade,3.99
bourge,1.22
bourgeois,28.65
bourgeoisement,0.54
bourgeoisie,10.27
bourgeoisisme,0.07
bourgeon,2.84
bourgeonnant,0.41
bourgeonnement,0.27
bourgeonner,1.22
bourgeron,1.28
bourgmestre,1.49
bourgogne,1.35
bourgueil,0.07
bourguignon,4.19
bourlingue,0.01
bourlinguer,0.61
bourlingueur,0.34
bourrache,0.07
bourrade,4.80
bourrage,0.27
bourrasque,6.01
bourratif,0.20
bourre,6.49
bourre-mou,0.01
bourre-pif,0.07
bourreau,12.91
bourrelet,6.22
bourrelier,0.88
bourrellerie,0.27
bourrer,27.36
bourreur,0.14
bourriche,0.68
bourrichon,0.40
bourricot,1.08
bourrier,0.34
bourrin,1.62
bourrine,0.01
bourrique,2.97
bourriquet,0.16
bourru,5.20
bourré,5.89
bourse,19.66
boursicot,0.07
boursicotage,0.07
boursicoteur,0.14
boursier,0.74
boursouflement,0.07
boursoufler,3.04
boursouflure,1.82
boursouflé,3.31
bousbir,0.54
bousculade,6.28
bousculer,34.46
bouse,5.14
bouseux,2.44
bousier,0.34
bousillage,0.27
bousiller,12.91
bousilleur,0.03
bousillé,0.62
bousin,0.14
bousine,0.14
boussole,4.66
boustifaille,0.81
boustrophédon,0.20
bout,398.11
bout-dehors,0.20
bout-rimé,0.14
boutade,1.49
boutanche,2.16
boutargue,0.07
boute-en-train,0.74
boutefeu,0.41
boutefeux,0.20
bouteille,104.05
bouteillon,0.68
bouter,1.55
bouteur,0.07
bouthéon,1.15
boutillier,0.14
boutique,48.92
boutique-cadeaux,0.02
boutiquer,0.14
boutiquier,1.76
boutoir,2.23
bouton,44.46
bouton-d'or,0.20
bouton-pression,0.14
boutonnage,0.34
boutonnant,0.14
boutonner,6.22
boutonneux,1.76
boutonnière,3.65
boutonné,1.69
boutre,0.81
bouture,0.47
bouvet,0.07
bouvier,1.01
bouvillon,0.20
bouvreuil,0.27
bouzine,0.27
bouzouki,0.47
bouzy,0.07
bouée,5.47
bovidé,0.68
bovin,1.49
bow-window,0.54
bowling,1.08
box,4.05
box-calf,0.27
box-office,0.35
boxe,9.32
boxer,5.78
boxer-short,0.07
boxeur,8.71
boxon,1.01
boy,12.82
boy-friend,0.14
boy-scout,2.09
boy-scoutesque,0.07
boyard,3.96
boyau,13.58
boyauter,0.07
boycott,0.64
boycotter,0.67
bozo,0.25
boîte,134.05
boîtier,1.04
brabant,0.20
brabançon,0.27
bracelet,13.45
bracelet-montre,2.70
brachial,0.19
brachiocéphalique,0.01
brachiosaure,0.02
brachycéphale,0.07
braco,0.20
braconnage,0.61
braconner,0.95
braconnier,2.77
brader,1.22
braderie,0.31
bradillon,0.20
bradycardie,0.17
bragard,0.07
braguette,6.69
brahmane,0.47
brahmanique,0.07
brahmanisme,0.07
brai,0.02
braiement,0.07
braillard,2.16
braille,0.55
braillement,0.54
brailler,14.53
brailleur,0.07
braiment,7.91
brain-trust,0.07
brainstorming,0.04
braire,0.61
braise,12.23
braiser,0.27
braisillant,0.14
braisé,0.42
brame,3.58
bramement,0.20
bramer,4.26
bran,0.16
brancard,7.30
brancarder,0.01
brancardier,3.92
branchage,4.46
branche,85.61
branchement,0.52
brancher,20.34
branchette,2.30
branchie,0.50
branchu,0.27
branché,4.64
brand,0.14
brandade,0.14
brandebourgeois,0.14
brandevin,0.01
brandevinier,0.41
brandillon,0.61
brandir,22.09
brandon,0.81
brandy,3.10
branlage,0.07
branlant,4.66
branle,4.32
branle-bas,1.82
branlement,0.07
branler,12.72
branlette,3.25
branleur,5.22
branlée,0.80
branque,3.11
branquignol,0.07
braquage,7.74
braque,1.01
braquemart,0.61
braquer,15.68
braquet,0.20
braqueur,3.12
bras,487.97
brasage,0.07
braser,0.07
brasero,1.82
brasier,6.42
brasillement,0.20
brasiller,0.88
brassage,0.81
brassard,4.93
brasse,2.16
brasser,5.61
brasserie,9.05
brasserie-hôtel,0.07
brasseur,0.54
brassicourt,0.07
brassière,0.55
brassée,3.18
brasure,0.07
bravache,0.27
bravade,1.69
brave,35.00
bravement,3.78
braver,5.20
bravissimo,0.20
bravo,48.98
bravoure,3.18
braye,0.61
break,7.18
break-down,0.14
breakdance,0.10
breakfast,1.22
brebis,7.03
bredin,0.07
bredouillage,0.14
bredouillant,0.20
bredouille,2.70
bredouillement,0.68
bredouiller,13.38
bredouillis,0.14
bref,74.80
bregma,0.01
breitschwanz,0.20
brelan,1.29
breloque,1.69
breneux,0.14
bressan,0.68
brestois,0.20
bretelle,13.04
breton,9.86
bretonnant,0.14
brette,0.01
bretteur,0.31
bretzel,1.51
breuil,0.14
breuvage,2.57
brevet,3.58
breveter,0.49
breveté,0.61
bri,0.54
briard,0.20
bribe,14.73
bric et de broc,0.47
bric-à-brac,3.24
bricheton,0.68
brick,1.51
bricolage,1.76
bricole,5.68
bricoler,6.15
bricoleur,0.58
bricolo,0.27
bride,10.07
brider,2.30
bridge,4.33
bridger,0.61
bridon,0.41
bridé,2.64
brie,0.88
briefer,2.04
briefing,3.25
briffer,0.88
brigade,16.65
brigadier,14.53
brigadier-chef,1.96
brigadiste,0.07
brigand,5.14
brigandage,0.74
brigantin,0.20
brigantine,0.07
brignolet,0.27
briguer,1.01
brillamment,2.30
brillance,0.74
brillant,53.31
brillantage,0.07
brillantine,1.96
brillantiner,0.47
briller,81.22
brimade,2.91
brimbalement,0.14
brimbaler,0.27
brimborion,0.34
brimer,2.16
brin,19.26
brindezingue,0.07
brindille,6.55
bringue,1.42
bringuebalant,0.47
bringuebaler,0.95
brinquebaler,0.41
brio,1.89
brioche,7.09
brioché,0.07
briquage,0.14
brique,31.55
briquer,2.57
briquet,13.65
briquetage,0.14
briqueterie,0.45
briquetier,0.07
briquette,0.61
bris,1.35
brisant,1.35
briscard,0.34
brise,11.49
brise-bise,0.41
brise-fer,0.01
brise-glace,0.20
brise-jet,0.07
brise-lame,0.14
brise-vent,0.01
briser,61.62
briseur,1.11
brisis,0.05
brisque,0.03
bristol,1.55
brisure,0.95
brisé,16.42
brisée,1.49
britannique,68.72
british,1.75
brivadois,0.14
brize,0.47
brièvement,6.22
brièveté,1.35
broc,4.53
brocante,1.42
brocanteur,9.26
brocard,1.01
brocarder,0.27
brocart,3.99
brocatelle,0.07
brochage,0.20
brochant,6.29
broche,5.74
brocher,1.08
brochet,3.99
brochette,3.04
brocheur,0.34
brochure,3.99
broché,0.74
brocoli,1.32
brodequin,4.12
broder,14.86
broderie,6.22
brodé,8.11
broiement,0.20
broker,0.07
brol,0.01
brome,0.14
bromure,0.52
bronche,2.23
broncher,12.84
bronchique,0.24
bronchite,2.36
bronchitique,0.14
broncho,0.03
broncho-pneumonie,0.41
broncho-pneumopathie,0.07
bronchoscope,0.01
bronchoscopie,0.13
brontosaure,0.12
bronzage,1.67
bronzant,0.14
bronze,19.26
bronzer,5.74
bronzette,0.14
bronzier,0.07
bronzé,6.69
brook,0.12
broque,0.74
broquille,1.15
brossage,0.20
brosse,19.59
brosser,10.14
brosseur,0.20
brossier,0.07
brou,0.74
brouet,0.81
brouette,6.76
brouetter,0.20
brouettée,0.27
brouhaha,9.66
brouillade,0.07
brouillage,0.95
brouillamini,0.27
brouillard,35.20
brouillardeux,0.27
brouillasse,0.27
brouille,2.50
brouiller,24.12
brouilleur,0.78
brouillon,4.93
brouillé,4.32
broum,0.74
broussaille,7.16
broussailleux,1.96
broussard,0.28
brousse,11.01
brout,0.81
broutage,0.03
broutard,0.14
brouter,6.01
brouteur,0.41
broutille,1.87
brown sugar,0.07
browning,0.20
broyage,0.14
broyer,8.85
broyeur,1.56
broyé,1.82
brrr,1.82
bru,3.24
bruant,0.14
brucellose,0.07
brugeois,0.34
bruges,0.07
brugnon,0.27
bruine,2.77
bruiner,0.95
bruire,2.97
bruissant,4.66
bruissement,8.24
bruit,281.49
bruitage,0.54
bruiter,0.07
bruiteur,0.20
brumaille,0.07
brumaire,0.27
brume,42.57
brumeux,6.89
brumisateur,0.01
brun,68.18
brunch,1.63
brune,7.77
brunet,0.14
brunette,0.54
bruni,1.96
brunir,3.24
brunissage,0.02
brunissoir,0.07
brunâtre,5.20
brushing,0.65
brusque,35.34
brusquement,111.42
brusquer,4.05
brusquerie,4.32
brut,8.65
brutal,35.34
brutalement,23.11
brutaliser,1.41
brutalité,11.15
brute,14.03
bruxellois,0.54
bruyamment,10.54
bruyant,16.82
bruyère,6.01
brèche,9.59
brème,1.49
brève,1.42
bréchet,0.54
bréhaigne,0.27
brésil,0.20
brésilien,4.32
bréviaire,1.69
brûlage,0.20
brûlant,36.28
brûle-gueule,0.41
brûler,110.28
brûleur,0.37
brûlis,0.34
brûlot,1.35
brûlure,12.50
brûlé,18.31
bu,4.86
buanderie,1.69
bubble-gum,0.08
bubon,0.34
bubonique,0.25
buccal,0.54
buccin,0.14
buccinateur,0.07
bucco,0.21
bucco-génital,0.11
bucolique,1.22
buddha,0.40
budget,11.21
budgétaire,1.08
budgétairement,0.07
budgétisation,0.01
buen retiro,0.14
buffalo,0.05
buffet,21.35
buffle,4.19
buffleterie,0.74
bufo,0.01
bug,1.90
buggy,0.28
bugle,0.34
bugler,0.07
bugne,0.14
building,3.24
buis,7.23
buisson,27.09
buisson-ardent,0.01
buissonnant,0.14
buissonner,0.20
buissonneux,0.41
bulbe,1.82
bulbeux,0.16
bulbul,0.47
bulgare,1.38
bulgaro,0.07
bulge,0.02
bull,1.04
bull-dog,0.68
bull-finch,0.14
bull-terrier,0.02
bullaire,0.01
bulldog,0.49
bulldozer,2.64
bulle,16.55
buller,0.35
bulletin,7.50
bulleux,0.14
bulot,0.07
bumper,0.14
buna,0.01
bungalow,12.84
bunker,4.51
bunraku,0.07
bunsen,0.07
buraliste,0.95
bure,3.18
bureau,167.13
bureaucrate,1.95
bureaucratie,1.17
bureaucratique,0.70
bureaucratiquement,0.07
bureautique,0.01
burette,1.62
burg,0.20
burger,2.31
burgraviat,0.07
burin,2.23
buriner,0.61
buriné,0.68
burkinabé,0.01
burlesque,2.36
burlingue,1.15
burne,1.49
burnous,1.76
bursite,0.09
burundais,0.01
bus,50.63
busard,0.74
buse,2.84
bush,0.24
bushi,0.20
bushido,0.01
bushman,0.07
business,15.62
businessman,1.31
busqué,1.76
buste,24.46
bustier,0.34
but,78.43
butadiène,0.03
butagaz,0.47
butane,1.08
bute,0.01
buter,31.86
buteur,0.39
butin,6.35
butiner,1.69
butineur,0.07
butoir,0.81
butor,1.08
butte,7.03
butter,1.17
butteur,0.11
buttoir,0.07
buté,8.58
butée,0.88
buvable,0.68
buvant,0.20
buvard,4.32
buvette,3.04
buveur,4.66
buée,13.51
by,12.49
by night,0.41
by-pass,0.03
bye,23.11
bye-bye,2.36
byronien,0.07
byzantin,3.38
byzantinisant,0.07
byzantinisme,0.34
bâbord,1.97
bâche,13.38
bâcher,0.47
bâché,0.81
bâcler,3.99
bâfrer,1.96
bâfreur,0.07
bâillant,0.81
bâillement,4.19
bâiller,18.51
bâillon,1.96
bâillonner,2.70
bât,2.57
bâtard,13.66
bâtardise,3.04
bâter,0.34
bâti,2.30
bâtiment,36.82
bâtir,24.53
bâtisse,9.59
bâtisseur,1.01
bâton,30.27
bâtonner,0.14
bâtonnet,2.84
bâtonnier,1.35
bâté,0.47
bègue,0.61
bé,1.15
béance,0.61
béant,10.34
béarnais,0.13
béat,4.73
béatement,1.42
béatification,0.27
béatifier,0.54
béatifique,0.14
béatitude,5.74
bébé,191.63
bébête,2.91
bécabunga,0.07
bécane,4.80
bécard,0.07
bécarre,0.07
bécasse,1.56
bécassine,0.20
béchamel,0.41
bécher,0.01
bécot,0.47
bécoter,1.05
bécoteur,0.07
bédane,0.20
bédouin,0.54
bédé,0.29
bée,0.14
béer,3.65
bégaiement,2.23
bégayant,0.68
bégayer,7.50
bégayeur,0.14
bégueule,0.68
bégueulerie,0.07
béguin,3.11
béguinage,0.07
béguine,0.14
béguineuse,0.14
bégum,0.27
béhème,0.20
béhémoth,0.47
béjaune,0.20
bélier,3.99
bélinogramme,0.07
bélouga,0.02
béluga,0.02
bélître,0.07
bémol,1.01
bénard,1.82
bénef,0.71
bénignement,0.07
bénignité,0.20
bénin,3.45
béninois,0.14
bénir,48.77
bénisseur,0.61
bénit,4.26
bénitier,1.96
bénouze,0.20
bénédicité,0.43
bénédictin,0.95
bénédiction,11.15
bénéfice,11.42
bénéficiaire,1.55
bénéficier,9.66
bénéfique,3.24
bénévolat,0.98
bénévole,2.70
bénévolement,0.54
bénévolence,0.07
béotien,0.47
béquillard,0.07
béquille,6.15
béquilleux,0.07
béret,15.07
béribéri,0.18
béryl,0.27
béryllium,0.20
bérézina,0.41
bésef,0.14
bésiclard,0.07
bésicles,0.20
bésigue,0.06
bétail,9.71
bétaillère,0.20
bétel,2.94
bétoine,0.01
béton,15.68
bétonnage,0.14
bétonner,0.22
bétonnière,0.23
bétonné,0.61
bévue,1.22
bézef,0.14
bézoard,0.01
bêche,3.72
bêcher,2.70
bêcheur,1.22
bêlant,0.47
bêlement,1.22
bêler,1.55
bêta,2.36
bêtatron,0.01
bête,117.36
bêtement,11.28
bêtifiant,0.20
bêtifier,0.81
bêtise,39.31
bêtisier,0.04
bôme,0.47
bûche,13.18
bûcher,9.59
bûcheron,8.24
bûcheronner,0.20
bûchette,0.61
bûcheur,0.61
c,59.73
c'est-à-dire,51.96
cab,0.42
cabale,0.88
cabaliste,0.34
cabalistique,0.68
caballero,0.20
caban,1.49
cabane,29.46
cabanon,2.09
cabaret,6.69
cabaretier,0.74
cabas,5.68
caberlot,0.07
cabernet,0.16
cabestan,0.34
cabillaud,0.27
cabine,35.07
cabiner,0.07
cabinet,36.49
cabochard,0.47
caboche,1.49
cabochon,1.35
cabosse,0.14
cabosser,4.32
cabot,1.52
cabotage,0.20
caboter,0.41
caboteur,1.01
cabotin,0.81
cabotinage,0.47
caboulot,0.68
cabrade,0.07
cabrage,0.04
cabrer,6.55
cabrette,0.20
cabri,1.08
cabriole,1.15
cabrioler,0.47
cabriolet,3.38
cabus,0.07
cabèche,0.54
caca,3.16
cacahouète,1.00
cacahuète,7.29
cacao,1.42
cacaotier,0.01
cacaoyer,0.01
cacatois,0.07
cacatoès,0.34
cachalot,0.95
cache,4.33
cache-brassière,0.07
cache-cache,3.42
cache-coeur,0.14
cache-col,1.35
cache-corset,0.14
cache-nez,2.09
cache-pot,0.81
cache-poussière,0.20
cache-sexe,0.27
cache-tampon,0.20
cachectique,0.20
cachemire,2.84
cacher,204.13
cachet,16.46
cacheter,2.64
cacheton,0.59
cachette,16.96
cachexie,0.07
cachot,7.09
cachotterie,0.93
cachottier,0.71
cachou,0.68
cachère,0.01
caché,15.27
cacique,0.20
cacochyme,0.74
cacodylate,0.07
cacophonie,1.35
cacophonique,0.34
cactus,2.86
cadastral,1.62
cadastre,3.58
cadavre,54.05
cadavéreux,0.20
cadavérique,0.95
caddie,2.43
caddy,1.49
cade,0.14
cadeau,125.79
cadenas,2.43
cadenasser,1.89
cadence,13.78
cadencer,1.22
cadencé,1.96
cadet,8.85
cadi,2.30
cadmium,0.13
cadogan,0.20
cador,1.96
cadrage,0.59
cadran,7.70
cadratin,0.14
cadre,42.84
cadrer,2.43
cadreur,0.14
caduc,1.01
caducité,0.07
caducée,0.20
caduque,0.95
caecum,0.01
caesium,0.11
caf,0.14
cafard,9.87
cafardage,0.11
cafarder,0.34
cafardeur,0.29
cafardeuse,0.03
cafardeux,0.34
cafetan,0.29
cafeter,0.27
cafeteria,1.35
cafeteur,0.01
cafetier,2.97
cafetière,5.88
cafeton,0.14
cafouillage,0.54
cafouiller,0.43
cafouilleux,0.27
cafouillis,0.14
cafre,0.03
caftage,0.07
caftan,2.64
cafter,1.22
cafteur,0.51
café,177.30
café-concert,0.47
café-crème,0.95
café-hôtel,0.07
café-restaurant,0.41
café-tabac,1.22
café-théâtre,0.27
caféier,0.07
caféine,1.58
cafétéria,4.12
cagade,0.68
cage,41.82
cageot,7.36
cagette,0.54
cagibi,5.34
cagna,2.64
cagnard,0.27
cagne,0.07
cagneux,1.01
cagnotte,1.09
cagot,0.41
cagou,0.01
cagoulard,0.54
cagoule,2.84
cagoulé,0.31
caguer,0.88
cahier,31.55
cahin-caha,1.08
cahors,0.14
cahot,4.39
cahotant,1.08
cahotement,0.27
cahoter,4.53
cahoteux,0.74
cahute,1.69
caillasse,2.70
caillasser,0.03
caille,4.59
caillebotis,0.20
cailler,2.91
caillera,0.03
caillette,0.01
caillot,3.09
caillou,38.58
cailloutage,0.07
caillouteux,3.11
cailloutis,0.54
caillé,1.96
cairn,0.08
cairote,0.14
caisse,69.39
caissette,1.15
caissier,7.09
caisson,3.04
cajoler,3.45
cajolerie,0.81
cajoleur,0.54
cajou,0.18
cajun,0.47
cake,3.13
cake-walk,0.03
cal,3.54
calabrais,0.41
calade,0.20
calaison,0.10
calamar,1.09
calame,0.27
calamine,0.20
calamistré,0.41
calamiteux,0.81
calamité,2.84
calancher,0.41
calandre,0.68
calanque,0.41
calao,0.01
calbar,0.34
calbombe,0.54
calcaire,1.55
calcer,0.34
calcif,0.74
calcification,0.14
calcifié,0.02
calcination,0.20
calciner,2.16
calciné,3.18
calcite,0.01
calcium,0.98
calcul,19.86
calculant,0.07
calculateur,0.47
calculatrice,0.56
calculer,23.31
calculette,0.20
calcémie,0.03
caldarium,0.07
caldeira,0.05
cale,6.15
cale-pied,0.34
calebar,0.16
calebasse,1.69
calebassier,0.07
calebombe,0.07
calecif,0.14
calembour,2.23
calembredaine,0.54
calendaire,0.01
calendes,0.61
calendo,0.07
calendos,0.88
calendre,0.01
calendrier,14.53
calendula,0.15
calepin,3.72
caler,17.77
caleçon,7.58
caleçonnade,0.07
calf,0.07
calfat,0.27
calfatage,0.07
calfater,0.47
calfeutrage,0.14
calfeutrer,3.51
calibrage,0.13
calibration,0.07
calibre,7.32
calibrer,1.27
calice,2.97
calicot,2.09
califat,0.14
calife,3.51
californie,0.09
californien,1.23
californium,0.03
califourchon,4.19
calisson,0.14
call-girl,1.36
calla,0.13
caller,1.42
calleux,1.69
calligraphe,0.41
calligraphie,1.35
calligraphier,2.16
calligraphique,0.07
calligraphiquement,0.07
callipyge,0.07
callosité,0.20
calmant,7.38
calmar,1.10
calme,105.20
calmement,12.43
calmer,168.54
calmir,0.20
calmos,1.69
calo,0.08
calomel,0.20
calomniateur,0.27
calomnie,4.49
calomnier,1.69
calomnieux,0.34
caloporteur,0.01
calorie,1.43
calorifique,0.13
calorifère,0.81
calorique,0.10
calot,5.81
calotin,0.14
calotte,4.73
calque,0.61
calquer,1.35
calter,1.62
calumet,0.27
calus,0.07
calva,2.36
calvados,1.35
calvaire,8.24
calville,0.14
calvinisme,0.10
calviniste,0.34
calvitie,2.84
calypso,0.20
calèche,3.72
calé,1.55
calédonien,0.14
caléidoscope,0.11
camail,0.61
camarade,98.99
camaraderie,3.58
camard,0.47
camarero,0.14
camarguais,0.14
camarilla,0.07
camarin,0.34
camarluche,0.07
camaro,0.38
camaïeu,0.34
camaïeux,0.14
camber,0.09
cambiste,0.01
cambodgien,0.47
cambouis,4.59
cambrement,0.14
cambrer,3.51
cambriolage,8.05
cambrioler,6.80
cambrioleur,4.70
cambrousse,1.96
cambrure,1.01
cambré,2.77
cambuse,2.50
cambusier,0.02
came,16.77
camellia,0.01
camelot,2.50
camelote,4.80
camembert,3.85
camer,3.35
cameraman,1.68
camerounais,0.34
camion,59.46
camion-benne,0.14
camion-citerne,0.70
camion-grue,0.14
camionnage,0.18
camionnette,17.97
camionneur,2.36
camisole,2.62
camomille,1.16
camorra,0.20
camouflage,2.43
camoufler,8.65
camouflet,0.61
camp,114.93
campagnard,6.42
campagne,107.23
campagnol,0.41
campanaire,0.07
campanile,2.09
campanule,0.47
campement,6.49
camper,13.85
campeur,4.26
camphre,0.74
camphrier,0.14
camping,4.20
camping-car,1.06
camping-gaz,0.47
campo,1.49
campus,6.04
campé,0.20
campêche,0.14
camus,0.61
camé,2.69
camée,1.01
camélia,2.23
camélidé,0.14
caméléon,2.51
caméra,56.18
caméra-espion,0.01
caméraman,1.28
camériste,1.01
caméscope,0.78
canada,0.54
canadair,0.26
canadian river,0.07
canadien,2.91
canadienne,4.39
canado,0.02
canaille,6.09
canaillement,0.07
canaillerie,0.41
canal,27.43
canalisateur,0.01
canalisation,1.47
canaliser,1.96
cananéen,0.07
canapé,20.27
canapé-lit,1.15
canaque,0.34
canard,29.46
canarder,1.36
canari,2.77
canasson,1.49
canasta,0.68
cancan,1.76
cancaner,0.68
cancanier,0.14
cancel,0.27
cancer,23.15
canche,0.01
cancoillotte,0.20
cancre,3.78
cancrelat,0.95
cancéreux,0.74
cancérigène,0.38
cancériser,0.07
cancérogène,0.02
cancérologie,0.01
cancérologue,0.12
candeur,4.59
candi,0.34
candida,0.13
candidat,17.70
candidature,2.71
candide,4.73
candidement,0.47
candidose,0.04
candélabre,3.24
canebière,1.28
canepetière,0.07
caner,1.15
canetille,0.07
caneton,1.82
canette,6.62
canevas,1.35
canfouine,0.41
cangue,0.07
caniche,3.99
caniculaire,0.54
canicule,3.58
canif,4.93
canin,0.76
canine,1.15
caninette,0.07
caniveau,7.16
canna,0.54
cannabis,1.05
cannage,0.20
canne,34.32
canne-épée,0.54
canneberge,0.46
cannelle,2.97
cannelloni,0.93
cannelure,0.95
cannelé,0.20
canner,2.57
cannette,0.66
cannibale,4.06
cannibalisme,1.61
canné,1.28
canon,48.99
canonique,0.68
canoniquement,0.07
canonisation,0.47
canoniser,1.01
canonnade,2.70
canonnage,0.01
canonner,0.54
canonnier,0.95
canonnière,0.61
canope,0.09
canot,9.19
canotage,0.34
canoter,0.47
canotier,3.04
canoë,1.95
cantabile,0.61
cantabrique,0.20
cantal,0.27
cantaloup,0.07
cantate,0.54
cantatrice,2.43
canter,0.27
canthare,0.20
cantharide,0.14
cantilever,0.07
cantilène,0.34
cantine,12.16
cantiner,0.34
cantinier,1.15
cantique,6.62
canton,4.73
cantonade,3.45
cantonais,0.28
cantonal,0.34
cantonnement,5.20
cantonner,5.00
cantonnier,3.04
cantre,0.07
canular,1.98
canularesque,0.07
canule,0.23
canut,0.14
canyon,4.45
caoua,2.43
caoutchouc,16.55
caoutchouteux,0.88
caoutchouté,1.08
cap,19.49
cap-hornier,0.07
capable,86.35
capacité,17.29
capacités,0.01
caparaçon,0.54
cape,11.69
capelage,0.07
capeline,2.50
caper,0.02
capharnaüm,1.49
capillaire,0.93
capillarité,0.07
capilliculteur,0.01
capilotade,0.74
capisco,0.20
capitaine,152.69
capitainerie,0.15
capital,13.51
capital-risque,0.04
capitale,26.62
capitalement,0.07
capitalisation,0.14
capitaliser,0.22
capitalisme,3.65
capitaliste,2.03
capitan,0.81
capitanat,0.01
capitane,0.27
capiteux,2.30
capitole,0.10
capiton,0.54
capitonnage,0.27
capitonner,2.70
capitonné,2.23
capitulaire,0.07
capitulard,0.01
capitulation,7.77
capitule,0.07
capituler,4.80
capo,2.17
capoc,0.07
capon,0.41
caporal,18.99
caporal-chef,0.54
capot,8.18
capote,18.04
capoter,1.15
cappa,0.01
cappuccino,1.98
capricant,0.14
caprice,18.31
capricieusement,0.74
capricieux,6.76
capricorne,0.34
capsulaire,0.03
capsule,5.69
captage,0.02
captation,0.14
capter,9.89
capteur,2.79
captieux,0.14
captif,4.80
captivant,1.55
captiver,4.12
captivité,4.46
capture,3.00
capturer,17.67
capuccino,0.27
capuche,1.60
capuchon,6.42
capucin,1.15
capucinade,0.14
capucine,1.22
capucino,0.07
capulet,0.07
caput mortuum,0.07
capétien,0.34
caque,0.54
caquelon,0.07
caquet,0.61
caquetage,1.22
caquetant,0.27
caqueter,1.55
caquètement,0.47
car,469.32
carabas,0.20
carabe,0.20
carabin,0.47
carabine,11.15
carabinier,2.91
carabiné,1.08
carabosse,1.62
caracal,0.14
caraco,1.01
caracolade,0.27
caracolant,0.07
caracole,0.07
caracoler,1.76
caractère,62.16
caractériel,0.68
caractérisant,0.01
caractérisation,0.01
caractériser,3.58
caractéristique,4.73
caractérisé,0.81
caractérologie,0.07
caracul,0.27
carafe,5.47
carafon,0.68
caramba,0.77
carambar,0.43
carambolage,0.48
carambole,0.14
caramboler,0.95
carambouillage,0.14
carambouille,0.27
caramel,3.38
caraméliser,0.27
caramélisé,0.27
carapace,8.38
carapater,1.01
caraque,0.20
carat,2.23
caravane,11.64
caravanier,1.22
caravaning,0.20
caravansérail,0.81
caravelle,0.95
caraïbe,0.16
carboglace,0.05
carbonade,0.14
carbonari,0.07
carbonate,0.14
carbone,3.18
carbonique,0.89
carbonisation,0.03
carboniser,2.50
carboné,0.01
carboxyhémoglobine,0.04
carburant,5.67
carburateur,1.22
carburation,0.14
carbure,1.55
carburer,1.22
carcajou,0.07
carcan,4.19
carcasse,13.85
carcharodon,0.03
carcinome,0.13
carcinoïde,0.01
carcéral,2.30
cardage,0.14
cardamome,0.34
cardan,0.34
carde,0.27
carder,1.35
carderie,0.20
cardeur,1.01
cardia,0.01
cardiaque,20.55
cardigan,0.61
cardinal,6.62
cardinal-archevêque,0.07
cardinal-légat,0.07
cardinalice,0.14
cardio-pulmonaire,0.07
cardio-respiratoire,0.10
cardio-vasculaire,0.14
cardiogramme,0.11
cardiographe,0.01
cardiographie,0.01
cardiologie,0.82
cardiologue,1.23
cardiomyopathie,0.09
cardiomégalie,0.04
cardiotonique,0.11
cardiovasculaire,0.24
cardioïde,0.07
cardite,0.01
cardium,0.07
cardon,1.15
care,1.42
carence,1.76
caressant,4.26
caresse,33.04
caresser,83.72
caret,0.14
carex,0.20
cargaison,7.57
cargo,7.09
carguer,0.47
cari,0.95
cariatide,0.54
caribou,0.91
caricatural,2.09
caricature,6.49
caricaturer,0.27
caricaturiste,0.54
carie,1.15
carien,0.50
carier,0.12
carillon,5.88
carillonner,1.35
carillonneur,0.07
carillonné,0.41
carioca,0.14
carissime,0.07
cariste,0.04
caritatif,0.57
carié,0.47
carlin,0.96
carlingue,2.77
carlisme,0.20
carliste,0.70
carmagnole,0.54
carme,0.61
carmel,0.28
carmer,1.01
carmin,0.81
carminé,0.74
carmélite,1.35
carnage,5.59
carnassier,2.09
carnation,1.08
carnaval,7.86
carnavalesque,0.20
carne,2.77
carnet,31.82
carnier,0.27
carnivore,1.01
carné,0.27
carogne,0.14
carole,0.07
carolingien,0.20
carolus,0.10
caroncule,0.14
carotide,1.28
carotidien,0.12
carottage,0.02
carotte,8.31
carotter,0.41
carotteur,0.12
carottier,0.01
carotène,0.01
caroube,0.13
caroubier,0.34
carouble,0.74
caroubler,0.14
caroubleur,0.14
carousse,0.07
carpaccio,0.18
carpe,3.85
carpette,2.36
carpien,0.26
carpillon,0.27
carpé,0.14
carquois,0.68
carrare,0.07
carre,0.07
carreau,41.69
carrefour,35.95
carrelage,13.18
carreler,3.24
carrelet,1.82
carreleur,0.34
carrer,6.55
carrick,0.28
carrier,0.74
carriole,10.47
carrière,36.54
carriérisme,0.01
carriériste,0.39
carron,0.01
carrossable,0.54
carrosse,4.05
carrosser,0.34
carrosserie,6.55
carrossier,0.27
carrousel,2.50
carrure,4.53
carry,0.61
carré,32.23
carrée,4.53
carrément,16.55
cartable,11.28
carte,144.96
carte-clé,0.03
carte-lettre,0.41
cartel,2.04
carter,1.14
carterie,0.07
carthaginois,0.27
carthame,0.02
cartilage,1.42
cartilagineux,0.14
cartographe,0.61
cartographie,0.37
cartographier,0.10
cartographique,0.26
cartomancie,0.01
cartomancien,1.15
carton,44.86
carton-pâte,1.28
cartonnage,0.54
cartonner,2.16
cartonneux,0.47
cartonnier,0.34
cartoon,0.76
cartothèque,0.10
cartouche,9.53
cartoucherie,0.07
cartouchière,2.16
cartésianisme,0.20
cartésien,0.68
carvi,0.04
cary,0.01
caryotype,0.04
carène,0.54
carénage,0.41
caréner,0.14
caréné,0.07
carême,1.96
carême-prenant,0.07
cas,280.59
casa,2.57
casanier,0.81
casaque,2.84
casaquin,0.14
casbah,4.32
cascade,11.55
cascader,1.62
cascadeur,2.81
cascara,0.04
cascatelle,0.14
cascher,0.03
case,14.53
casemate,3.18
caser,7.70
caserne,16.49
casernement,0.68
caserner,0.34
casette,0.06
cash,7.25
casher,0.53
cashmere,0.46
casier,17.81
casimir,0.27
casino,12.75
casoar,0.61
casque,29.19
casquer,6.69
casquette,38.58
casqué,4.46
cassable,0.20
cassage,0.54
cassandre,0.07
cassant,2.77
cassate,0.07
cassation,0.95
casse,13.62
casse-burnes,0.05
casse-cou,0.54
casse-couilles,1.47
casse-croûte,4.46
casse-cul,0.01
casse-dalle,0.95
casse-graine,0.95
casse-gueule,0.27
casse-noisette,0.41
casse-noisettes,0.27
casse-noix,0.20
casse-pattes,0.20
casse-pieds,1.22
casse-pipe,0.74
casse-pipes,0.20
casse-tête,0.88
cassement,0.20
casser,160.61
casserole,22.84
casserolée,0.34
cassette,32.40
casseur,3.24
cassier,0.07
cassine,1.55
cassis,3.18
cassitérite,0.07
cassolette,0.68
cassonade,0.32
cassoulet,1.62
cassure,3.78
cassé,22.84
castagne,0.95
castagner,0.68
castagnette,2.57
castard,0.01
caste,4.19
castel,1.08
castelet,0.07
castillan,0.81
castille,0.01
castine,0.07
casting,3.03
castor,2.86
castrat,0.41
castrateur,0.34
castration,1.28
castrer,1.58
castreur,0.20
castrisme,0.14
castriste,0.07
casuel,0.41
casuistique,0.41
casus belli,0.05
caséine,0.14
cata,0.61
catabolique,0.01
catachrèse,0.07
cataclysme,5.27
cataclysmique,0.20
catacombe,2.04
catadioptre,0.14
catafalque,1.69
catalan,1.09
catalepsie,0.61
cataleptique,0.47
catalogage,0.02
catalogne,0.07
catalogue,7.16
cataloguer,2.50
catalpa,0.47
catalyser,0.07
catalyseur,1.31
catalytique,0.16
catamaran,0.27
cataplasme,1.49
cataplexie,0.02
catapulte,1.42
catapulter,1.62
cataracte,3.51
catarrhal,0.07
catarrhe,0.14
catarrheux,0.34
catastrophe,30.14
catastropher,0.81
catastrophique,3.72
catastrophiquement,0.14
catastrophisme,0.07
catastrophiste,0.01
catatonie,0.19
catatonique,0.37
catch,2.47
catcher,0.50
catcheur,0.76
caterpillar,0.03
catgut,0.14
cathare,0.68
catharsis,0.23
cathartique,0.19
catherinette,0.07
cathexis,0.01
catho,1.19
cathode,0.32
cathodique,0.20
catholicisme,2.43
catholicité,0.20
catholique,27.03
catholiquement,0.14
cathèdre,0.20
cathédral,0.07
cathédrale,21.28
cathéter,0.73
cathétérisme,0.01
cati,0.70
catiche,0.07
catin,2.83
cation,0.01
cato,1.00
catoblépas,0.07
catogan,0.54
caté,0.07
catéchisme,4.93
catéchiste,0.23
catécholamine,0.01
catéchumène,0.34
catéchèse,0.07
catégorie,13.24
catégorique,5.47
catégoriquement,1.69
catégorisation,0.03
catégoriser,0.08
caténaire,0.20
caucasien,0.81
caucasique,0.03
cauchemar,36.94
cauchemarder,0.41
cauchemardesque,0.41
cauchemardeux,0.20
cauchois,0.27
caudal,0.20
caudebec,0.14
caudillo,0.07
caudines,0.07
cauri,0.74
causa,0.14
causal,0.14
causaliste,0.07
causalité,0.34
causant,1.96
cause,218.60
causer,69.93
causerie,2.09
causette,1.76
causeur,0.68
causse,0.95
caussenard,0.07
causticité,0.07
caustique,1.15
cauteleusement,0.20
cauteleux,1.01
caution,10.88
cautionnaire,0.14
cautionnement,0.02
cautionner,0.93
cautèle,0.27
cautère,0.54
cautérisation,0.07
cautériser,0.58
cavaillon,0.34
cavalcade,3.72
cavalcader,0.68
cavale,4.32
cavaler,8.99
cavalerie,12.70
cavaleur,0.20
cavalier,34.19
cavalièrement,0.34
cave,56.35
caveau,5.68
caver,0.27
caverne,10.54
caverneux,3.04
cavette,0.54
caviar,6.29
cavillon,0.27
caviste,0.14
cavitation,0.02
cavité,2.16
cavum,0.01
cavée,0.27
cayenne,0.07
caïd,7.97
caïman,1.02
caïque,5.47
cañon,0.07
ce,5219.10
ceci,133.07
ceindre,4.32
ceint,1.42
ceinture,35.20
ceinturer,6.08
ceinturon,7.23
cela,741.82
celer,0.68
cella,0.81
celle,299.46
celle-ci,57.57
celle-là,52.63
celles,107.97
celles-ci,9.39
celles-là,6.08
cellier,3.65
cellophane,2.43
cellulaire,3.19
cellulairement,0.07
cellular,0.20
cellule,46.28
cellules,0.01
cellulite,1.15
celluliteux,0.14
cellulose,0.27
celluloïd,3.38
cellérier,0.07
celte,1.22
celtique,1.08
celtisme,0.07
celui,319.19
celui-ci,71.76
celui-là,78.13
cendre,28.85
cendreux,0.95
cendrier,14.73
cendrillon,0.20
cendré,2.03
cendrée,0.20
cens,0.34
censeur,1.96
censier,0.07
censitaire,0.14
censure,3.51
censurer,2.17
censé,62.52
censément,0.41
cent,135.41
centaine,41.82
centaines,0.07
centaure,0.74
centaurée,0.05
centavo,0.20
centenaire,2.77
centenaires,0.14
centigrade,0.07
centile,0.96
centime,7.14
centimètre,27.84
centième,2.64
centon,0.32
centrafricain,0.14
centrage,0.11
central,37.23
centrale,8.04
centrales,0.05
centralisation,0.16
centraliser,0.81
centralisme,0.41
centre,84.46
centre-ville,2.87
centrer,1.82
centrifugation,0.01
centrifuge,2.36
centrifugeur,0.28
centriole,0.14
centripète,0.20
centriste,0.07
centrouse,0.20
centrum,0.14
centré,0.26
cents,80.54
centuple,1.08
centurie,1.15
centurion,1.04
cep,1.49
cependant,139.73
cerbère,0.47
cerceau,2.77
cerclage,0.03
cercle,54.26
cercler,5.34
cercleux,0.07
cercueil,22.16
cerf,25.54
cerf-roi,0.01
cerf-volant,1.85
cerfeuil,0.95
cerisaie,0.36
cerise,10.07
cerisier,3.51
cernable,0.07
cerne,5.20
cerneau,0.14
cerner,21.01
cerné,3.78
cerque,0.14
certain,182.64
certaine,4.86
certainement,59.93
certaines,51.55
certains,101.28
certes,69.66
certif,1.08
certificat,12.30
certification,0.09
certifier,2.91
certifié,0.74
certitude,41.89
cerveau,61.59
cervelas,0.27
cervelet,0.85
cervelle,15.81
cervical,1.79
cervoise,0.02
ces,1547.50
cessant,1.55
cessation,0.95
cesse,71.96
cesser,177.77
cessez-le-feu,1.54
cession,0.47
cessionnaire,0.01
ceste,0.07
cet,499.91
cette,2320.68
ceux,309.86
ceux-ci,20.95
ceux-là,25.81
ch'timi,0.27
cha-cha-cha,0.61
chabanais,0.14
chabichou,0.27
chabler,0.07
chablis,0.09
chabot,0.14
chabraque,0.41
chabrot,0.27
chacal,3.02
chachlik,0.10
chaconne,0.07
chacun,187.84
chacune,35.95
chafaud,0.14
chafouin,1.15
chagatte,0.88
chagrin,44.05
chagriner,2.97
chagriné,0.47
chah,0.04
chahut,2.70
chahuter,3.85
chahuteur,0.41
chai,1.62
chair,101.69
chaire,5.74
chairman,0.27
chaise,118.31
chaix,0.27
chaland,3.11
chaldéen,0.20
chalet,8.11
chaleur,116.22
chaleureusement,1.89
chaleureux,11.55
challenge,1.69
challenger,1.47
challengeur,0.01
chalon,2.64
chaloupe,2.50
chalouper,1.01
chaloupé,0.74
chalumeau,2.70
chalut,0.27
chalutier,3.18
chalutier-patrouilleur,0.07
chamade,1.35
chamaille,0.01
chamailler,3.45
chamaillerie,0.77
chamailleur,0.20
chamaillis,0.07
chaman,1.03
chamane,0.14
chamanisme,0.14
chamarré,1.82
chambard,0.22
chambardement,0.68
chambarder,0.34
chambellan,0.88
chambertin,0.68
chamboulement,0.20
chambouler,2.76
chambranle,4.26
chambre,413.31
chambre-salon,0.07
chambrer,3.31
chambrette,2.50
chambrière,1.35
chambrée,1.89
chameau,10.99
chamelier,0.41
chamois,2.57
chamoisine,0.07
champ,106.49
champagne,32.49
champenois,4.19
champi,0.14
champignon,12.97
champignonnière,0.34
champion,35.02
championnat,8.24
champs élysées,0.14
champêtre,6.01
chance,360.60
chancel,0.01
chancelant,2.23
chanceler,7.50
chancelier,3.08
chancelière,0.06
chancellerie,2.70
chanceux,12.88
chanci,0.07
chancre,1.08
chand,0.14
chandail,14.19
chandeleur,0.52
chandelier,4.12
chandelle,12.57
chanfrein,0.54
change,14.45
changeant,5.47
changement,37.70
changer,411.99
changeur,0.61
changé,7.57
chanoine,11.96
chanoinesse,0.54
chanson,84.92
chansonner,0.01
chansonnette,2.43
chansonnier,1.62
chanstiquer,1.22
chant,42.03
chantage,8.51
chantant,7.36
chanteau,0.14
chanter,166.34
chanterelle,0.27
chanteur,21.17
chanteuse-vedette,0.07
chantier,22.50
chantilly,0.74
chantonnant,0.41
chantonnement,0.74
chantonner,14.86
chantoung,0.20
chantourner,0.68
chantre,1.82
chantrerie,0.01
chanvre,2.91
chançard,0.17
chao,0.15
chaos,11.30
chaotique,2.57
chaotiquement,0.07
chaouch,0.54
chapardage,0.27
chaparder,1.28
chapardeur,0.68
chaparral,0.12
chape,2.23
chapeau,88.04
chapeauter,1.08
chapeauté,0.95
chapelain,0.74
chapelet,12.91
chapelier,0.88
chapelle,35.88
chapellerie,0.20
chapelure,0.54
chaperon,3.84
chaperonner,0.54
chapiteau,3.45
chapitre,38.65
chapitrer,1.35
chapka,1.15
chaplinesque,0.14
chapon,1.16
chappe,0.20
chapska,0.20
chaque,486.35
char,27.57
charabia,2.46
charade,0.74
charale,0.03
charançon,0.47
charançonné,0.27
charbon,24.59
charbonner,1.28
charbonnette,0.14
charbonneux,4.46
charbonnier,2.50
charbonnière,0.34
charca,0.47
charcutage,0.14
charcutaille,0.27
charcuter,1.15
charcuterie,5.20
charcutier,4.73
chardon,3.38
chardonay,0.04
chardonnay,0.41
chardonneret,0.34
charge,41.28
chargement,7.14
charger,122.16
chargeur,4.63
chargé,9.61
charia,0.01
chariot,14.40
charismatique,0.54
charisme,0.75
charitable,4.16
charitablement,0.47
charité,14.53
charivari,1.08
charlatan,4.44
charlataner,0.07
charlatanerie,0.07
charlatanisme,0.34
charleston,0.41
charlot,0.46
charlotte,0.99
charmant,54.51
charme,53.45
charmer,6.96
charmeur,1.76
charmille,1.55
charmé,1.08
charnel,11.01
charnellement,0.61
charnier,3.72
charnière,1.82
charnu,6.15
charognard,2.03
charogne,7.16
charognerie,0.27
charpente,5.27
charpenter,0.34
charpenterie,0.04
charpentier,3.11
charpenté,0.47
charpie,2.50
charre,2.03
charretier,1.89
charreton,0.61
charrette,20.95
charretée,0.74
charriage,0.14
charriant,0.34
charrier,12.36
charrié,0.07
charroi,1.82
charron,0.47
charrue,4.32
charte,2.30
charter,0.99
chartiste,0.34
chartre,0.01
chartreux,1.15
charybde,0.68
chas,0.74
chassant,0.16
chasse,59.46
chasse-d'eau,0.07
chasse-mouche,0.14
chasse-mouches,0.61
chasse-neige,0.58
chasse-pierres,0.01
chasselas,0.14
chasser,67.91
chasseur,41.55
chassie,0.14
chassieux,1.35
chassé,2.97
chassé-croisé,1.01
chaste,5.14
chastement,0.54
chasteté,3.92
chasuble,1.76
chat,130.74
chat-huant,0.27
chat-tigre,0.14
chateaubriand,0.27
chatière,0.54
chatoiement,1.35
chaton,4.66
chatouille,0.88
chatouillement,0.81
chatouiller,7.36
chatouilleux,1.00
chatouillis,0.34
chatoyant,2.03
chatoyer,0.81
chattemite,0.14
chatter,0.45
chatterie,0.54
chatterton,0.34
chaud,113.31
chaud-froid,0.41
chaude-pisse,0.34
chaudement,2.64
chaudière,3.51
chaudron,5.81
chaudronnerie,0.34
chaudronnier,0.47
chaudronnée,0.07
chauffage,6.08
chauffagiste,0.04
chauffant,0.58
chauffard,1.62
chauffe,1.35
chauffe-biberon,0.10
chauffe-eau,0.63
chauffe-plats,0.14
chauffer,29.80
chaufferette,0.81
chaufferie,0.88
chauffeur,49.86
chauffeur-livreur,0.14
chauler,1.22
chaume,7.09
chaumine,0.47
chaumière,2.77
chaussant,0.03
chausse-pied,0.24
chausse-trape,0.20
chausse-trappe,0.07
chausser,15.61
chaussette,22.84
chausseur,0.54
chausson,5.95
chaussure,73.58
chaussures,0.01
chaussé,2.57
chaussée,24.32
chaut,0.34
chauve,10.81
chauve-souris,7.16
chauvin,2.50
chauvinisme,0.74
chauviniste,0.03
chaux,7.36
chavignol,0.07
chavirant,0.27
chavirement,0.34
chavirer,8.65
chaîne,57.77
chaînette,2.77
chaînon,0.70
cheap,0.50
check-list,0.22
check-up,0.69
cheddar,0.53
cheddite,0.20
cheese-cake,0.32
cheeseburger,3.06
chef,205.95
chef-adjoint,0.04
chef-d'oeuvre,12.77
chef-d'oeuvres,0.11
chef-lieu,1.82
chefs-lieux,0.27
cheftaine,0.54
cheik,0.95
cheikh,0.32
chelem,0.31
chemin,231.42
chemineau,1.62
cheminement,6.08
cheminer,8.99
cheminot,2.50
cheminée,43.99
chemise,91.42
chemiser,0.21
chemiserie,0.16
chemisette,4.12
chemisier,7.97
chenal,4.73
chenapan,1.08
chenet,0.81
chenil,3.24
chenille,5.68
chenillette,0.34
chenillé,0.14
chenu,1.22
cheptel,1.35
cher,205.75
cherche-midi,0.27
chercher,712.46
chercheur,5.74
chergui,0.74
cherokee,0.34
cherry,0.34
cherté,0.47
chester,0.12
cheval,179.26
cheval-vapeur,0.20
chevaler,0.14
chevaleresque,1.22
chevaleresquement,0.07
chevalerie,2.23
chevalet,6.22
chevalier,36.15
chevalin,1.82
chevalière,2.97
chevance,0.20
chevau-léger,0.14
chevauchant,0.68
chevauchement,0.14
chevaucher,12.77
chevaucheur,0.07
chevauchée,4.19
chevelu,4.66
chevelure,27.50
chevesne,1.35
chevet,18.92
cheveu,270.68
chevillage,0.07
chevillard,0.14
cheville,22.16
chevillette,0.10
cheviotte,0.20
chevir,0.27
chevreau,3.38
chevrette,0.81
chevreuil,5.14
chevrier,0.35
chevron,2.50
chevronné,1.01
chevrotement,0.41
chevroter,1.28
chevrotine,1.42
chevêche,0.41
chewing-gum,3.58
chez,842.18
chez-soi,0.41
chi,1.29
chiader,0.47
chialer,13.78
chialeur,0.07
chiant,11.89
chianti,0.95
chiard,0.68
chiasma,0.07
chiasme,0.01
chiasse,1.49
chiasseux,0.20
chiatique,0.20
chibouk,0.34
chibre,0.74
chic,19.57
chic-type,0.01
chica,0.71
chicane,2.16
chicaner,0.68
chicaneur,0.21
chicanier,0.20
chicano,0.25
chiche,3.62
chiche-kebab,0.24
chichement,1.42
chichi,5.00
chichiteux,0.68
chicon,0.05
chicorer,0.61
chicorée,1.69
chicot,3.58
chicoter,0.14
chicotin,0.01
chicotte,0.07
chien,223.53
chien-assis,0.07
chien-loup,1.08
chien-robot,0.01
chien-étoile,0.07
chienchien,0.30
chiendent,2.16
chienlit,0.74
chiennerie,0.68
chiens,0.01
chier,67.53
chierie,0.88
chieur,2.30
chiffe,1.62
chiffon,18.99
chiffonnade,0.14
chiffonner,2.30
chiffonnier,3.58
chiffonné,2.16
chiffrable,0.01
chiffrage,0.07
chiffre,33.11
chiffrement,0.13
chiffrer,1.01
chiffreur,0.02
chiffré,1.35
chignole,0.47
chignon,12.77
chihuahua,0.38
chili,2.21
chilien,2.21
chilienne,0.42
chilom,0.10
chimie,5.29
chimiothérapie,1.05
chimique,10.51
chimiquement,0.54
chimiste,1.90
chimpanzé,2.35
chimère,5.54
chimérique,2.23
chimériquement,0.07
chinchard,0.07
chinchilla,0.41
chine,0.67
chiner,8.45
chinetoque,1.80
chineur,0.34
chinois,25.14
chinoiser,0.14
chinoiserie,0.68
chinook,0.27
chintz,0.27
chiné,0.41
chiot,5.67
chiotte,14.73
chiourme,0.20
chip,2.51
chiper,2.97
chipeur,0.07
chipie,0.88
chipolata,0.47
chipotage,0.20
chipoter,1.22
chipoteur,0.20
chippendale,0.12
chips,6.72
chique,2.23
chiquement,0.14
chiquenaude,1.22
chiquer,2.70
chiqueur,0.27
chiqué,1.08
chiraquien,0.07
chiricahua,0.19
chiromancie,0.07
chiromancien,0.20
chiropracteur,0.57
chiropraticien,0.06
chiropratique,0.02
chiropraxie,0.07
chiroptère,0.03
chiroubles,0.20
chirurgical,3.60
chirurgicalement,0.33
chirurgie,11.84
chirurgien,15.57
chirurgien-dentiste,0.27
chisel,0.01
chistera,0.11
chitine,0.07
chitineux,0.07
chiton,0.07
chiure,1.08
chiée,0.95
chlamyde,0.20
chlamydia,0.42
chlass,0.03
chleuh,0.54
chlinguer,0.21
chloral,0.20
chloramphénicol,0.09
chlorate,0.14
chlore,0.81
chlorer,0.03
chlorhydrate,0.17
chlorhydrique,0.22
chlorique,0.01
chloroforme,0.63
chloroformer,0.22
chloroformisation,0.07
chlorophylle,0.68
chlorophyllien,0.07
chloroplaste,0.01
chloroquine,0.01
chlorotique,0.27
chlorpromazine,0.06
chlorure,0.33
chloré,0.07
chnoque,0.54
chnord,0.07
chnouf,0.07
choc,44.19
chocard,0.07
chochotte,1.65
chocolat,34.86
chocolaterie,0.27
chocolatier,0.27
chocolaté,0.81
choeur,26.69
choir,10.00
choisi,10.95
choisir,170.48
choix,113.35
choke,0.01
cholestérol,1.81
choline,0.11
cholinestérase,0.02
cholique,0.01
cholécystectomie,0.03
cholécystite,0.03
cholédoque,0.04
choléra,2.52
chop suey,0.13
chope,2.57
choper,17.69
chopine,2.70
chopper,1.90
choquant,3.61
choquer,15.41
choqué,3.45
choral,0.95
chorale,2.63
chorba,0.07
choriste,1.35
chorizo,1.57
chorus,1.49
chorée,0.04
chorégraphe,0.71
chorégraphie,1.06
chorégraphier,0.21
chorégraphique,0.34
chose,1773.62
choser,0.07
choses,0.03
chosification,0.07
chosifier,0.07
chou,29.86
chou-fleur,1.01
chou-palmiste,0.07
chou-rave,0.20
chouan,1.28
chouannerie,0.34
choucard,1.49
choucas,0.16
chouchou,3.44
chouchoutage,0.14
chouchoute,0.21
chouchouter,0.74
choucroute,3.04
chouette,23.77
chouettement,0.07
chouia,1.01
chouiner,0.05
choupette,0.10
chouquet,0.06
chouquette,0.07
chouraver,2.50
chouraveur,0.54
chourer,3.96
choux-fleurs,1.28
choux-raves,0.07
chouya,0.07
chouïa,1.82
choyer,2.09
choyé,0.68
christ,3.18
christiania,0.07
christianisme,4.32
christique,0.27
christmas,0.08
christocentrisme,0.20
christologique,0.07
chromage,0.01
chromatique,0.68
chromatisme,0.20
chromatogramme,0.01
chromatographie,0.07
chrome,3.04
chromo,2.16
chromosome,1.72
chromosomique,0.27
chromosphère,0.05
chronique,9.59
chroniquement,0.07
chroniquer,0.34
chroniqueur,2.91
chrono,2.67
chronographe,0.01
chronologie,3.24
chronologique,1.49
chronologiquement,0.27
chronomètre,2.23
chronométrage,0.37
chronométrer,1.43
chronométreur,0.03
chronophotographie,0.02
chronophotographique,0.01
chrysalide,0.68
chrysanthème,2.09
chrysolite,0.01
chrysolithe,0.01
chrysostome,0.07
chrétien,21.55
chrétien-démocrate,0.16
chrétiennement,0.20
chrétienté,2.70
chrême,0.14
chtar,0.20
chtarbé,0.11
chtibe,0.14
chtimi,0.41
chtouille,0.42
chtourbe,0.27
chuchotant,1.89
chuchotement,8.11
chuchoter,34.39
chuchoteur,0.20
chuchotis,2.43
chuintant,0.81
chuintante,0.07
chuintement,4.46
chuinter,1.89
chulo,0.34
chum,0.38
churrigueresque,0.07
chut,29.81
chute,41.28
chuter,5.50
chutney,0.23
chyle,0.14
chypre,0.14
chypriote,0.14
châle,12.09
châlit,0.41
châlonnais,0.07
châsse,8.99
châssis,4.46
châtaigne,2.50
châtaigner,0.20
châtaigneraie,0.54
châtaignier,3.38
châtain,4.26
château,74.12
château-fort,0.07
châteaubriant,0.13
châtel,0.07
châtelain,4.26
châtelet,0.14
châtellenie,0.07
châtier,4.53
châtiment,9.12
châtrage,0.07
châtrer,0.94
châtron,0.14
châtré,0.61
chèche,0.68
chènevis,0.27
chèque,32.03
chèque-cadeau,0.05
chèrement,0.88
chèvre,20.61
chèvre-pied,0.14
chèvrefeuille,2.70
chébran,0.07
chéchia,1.28
chéfesse,0.34
chélate,0.01
chélidoine,0.20
chéloïde,0.03
chéneau,0.81
chéquier,1.94
chéri,171.98
chérif,6.69
chérir,22.66
chérot,0.14
chérubin,2.09
chérubinique,0.07
chétif,7.36
chétivement,0.07
chétivité,0.07
chênaie,0.61
chêne,23.51
chêne-liège,0.95
chêneteau,0.07
chômage,12.50
chômedu,0.47
chômer,1.35
chômeur,4.55
chômé,0.27
ci,10.23
ci-après,0.61
ci-contre,0.07
ci-dessous,0.61
ci-dessus,1.28
ci-gît,0.70
ci-inclus,0.14
ci-joint,1.89
ciao,15.32
cibiche,0.81
cibiste,0.07
ciblage,0.34
cible,33.55
cibler,1.90
ciboire,1.15
ciboule,0.07
ciboulette,0.95
ciboulot,1.55
cicatrice,13.00
cicatriciel,0.14
cicatrisable,0.07
cicatrisation,0.48
cicatriser,2.20
cicero,0.68
cicindèle,0.88
cicérone,0.34
cidre,3.99
cidrerie,0.01
ciel,305.20
cierge,15.95
cieux,20.05
cigale,4.93
cigalon,0.02
cigalou,0.07
cigare,24.93
cigarette,114.93
cigarettier,0.01
cigarillo,1.08
cigler,0.68
cigogne,3.22
ciguë,0.88
cil,19.26
cilice,0.27
cillement,0.81
ciller,4.32
cimaise,0.47
cimarron,0.07
cime,9.73
ciment,18.85
cimenter,2.43
cimenterie,0.61
cimeterre,1.28
cimetière,44.19
cimier,0.68
cinabre,0.14
cinghalais,0.20
cinglage,0.05
cinglant,2.77
cinglement,0.07
cingler,18.93
cinglé,12.37
cinname,0.07
cinoche,6.35
cinoque,0.27
cinq,220.61
cinquantaine,9.93
cinquante,61.08
cinquante-cinq,2.50
cinquante-deux,1.42
cinquante-huit,0.88
cinquante-huitième,0.07
cinquante-neuf,0.34
cinquante-neuvième,0.07
cinquante-quatre,0.68
cinquante-sept,0.95
cinquante-septième,0.07
cinquante-six,0.68
cinquante-sixième,0.14
cinquante-trois,0.81
cinquante-troisième,0.14
cinquantenaire,0.20
cinquantième,0.68
cinquième,11.15
cinquièmement,0.16
cintrage,0.01
cintre,4.86
cintrer,1.49
cintré,1.42
cinzano,0.88
ciné,10.35
ciné-club,0.74
ciné-roman,0.14
cinéaste,3.56
cinéma,78.51
cinéma-vérité,0.20
cinémascope,0.20
cinémathèque,0.72
cinématique,0.03
cinématographe,0.68
cinématographie,0.07
cinématographique,2.23
cinématographiquement,0.14
cinéphile,0.27
cinéraire,0.07
cinérama,0.07
cinétique,0.17
cipal,0.14
cipaye,0.41
cipolin,0.07
cirage,4.39
circadien,0.03
circassien,0.14
circassienne,0.20
circaète,0.41
circoncire,1.69
circoncis,0.52
circoncision,2.30
circonflexe,1.55
circonférence,1.28
circonscription,0.78
circonscrire,1.35
circonspect,2.91
circonspection,2.70
circonstance,58.24
circonstanciel,0.11
circonstancié,0.47
circonvallation,0.14
circonvenir,0.95
circonvolution,1.08
circuit,10.23
circulaire,9.73
circulairement,0.07
circulant,0.07
circularité,0.14
circulation,14.46
circulatoire,0.51
circuler,25.81
circumnavigation,0.27
cire,15.88
cirer,20.27
cireur,1.22
cireux,2.50
ciron,0.14
cirque,23.25
cirrhose,0.90
cirrhotique,0.07
cirrus,0.14
ciré,5.27
cis,0.03
cisaillage,0.07
cisaillant,0.14
cisaille,1.60
cisaillement,0.14
cisailler,2.57
ciseau,13.85
ciseler,2.03
ciselet,0.07
ciselure,0.27
ciselé,2.43
ciste,0.34
cistercien,0.34
citadelle,6.42
citadin,3.72
citation,8.11
citer,27.09
citerne,4.19
cithare,0.95
citizen band,0.01
citoyen,29.60
citoyenneté,1.13
citrate,0.20
citrine,0.07
citrique,0.14
citron,10.92
citronnade,1.01
citronnelle,0.88
citronnier,1.49
citronné,0.07
citrouille,2.91
citrus,0.17
city,0.54
cité,23.99
cité-dortoir,0.27
cité-jardin,0.20
civadière,0.01
civet,2.43
civette,0.54
civil,28.51
civilement,0.74
civilisateur,0.34
civilisation,19.32
civiliser,2.17
civilisé,5.64
civilité,1.48
civique,2.97
civisme,0.54
civière,4.46
clabaudage,0.07
clabauder,0.34
claboter,0.47
clac,3.72
clafouti,0.07
clafoutis,0.54
claie,2.43
claim,0.08
clair,156.69
clair-obscur,1.96
claire,6.80
claire-voie,2.43
clairement,18.75
clairet,0.02
clairette,0.41
clairière,17.77
clairon,5.61
claironnant,1.08
claironner,3.24
clairsemé,3.18
clairvoyance,1.89
clairvoyant,1.69
clam,0.34
clamecer,0.20
clamer,7.30
clameur,9.73
clamp,1.09
clamper,0.41
clampin,0.34
clamser,1.69
clan,16.42
clandestin,17.64
clandestinement,2.84
clandestinité,4.80
clandé,1.35
clap,1.43
claper,2.30
clapet,1.15
clapette,0.07
clapier,2.84
clapir,0.14
clapot,0.47
clapotant,1.22
clapotement,1.08
clapoter,3.24
clapotis,5.41
clappement,0.54
clapper,0.41
claquage,0.10
claquant,1.42
claque,14.26
claque-merde,0.27
claquement,14.73
claquemurer,1.28
claquer,74.19
claquet,0.02
claquette,1.71
clarification,0.07
clarifier,3.64
clarine,0.54
clarinette,3.58
clarinettiste,0.23
clarisse,0.41
clarté,30.68
clash,1.70
class,1.08
classable,0.14
classe,108.92
classement,2.65
classer,12.70
classeur,3.38
classicisme,0.34
classico,0.01
classieux,0.28
classificateur,0.20
classification,1.08
classifier,0.53
classique,21.01
classiquement,0.14
classé,4.75
claude,2.64
claudicant,0.54
claudication,0.68
claudiquer,0.88
clause,3.47
claustration,1.01
claustrophobe,0.90
claustrophobie,0.26
clavaire,0.20
clavecin,2.43
claveciniste,0.20
clavette,0.01
clavicule,1.96
clavier,3.58
claymore,0.20
clayon,0.14
clayonnage,0.20
clean,4.66
clearing,0.04
clebs,3.11
clef,44.86
clenche,0.47
clepsydre,1.62
cleptomane,0.09
cleptomanie,0.02
clerc,9.26
clergeon,0.14
clergyman,0.81
clergé,3.99
clermontois,0.14
clic,1.17
clic-clac,0.10
clichage,0.07
clicher,0.60
clicherie,0.27
clicheur,0.07
cliché,11.96
click,0.40
client,112.12
client-roi,0.07
clientèle,18.78
clignement,2.03
cligner,18.85
clignotant,2.77
clignotement,1.49
clignoter,5.68
clignoteur,0.07
climat,18.99
climatique,0.51
climatisation,1.79
climatiser,0.41
climatiseur,0.85
climatisé,0.47
climatologue,0.02
climax,0.18
clin,19.46
clin-d'oeil,0.01
clinche,0.07
clinicat,0.07
clinicien,0.20
clinique,18.79
cliniquement,0.92
clinker,0.14
clinquant,1.76
clip,2.98
clipper,0.50
clique,3.11
cliquer,0.68
cliquet,0.16
cliquetant,0.95
cliqueter,3.11
cliquetis,8.04
cliquettement,0.07
cliquètement,0.27
clito,0.41
clitoridectomie,0.03
clitoridien,0.41
clitoris,1.28
clivage,0.61
cliver,0.01
cloacal,0.07
cloaque,1.89
cloc,0.07
clochard,10.88
clochardisation,0.20
clochardiser,0.34
cloche,34.59
cloche-pied,0.14
clocher,13.65
clocheton,2.09
clochette,5.74
clodo,4.12
cloison,18.24
cloisonnement,0.68
cloisonner,0.61
cloisonné,0.68
clonage,1.05
clone,3.49
cloner,1.31
clonique,0.01
clope,11.94
cloper,0.74
clopeur,0.07
clopin-clopant,0.14
clopiner,1.01
clopinettes,0.94
cloporte,2.97
cloque,3.45
cloquer,3.99
cloqué,0.27
clore,31.28
clos,19.46
close-combat,0.07
close-up,0.07
closerie,0.81
clou,27.50
clouage,0.07
clouer,19.39
cloueur,0.16
cloutage,0.07
cloutier,0.62
clouté,3.78
cloué,2.16
clown,9.19
clownerie,0.34
clownesque,0.41
cloître,7.23
cloîtrer,2.09
cloîtré,0.54
club,67.51
club-house,0.07
clubhouse,0.05
clubiste,0.03
clubman,0.07
clunisien,0.07
cluse,0.14
cluster,0.03
clystère,0.20
clé,118.13
clébard,4.19
clématite,0.68
clémence,3.44
clément,3.36
clémentine,0.02
clérical,1.01
cléricalisme,0.20
cléricature,0.07
clôture,10.68
clôturer,1.82
cm,10.89
co,0.14
co-animateur,0.03
co-auteur,0.46
co-avocat,0.01
co-capitaine,0.09
co-dépendance,0.01
co-existence,0.07
co-exister,0.05
co-habiter,0.02
co-locataire,0.22
co-pilote,0.49
co-production,0.11
co-proprio,0.07
co-propriétaire,0.27
co-propriété,0.34
co-président,0.07
co-responsable,0.07
co-signer,0.07
co-tuteur,0.07
co-vedette,0.02
co-voiturage,0.07
co-équipier,0.21
coaccusé,0.04
coach,7.37
coacher,0.23
coadjuteur,0.07
coagulant,0.15
coagulation,0.33
coaguler,2.64
coaliser,0.47
coalition,3.45
coaltar,0.20
coassement,0.41
coasser,0.61
coati,0.01
coauteur,0.12
coaxial,0.14
cob,0.04
cobalt,0.61
cobaye,4.27
cobol,0.01
cobra,4.24
coca,14.53
coca-cola,1.01
cocagne,0.81
cocard,0.34
cocarde,1.49
cocarder,0.20
cocardier,0.41
cocasse,2.84
cocassement,0.20
cocasserie,0.47
cocaïne,5.57
cocaïnomane,0.08
coccinelle,1.82
coccyx,0.69
coche,1.89
cochelet,0.07
cochenille,0.09
cocher,5.27
cochléaire,0.17
cochlée,0.01
cochon,31.18
cochonceté,0.24
cochonnaille,0.47
cochonner,0.34
cochonnerie,5.25
cochonnet,0.76
cochonnée,0.01
cochylis,0.07
cocker,1.08
cockney,0.24
cockpit,1.93
cocktail,10.27
coco,8.58
cocon,3.24
cocoon,0.09
cocorico,1.27
cocoter,0.20
cocotier,2.43
cocotte,6.15
cocotte-minute,0.34
coction,0.07
cocu,3.78
cocuage,0.14
cocufier,0.41
cocufié,0.07
coda,0.14
codage,0.30
code,51.27
code-barre,0.07
code-barres,0.18
code-clé,0.01
coder,2.19
codeur,0.04
codex,0.62
codicille,0.27
codification,0.15
codifier,0.88
codon,0.01
codé,2.26
codéine,0.21
codétenu,0.20
coefficient,1.22
coelacanthe,0.07
coeliaque,0.01
coentreprise,0.03
coenzyme,0.03
coercitif,0.20
coercition,0.48
coeur,400.74
coexistence,0.49
coexister,1.28
coffee shop,0.10
coffin,0.33
coffio,0.74
coffiot,0.34
coffrage,0.88
coffre,39.35
coffre-fort,4.62
coffrer,7.75
coffret,6.42
cofinancement,0.01
cofondateur,0.29
cofondé,0.01
cogitation,0.61
cogiter,0.70
cogito,0.34
cognac,12.07
cognassier,0.50
cogne,2.77
cognement,0.20
cogner,34.26
cogneur,0.48
cognitif,0.42
cognition,0.01
cognée,1.55
cogérant,0.01
cohabitant,0.01
cohabitation,1.15
cohabiter,1.31
cohorte,4.53
cohue,7.70
cohérence,3.51
cohérent,4.66
cohéritier,0.14
cohésion,4.59
coi,3.58
coiffant,0.20
coiffe,5.41
coiffer,42.43
coiffeur,21.82
coiffure,15.81
coiffé,4.19
coin,199.26
coin-coin,0.34
coin-repas,0.02
coincer,56.95
coinceur,0.07
coincher,0.07
coincé,6.35
coing,2.13
coinstot,0.74
coinçage,0.27
coir,0.01
coke,8.54
col,57.43
col-de-cygne,0.01
col-vert,0.14
cola,0.74
colback,0.47
colchicine,0.13
colchique,0.34
colcotar,0.07
cold,2.01
cold-cream,0.07
colectomie,0.01
colibri,0.61
colifichet,1.08
colimaçon,1.76
colin,0.54
colin-maillard,0.95
colique,2.03
colis,10.54
colis-cadeau,0.02
colis-repas,0.07
colistier,0.02
colite,0.41
collabo,2.43
collaborateur,11.49
collaboration,12.50
collaborationniste,0.20
collaborer,7.53
collage,1.31
collagène,1.23
collant,4.93
collapsus,0.17
collation,2.03
collationnement,0.01
collationner,0.14
collatéral,0.66
colle,9.32
collecte,3.13
collecter,2.17
collecteur,1.28
collectif,15.68
collection,25.68
collectionner,5.74
collectionneur,4.32
collectivement,0.74
collectivisation,0.27
collectiviser,0.19
collectivisme,0.34
collectiviste,0.20
collectivité,2.91
collector,0.24
coller,107.16
collerette,2.09
collet,3.72
colletage,0.07
colleter,0.95
colletin,0.14
colleur,0.34
colleuse,0.01
colley,0.28
collier,20.00
collignon,2.54
collimateur,0.81
collimation,0.07
colline,55.61
collision,3.91
collodion,0.14
colloque,2.23
colloquer,0.54
colloïde,0.07
collure,0.03
collusion,0.74
collutoire,0.07
collyre,0.50
collège,26.82
collègue,38.93
collégial,0.34
collégiale,0.41
collégialité,0.14
collégien,4.66
colmatage,0.07
colmater,1.76
colo,2.91
colocataire,4.88
colocation,0.23
colombe,6.84
colombelle,1.22
colombien,1.17
colombier,1.49
colombin,0.61
colombo,0.07
colombophile,0.34
colombophilie,0.14
colon,4.05
colonel,103.70
colonial,12.70
colonialisme,0.74
colonialiste,0.34
colonie,19.05
colonisateur,0.20
colonisation,0.71
coloniser,1.62
colonisé,0.27
colonnade,2.84
colonne,50.07
colonnette,1.82
colonoscopie,0.01
colopathie,0.01
colophane,0.28
coloquinte,0.27
colorant,0.47
coloration,1.49
colorature,0.14
colorectal,0.01
colorer,9.39
coloriage,0.49
colorier,5.41
coloris,1.62
colorisation,0.04
coloriste,0.27
coloré,9.53
coloscopie,0.13
colossal,9.05
colosse,6.82
colostomie,0.09
colostrum,0.01
colportage,0.14
colporter,2.16
colporteur,1.42
colposcopie,0.01
cols-de-cygne,0.07
colt,1.82
coltin,0.27
coltinage,0.34
coltiner,3.04
coltineur,0.07
columbarium,0.54
colvert,0.68
colza,0.81
colère,100.07
colée,0.07
coléoptère,1.49
colérer,0.01
coléreusement,0.07
coléreux,2.64
colérique,0.88
com,40.90
coma,12.66
comac,1.22
comanche,0.36
comandant,0.27
comateux,1.08
combat,72.57
combatif,1.42
combativité,0.41
combattant,18.31
combattre,42.89
combe,4.59
combette,0.14
combi,0.69
combien,390.58
combientième,0.07
combinaison,17.43
combinard,0.50
combinat,0.23
combinatoire,0.41
combine,8.24
combiner,6.35
combiné,3.65
combisme,0.07
comblant,0.27
comble,27.30
combler,25.34
comblé,4.19
combo,0.40
combourgeois,0.07
comburant,0.03
combustible,1.49
combustion,3.78
comestibilité,0.01
comestible,2.36
comic book,0.08
comice,0.34
comics,0.69
comique,13.45
comiquement,1.35
comitadji,0.07
comite,0.14
comité,63.65
comma,0.03
command,0.44
commandant,55.24
commande,31.36
commandement,47.23
commander,80.34
commanderie,0.14
commandeur,2.55
commanditaire,1.08
commandite,0.04
commanditer,0.68
commandité,0.01
commando,6.82
commandé,2.09
comme,3429.32
commedia dell'arte,0.14
commencement,16.55
commencer,436.83
commensal,0.88
commensalisme,0.07
commensurable,0.14
comment,922.93
commentaire,20.81
commentateur,1.89
commenter,19.93
commençant,1.15
commerce,29.93
commercer,1.01
commercial,13.13
commercialement,0.27
commercialisable,0.02
commercialisation,0.41
commercialiser,0.47
commerçant,16.28
commettant,0.07
commettre,47.45
comminatoire,0.68
commis,10.00
commis-voyageur,0.41
commissaire,43.39
commissaire-adjoint,0.07
commissaire-priseur,0.81
commissariat,15.05
commission,24.50
commissionnaire,1.22
commissure,5.41
commisération,2.50
commode,17.16
commode-toilette,0.14
commodité,3.31
commodore,1.00
commodément,1.35
commotion,2.24
commuer,0.54
commun,75.95
communal,9.39
communard,0.88
communautaire,1.49
communauté,23.36
commune,10.27
communiant,3.18
communicabilité,0.07
communicable,0.14
communicant,0.03
communicateur,0.49
communicatif,2.70
communication,26.82
communier,6.62
communion,13.04
communiquer,26.49
communiqué,8.99
communisant,0.20
communisme,9.66
communiste,26.35
communément,2.50
commutateur,2.77
commutation,0.14
commuter,0.08
commère,3.78
commémoratif,1.35
commémoration,1.22
commémorer,1.69
commérage,1.54
commérer,0.07
comnène,0.07
compacité,0.20
compact,10.47
compactage,0.01
compacteur,0.13
compadre,0.42
compagnie,97.16
compagnon,80.00
compagnonnage,0.68
comparabilité,0.01
comparable,6.08
comparaison,13.72
comparant,0.07
comparateur,0.03
comparatif,0.50
comparativement,0.19
comparaître,3.31
comparer,26.01
comparoir,0.01
comparse,1.76
compartiment,13.58
compartimentage,0.07
compartimenter,0.27
compartimenté,0.20
comparution,0.34
comparé,0.34
compas,2.84
compassion,10.15
compassé,1.76
compatibilité,0.40
compatible,2.52
compatir,3.46
compatissant,3.18
compatriote,9.05
compendium,0.07
compensateur,0.12
compensation,5.81
compensatoire,0.34
compenser,9.32
compensé,0.95
compil,0.19
compilateur,0.14
compilation,0.47
compiler,0.58
compisser,0.27
complainte,2.30
complaire,4.19
complaisamment,3.18
complaisance,11.22
complaisant,4.93
complet,44.12
complet-veston,0.54
complexe,8.62
complexer,0.68
complexion,0.68
complexité,2.64
complexé,0.41
complication,8.38
complice,17.09
complicité,24.46
complies,0.95
compliment,17.18
complimenter,1.55
compliquer,22.30
compliqué,24.46
complot,10.45
comploter,3.68
comploteur,0.34
complu,0.47
complètement,105.33
complément,3.51
complémentaire,3.51
complémentairement,0.14
complémentarité,0.14
compléter,14.39
complétude,0.14
compo,1.35
componction,1.76
comporte,0.27
comportement,20.94
comportemental,0.79
comportementalisme,0.07
comportementaliste,0.07
comporter,30.54
composant,2.81
composer,47.57
composeur,0.69
composite,1.01
compositeur,4.32
composition,17.43
compost,0.15
composter,0.34
composteur,0.54
composé,5.54
compote,3.31
compotier,0.68
compound,0.07
comprador,0.02
comprendre,893.51
comprenette,0.14
compresse,2.03
compresser,0.61
compresseur,0.95
compressible,0.14
compressif,0.07
compression,1.45
compressé,0.68
comprimant,0.07
comprimer,3.99
comprimé,4.27
compris,82.84
compromettant,2.64
compromettre,16.62
compromis,6.26
compromission,1.62
compromissoire,0.01
compréhensible,4.47
compréhensif,5.21
compréhension,10.00
comptabilisation,0.14
comptabiliser,1.28
comptabilité,4.53
comptable,7.15
comptage,0.30
comptant,1.75
compte,208.38
compte-fils,0.34
compte-gouttes,1.42
compte-rendu,2.21
compte-tours,0.41
compter,227.78
compteur,5.95
comptine,2.00
comptoir,41.55
compulser,1.69
compulsif,1.04
compulsion,0.17
compulsivement,0.03
compulsoire,0.07
comput,0.14
computer,0.17
computeur,0.07
compère,3.85
compétence,5.98
compétent,7.44
compétiteur,0.34
compétitif,1.27
compétition,9.15
compétitivité,0.06
comtal,0.20
comte,67.77
comtois,0.27
comté,11.64
comète,2.50
comédie,29.73
comédien,10.74
con,122.62
conard,0.47
conasse,0.34
concassage,0.14
concasser,1.76
concasseur,0.68
concaténation,0.01
concave,1.22
concavité,0.34
concentrateur,0.12
concentration,10.41
concentrationnaire,0.61
concentrer,39.58
concentrique,4.12
concentré,4.59
concept,8.66
concepteur,0.77
conception,11.55
conceptualiser,0.04
conceptuel,0.46
conceptuellement,0.01
concernant,14.26
concerner,50.47
concert,31.65
concertation,0.17
concerter,3.78
concertina,0.01
concertiste,0.60
concerto,2.77
concerté,1.15
concession,14.12
concessionnaire,0.95
concetto,0.07
concevable,2.77
concevoir,27.84
conchier,0.54
concierge,29.05
conciergerie,0.74
concile,3.11
conciliable,0.34
conciliabule,3.58
conciliant,3.85
conciliateur,0.14
conciliation,1.82
concilier,5.00
concis,1.42
concision,0.61
concitoyen,4.46
conclave,0.47
conclaviste,0.07
concluant,1.49
conclure,51.76
conclusion,20.68
concocter,1.01
concoction,0.20
concombre,4.12
concomitance,0.07
concomitant,0.41
concordance,0.54
concordant,0.23
concordat,0.07
concorde,1.22
concorder,2.45
concourant,0.01
concourir,3.72
concours,31.69
concret,7.09
concrètement,2.04
concrétion,0.81
concrétisation,0.07
concrétiser,1.35
concubin,2.84
concubinage,0.77
concupiscence,2.09
concupiscent,0.54
concurremment,0.41
concurrence,6.00
concurrencer,0.74
concurrent,6.36
concurrentiel,0.14
concussion,0.20
concussionnaire,0.07
concédant,0.07
concéder,5.74
condamnable,0.88
condamnation,8.85
condamner,44.59
condamné,9.93
condensateur,1.02
condensation,1.22
condenser,2.70
condenseur,0.01
condensé,1.15
condescendance,4.53
condescendant,2.09
condescendre,1.01
condiment,0.68
condisciple,3.11
condition,91.62
conditionnel,0.81
conditionnellement,0.07
conditionnement,0.95
conditionner,1.58
conditionneur,0.14
conditionné,2.09
condo,1.01
condoléance,10.82
condom,0.18
condominium,0.14
condor,1.33
condottiere,0.61
condottieri,0.07
conductance,0.03
conducteur,15.14
conductibilité,0.01
conduction,0.07
conductivité,0.02
conduire,169.64
conduit,5.89
conduite,26.76
conduite-intérieure,0.27
condyle,0.14
condé,6.49
confection,3.51
confectionner,10.00
confectionneur,0.47
confesse,0.95
confesser,16.05
confesseur,2.70
confession,12.84
confessionnal,1.89
confessionnel,0.34
confetti,3.78
confiance,162.90
confiant,10.34
confidence,24.53
confident,5.54
confidentialité,1.31
confidentiel,9.57
confidentiellement,0.41
confier,69.53
configuration,1.55
configurer,0.18
confinement,1.01
confiner,5.34
confins,7.30
confiné,1.69
confiote,0.20
confire,0.95
confirmation,5.55
confirmer,33.80
confirmé,3.84
confiscation,0.81
confiserie,1.69
confiseur,1.15
confisquer,5.92
confisqué,0.96
confit,2.43
confiteor,0.41
confiture,15.41
conflagration,0.41
conflictuel,0.70
conflit,14.12
confluence,0.27
confluent,0.88
confluer,0.68
confondant,0.95
confondre,53.85
confondu,3.85
conformation,0.27
conforme,10.20
conformer,5.00
conformisme,3.31
conformiste,1.22
conformité,1.22
conformé,0.07
conformément,4.26
confort,17.03
confortable,15.20
confortablement,3.24
conforter,1.82
confraternel,0.41
confraternellement,0.07
confraternité,0.07
confrontation,3.45
confronter,8.14
confronté,0.41
confrère,11.28
confrérie,3.02
confucianisme,0.14
confus,37.23
confusion,20.61
confusionnisme,0.07
confusément,10.00
confédéral,0.14
confédération,1.15
confédérer,0.07
confédéré,0.95
conférence,22.03
conférencier,0.95
conférer,13.18
conféré,0.27
conga,0.20
congeler,3.85
congelé,1.87
congestif,0.07
congestion,1.76
congestionné,2.43
conglobation,0.07
conglomérat,0.54
congolais,0.30
congratuler,2.30
congre,0.44
congrès,15.77
congréganiste,0.07
congrégation,1.34
congrégationaliste,0.01
congrûment,0.07
congère,1.15
congé,21.62
congédiement,0.14
congédier,3.45
congédié,0.27
congélateur,2.00
congélation,0.49
congénital,1.96
congénitalement,0.20
congénère,1.89
conifère,0.81
conique,2.64
conjectural,0.07
conjecture,1.55
conjecturer,0.23
conjoindre,0.14
conjoint,1.76
conjointement,1.35
conjoncteur,0.01
conjonctif,0.11
conjonction,2.43
conjonctive,0.07
conjonctivite,0.54
conjoncture,2.50
conjugaison,1.15
conjugal,9.59
conjugalement,0.07
conjugalité,0.27
conjuguer,5.74
conjugué,0.41
conjungo,0.27
conjurateur,0.01
conjuration,1.69
conjuratoire,0.01
conjurer,6.35
conjuré,0.68
connais,0.01
connaissable,0.20
connaissance,67.50
connaissant,0.34
connaissement,0.07
connaisseur,5.61
connard,50.13
connasse,5.29
connaître,961.03
conneau,0.27
connecter,8.88
connecteur,0.08
connectivité,0.06
connement,1.28
connerie,95.42
connexe,0.20
connexion,4.45
connivence,6.69
connotation,0.54
connu,28.92
connétable,2.03
conoïde,0.07
conque,2.23
conquis,2.70
conquistador,1.69
conquérant,5.20
conquérir,17.64
conquête,16.42
consacrant,0.07
consacrer,38.18
consacré,2.77
consanguin,0.61
consanguinité,0.27
consciemment,2.36
conscience,81.55
consciencieusement,4.86
consciencieux,3.38
conscient,15.15
conscription,0.20
conscrit,1.89
conseil,87.14
conseiller,34.93
consensuel,0.24
consensus,0.65
consentant,2.77
consentement,5.95
consentir,34.46
conservateur,5.20
conservation,3.24
conservatisme,0.54
conservatoire,4.68
conservatrice,0.27
conserve,14.26
conserver,55.14
conserverie,0.74
conservé,2.84
considérable,20.95
considérablement,4.39
considérant,0.27
considération,20.34
considérer,87.43
consignataire,0.07
consignation,0.40
consigne,15.81
consigner,5.47
consigné,0.72
consistance,7.43
consistant,1.55
consister,31.35
consistoire,0.14
consistorial,0.20
conso,0.19
consoeur,0.68
consolant,2.16
consolateur,0.95
consolation,10.74
console,3.72
consoler,33.18
consolidation,0.41
consolider,4.19
consolidé,0.41
consommable,0.61
consommateur,6.22
consommation,9.66
consommer,11.35
consommé,1.42
consomption,0.27
consonance,1.89
consonne,1.69
consort,0.41
consortium,0.81
consoude,0.07
conspirateur,1.89
conspiratif,0.07
conspiration,5.24
conspirer,1.66
conspuer,1.15
constable,0.14
constamment,15.68
constance,2.97
constant,16.82
constante,1.54
constat,3.45
constatation,4.86
constater,57.43
constellation,6.76
constellé,0.61
consternant,1.49
consternation,4.53
consterné,3.58
constipant,0.07
constipation,1.69
constipé,0.66
constituant,3.92
constituer,54.39
constitutif,0.34
constitution,9.12
constitutionnaliste,0.10
constitutionnalité,0.02
constitutionnel,2.50
constitutionnellement,0.07
constitué,2.91
constricteur,0.11
constriction,0.61
constrictor,0.41
constructeur,1.82
constructif,1.28
construction,24.12
constructivisme,0.01
construire,67.59
consubstantiel,0.61
consul,10.07
consulaire,0.81
consulat,3.84
consultable,0.07
consultant,1.76
consultatif,6.28
consultation,8.24
consulte,0.07
consulter,36.22
consumable,0.07
consumation,0.07
consumer,9.93
consumérisme,0.43
consumériste,0.20
consécration,1.15
consécutif,1.82
consécution,0.07
consécutivement,0.14
conséquemment,0.41
conséquence,34.86
conséquent,12.43
contact,69.85
contacter,38.96
contacteur,0.07
contagieux,6.01
contagion,3.72
container,3.00
containeur,0.01
contaminant,0.13
contaminateur,0.01
contamination,2.27
contaminer,9.63
conte,15.07
contemplateur,0.20
contemplatif,1.42
contemplation,9.66
contemplativement,0.07
contempler,64.46
contemporain,6.62
contempteur,0.27
contenance,6.15
contenant,0.74
conteneur,2.92
contenir,58.92
content,178.94
contentement,6.35
contenter,60.61
contentieux,0.47
contention,0.41
contenu,16.82
conter,8.99
contestable,1.69
contestataire,0.54
contestation,3.24
conteste,1.01
contester,8.58
conteur,4.46
contexte,4.50
contextualiser,0.01
contextuel,0.01
contigu,2.30
contiguïté,0.07
continence,0.61
continent,15.95
continental,1.22
contingence,1.76
contingent,2.64
contingentement,0.01
continu,9.66
continuateur,0.34
continuation,1.09
continue,35.19
continuel,6.76
continuellement,4.80
continuer,282.77
continuité,4.73
continuum,0.55
continûment,0.88
contondant,0.82
contorsion,2.23
contorsionner,2.09
contorsionniste,0.37
contour,16.28
contournement,0.14
contourner,19.59
contourné,1.28
contra,0.20
contraceptif,0.56
contraception,0.68
contractant,0.20
contracte,0.03
contracter,12.30
contractile,0.01
contraction,3.05
contractuel,0.71
contractuellement,0.13
contracture,0.34
contracté,2.36
contradicteur,0.14
contradiction,12.97
contradictoire,9.05
contradictoirement,0.20
contraignant,1.15
contraindre,24.73
contraint,4.46
contrainte,5.81
contraire,126.01
contrairement,10.41
contralto,0.28
contrapunctique,0.07
contrapuntique,0.02
contrariant,1.55
contrarier,13.31
contrarié,4.12
contrariété,3.99
contrastant,0.20
contraste,12.50
contraster,8.58
contrasté,0.41
contrat,53.23
contrat-type,0.07
contravention,2.76
contre,591.15
contre-allée,0.34
contre-amiral,0.19
contre-appel,0.07
contre-assurance,0.07
contre-attaque,2.16
contre-attaquer,1.96
contre-champ,0.07
contre-chant,0.14
contre-courant,1.96
contre-culture,0.03
contre-emploi,0.01
contre-espionnage,0.67
contre-exemple,0.07
contre-expertise,0.52
contre-feu,0.07
contre-feux,0.07
contre-fil,0.07
contre-gré,0.14
contre-indication,0.07
contre-indiqué,0.01
contre-interrogatoire,0.48
contre-jour,6.01
contre-la-montre,0.80
contre-lame,0.07
contre-lettre,0.14
contre-mesure,0.42
contre-mine,0.14
contre-nature,0.41
contre-offensive,0.41
contre-ordre,0.95
contre-pente,0.34
contre-performance,0.14
contre-pied,0.61
contre-plaqué,0.54
contre-plongée,0.47
contre-pression,0.02
contre-productif,0.10
contre-propagande,0.07
contre-proposition,0.40
contre-réaction,0.01
contre-réforme,0.61
contre-révolution,0.37
contre-révolutionnaire,0.27
contre-terrorisme,0.07
contre-terroriste,0.07
contre-test,0.07
contre-torpilleur,1.22
contre-transfert,0.01
contre-ut,0.07
contre-voie,0.27
contre-vérité,0.07
contre-épreuve,0.07
contrebalancer,0.68
contrebande,3.72
contrebandier,1.43
contrebas,6.49
contrebasse,0.41
contrebassiste,0.14
contrecarrer,1.82
contrechamp,0.46
contrecoeur,3.38
contrecollé,0.07
contrecoup,2.03
contredanse,0.54
contredire,7.84
contredit,0.27
contrefaire,0.74
contrefait,0.95
contrefaçon,1.15
contrefiche,0.07
contrefort,3.65
contrefoutre,0.89
contremander,0.01
contremaître,3.99
contremaîtresse,0.27
contrepartie,2.16
contreplaqué,1.35
contrepoids,1.82
contrepoint,1.62
contrepoison,0.47
contreproposition,0.01
contrepèterie,0.20
contrer,19.15
contrescarpe,0.61
contreseing,0.21
contresens,1.55
contresigner,0.74
contretemps,3.18
contrevallation,0.01
contrevenant,0.50
contrevenir,1.08
contrevent,1.15
contrevérité,0.14
contribuable,2.55
contribuer,18.11
contributeur,0.02
contribution,5.34
contrit,2.50
contrition,1.76
control,1.27
contrordre,0.41
controverse,2.57
controversé,0.85
contrée,5.41
contrôlable,0.14
contrôle,66.28
contrôler,61.13
contrôleur,8.93
contumace,0.61
contumax,0.20
contusion,3.23
contusionné,0.14
convaincant,4.39
convaincre,56.71
convaincu,11.35
convalescence,3.24
convalescent,1.96
convalo,0.34
convecteur,0.01
convection,0.06
convenable,16.22
convenablement,6.22
convenance,5.47
convenant,0.01
convenir,73.78
convent,0.07
conventicule,0.07
convention,12.64
conventionnel,3.92
conventionnellement,0.20
conventuel,0.68
conventuellement,0.07
convenu,5.07
convergence,0.68
convergent,1.08
converger,3.99
convers,0.95
conversation,115.34
converse,1.28
converser,4.53
conversion,3.92
converti,1.22
convertible,0.34
convertir,10.34
convertisseur,0.35
convexe,0.88
convexité,0.20
convict,0.07
conviction,37.23
convier,7.50
convive,6.49
convivial,0.67
convivialité,0.42
convié,0.41
convocable,0.01
convocation,3.65
convoi,18.78
convoiter,5.27
convoiteur,0.07
convoiteux,0.07
convoitise,5.20
convoler,0.61
convoquer,19.32
convoyage,0.20
convoyer,1.89
convoyeur,1.10
convulser,1.42
convulsif,3.04
convulsion,5.61
convulsionnaire,0.14
convulsivement,1.35
convulsé,0.74
conçu,2.36
cooccupant,0.07
cookie,8.22
cool,63.63
coolie,0.41
coolie-pousse,0.01
coolos,0.41
cooptation,0.14
coopter,0.16
coopé,0.27
coopérant,0.14
coopérateur,0.03
coopératif,2.65
coopération,6.96
coopératisme,0.01
coopérative,1.66
coopérer,11.91
coordinateur,0.83
coordination,2.16
coordonnateur,0.03
coordonner,2.15
coordonné,0.12
coordonnée,8.30
cop,0.63
copain,158.62
copal,0.01
copaïba,0.07
copeau,5.41
copiable,0.01
copiage,0.01
copie,25.70
copier,8.45
copieur,0.30
copieusement,2.57
copieux,1.82
copilote,1.50
copinage,0.27
copiner,0.27
copineur,0.20
copiste,0.81
copla,0.07
coppa,0.01
copra,0.07
coproculture,0.01
coproducteur,0.11
coproduction,0.27
coproduire,0.07
coprologie,0.07
coprologique,0.14
coprophage,0.20
coprophagie,0.20
coprophile,0.07
coprophilie,0.02
copropriétaire,0.29
copropriété,0.56
coprésidence,0.01
cops,0.41
copte,0.34
copulant,0.07
copulation,0.47
copule,0.14
copuler,1.19
copyright,0.41
coq,19.12
coq-à-l'âne,0.14
coquard,0.41
coquart,0.14
coque,12.64
coquebin,0.34
coquelet,0.10
coquelicot,3.24
coquelle,0.07
coqueluche,2.43
coquemar,0.07
coquerelle,0.07
coquerie,0.05
coqueron,0.02
coquet,6.55
coquetel,0.07
coqueter,0.01
coquetier,0.61
coquette,2.23
coquettement,0.41
coquetterie,7.03
coquillage,10.47
coquillard,0.74
coquillart,0.07
coquille,13.45
coquilleux,0.07
coquin,7.55
coquinement,0.07
coquinerie,0.20
coquinet,0.07
cor,3.92
cora,0.34
corail,3.51
corallien,0.03
coramine,0.10
coran,2.43
coranique,0.34
corbeau,8.85
corbeille,19.12
corbillard,4.19
corbin,0.47
corbières,0.14
cordage,3.85
corde,48.38
cordeau,1.76
cordelette,3.72
cordelier,2.77
corder,0.47
corderie,0.14
cordial,4.80
cordialement,1.82
cordialité,3.65
cordiforme,0.27
cordillère,0.28
cordite,0.13
cordon,12.23
cordon-bleu,0.27
cordonner,0.04
cordonnerie,0.20
cordonnet,0.81
cordonnier,3.92
cordouan,0.07
cordé,0.07
cordée,0.61
coriace,4.70
coriacité,0.07
coriandre,0.27
corindon,0.14
corinthe,0.07
corinthien,0.54
cormier,0.08
cormoran,1.22
corn flakes,0.14
corn-flakes,0.22
cornac,0.41
cornaline,0.14
cornard,0.71
corne,19.46
cornecul,0.20
corneille,2.36
cornemuse,1.38
cornemuseur,0.01
corner,3.38
cornet,8.04
cornette,2.70
corniaud,5.34
corniche,7.03
cornichon,4.17
cornillon,0.20
cornouaillais,0.06
cornouille,0.14
cornouiller,0.34
cornu,1.62
cornue,1.08
corné,1.42
cornée,1.22
cornéen,0.05
cornélien,0.54
corollaire,0.74
corolle,3.65
coron,1.76
corona,0.50
coronaire,0.44
coronal,0.07
coronarien,0.17
coroner,2.02
corozo,0.20
corporal,0.11
corporalité,0.07
corporatif,0.20
corporation,2.77
corporatisme,0.07
corporatiste,0.07
corporel,3.64
corps,480.34
corps-mort,0.07
corpsard,0.07
corpulence,1.76
corpulent,1.76
corpus,0.88
corpus delicti,0.03
corpuscule,0.47
corral,1.08
correct,19.24
correctement,11.08
correcteur,0.74
correctif,0.41
correction,8.89
correctionnaliser,0.07
correctionnel,0.54
corrector,0.14
corregidor,0.15
correspondance,13.51
correspondancier,0.01
correspondant,5.88
correspondre,23.62
corrida,4.53
corridor,12.50
corriger,16.08
corrigé,1.08
corroboration,0.03
corroborer,1.35
corrodant,0.14
corroder,1.22
corroierie,0.07
corrompre,5.32
corrompu,2.36
corrosif,1.35
corrosion,0.20
corrupteur,0.41
corruptible,0.13
corruption,6.59
corrélatif,0.05
corrélation,0.20
corrélativement,0.34
corréler,0.01
corsage,15.14
corsaire,3.58
corse,3.51
corselet,0.88
corser,1.81
corset,2.91
corseter,1.42
corso,1.08
corsé,1.28
cortex,8.68
cortical,0.45
cortine,0.03
cortisol,0.03
cortisone,1.28
corton,0.27
cortège,20.34
cortès,0.07
coruscant,0.27
coruscation,0.07
corvette,1.55
corvéable,0.14
corvée,16.76
coryphène,0.01
coryphée,0.07
coryste,0.07
coryza,0.68
coré,0.40
coréen,2.95
cosaque,2.09
cosigner,0.32
cosinus,0.28
cosmique,3.58
cosmiquement,0.02
cosmo,1.07
cosmogonie,0.27
cosmogonique,0.07
cosmographie,0.14
cosmologie,0.09
cosmologique,0.07
cosmologue,0.07
cosmonaute,1.29
cosmopolite,2.50
cosmopolitisme,0.47
cosmos,2.34
cosmétique,0.81
cosmétologie,0.07
cosmétologue,0.02
cossard,0.47
cosse,0.68
cossu,4.53
cossus,0.07
costal,0.13
costar,0.03
costard,6.82
costaricain,0.01
costaud,6.98
costume,55.88
costumer,1.76
costumier,0.47
costumé,1.26
cosy,0.95
cosy-corner,0.54
cot cot codec,0.14
cotation,0.31
cote,8.48
coteau,7.70
coter,9.13
coterie,1.55
cothurne,0.41
cotillon,0.81
cotisant,0.14
cotisation,1.15
cotiser,0.88
coton,26.22
coton-tige,0.43
cotonnade,3.18
cotonnerie,0.01
cotonneux,3.45
cotonnier,0.07
cotonnière,0.01
cotre,1.96
cotriade,0.07
cottage,1.54
cotte,4.05
coturne,0.07
coté,7.56
cou,115.34
cou-de-pied,0.27
couac,1.01
couaille,0.14
couaquer,0.34
couard,0.61
couardise,0.54
couchage,1.86
couchailler,0.07
couchant,7.16
couche,32.91
couche-culotte,0.27
coucher,196.22
coucherie,1.15
couchette,6.28
coucheur,0.47
couchoir,0.07
couché,15.20
couci-couça,0.60
coucou,13.16
coude,54.19
coudoyer,0.88
coudre,20.74
coudreuse,0.07
coudrier,10.41
coudé,0.61
coudée,1.55
couenne,1.82
couette,2.03
couffin,1.96
couguar,1.01
couic,1.22
couillard,0.07
couille,38.80
couillon,5.75
couillonnade,0.82
couillonner,0.68
couillu,0.51
couinant,0.14
couinement,1.76
couiner,3.85
coulage,0.47
coulant,2.91
coule,1.14
coulemelle,0.07
couler,121.15
couleur,198.72
couleuvre,2.91
couleuvrine,0.23
coulis,0.68
coulissant,1.62
coulisse,9.05
coulisser,2.36
coulissier,0.14
couloir,104.53
couloir-symbole,0.07
coulpe,0.14
coulure,0.41
coulé,2.43
coulée,9.80
coumarine,0.01
countries,0.07
country,1.73
coup,837.70
coup-de-poing,0.13
coupable,50.84
coupablement,0.07
coupage,0.20
coupailler,0.01
coupant,6.69
coupe,42.23
coupe-chou,0.34
coupe-choux,0.27
coupe-cigare,0.20
coupe-circuit,0.34
coupe-coupe,0.68
coupe-faim,0.09
coupe-feu,0.14
coupe-file,0.03
coupe-gorge,0.61
coupe-jarret,0.03
coupe-ongle,0.05
coupe-ongles,0.26
coupe-papier,0.95
coupe-pâte,0.07
coupe-vent,0.34
coupelle,0.61
couper,155.82
couperet,2.09
couperose,0.88
couperosé,1.28
coupeur,0.55
couplage,0.11
couple,63.99
coupler,0.95
couplet,5.34
coupleur,0.18
couplé,0.07
coupole,8.92
coupon,2.09
coupon-cadeau,0.01
coups-de-poing,0.14
coupure,11.08
coupé,26.96
coupée,1.35
cour,150.14
cour-jardin,0.07
courage,70.73
courageusement,3.45
courageux,28.68
courailler,0.02
couramment,3.11
courant,111.58
courante,0.41
courbatu,0.54
courbature,1.62
courbaturé,0.33
courbe,18.11
courber,19.66
courbette,2.70
courbure,2.50
courbé,6.08
courette,2.09
coureur,8.31
courge,2.46
courgette,1.24
courir,263.38
courlis,0.47
couronne,23.15
couronnement,2.40
couronner,14.86
couronné,1.49
courre,2.91
courriel,0.24
courrier,24.46
courriériste,0.27
courroie,5.61
courroucer,2.50
courroux,3.55
cours,176.76
course,81.22
course-poursuite,0.34
courser,2.50
coursier,4.81
coursive,3.38
court,108.99
court-bouillon,0.68
court-circuit,1.76
court-circuiter,0.83
court-circuits,0.02
court-courrier,0.01
court-jus,0.03
court-métrage,0.17
courtage,0.36
courtaud,1.15
courtelinesque,0.14
courtement,0.20
courtepointe,1.35
courtier,2.96
courtilière,0.14
courtine,2.43
courtisan,6.82
courtisanerie,0.41
courtiser,2.79
courtois,9.73
courtoisement,1.96
courtoisie,8.18
couru,1.55
cous-de-pied,0.07
couscous,3.24
couscoussier,0.34
cousette,0.68
cousin,89.93
cousinage,0.88
coussin,22.70
coussinet,0.88
cousu,2.50
couteau,58.15
couteau-scie,0.07
coutelas,1.22
coutelier,0.20
coutellerie,0.20
coutil,1.28
coutume,25.14
coutumier,6.15
coutumièrement,0.07
couture,10.54
couturier,10.27
couturé,0.54
couvade,0.01
couvaison,0.20
couvent,26.15
couventine,0.41
couver,12.03
couvercle,22.09
couvert,25.14
couverture,62.03
couvet,0.14
couveuse,0.95
couvrant,2.64
couvre-chef,1.55
couvre-feu,3.63
couvre-feux,0.04
couvre-lit,2.77
couvre-pied,0.47
couvre-pieds,0.47
couvreur,1.01
couvrir,133.51
couvée,1.42
covalent,0.03
covenant,0.05
cover-girl,0.47
covoiturage,0.07
cow-boy,5.27
coxalgie,0.07
coxalgique,0.07
coyote,4.01
coéquipier,4.21
coïncidence,18.04
coïncident,0.01
coïncider,7.09
coït,3.38
coût,5.04
coûtant,0.11
coûter,83.15
coûteusement,0.07
coûteux,5.07
crabe,12.36
crabillon,0.20
crabs,0.41
crac,6.01
crachat,3.72
crachement,0.68
cracher,45.81
cracheur,1.08
crachin,2.03
crachiner,0.20
crachoir,0.61
crachotant,0.41
crachotement,0.27
crachoter,2.30
crachoteux,0.20
crachouillis,0.14
craché,3.24
crack,7.77
cracker,2.22
cracking,0.01
cracra,0.54
crade,1.55
cradingue,1.42
crado,1.22
cradoque,0.01
craie,10.68
craignos,1.02
craindre,117.44
crainte,52.64
craintif,8.31
craintivement,1.15
cramer,4.59
cramoisi,4.26
cramouille,0.47
crampe,6.01
crampette,0.14
crampon,1.49
cramponner,13.45
cran,13.97
crane,0.96
craniométrie,0.03
craniotomie,0.03
cranter,0.34
craonnais,0.61
crapahuter,0.47
crapaud,11.30
crapaud-buffle,0.14
crapoter,0.01
crapoteux,0.41
crapouillot,0.20
craps,0.73
crapule,7.09
crapulerie,0.27
crapuleusement,0.14
crapuleux,2.36
craquage,0.04
craquant,3.45
craque,0.81
craqueler,2.36
craquelin,1.01
craquelure,1.15
craquelé,2.57
craquement,13.45
craquer,37.16
craquèlement,0.14
craquée,0.07
crase,0.01
crash,6.68
crash-test,0.02
crasher,1.52
craspec,0.07
crasse,13.45
crasseux,11.01
crassier,0.07
crassula,0.14
crataegus,0.07
cratère,4.66
cravache,3.72
cravacher,0.88
cravant,0.27
cravatage,0.07
cravate,34.12
cravater,3.31
cravateur,0.14
crawl,0.74
crawlé,0.07
crayeux,1.96
crayon,30.47
crayon-encre,0.27
crayonnage,0.14
crayonner,1.82
crayonneur,0.14
credo,2.84
creek,0.78
crematorium,0.22
crescendo,0.61
cresson,1.01
cressonnette,0.07
cressonnière,0.14
creton,1.69
creusement,0.41
creuser,64.19
creuset,1.15
creuseur,0.07
creux,49.93
crevage,0.07
crevaison,0.63
crevant,1.03
crevard,0.74
crevasse,4.86
crevasser,2.57
crever,81.55
crevette,9.03
crevettier,0.16
crevure,0.52
crevé,6.69
cri,155.41
criaillement,0.07
criailler,0.88
criaillerie,1.69
criant,3.51
criard,6.49
crib,0.04
criblage,0.14
crible,1.15
cribler,6.69
cric,1.42
cric-crac,0.07
cricket,2.94
cricoïde,0.12
cricri,1.42
crier,239.73
crieur,2.09
crime,104.07
criminaliser,0.03
criminaliste,0.10
criminalistique,0.01
criminalité,1.91
criminel,35.62
criminellement,0.07
criminologie,0.48
criminologiste,0.14
criminologue,0.35
crin,6.22
crincrin,0.27
crinière,10.27
crinoline,0.47
crique,5.20
criquet,2.36
cris-craft,0.07
crise,50.15
crispant,0.41
crispation,3.92
crisper,30.41
crispin,0.20
crissement,9.32
crisser,11.49
cristal,18.51
cristallerie,0.07
cristallin,4.59
cristallisation,0.27
cristalliser,2.03
cristallisé,0.18
cristallographie,0.07
cristallomancie,0.02
cristalloïde,0.07
cristi,0.15
critiquable,0.07
critique,20.54
critiquer,10.38
critère,3.55
critérium,0.38
criée,1.42
croa-croa,0.41
croassant,0.07
croassement,0.27
croasser,0.47
croate,1.08
crobard,0.27
croc,7.84
croc-en-jambe,0.61
croche,0.41
croche-patte,0.34
croche-pied,0.68
crocher,1.08
crochet,15.81
crochetage,0.04
crocheter,1.55
crocheteur,0.29
crochu,3.72
croco,1.51
crocodile,9.26
crocs-en-jambe,0.20
crocus,0.95
croire,1711.99
croisade,6.15
croisement,6.22
croiser,76.35
croisette,1.01
croiseur,4.59
croisillon,2.03
croisière,5.81
croissance,4.16
croissant,18.72
croisé,17.23
croisée,6.62
croix,71.62
cromlech,0.14
cromorne,0.54
cronstadt,0.07
crooner,0.25
croquant,1.42
croque-madame,0.03
croque-mitaine,0.61
croque-monsieur,0.28
croque-mort,3.31
croquemitaine,0.47
croquemort,0.14
croquer,12.64
croquet,1.49
croqueton,0.14
croquette,2.04
croqueur,0.17
croquignol,0.27
croquignolet,0.27
croquis,7.64
croquis-minute,0.07
crosne,0.27
cross,0.41
cross-country,0.34
crosse,11.96
crosser,0.14
crossman,0.01
crossé,0.07
crotale,0.95
croton,0.28
crotte,6.76
crotter,1.01
crottin,2.57
crotté,0.95
crouillat,0.88
crouille,0.07
croulant,3.72
croule,0.07
croulement,0.07
crouler,8.24
croup,0.61
croupade,0.14
croupe,14.05
croupi,1.42
croupier,0.63
croupion,1.08
croupir,4.93
croupissant,0.81
croupissoir,0.07
croupissure,0.20
croupière,0.27
croupon,0.20
croustade,0.20
croustillance,0.07
croustillant,1.96
croustille,0.05
croustillon,0.20
crown,0.03
croyable,6.21
croyance,7.95
croyant,6.96
croît,0.01
croître,10.34
croûte,17.30
croûter,1.01
croûteux,0.68
croûton,3.78
cru,15.88
cruauté,15.88
cruche,4.46
cruchon,0.81
crucial,3.66
crucialement,0.07
crucifiant,0.14
crucifiement,0.20
crucifier,4.26
crucifix,7.43
crucifixion,0.95
crucifié,1.76
cruciforme,0.48
crucifère,0.27
cruciverbiste,0.14
crudité,1.96
crue,3.58
cruel,35.88
cruellement,8.65
cruiser,0.17
crumble,0.11
crustacé,1.89
cruzeiro,0.80
cryofracture,0.14
cryogène,0.11
cryogénie,0.27
cryogénique,0.44
cryogénisation,0.17
cryonique,0.01
cryotechnique,0.01
cryptage,0.52
crypte,3.18
crypter,1.56
cryptique,0.03
crypto,0.07
cryptogame,0.07
cryptogamique,0.01
cryptogramme,0.40
cryptographe,0.02
cryptographie,0.10
cryptographique,0.03
cryptologie,0.03
cryptomère,0.01
crâne,56.82
crânement,1.15
crâner,2.23
crânerie,0.27
crâneur,1.01
crânien,2.36
crèche,9.39
crème,24.46
crève,5.79
cré,1.69
créance,1.55
créancier,1.42
créateur,6.54
créatif,3.81
créatine,0.13
créatinine,0.15
création,18.72
créationnisme,0.14
créative,0.02
créativité,2.15
créature,35.22
crécelle,1.82
crécerelle,0.20
crécher,2.43
crécy,0.20
crédence,0.95
crédibilité,1.89
crédible,3.92
crédit,28.21
crédit-bail,0.02
créditer,0.61
créditeur,0.22
crédié,0.20
crédule,1.42
crédulité,1.69
créer,85.17
crémaillère,1.14
crémant,0.14
crémation,0.78
crématoire,0.92
crématorium,0.81
crémer,0.14
crémerie,0.81
crémeux,3.24
crémier,1.82
crémone,0.34
créneau,5.34
crénelé,1.15
crénom,0.58
créole,1.01
créolophone,0.01
créosote,0.41
crépi,3.31
crépine,0.07
crépinette,0.14
crépir,1.28
crépissage,0.07
crépitant,1.35
crépitation,0.01
crépitement,8.18
crépiter,10.20
crépon,0.47
crépu,2.84
crépusculaire,2.30
crépuscule,26.35
créquier,0.07
crésol,0.01
crésus,0.01
crésyl,0.41
crétacé,0.23
crételle,0.14
crétin,33.54
crétinerie,0.14
crétineux,0.02
crétinisant,0.07
crétinisation,0.07
crétiniser,0.20
crétinisme,0.41
crétois,0.88
crêpage,0.14
crêpe,9.05
crêpelure,0.14
crêper,1.01
crêt,0.03
crête,26.22
crêtes-de-coq,0.07
crûment,1.89
csardas,0.30
cuadrilla,0.74
cubage,0.34
cubain,3.28
cube,11.76
cubique,1.82
cubisme,0.54
cubiste,0.74
cubitainer,0.04
cubital,0.04
cubitus,0.20
cucaracha,0.15
cucu,0.27
cucul,0.95
cucurbitacée,0.14
cucurbite,0.14
cucuterie,0.01
cueillaison,0.01
cueillette,1.89
cueilleur,0.41
cueillir,25.81
cuesta,0.39
cueva,1.01
cui-cui,0.34
cuiller,10.20
cuilleron,0.07
cuillerée,4.46
cuillère,11.89
cuir,79.19
cuirasse,5.14
cuirasser,1.69
cuirassier,5.54
cuirassé,2.77
cuire,21.65
cuisant,2.57
cuisine,135.41
cuisiner,27.13
cuisinette,0.14
cuisinier,26.42
cuisiné,0.61
cuissage,0.34
cuissard,1.76
cuisse,69.73
cuisse-madame,0.07
cuisseau,0.14
cuissette,0.14
cuisson,3.38
cuissot,0.95
cuistance,1.96
cuistot,4.46
cuistre,1.55
cuistrerie,0.34
cuit,15.41
cuite,4.12
cuiter,0.34
cuivre,36.08
cuivreux,0.27
cuivré,3.24
cul,150.81
cul-blanc,0.20
cul-bénit,0.20
cul-cul,0.04
cul-de-basse-fosse,0.41
cul-de-four,0.20
cul-de-jatte,1.42
cul-de-lampe,0.20
cul-de-plomb,0.07
cul-de-porc,0.02
cul-de-poule,0.14
cul-de-sac,1.55
cul-terreux,2.23
culasse,3.51
culbute,1.72
culbuter,5.54
culbuteur,0.27
culbuto,0.14
culer,0.24
culex,0.02
culinaire,2.36
culminance,0.07
culminant,1.82
culmination,0.34
culminer,1.28
culot,9.73
culotte,37.30
culotter,1.42
culottier,0.41
culotté,0.88
culpabilisant,0.14
culpabilisation,0.20
culpabiliser,5.34
culpabilité,11.57
culs-de-basse-fosse,0.27
culte,14.93
cultivable,0.41
cultivateur,2.84
cultiver,13.51
cultivé,6.89
cultural,0.01
culture,28.51
culturel,9.73
culturellement,0.36
culturisme,0.41
culturiste,0.20
culée,0.07
cumin,0.74
cumul,0.20
cumulard,0.01
cumulatif,0.20
cumulation,0.07
cumuler,1.35
cumulo-nimbus,0.14
cumulus,0.81
cunnilinctus,0.07
cunnilingus,0.24
cunéiforme,0.20
cupide,1.47
cupidement,0.07
cupidité,1.96
cupidon,0.27
cupressus,0.27
cupronickel,0.01
cupule,0.20
curable,0.33
curage,0.07
curaille,0.07
curaillon,0.14
curare,0.47
curarisant,0.07
curariser,0.01
curateur,0.14
curatif,0.65
curaçao,0.54
curcuma,0.07
cure,9.12
cure-dent,1.39
cure-pipe,0.07
curer,3.72
curetage,0.14
cureter,0.01
cureton,2.50
curette,0.02
curial,0.27
curie,0.36
curieusement,12.84
curieux,66.22
curiosité,54.39
curiste,0.95
curling,0.14
curriculum,0.41
curriculum vitae,0.74
curry,1.65
curseur,0.11
cursif,0.34
cursive,0.07
cursus,0.54
curve,0.09
curviligne,0.14
curé,51.82
curée,1.22
custode,0.14
custom,0.01
cutané,0.41
cuti,0.47
cuti-réaction,0.07
cuticule,0.18
cutter,2.41
cuve,4.32
cuveau,0.34
cuver,2.36
cuvette,12.97
cuvier,0.20
cuvée,0.57
cyan,0.25
cyanhydrique,0.17
cyanoacrylate,0.05
cyanobactérie,0.01
cyanogène,0.03
cyanose,0.06
cyanure,2.23
cybercafé,0.17
cyberespace,0.13
cybermonde,0.01
cybernéticien,0.10
cybernétique,0.26
cybernétiser,0.02
cyberspace,0.02
cycas,0.01
cyclable,0.20
cyclamen,0.34
cycle,8.20
cyclique,0.41
cycliquement,0.07
cyclisme,1.01
cycliste,6.49
cyclo,1.06
cyclo-cross,0.07
cyclo-pousse,0.05
cyclomoteur,0.23
cyclone,3.51
cyclonique,0.03
cyclope,2.36
cyclopéen,0.81
cyclorama,0.02
cyclosporine,0.17
cyclothymie,0.10
cyclothymique,0.34
cyclotron,0.27
cycloïdal,0.07
cygne,7.57
cylindre,5.20
cylindrique,3.45
cylindrée,0.68
cymbale,1.89
cymbaliste,0.27
cymbalum,0.14
cynips,0.01
cynique,6.42
cyniquement,0.74
cynisme,6.49
cynocéphale,0.14
cynodrome,0.01
cynophile,0.04
cynégétique,0.27
cyphoscoliose,0.01
cyphose,0.07
cyprin,1.82
cyprinidé,0.14
cypriote,0.47
cyprès,8.51
cyrard,0.27
cyrillique,0.47
cystique,0.09
cystite,0.09
cystotomie,0.01
cytologie,0.01
cytomégalovirus,0.08
cytoplasme,0.04
cytoplasmique,0.01
cytosine,0.04
cytotoxique,0.04
czar,0.54
czardas,0.14
câblage,0.44
câble,17.04
câbler,0.61
câblerie,0.02
câbleur,0.19
câblier,0.01
câblogramme,0.02
câblé,0.25
câlin,6.38
câlinement,0.14
câliner,1.22
câlinerie,0.61
câpre,0.47
cèdre,3.85
cène,0.20
cèpe,1.15
céans,0.34
céara,0.14
cécité,3.65
cédant,0.07
céder,61.35
cédrat,0.27
cédratier,0.07
cédulaire,0.14
cédule,0.01
cégep,0.54
cégétiste,0.14
céladon,0.47
céleri,1.62
céleste,7.30
célestin,0.20
célibat,1.75
célibataire,13.48
célimène,0.79
célinien,0.14
célèbre,33.58
célébrant,0.74
célébration,2.79
célébrer,20.07
célébrissime,0.09
célébrité,6.42
célérifère,0.07
célérité,0.88
cénacle,0.41
cénobite,0.07
cénotaphe,0.41
cépage,0.04
céphaline,0.01
céphalique,0.20
céphalo-rachidien,0.30
céphalopode,0.05
céphalorachidien,0.09
céphalosporine,0.03
cépée,0.20
céramique,3.24
céramiste,0.13
céruléen,0.74
cérumen,0.41
céruse,0.14
cérusé,0.14
céréale,4.67
céréalier,0.54
cérébral,11.59
cérébralement,0.07
cérébralité,0.07
cérémonial,4.46
cérémonie,30.95
cérémoniel,0.14
cérémonieusement,1.76
cérémonieux,3.24
césar,1.15
césarien,0.10
césarienne,1.64
césium,0.20
césure,0.47
cétacé,0.19
cétoine,0.27
cétone,0.01
cévadille,0.07
cévenol,0.07
cézigue,3.51
côlon,0.23
cône,3.38
côte,112.50
côtelette,3.45
côtelé,1.08
côtes-du-rhône,0.47
côtier,1.96
côtoyer,7.43
côté,566.49
d,54.68
d',11876.35
d'abord,175.45
d'autres,133.34
d'emblée,8.31
d'ores et déjà,1.28
da,8.02
dab,1.35
daba,0.01
dabe,1.42
dabuche,0.54
dace,0.61
dache,0.27
dacique,0.14
dacron,0.07
dactyle,0.20
dactylo,4.66
dactylographe,0.34
dactylographie,0.41
dactylographier,0.61
dactylographié,1.08
dactyloscopie,0.11
dada,2.57
dadais,1.28
dadaïsme,0.01
dadaïste,0.07
dague,2.46
daguerréotype,0.34
daguet,0.41
dahlia,2.50
dahu,0.19
daigner,9.39
daim,5.74
daine,0.07
daiquiri,0.41
dais,3.04
dakarois,0.14
dakin,0.07
dal,0.01
dalaï-lama,0.20
dale,0.16
dallage,3.04
dalle,29.19
daller,3.99
dalmate,0.41
dalmatien,0.33
dalmatique,0.68
daltonien,0.48
daltonisme,0.02
dam,1.69
damage,0.10
damas,0.61
damasquin,0.14
damasquinage,0.01
damasquinerie,0.07
damasquinure,0.07
damasquiné,0.27
damassé,1.35
dame,151.35
dame-jeanne,0.20
damer,11.60
dameret,0.07
dames,2.64
damier,2.57
damnable,0.20
damnation,3.92
damned,0.41
damner,4.46
damné,3.24
damoiseau,20.00
damoiselle,0.60
dan,0.49
danaïde,0.07
dancing,3.51
dandinement,0.74
dandiner,7.30
dandy,3.51
dandysme,0.41
danger,80.61
dangereusement,5.88
dangereux,101.84
dangerosité,0.14
dano,0.25
danois,3.37
dans,8296.08
dansant,6.89
danse,51.23
danser,137.36
danseur,25.68
dansotter,0.07
dantesque,0.34
danubien,0.20
dao,0.09
daphné,0.13
darce,0.02
dard,2.84
darder,4.19
dare-dare,1.55
darne,0.14
daron,2.50
darse,0.61
dasein,0.07
datable,0.07
datage,0.01
datation,0.20
datcha,1.74
date,45.74
dater,17.23
dateur,0.01
datif,0.02
datte,2.64
dattier,1.62
datura,0.20
daube,0.99
dauber,0.20
daubière,0.01
dauphin,11.82
dauphinat,0.20
dauphinois,0.41
daurade,0.95
davantage,97.84
davier,0.20
daya,4.13
daïquiri,0.14
dc,0.58
de,38928.92
de amicis,0.07
de auditu,0.07
de facto,0.16
de guingois,2.64
de plano,0.04
de profundis,0.41
de santis,0.10
de traviole,1.28
de visu,1.02
deadline,0.16
deal,8.76
dealer,12.65
debater,0.07
debout,158.85
decca,0.26
deck,0.22
decrescendo,0.14
dedans,76.55
degré,27.97
dehors,180.79
delco,0.34
delirium,0.41
delirium tremens,0.27
della francesca,0.34
della porta,0.07
della robbia,0.07
delphinium,0.04
delta,6.59
delta-plane,0.07
deltaplane,0.26
deltoïde,0.20
delà,12.70
demain,425.85
demande,64.64
demander,984.46
demandeur,0.78
demeure,28.11
demeurer,128.85
demeuré,2.92
demi,55.20
demi-barbare,0.07
demi-bas,0.14
demi-bonheur,0.07
demi-bouteille,0.47
demi-brigade,0.68
demi-cent,0.07
demi-centimètre,0.20
demi-centre,0.07
demi-cercle,4.80
demi-chagrin,0.07
demi-clair,0.07
demi-clarté,0.20
demi-cloison,0.20
demi-coma,0.27
demi-confidence,0.07
demi-conscience,0.20
demi-cylindre,0.14
demi-degré,0.01
demi-deuil,0.34
demi-dieu,0.47
demi-dieux,0.47
demi-dose,0.03
demi-douzaine,6.55
demi-dévêtu,0.14
demi-figure,0.07
demi-finale,1.13
demi-finaliste,0.01
demi-fond,0.21
demi-fou,0.14
demi-frère,2.91
demi-gros,0.47
demi-heure,26.65
demi-jour,1.28
demi-journée,1.65
demi-juif,0.14
demi-kilomètre,0.14
demi-liberté,0.07
demi-lieue,0.41
demi-litre,0.81
demi-livre,0.34
demi-longueur,0.06
demi-louis,0.07
demi-lueur,0.07
demi-lumière,0.07
demi-lune,2.36
demi-luxe,0.07
demi-mal,0.07
demi-mensonge,0.07
demi-mesure,0.54
demi-mille,0.07
demi-milliard,0.87
demi-millimètre,0.07
demi-million,3.08
demi-minute,0.07
demi-mois,0.15
demi-monde,0.14
demi-mort,0.27
demi-mot,1.49
demi-muid,0.07
demi-mètre,0.54
demi-nu,0.14
demi-nuit,0.27
demi-obscurité,1.96
demi-ouvrier,0.07
demi-page,0.41
demi-paralysé,0.10
demi-part,0.01
demi-pas,0.27
demi-pension,0.41
demi-pensionnaire,0.41
demi-personne,0.07
demi-pied,0.07
demi-pinte,0.07
demi-pièce,0.07
demi-place,0.11
demi-plein,0.01
demi-point,0.14
demi-porte,0.14
demi-portion,1.23
demi-pouce,0.07
demi-quart,0.07
demi-queue,0.20
demi-réussite,0.14
demi-révérence,0.07
demi-rêve,0.20
demi-saison,0.95
demi-sang,0.54
demi-seconde,1.01
demi-section,0.41
demi-sel,0.47
demi-siècle,5.95
demi-soeur,9.05
demi-solde,0.14
demi-sommeil,2.50
demi-somnolence,0.14
demi-sourire,2.84
demi-succès,0.20
demi-suicide,0.07
demi-talent,0.05
demi-tarif,0.56
demi-tasse,0.08
demi-teinte,0.95
demi-ton,0.61
demi-tonneau,0.07
demi-tour,19.27
demi-tête,0.14
demi-verre,1.22
demi-vertu,0.07
demi-vie,0.11
demi-vierge,0.20
demi-volte,0.07
demi-volume,0.07
demi-volée,0.07
demi-vérité,0.32
demi-échec,0.07
dendrite,0.01
dengue,0.02
denier,1.97
denim,0.07
denrée,4.73
dense,11.69
densimètre,0.01
densité,5.74
dent,125.68
dent-de-lion,0.07
dentaire,4.22
dental,0.47
dentelle,25.07
dentellière,2.36
dentelure,0.88
dentelé,2.70
dentier,2.77
dentifrice,3.87
dentiste,15.40
dentisterie,0.16
dentition,1.08
denture,2.16
denté,0.27
deo gratias,0.20
depuis,542.64
der,4.70
derby,0.39
derche,3.04
derechef,3.24
dermatite,0.08
dermatologie,0.23
dermatologique,0.61
dermatologiste,0.07
dermatologue,0.38
dermatose,0.14
derme,0.52
dermeste,0.01
dermique,0.07
dermite,0.09
dermographie,0.14
dernier,431.08
dernier-né,1.01
dernière-née,0.20
dernièrement,11.24
derrick,2.04
derrière,349.39
derviche,1.76
des,10624.93
desceller,1.55
descendance,1.96
descendant,5.00
descendeur,0.07
descendre,301.62
descenseur,0.01
descente,23.24
descriptible,0.27
descriptif,0.41
description,11.49
desdites,0.07
desdits,0.20
desiderata,0.27
design,1.54
designer,0.57
desk,0.14
desperado,0.47
despote,1.01
despotique,0.54
despotisme,0.81
desquamation,0.07
desquelles,9.39
desquels,10.14
dessaisir,0.61
dessaisissement,0.07
dessaler,0.34
dessalé,0.47
dessaouler,1.15
dessaper,0.14
dessein,14.86
desseller,0.61
desserrage,0.07
desserre,0.07
desserrer,10.88
dessert,13.40
desserte,1.76
dessertir,0.14
desservant,0.20
desservir,5.14
dessiccation,0.07
dessiller,0.81
dessin,56.28
dessinateur,7.30
dessiner,79.66
dessiné,0.54
dessouder,0.63
dessouler,0.20
dessous,29.46
dessous-de-bras,0.07
dessous-de-plat,0.54
dessous-de-table,0.21
dessous-de-verre,0.01
dessoûler,1.69
dessus,111.19
dessus-de-lit,1.08
dessèchement,0.07
desséchant,0.20
dessécher,15.61
destin,67.23
destinataire,2.23
destination,10.88
destiner,35.00
destiné,4.73
destinée,11.22
destituer,0.74
destitution,0.34
destrier,0.74
destroy,0.25
destroyer,2.82
destructeur,2.84
destructible,0.03
destructif,0.35
destruction,15.34
dette,26.13
deuche,0.07
deuil,26.22
deus ex machina,0.47
deusio,0.20
deutsche mark,0.02
deutérium,0.07
deutéronome,0.23
deux,1557.91
deux-chevaux,1.22
deux-deux,0.02
deux-mâts,0.14
deux-pièces,1.82
deux-points,0.01
deux-ponts,0.07
deux-quatre,0.03
deux-roues,0.11
deuxième,59.05
deuxièmement,4.58
deuzio,0.89
devancer,8.04
devant,690.34
devanture,7.64
devenir,533.51
devers,2.57
devin,1.82
deviner,112.30
devinette,2.97
devineur,0.20
devis,1.62
devise,7.77
deviser,3.58
devoir,3232.57
devon,1.98
dexaméthasone,0.01
dextre,0.54
dextrement,0.14
dextrose,0.12
dextérité,2.16
dey,1.96
deçà,2.97
dharma,0.26
dhole,0.08
dia,1.22
diable,93.34
diablement,1.01
diablerie,0.61
diablesse,1.28
diablotin,0.53
diabolique,8.61
diaboliquement,0.34
diaboliser,0.09
diabolisme,0.04
diabolo,0.88
diabète,2.27
diabétique,1.29
diachronique,0.07
diaclase,0.14
diaconesse,0.20
diaconie,0.07
diacre,1.15
diacritique,0.07
diacétylmorphine,0.01
diadème,1.76
diagnose,0.01
diagnostic,6.78
diagnostique,0.88
diagnostiquer,1.93
diagnostiqueur,0.01
diagonal,0.27
diagonale,4.32
diagonalement,0.07
diagramme,0.77
dialectal,0.32
dialecte,2.57
dialecticien,0.34
dialectique,2.23
dialogique,0.01
dialogue,19.19
dialoguer,2.64
dialoguiste,0.14
dialyse,1.06
dialyser,0.16
diam,1.01
diamant,22.91
diamantaire,2.43
diamantifère,0.07
diamantin,0.88
diamanté,0.14
diamine,0.01
diamorphine,0.01
diamètre,2.23
diamétralement,0.74
diane,0.47
diantre,0.46
diapason,1.49
diaphane,2.91
diaphorétique,0.06
diaphragmatique,0.05
diaphragme,1.49
diapo,1.78
diaporama,0.07
diapositive,0.92
diapré,0.41
diarrhée,3.38
diarrhéique,0.07
diaspora,0.61
diastole,0.07
diastolique,0.07
diatomée,0.07
diatonique,0.14
diatribe,2.09
dichotomie,0.20
dichroïque,0.01
dichroïsme,0.07
dicible,0.07
dico,0.77
dictaphone,0.42
dictateur,5.74
dictatorial,0.34
dictature,5.27
dicter,12.30
diction,1.49
dictionnaire,10.88
dicton,2.83
dictée,4.05
didactique,1.35
didactiquement,0.07
die,2.17
dieffenbachia,0.07
diem,0.58
dies irae,0.54
diesel,1.71
dieu,903.41
dieu-roi,0.07
diffamateur,0.21
diffamation,1.98
diffamatoire,0.20
diffamer,0.81
diffamé,0.14
difficile,150.58
difficilement,13.04
difficultueux,0.07
difficulté,49.80
difforme,2.91
difformité,0.81
diffraction,0.04
diffus,5.88
diffusant,0.07
diffuser,10.33
diffuseur,0.19
diffusion,2.55
différemment,8.46
différence,55.88
différenciation,0.14
différencier,3.17
différencié,0.27
différend,2.68
différent,135.80
différentiel,0.22
différents,3.94
différer,10.07
différé,1.55
difracter,0.01
dig,0.29
digest,0.41
digeste,0.07
digestif,1.82
digestion,2.97
digicode,0.07
digit,0.01
digital,3.81
digitale,0.74
digitaline,0.88
digitaliseur,0.03
digne,35.27
dignement,3.51
dignitaire,4.26
dignité,32.77
dignus est intrare,0.07
digression,1.62
digue,10.20
digérer,9.53
dijonnais,0.20
diktat,0.20
dilapidation,0.07
dilapider,1.35
dilatable,0.14
dilatateur,0.14
dilatation,1.08
dilater,5.54
dilation,0.03
dilatoire,0.47
dilaté,2.09
dilection,0.54
dilemme,2.24
dilettante,0.91
dilettantisme,0.47
diligemment,0.27
diligence,3.49
diligent,0.81
diligenter,0.01
diluant,0.21
diluer,6.49
dilution,0.20
diluvien,0.74
dimanche,101.15
dimension,23.11
dimensionnel,0.61
dimensionnement,0.01
diminuant,0.07
diminuendo,0.02
diminuer,16.28
diminutif,1.89
diminution,1.15
diminué,1.55
dinanderie,0.07
dinar,1.74
dinde,9.32
dindon,1.73
dindonneau,0.17
dine,1.24
ding,3.54
dingo,1.08
dingue,58.48
dinguer,1.08
dinguerie,0.88
dinosaure,4.46
diocèse,1.15
diocésain,0.14
diode,0.07
diodon,0.20
dionysiaque,0.47
dionysien,0.07
dionée,0.03
dioptre,0.07
diorama,0.34
diorite,0.04
dioxine,0.14
dioxyde,0.56
diphtongue,0.34
diphtérie,0.68
diphényle,0.07
diplodocus,0.68
diplomate,8.65
diplomatie,5.68
diplomatique,10.00
diplomatiquement,0.20
diplopie,0.03
diplôme,17.27
diplômer,4.29
diplômé,1.81
dipneuste,0.07
dipsomane,0.26
dipsomanie,0.01
diptyque,0.14
dipôle,0.01
dire,5946.15
direct,26.69
directement,39.12
directeur,64.71
directeur-adjoint,0.14
directif,0.34
direction,108.04
directionnel,0.57
directive,4.93
directo,0.41
directoire,2.09
directorat,0.01
directorial,1.28
directos,0.41
dirham,0.43
dirigeable,0.62
dirigeant,10.00
diriger,95.68
dirigé,1.22
dirimant,0.14
dirlo,1.76
disant,7.09
disc-jockey,0.18
discal,0.13
discernable,0.47
discernement,2.50
discerner,15.20
disciple,14.46
disciple-roi,0.07
disciplinaire,1.28
discipline,22.03
discipliner,1.42
discipliné,2.16
disco,1.81
discobole,0.24
discographie,0.01
discontinu,1.49
discontinuer,1.82
discontinuité,0.68
discordance,0.68
discordant,2.91
discorde,2.09
discothèque,1.32
discount,0.39
discoureur,0.14
discourir,4.12
discours,50.54
discourtois,0.41
discret,33.04
discriminant,0.07
discrimination,1.60
discriminatoire,0.15
discriminer,0.18
discrètement,19.73
discrédit,0.61
discréditer,1.61
discrétion,21.22
discrétionnaire,0.20
disculpation,0.04
disculper,1.55
discussion,33.51
discutable,1.01
discutailler,0.81
discutailleur,0.07
discuter,96.42
discuté,0.79
disert,0.88
disette,1.76
diseur,0.68
disfonctionnement,0.44
disgracier,0.68
disgracieusement,0.07
disgracieux,2.30
disgracié,0.61
disgrâce,4.46
disharmonie,0.07
disjoindre,1.49
disjoint,2.03
disjoncter,3.31
disjoncteur,1.45
disjonction,0.14
diskette,0.81
dislocation,1.35
disloquer,4.80
disloqué,3.24
disparaissant,1.15
disparate,3.18
disparaître,183.31
disparition,23.38
disparité,0.27
disparu,14.80
dispatcher,0.07
dispatching,0.14
dispendieusement,0.07
dispendieux,0.47
dispensable,0.01
dispensaire,1.76
dispensateur,1.15
dispensation,0.07
dispense,1.11
dispenser,11.15
dispensé,0.14
dispersant,0.07
dispersement,0.14
disperser,18.85
dispersif,0.01
dispersion,4.19
dispersé,4.32
dispo,0.44
disponibilité,3.58
disponible,13.19
dispos,2.03
disposant,0.14
disposer,83.18
dispositif,5.74
disposition,45.07
disposé,4.19
disproportion,0.95
disproportionné,0.95
dispute,16.54
disputer,39.31
disputeur,0.07
disputé,0.54
disquaire,0.54
disqualification,0.15
disqualifier,1.51
disqualifié,0.27
disque,42.16
disque-jockey,0.07
disquette,2.48
disruptif,0.01
disruption,0.01
dissection,0.88
dissemblable,1.69
dissemblance,0.27
dissension,1.28
dissentiment,0.34
dissertation,3.04
disserter,1.28
dissidence,0.81
dissident,0.88
dissimiler,0.01
dissimulateur,0.20
dissimulation,2.30
dissimuler,51.01
dissimulé,3.51
dissipateur,0.27
dissipation,0.95
dissiper,19.59
dissipé,1.49
dissociatif,0.28
dissociation,0.41
dissocier,3.04
dissolu,0.82
dissolution,2.50
dissolvant,1.01
dissonance,0.54
dissonant,0.27
dissoudre,12.30
dissous,0.27
dissoute,2.57
dissuader,3.72
dissuasif,0.21
dissuasion,0.29
dissymétrie,0.54
dissymétrique,0.27
dissémination,0.14
disséminer,2.16
disséminé,0.47
disséquer,2.16
disséqueur,0.01
distal,0.19
distance,62.43
distancer,1.96
distanciation,0.01
distancier,0.25
distant,7.50
distendre,3.24
distendu,2.64
distension,0.07
distillat,0.07
distillateur,0.14
distillation,0.47
distiller,4.05
distillerie,0.98
distinct,9.46
distinctement,6.76
distinctif,1.62
distinction,10.14
distinguer,74.12
distinguo,0.20
distingué,9.39
distordre,0.61
distorsion,1.05
distraction,14.05
distraire,27.77
distrait,13.78
distraitement,13.51
distrayant,1.08
distribuer,25.54
distributeur,7.88
distribution,8.85
distribué,0.81
district,6.14
dit,21.24
dithyrambe,0.34
dithyrambique,0.47
dito,0.34
diurnal,0.07
diurne,2.03
diurèse,0.07
diurétique,0.28
diva,4.16
divagant,0.20
divagation,2.23
divaguer,4.26
divan,24.46
dive,0.20
divergence,2.84
divergent,2.23
diverger,1.01
divers,52.77
diversement,0.74
diverses,8.04
diversification,0.14
diversifier,0.88
diversion,6.22
diversité,3.85
diverticule,0.03
diverticulose,0.04
divertimento,0.14
divertir,4.49
divertissant,1.55
divertissement,5.47
dividende,0.57
divin,26.55
divination,1.08
divinatoire,0.27
divinement,1.28
divinisant,0.07
divinité,5.95
diviser,16.69
diviseur,0.20
divisible,0.27
division,43.51
divisionnaire,3.45
divisionnisme,0.07
divisé,1.62
divorce,23.23
divorcer,27.50
divorcé,2.37
divulgation,0.61
divulguer,2.48
dix,209.86
dix-cors,0.88
dix-huit,31.69
dix-huitième,1.89
dix-neuf,10.54
dix-neuvième,1.22
dix-sept,19.59
dix-septième,1.22
dixie,1.40
dixieland,0.14
dixit,0.68
dixième,4.32
dixièmement,0.02
dizain,0.14
dizaine,44.73
dièdre,0.41
dièse,0.27
diète,0.54
diéthylénique,0.01
diététicien,0.61
diététique,1.03
diététiste,0.01
djebel,2.84
djellaba,1.69
djemââ,0.07
djihad,0.44
djinn,0.61
dm,0.40
dna,0.09
do,16.66
doberman,1.03
doc,4.04
doche,0.07
docile,9.66
docilement,5.54
docilité,3.85
dock,3.99
docker,3.18
docte,1.89
doctement,0.54
docteur,233.86
doctissime,0.03
doctoral,0.81
doctorat,4.07
doctrinaire,0.27
doctrinal,0.47
doctrine,7.77
docudrame,0.03
document,24.86
documentaire,4.88
documentaliste,0.29
documentariste,0.04
documentation,2.43
documenter,1.53
documenté,0.39
dodelinant,0.27
dodeliner,2.77
dodo,7.53
dodu,5.00
dodécagone,0.07
dodécaphoniste,0.07
dodécaèdre,0.14
dog-cart,0.04
dogaresse,0.14
doge,3.45
dogger,0.14
dogmatique,1.01
dogmatisme,0.34
dogme,2.77
dogue,1.42
doguin,0.07
doigt,256.15
doigter,0.10
doigtier,0.20
doigté,1.15
doit,0.27
dojo,0.93
dol,0.34
dolby,0.05
dolce,1.53
dolent,2.36
dolichocéphale,0.20
dolichocéphalie,0.07
doline,0.01
dolique,0.01
dollar,134.10
dolman,1.15
dolmen,1.89
dolomite,0.08
dolorisme,0.07
doloriste,0.07
doléance,1.76
dom,0.39
domaine,46.22
domanial,0.47
domestication,0.47
domesticité,0.88
domestique,18.51
domestiquement,0.07
domestiquer,3.58
domicile,15.34
domiciliation,0.07
domicilier,0.74
domicilié,0.53
dominance,0.14
dominant,3.85
dominante,1.15
dominateur,1.49
domination,5.88
dominer,50.61
dominicain,2.57
dominical,2.97
dominion,0.54
domino,3.18
dommage,65.59
dommageable,0.20
dommages-intérêts,0.04
domotique,0.02
domptage,0.14
dompter,3.24
dompteur,2.57
dompté,0.20
don,43.78
dona,1.15
donateur,1.69
donation,1.89
donc,612.51
dondaine,0.14
dondon,0.47
dong,0.97
donjon,3.31
donjuanesque,0.47
donjuanisme,0.54
donnant,3.78
donnant-donnant,0.73
donne,25.03
donner,1209.67
donneur,6.76
donné,13.65
donnée,20.92
donquichottesque,0.20
donquichottisme,0.01
dont,960.34
donzelle,1.22
dopage,0.10
dopamine,1.10
dopant,0.18
dope,7.47
doper,1.33
doping,0.34
doppler,0.01
dorade,0.62
dorage,0.07
dorer,15.14
dorique,0.47
dorloter,2.43
dormance,0.07
dormant,4.26
dormeur,5.95
dormir,392.09
dormitif,0.20
dormition,0.14
dorsal,1.12
dorsale,0.14
dortoir,12.36
dorure,3.99
doryphore,0.81
doré,50.47
dorée,1.55
dorénavant,7.20
dos,213.99
dos-d'âne,0.34
dosage,1.89
dose,18.44
doser,2.91
doseur,0.19
dosimètre,0.03
dossard,0.54
dosseret,0.07
dossier,78.91
dossière,0.27
dot,4.73
dotation,0.41
doter,8.99
doté,0.54
douaire,0.07
douane,9.46
douanier,7.57
douar,0.61
doublage,0.43
doublard,0.14
double,58.99
double-cliquer,0.09
double-croche,0.01
double-décimètre,0.07
double-fond,0.01
double-six,0.20
doubleau,0.20
doublement,4.26
doubler,22.84
doublet,0.20
doublette,0.14
doubleur,0.09
doublon,0.41
doublonner,0.01
doublure,4.53
doublé,1.22
douce,0.01
douce-amère,0.27
doucement,128.38
doucereusement,0.20
doucereux,2.97
doucet,1.01
doucette,0.14
doucettement,0.41
douceur,70.00
douceâtre,2.70
douche,36.06
doucher,6.75
doucheur,0.07
doucin,0.14
doucine,0.01
doudou,6.76
doudoune,0.92
douelle,0.61
douer,20.29
douglas,0.09
douille,3.67
douiller,1.28
douillet,6.96
douillette,0.41
douillettement,0.54
douleur,91.89
douloureusement,5.54
douloureux,37.50
douma,0.34
doura,0.07
douro,0.54
doutance,0.27
doute,350.07
douter,88.11
douteusement,0.07
douteux,15.95
douve,1.42
doux,145.07
doux-amer,0.04
douzaine,18.58
douze,48.18
douzième,2.77
douçâtre,0.07
doué,12.73
down,0.54
downing street,0.34
doyen,6.76
doyenné,0.07
doña,2.44
drachme,2.57
draconien,0.54
drag,0.73
dragage,0.15
drageoir,0.47
dragon,13.98
dragonnier,0.10
dragster,0.04
drague,3.11
draguer,21.00
dragueur,1.49
dragée,3.04
drain,1.11
drainage,0.61
drainer,1.22
draisienne,0.07
draisine,0.07
drakkar,0.27
dramatique,11.35
dramatiquement,0.41
dramatisation,0.17
dramatiser,2.42
dramaturge,0.88
dramaturgie,0.26
drame,39.93
drap,74.12
drapeau,37.64
draper,7.23
draperie,3.31
drapier,0.47
drapé,2.30
drastique,0.50
drastiquement,0.02
drave,0.07
dreadlocks,0.11
dream team,0.07
drelin,0.43
drepou,0.07
dressage,1.82
dressant,0.07
dressement,0.07
dresser,99.86
dresseur,0.86
dressing,0.28
dressing-room,0.01
dressoir,0.47
dressé,11.82
dreyfusard,0.27
dreyfusisme,0.07
dribble,0.69
dribbler,0.81
dribbleur,0.14
dribler,0.25
drift,0.07
drifter,37.50
drill,0.07
drille,1.22
dring,0.61
drink,0.92
drisse,0.81
drive,1.45
drive-in,0.94
driver,0.61
drogman,0.27
drogue,58.76
droguer,13.15
droguerie,0.54
droguet,1.08
droguiste,0.61
drogué,6.35
droit,207.62
droit-fil,0.07
droite,117.97
droitement,0.07
droitier,0.76
droiture,1.76
drolatique,0.54
dromadaire,1.22
drome,0.07
drone,1.79
drone-espion,0.02
dronte,0.07
drop,1.11
droppage,0.04
drosophile,0.10
dross,0.07
drossart,0.07
drosser,0.41
droséra,0.01
dru,9.53
drugstore,1.89
druide,4.86
druidesse,0.20
druidique,0.74
druidisme,0.54
drumlin,0.11
drummer,0.17
drums,0.07
druze,1.28
dry,1.22
dryade,0.27
drège,0.01
drépanocytose,0.01
drôle,144.48
drôlement,24.86
drôlerie,3.72
drôlesse,0.21
drôlet,0.41
du,6882.16
dual,0.07
dualisme,0.34
dualiste,0.01
dualité,0.68
dubitatif,2.30
dubitation,0.14
dubitativement,0.14
duc,23.51
ducal,1.08
ducasse,0.27
ducat,1.28
ducaton,0.14
duce,2.97
duchnoque,0.07
duché,0.14
ducon,6.86
ductile,0.27
dudit,1.08
duel,7.54
duelliste,0.21
duffel-coat,0.07
duffle-coat,0.34
dugong,0.27
duit,0.07
dulcinée,0.47
dum-dum,0.27
dumper,0.01
dumping,0.07
dundee,0.07
dune,12.84
dunette,0.68
dunkerque,0.14
duo,2.58
duodi,0.07
duodénal,0.03
duodénum,0.27
duopole,0.01
dupe,8.51
duper,4.77
duperie,0.88
dupeur,0.01
duplex,1.35
duplicata,0.41
duplicate,0.03
duplicateur,0.23
duplication,0.47
duplice,0.14
duplicité,1.28
dupliquer,0.31
duquel,30.20
dur,187.84
durabilité,0.01
durable,5.95
durablement,0.74
duraille,2.43
duralumin,0.27
durant,65.95
durci,4.12
durcir,13.99
durcissement,0.74
durcisseur,0.03
dure,5.81
dure-mère,0.07
durement,12.97
durer,101.62
dureté,12.23
durham,0.09
durian,2.21
durillon,1.01
durit,0.04
durite,0.50
durée,19.39
duvet,8.85
duveteux,1.76
duveté,0.47
duègne,0.81
dyke,0.16
dynamique,2.68
dynamiser,0.20
dynamisme,1.82
dynamitage,0.07
dynamite,8.12
dynamiter,0.90
dynamiteur,0.34
dynamo,0.95
dynamomètre,0.07
dynamométrique,0.01
dynastie,3.65
dynastique,0.07
dyscinésie,0.01
dyscrasie,0.01
dysenterie,1.49
dysentérique,0.27
dysfonction,0.09
dysfonctionnement,0.77
dyslexie,0.12
dyslexique,0.46
dysménorrhée,0.01
dyspepsie,0.14
dyspepsique,0.07
dyspeptique,0.07
dysphonie,0.01
dysphorie,0.02
dysplasie,0.07
dyspnée,0.05
dyspnéique,0.14
dysthymie,0.10
dystocie,0.03
dystrophie,0.05
dysurie,0.01
dytique,0.07
dèche,1.96
dès,275.07
dé,23.36
déambulant,0.14
déambulateur,0.13
déambulation,1.42
déambulatoire,0.14
déambuler,7.70
débagoulage,0.07
débagouler,0.68
déballage,1.76
déballer,6.69
déballonnage,0.07
déballonner,0.74
débandade,3.51
débander,2.43
débaptiser,0.27
débarbot,0.20
débarbouiller,2.77
débarbouillette,0.02
débarcadère,1.62
débardage,0.20
débarder,0.41
débardeur,1.42
débarquement,15.00
débarquer,34.39
débarqué,1.15
débarras,6.96
débarrasser,61.77
débarrer,0.20
débat,15.81
débatteur,0.07
débattre,26.42
débattue,0.01
débauche,9.39
débaucher,1.69
débaucheur,0.02
débauché,1.35
débectage,0.07
débectance,0.20
débecter,1.89
débile,21.09
débilement,0.02
débilitant,0.27
débilitation,0.14
débilité,0.88
débiller,0.07
débine,0.88
débiner,3.18
débit,6.35
débitage,0.07
débitant,0.27
débite,0.07
débiter,14.46
débiteur,1.28
déblai,0.74
déblaiement,0.74
déblatérer,0.47
déblayage,0.14
déblayer,4.19
déblayeur,0.01
déblocage,0.27
débloquer,6.07
débobinage,0.07
débobiner,0.07
débogage,0.01
déboguer,0.04
déboire,3.51
déboisement,0.01
déboiser,0.54
débonder,0.61
débonnaire,3.11
débord,0.14
débordant,4.66
débordement,3.78
déborder,31.62
débotté,0.16
débouchage,0.01
déboucher,33.45
déboucheur,0.20
débouchoir,0.02
débouché,3.51
déboucler,2.91
débouler,6.22
déboulonner,0.95
déboulé,0.41
débourrage,0.07
débourrer,0.54
débours,0.20
déboursement,0.01
débourser,1.02
déboussoler,1.73
débouter,0.34
déboutonnage,0.27
déboutonner,8.24
déboîtement,0.01
déboîter,1.08
débraguetter,0.54
débraillé,1.55
débranchement,0.02
débrancher,6.09
débrayage,0.47
débrayer,1.42
débridement,0.04
débrider,1.69
débridé,0.95
débriefer,0.19
débriefing,0.58
débris,13.85
débronzer,0.02
débrouillage,0.14
débrouillard,1.28
débrouillardise,0.34
débrouille,0.34
débrouiller,46.72
débroussaillage,0.14
débroussailler,0.54
débucher,0.07
débusquer,2.50
début,141.49
débutant,5.82
débuter,10.08
débâcle,6.69
déc,0.30
déca,1.16
décabosser,0.01
décachetage,0.01
décacheter,2.43
décade,1.15
décadence,4.73
décadent,1.47
décadentisme,0.07
décadi,0.34
décaféiné,0.22
décaissement,0.01
décaisser,0.14
décalage,3.92
décalcification,0.01
décalcomanie,0.61
décalcomanies,0.01
décaler,1.42
décalitre,0.14
décalogue,0.20
décalotter,0.34
décalque,0.47
décalquer,1.08
décalé,0.68
décambuter,0.20
décamper,4.02
décamètre,0.20
décan,0.07
décaniller,0.61
décantation,0.10
décanter,1.28
décanteur,0.01
décapage,0.01
décapant,0.34
décaper,2.09
décapeur,0.07
décapitation,0.55
décapiter,6.96
décapode,0.07
décapotable,2.30
décapotage,0.07
décapoter,0.27
décapoté,0.47
décapsuler,1.35
décapsuleur,0.34
décapuchonner,0.41
décarcasser,0.61
décarpillage,0.20
décarpiller,0.14
décarrade,2.50
décarrer,4.32
décathlon,0.27
décati,0.61
décatir,0.47
décavé,0.27
décelable,0.20
déceler,11.15
décembre,31.22
décembriste,0.20
décemment,2.57
décence,2.92
décennal,0.07
décennie,2.67
décent,5.95
décentralisation,0.07
décentrement,0.01
déception,16.82
décerner,3.51
décervelage,0.14
décerveler,0.27
décevant,4.59
décevoir,33.23
déchanter,1.55
déchard,0.27
décharge,12.77
déchargement,0.88
décharger,11.89
déchargeur,0.07
décharnement,0.07
décharner,1.62
décharné,5.20
déchausser,2.91
déchaussé,0.95
déchaînement,3.38
déchaîner,13.18
déchaîné,4.80
décher,0.34
déchet,7.04
déchetterie,0.11
déchiffrable,0.47
déchiffrage,0.41
déchiffrement,1.22
déchiffrer,15.81
déchiffreur,0.14
déchiquetage,0.27
déchiqueter,5.74
déchiqueteur,0.20
déchiqueté,4.66
déchirage,0.14
déchirant,10.27
déchirement,5.68
déchirer,53.11
déchireur,0.02
déchirure,7.03
déchiré,13.38
déchoir,3.04
déchouer,0.01
déchu,3.85
déchéance,6.42
déci,0.01
décibel,0.88
décider,214.19
décideur,0.23
décidé,10.07
décidément,30.81
décigramme,0.14
décile,0.01
décilitre,0.07
décimal,0.47
décimalisation,0.01
décimalité,0.01
décimateur,0.01
décimation,0.42
décimer,3.85
décimètre,0.81
décisif,16.01
décision,66.48
décision-clé,0.01
décisionnaire,0.04
décisionnel,0.05
déclamation,0.81
déclamatoire,0.54
déclamer,5.00
déclancher,0.22
déclarant,0.07
déclaration,21.82
déclaratoire,0.03
déclarer,73.18
déclaré,2.36
déclassement,0.20
déclasser,0.54
déclassé,0.95
déclenchant,0.04
déclenche,0.20
déclenchement,2.50
déclencher,22.91
déclencheur,0.94
déclic,7.97
déclin,6.42
déclinaison,0.47
déclinant,2.97
décliner,11.28
déclive,0.34
déclivité,1.08
déclouer,0.88
déco,2.25
décocher,4.05
décoction,1.08
décodage,0.19
décoder,3.04
décodeur,0.39
décoffrage,0.02
décoiffer,3.18
décoincer,0.93
décoinçage,0.01
décollage,7.23
décollation,0.07
décollement,0.27
décoller,21.15
décolleter,0.95
décolleté,3.92
décolonisation,0.41
décolorant,0.07
décoloration,0.53
décolorer,3.58
décoloré,3.38
décolérer,0.81
décommander,2.77
décompensation,0.01
décompenser,0.05
décompliquer,0.02
décomposable,0.07
décomposer,7.43
décomposeur,0.01
décomposition,3.45
décomposé,2.97
décompresser,1.11
décompression,0.50
décomprimer,0.01
décompte,1.15
décompter,0.47
déconcentration,0.07
déconcentrer,0.88
déconcertant,4.39
déconcerter,7.09
déconcerté,2.64
déconditionnement,0.03
déconditionner,0.01
déconfire,0.41
déconfit,0.88
déconfiture,1.55
décongeler,0.52
décongestif,0.01
décongestion,0.01
décongestionner,0.14
décongélation,0.31
déconnage,0.61
déconnecter,2.60
déconnection,0.03
déconner,39.86
déconneur,0.20
déconnexion,0.16
déconomètre,0.07
déconophone,0.20
déconseiller,2.83
déconsidération,0.01
déconsidérer,1.22
déconsigner,0.20
déconstiper,0.07
déconstruction,0.08
décontamination,0.96
décontaminer,0.17
décontenancer,2.77
décontenancé,2.84
décontract,0.24
décontracter,1.54
décontraction,1.28
décontracté,1.07
déconvenue,2.16
décor,45.61
décorateur,3.11
décoratif,4.12
décoration,11.76
décorer,20.20
décorner,0.27
décorticage,0.14
décortication,0.01
décortiquer,2.64
décortiqué,0.20
décorum,0.54
décoré,2.97
découcher,1.03
découdre,2.36
découler,4.12
découpage,1.96
découpe,2.30
découper,32.70
découpeur,0.17
découplage,0.01
découpler,0.07
découplé,0.27
découpure,1.01
découpé,3.38
décourageant,1.96
découragement,6.82
décourager,15.47
découragé,4.32
décours,0.14
décousu,1.62
découvert,10.07
découverte,29.53
découvreur,0.81
découvrir,198.18
décramponner,0.07
décrassage,0.20
décrasser,1.49
décret,9.12
décret-loi,0.07
décrier,0.68
décriminaliser,0.01
décrire,40.20
décrisper,0.54
décrit,1.54
décrié,0.54
décrochage,0.54
décrochant,0.07
décrochement,0.47
décrocher,30.41
décrochez-moi-ça,0.07
décroiser,1.96
décroissance,0.01
décroissant,1.08
décrotter,0.68
décrottoir,0.14
décroît,0.07
décroître,6.69
décrue,0.14
décryptage,0.20
décrypter,0.89
décrypteur,0.27
décrédibiliser,0.02
décrépit,0.60
décrépitude,1.62
décréter,10.74
décrêpage,0.07
décrêper,0.14
déculotter,1.82
déculotté,0.27
déculottée,0.13
déculpabiliser,0.14
décuple,0.07
décupler,3.24
décuplé,0.54
décuver,0.04
décès,12.82
décéder,8.38
décédé,3.02
décélération,0.30
décélérer,0.06
décérébration,0.03
décérébrer,0.22
dédaigner,10.47
dédaigneuse,0.07
dédaigneusement,1.15
dédaigneux,6.55
dédain,10.07
dédale,5.88
dédicace,2.30
dédicacer,1.91
dédicacé,0.76
dédicatoire,0.41
dédier,8.69
dédire,0.61
dédit,0.41
dédié,0.30
dédommagement,1.18
dédommager,3.05
dédouanement,0.14
dédouaner,0.74
dédoublement,1.01
dédoubler,2.03
dédramatiser,0.27
déducteur,0.14
déductibilité,0.07
déductible,0.56
déductif,0.16
déduction,2.16
déduire,7.08
déduit,0.27
déesse,13.56
défaillance,7.57
défaillant,2.30
défaillir,5.47
défaire,32.23
défait,9.86
défaite,21.82
défaitisme,0.68
défaitiste,1.26
défalquer,0.27
défarguer,0.61
défausser,0.07
défaut,38.45
défaveur,0.41
défavorable,2.91
défavorablement,0.20
défavorisé,0.54
défectible,0.07
défectif,0.01
défection,1.35
défectueusement,0.07
défectueux,2.54
défectuosité,0.14
défendable,0.20
défendeur,0.50
défendre,91.08
défends,0.20
défendu,4.80
défenestration,0.09
défenestrer,0.44
défens,0.01
défense,52.30
défenseur,6.35
défensif,2.35
défensive,1.89
déferlant,0.34
déferlante,0.34
déferlement,4.66
déferler,11.28
déferrer,0.10
déferré,0.07
défi,17.36
défiance,2.09
défiant,0.43
défibreur,0.01
défibrillateur,0.58
défibrillation,0.14
déficeler,0.27
déficience,1.22
déficient,0.74
déficit,1.92
déficitaire,0.34
défier,13.49
défiger,0.07
défiguration,0.25
défigurement,0.01
défigurer,5.41
défiguré,1.69
défilement,0.68
défiler,32.64
défilé,14.73
défini,3.38
définir,14.53
définissable,0.20
définitif,31.76
définition,7.23
définitivement,23.51
déflagration,2.09
déflationniste,0.02
déflecteur,0.20
déflexion,0.09
défloraison,0.20
défloration,0.20
déflorer,0.89
défoliant,0.01
défonce,0.95
défoncement,0.34
défoncer,16.85
défonceuse,0.14
défoncé,5.68
déforestation,0.04
déformant,0.95
déformation,2.43
déformer,12.43
déformé,3.65
défoulement,0.27
défouler,3.39
défouloir,0.15
défourailler,0.81
défragmenteur,0.01
défraiement,0.42
défrayer,1.55
défraîchi,2.77
défraîchir,1.01
défrichage,0.14
défrichement,0.47
défricher,1.82
défrisage,0.01
défriser,1.01
défroisser,1.28
défroque,2.16
défroquer,0.47
défroqué,0.61
défunt,6.42
défunter,0.14
défécation,0.81
défécatoire,0.41
déféminiser,0.01
déféquer,0.92
déférence,4.26
déférent,2.70
déférer,0.47
dégagement,0.74
dégager,102.47
dégagé,6.35
dégaine,3.18
dégainer,4.95
dégarni,1.82
dégarnir,1.01
dégauchir,2.57
dégauchisseuse,0.07
dégazage,0.03
dégazer,0.14
dégel,3.31
dégeler,1.15
dégelée,1.35
dégingandé,2.03
dégivrage,0.03
dégivrer,0.15
déglacer,0.06
déglingue,0.34
déglinguer,3.72
déglingué,2.43
déglutir,3.18
déglutition,1.08
dégobillage,0.01
dégobiller,0.88
dégoiser,1.35
dégommage,0.14
dégommer,2.49
dégonflage,0.07
dégonflard,0.27
dégonflement,0.01
dégonfler,6.08
dégonflé,3.63
dégorgement,0.14
dégorger,2.36
dégoter,3.47
dégotter,2.16
dégoulinade,0.41
dégoulinant,3.99
dégoulinement,0.07
dégouliner,8.38
dégoupiller,0.74
dégourdi,0.88
dégourdir,3.31
dégouttant,0.34
dégoutter,1.28
dégoût,30.14
dégoûtant,15.92
dégoûtation,0.47
dégoûter,18.39
dégoûté,5.81
dégradable,0.01
dégradant,1.67
dégradation,2.91
dégrader,4.46
dégradé,1.15
dégrafer,4.93
dégrafeur,0.01
dégraissage,0.07
dégraissant,0.01
dégraisser,0.41
dégriffer,0.14
dégriffeur,0.27
dégriffé,0.07
dégringolade,1.89
dégringoler,12.43
dégripper,0.07
dégrisement,0.20
dégriser,1.55
dégrossi,0.95
dégrossir,0.41
dégrossissage,0.07
dégrouiller,0.47
dégrèvement,0.07
dégréner,0.07
déguenillé,0.27
déguerpir,3.75
dégueu,3.41
dégueulando,0.20
dégueulasse,19.98
dégueulassement,0.14
dégueulasser,1.01
dégueulasserie,0.61
dégueuler,3.65
dégueulis,1.15
déguisement,5.07
déguiser,16.96
déguisé,3.65
dégustateur,0.20
dégustation,1.82
déguster,11.96
dégât,14.22
dégénératif,0.28
dégénération,0.10
dégénérer,2.95
dégénérescence,1.22
dégénéré,2.16
déhaler,0.27
déhanchement,1.76
déhancher,1.76
déhanché,0.74
déhiscence,0.14
déhotter,0.68
déicide,0.14
déification,0.07
déifier,0.34
déisme,0.10
déité,0.20
déjanter,0.86
déjanté,0.58
déjection,2.36
déjeté,0.47
déjeuner,59.66
déjouer,4.39
déjuger,0.07
déjà,702.23
déjà-vu,0.34
dékoulakisation,0.07
délabrement,1.62
délabrer,1.49
délabré,4.59
délacer,1.22
délai,18.85
délaissement,0.68
délaisser,7.77
délaissé,2.64
délassant,0.20
délassement,0.47
délasser,1.42
délateur,0.88
délation,1.55
délaver,2.23
délavé,4.86
délayage,0.20
délayer,2.84
délayé,0.20
délectable,2.16
délectation,3.38
délecter,3.58
délestage,0.14
délester,3.04
délibération,1.89
délibératoire,0.01
délibérer,3.78
délibéré,2.70
délibérément,5.47
délicat,37.03
délicatement,10.34
délicatesse,13.58
délice,19.73
délicieusement,5.27
délicieux,29.22
délictueux,0.41
délier,4.86
délimitant,0.07
délimitation,0.34
délimiter,5.54
délinquance,1.54
délinquant,4.16
déliquescence,0.16
déliquescent,0.41
délirant,5.61
délire,19.80
délirer,13.73
délit,13.52
délivrance,5.74
délivre,0.34
délivrer,31.15
délié,2.36
délocalisation,0.06
délocaliser,0.09
déloger,3.45
déloquer,1.69
délourder,0.20
déloyal,1.41
déloyalement,0.14
déloyauté,0.34
déluge,8.58
déluré,0.81
délustrer,0.07
délégation,12.77
déléguer,6.62
délégué,12.16
délégué-général,0.14
délétère,1.01
démagnétiser,0.12
démago,0.03
démagogie,1.35
démagogique,0.47
démagogue,0.54
démailler,0.20
démailloter,0.34
démancher,0.20
démangeaison,2.30
démanger,3.51
démanteler,1.83
démantibuler,1.76
démantèlement,0.41
démaquillage,0.14
démaquillant,0.41
démaquiller,1.49
démarcation,1.76
démarchage,0.07
démarche,32.91
démarcher,0.27
démarcheur,1.15
démarier,0.07
démarquer,0.94
démarrage,3.31
démarrer,35.67
démarreur,2.23
démasquage,0.01
démasquer,6.41
dématérialisation,0.01
dématérialiser,0.18
démembrement,0.34
démembrer,0.87
démence,2.75
démener,3.72
dément,3.72
démenti,2.70
démentiel,1.42
démentir,6.35
démerdard,0.16
démerde,0.20
démerder,6.42
démesure,1.15
démesuré,8.38
démesurément,4.19
démettre,1.28
démilitarisation,0.14
déminage,0.69
déminer,0.20
démineur,0.54
démis,0.41
démission,7.60
démissionnaire,0.41
démissionner,17.79
démiurge,1.01
démobilisateur,0.14
démobilisation,1.28
démobiliser,1.28
démobilisé,0.54
démocrate,3.68
démocrate-chrétien,0.21
démocratie,15.68
démocratique,5.74
démocratiquement,0.27
démocratisation,0.20
démocratiser,0.20
démoder,1.55
démodulateur,0.03
démodé,3.58
démographie,0.54
démographique,0.54
démographiquement,0.07
démolir,18.81
démolisseur,0.61
démolition,2.36
démon,61.00
démoniaque,5.52
démoniaquement,0.07
démonique,0.04
démonologie,0.16
démonomanie,0.01
démonstrateur,0.54
démonstratif,1.08
démonstration,12.23
démonstrativement,0.34
démontable,0.61
démontage,0.14
démonte-pneu,0.26
démonter,7.77
démontrable,0.03
démontrer,12.09
démonté,2.09
démoralisant,0.81
démoralisateur,0.07
démoralisation,0.61
démoraliser,1.82
démoralisé,0.27
démordre,2.57
démotique,0.14
démotivation,0.01
démotiver,0.06
démouler,0.09
démultiplicateur,0.07
démultiplication,0.07
démultiplier,1.01
démuni,3.58
démunir,1.76
démurger,0.41
démuseler,0.07
démystificateur,0.03
démystification,0.10
démystifier,0.07
démâter,0.61
déménagement,6.69
déménager,32.40
déménageur,3.18
démérite,0.20
démériter,0.74
démêlage,0.07
démêlant,0.29
démêler,5.20
démêloir,0.07
dénatalité,0.01
dénaturation,0.02
dénaturer,1.49
dénaturé,0.88
dénazification,0.03
dénazifier,0.01
déneigement,0.01
déneiger,0.09
dénervation,0.01
déni,0.84
déniaisement,0.14
déniaiser,0.41
dénicher,8.78
dénicheur,0.50
dénier,1.22
dénigrant,0.07
dénigrement,0.54
dénigrer,1.51
dénivellation,1.22
dénivelé,0.14
dénombrement,0.47
dénombrer,3.31
dénominateur,0.47
dénominatif,0.01
dénomination,1.15
dénominer,0.07
dénommer,0.95
dénommé,2.67
dénoncer,29.57
dénonciateur,0.74
dénonciation,2.50
dénoter,1.42
dénouement,4.05
dénouer,12.30
dénoyauter,0.20
dénoyauteur,0.03
dénudation,0.18
dénuder,5.61
dénudé,4.26
dénuement,3.92
dénué,0.34
dénégation,2.50
déodorant,1.00
déontologie,0.41
déontologique,0.07
dépannage,1.31
dépanner,3.56
dépanneur,1.86
dépareiller,0.68
dépareillé,2.03
déparer,1.42
déparler,0.14
départ,123.04
départager,0.92
département,15.53
départemental,2.03
départementale,1.42
départir,4.19
dépassant,0.41
dépassement,0.61
dépasser,78.78
dépassé,3.72
dépatouiller,0.41
dépaver,0.07
dépaysant,0.34
dépaysement,3.11
dépayser,3.38
dépecer,2.57
dépeceur,0.47
dépeindre,4.19
dépeint,0.41
dépenaillement,0.14
dépenaillé,1.22
dépendance,5.34
dépendant,1.81
dépendeur,0.34
dépendre,60.33
dépens,3.99
dépense,8.72
dépenser,31.10
dépensier,0.68
déperdition,0.34
dépersonnalisation,0.02
dépersonnaliser,0.14
dépeupler,1.28
dépeuplé,0.61
dépeçage,0.34
déphasage,0.16
déphasé,0.28
dépiauter,2.03
dépigmentation,0.07
dépilatoire,0.07
dépiler,0.07
dépiquage,0.20
dépiquer,0.27
dépistage,0.76
dépister,1.15
dépit,44.12
dépiter,1.15
dépité,1.62
déplacement,11.49
déplacer,46.82
déplacé,3.92
déplaire,20.61
déplaisant,5.47
déplaisir,1.96
déplantoir,0.04
dépliable,0.07
dépliant,1.69
dépliement,0.14
déplier,19.46
déplisser,0.68
déploiement,3.04
déplorable,5.14
déplorablement,0.41
déploration,0.20
déplorer,8.04
déployer,30.27
déployé,5.41
déplumer,0.47
déplumé,1.55
dépoiler,0.34
dépoitraillé,0.68
dépoli,2.30
dépolluer,0.04
dépollution,0.03
dépopulation,0.07
déport,0.14
déportation,2.23
déporter,4.26
déporté,5.74
déposant,0.07
dépose,0.54
déposer,62.70
dépositaire,2.36
déposition,11.25
dépossession,1.22
déposséder,2.97
dépoter,0.27
dépotoir,1.82
dépoudrer,0.01
dépouillage,0.01
dépouille,6.62
dépouillement,2.64
dépouiller,20.54
dépouillé,3.04
dépourvu,4.32
dépoussiérage,0.07
dépoussiérer,0.78
dépravation,0.95
dépraver,0.48
dépravé,1.24
déprendre,2.03
dépressif,1.83
dépression,10.41
dépressionnaire,0.07
dépressurisation,0.36
dépressuriser,0.33
déprimant,3.83
déprime,2.03
déprimer,10.61
déprimé,3.29
déprogrammation,0.07
déprogrammer,0.37
dépréciation,0.41
déprécier,1.28
déprédateur,0.07
déprédation,0.41
dépucelage,0.41
dépuceler,1.38
dépuceleur,0.07
députation,0.34
députer,0.19
député,10.88
député-maire,0.34
dépénaliser,0.01
dépérir,1.89
dépérissement,0.34
dépêche,8.29
dépêcher,111.44
dépêtrer,1.01
dépôt,13.20
dépôt-vente,0.03
déqualifier,0.01
déquiller,0.27
déracinant,0.14
déracinement,0.54
déraciner,2.23
déraciné,0.95
déraillement,0.54
dérailler,4.74
dérailleur,0.81
déraison,1.35
déraisonnable,2.77
déraisonnablement,0.14
déraisonner,1.15
dérangeant,1.04
dérangement,3.74
déranger,126.95
dérangé,3.65
dérapage,2.36
déraper,8.31
dératisation,0.27
dératiser,0.20
dératé,1.22
dérayer,0.01
déresponsabilisation,0.07
dérider,2.50
dérision,8.51
dérisoire,21.42
dérisoirement,0.54
dérivant,0.07
dérivatif,0.54
dérivation,0.68
dérive,6.89
dériver,11.42
dériveur,0.20
dérivé,0.68
dérobade,2.77
dérober,27.23
dérobé,8.31
dérogation,0.42
dérogatoire,0.01
déroger,1.01
dérouillement,0.07
dérouiller,4.66
dérouillée,1.22
déroulant,0.02
déroulement,5.95
dérouler,39.46
dérouleur,0.34
déroutage,0.07
déroutant,2.03
déroute,5.95
déroutement,0.28
dérouter,4.59
dérèglement,1.29
déréglage,0.01
déréglementation,0.06
dérégler,1.09
déréglé,1.35
dérégulation,0.04
déréguler,0.01
déréliction,0.61
désabusement,0.41
désabuser,1.08
désabusé,5.27
désaccord,5.20
désaccorder,1.22
désaccoupler,0.01
désaccoutumer,0.14
désacralisation,0.20
désacraliser,0.07
désactivation,0.41
désactiver,4.96
désadopter,0.01
désaffectation,0.07
désaffecter,0.88
désaffection,0.54
désaffecté,4.73
désagréable,19.39
désagréablement,1.28
désagrégation,1.35
désagréger,3.18
désagrément,2.64
désalinisation,0.02
désaliénation,0.07
désaltérer,1.89
désamiantage,0.09
désaminase,0.01
désamorcer,2.80
désamorçage,0.18
désamour,0.34
désangler,0.07
désaper,0.77
désapeurer,0.07
désappointement,0.81
désappointer,0.88
désappointé,0.41
désapprendre,0.95
désapprobateur,1.62
désapprobation,1.55
désapprouver,3.99
désargenté,0.27
désarmant,1.76
désarmement,1.04
désarmer,8.11
désarmé,5.41
désarrimage,0.02
désarroi,14.12
désarticulation,0.14
désarticuler,3.18
désarçonner,2.57
désarçonné,0.61
désassembler,0.27
désastre,23.72
désastreusement,0.01
désastreux,6.49
désavantage,0.88
désavantager,0.47
désaveu,0.61
désaveux,0.07
désavouer,3.11
désaxement,0.07
désaxé,0.61
désembourber,0.20
désembrouiller,0.01
désembuer,0.07
désemparer,3.18
désemparé,4.19
désenchantement,1.76
désenchanter,0.54
désenchanté,0.88
désenchaînement,0.07
désenchaîner,0.07
désenclavement,0.07
désencrasser,0.07
désenfler,0.22
désengagement,0.14
désengager,0.31
désengluer,0.07
désengourdir,0.14
désennuyer,0.41
désenrouler,0.01
désensabler,0.07
désensibilisation,0.32
désensorceler,0.14
désenvoûter,0.03
désert,52.57
déserter,11.28
déserteur,5.54
désertion,2.43
désertique,2.57
déserté,3.04
désespoir,46.89
désespérance,1.08
désespérant,1.96
désespérer,17.43
désespéré,16.35
désespérément,10.81
déshabillage,0.81
déshabillage-éclair,0.07
déshabiller,26.22
déshabillé,3.58
déshabité,0.20
désharmonie,0.07
désherbage,0.15
désherbant,0.11
désherber,0.74
déshonneur,3.28
déshonnête,0.20
déshonorant,1.28
déshonorer,7.99
déshumanisation,0.15
déshumaniser,0.14
déshumidification,0.10
déshydratation,0.61
déshydrater,1.17
déshydraté,0.69
déshérence,0.20
déshériter,1.08
déshérité,1.42
désignation,1.62
désigner,66.69
désigné,3.58
désillusion,2.23
désillusionnement,0.10
désillusionner,0.14
désincarcération,0.01
désincarnation,0.01
désincarner,0.61
désincarné,0.95
désincruster,0.01
désindividualisation,0.10
désinence,0.20
désinfectant,1.62
désinfecter,3.27
désinfection,0.72
désinformation,0.41
désinformer,0.07
désinsectisation,0.19
désinsectiser,0.01
désinstaller,0.03
désintellectualiser,0.01
désintoxication,1.46
désintoxiquer,1.15
désintégrateur,0.03
désintégration,0.88
désintégrer,2.08
désintéressement,2.09
désintéresser,5.54
désintéressé,2.64
désintérêt,0.68
désinviter,0.07
désinvolte,7.50
désinvolture,9.86
désir,117.09
désirabilité,0.07
désirable,5.20
désirant,0.47
désirer,65.63
désireux,7.43
désiré,3.31
désistement,0.12
désister,0.64
désobligeance,0.14
désobligeant,3.04
désobliger,0.81
désobéir,6.15
désobéissance,0.91
désobéissant,0.39
désodorisant,0.45
désodoriser,0.07
désodé,0.07
désoeuvre,0.07
désoeuvrement,2.36
désoeuvré,3.04
désolant,2.50
désolation,6.82
désoler,297.27
désolidariser,1.08
désolé,276.66
désopilant,1.08
désorbitation,0.01
désorbiter,0.07
désordonné,5.41
désordonnément,0.07
désordre,42.23
désorganisateur,0.07
désorganisation,0.47
désorganiser,0.95
désorientation,0.43
désorienter,2.77
désorienté,2.50
désormais,88.45
désossage,0.01
désossement,0.01
désosser,1.55
désosseur,0.01
désoxygénation,0.01
désoxyribonucléique,0.07
déspiritualisation,0.07
déspiritualiser,0.07
déstabilisant,0.37
déstabilisation,0.18
déstabiliser,1.80
déstalinisation,0.07
déstockage,0.03
déstructuration,0.03
déstructurer,0.07
désubjectiviser,0.07
désuet,3.38
désuni,0.54
désunion,0.20
désunir,1.15
désuétude,0.27
désynchronisation,0.01
déségrégation,0.03
désépaissir,0.07
déséquilibre,2.64
déséquilibrer,1.89
déséquilibré,1.42
déséquiper,0.47
détachable,0.14
détachant,0.54
détachement,17.84
détacher,65.47
détacheur,0.10
détaché,12.50
détail,91.15
détaillant,0.20
détailler,14.59
détaillé,2.57
détaler,5.00
détalonner,0.01
détartrage,0.12
détartrant,0.02
détaxe,0.02
détectable,0.22
détecter,9.86
détecteur,8.05
détection,1.89
détective,24.61
détective-conseil,0.02
déteindre,3.38
dételage,0.01
dételer,1.82
détendeur,0.48
détendre,44.39
détendu,7.43
détenir,12.73
détente,10.68
détenteur,1.55
détention,6.98
détenu,12.67
détergent,1.25
déterminant,1.69
détermination,4.86
déterminer,14.51
déterminisme,0.47
déterministe,0.14
déterminé,4.32
déterminément,0.34
déterrage,0.01
déterrer,5.44
déterreur,0.07
déterré,0.54
détestable,5.34
détestablement,0.07
détestation,0.61
détester,122.87
détesté,1.42
détonant,0.34
détonateur,4.84
détonation,9.26
détoner,0.37
détonner,1.55
détour,24.86
détourage,0.14
détournement,2.60
détourner,54.86
détourneur,0.07
détourné,2.77
détracteur,1.15
détraquement,0.14
détraquer,2.30
détraqué,1.62
détrempe,0.14
détremper,5.34
détresse,19.05
détricoter,0.14
détriment,3.04
détritus,4.80
détroit,3.04
détromper,3.04
détroncher,0.81
détrousser,0.47
détrousseur,0.17
détruire,126.08
détrônement,0.01
détrôner,1.28
détrôné,0.26
détérioration,0.68
détériorer,3.18
dévalement,0.34
dévaler,16.76
dévaliser,6.22
dévalorisant,0.10
dévalorisation,0.27
dévaloriser,0.54
dévaluation,0.54
dévaluer,0.54
dévastateur,1.89
dévastation,1.28
dévaster,4.12
dévasté,2.84
déveine,1.08
développement,11.15
développer,21.42
développeur,0.17
développé,3.61
développée,0.14
déventer,0.01
dévergondage,0.27
dévergonder,0.56
dévergondé,1.39
dévernir,0.27
déverrouillage,0.28
déverrouiller,1.01
déversant,0.01
déversement,0.17
déverser,12.09
déversoir,0.95
déviance,0.18
déviant,0.45
déviateur,0.02
déviation,1.29
déviationnisme,0.14
déviationniste,0.07
dévider,3.58
dévideur,0.07
dévidoir,0.27
dévier,5.14
dévirginiser,0.07
dévirilisation,0.20
dévisager,24.66
dévissable,0.01
dévissage,0.07
dévisser,4.59
dévissé,0.03
dévitalisation,0.07
dévitaliser,0.11
dévoiement,0.14
dévoilant,0.20
dévoilement,0.47
dévoiler,12.97
dévolu,1.89
dévolution,0.07
dévonien,0.01
dévorant,3.24
dévorateur,0.34
dévoration,0.07
dévorer,37.64
dévoreur,1.08
dévot,2.03
dévotement,0.47
dévotieusement,0.14
dévotion,8.11
dévouement,9.32
dévouer,5.81
dévoué,6.08
dévoyer,0.88
dévoyé,0.68
dévêtir,5.95
dézinguer,0.35
déçu,10.61
dîme,1.28
dînatoire,0.29
dîner,88.45
dînette,1.55
dîneur,2.57
dôle,0.01
dôme,4.93
dû,6.82
dûment,4.32
e,60.91
e-commerce,0.03
e-mail,6.47
east river,0.07
eau,459.86
eau-de-vie,4.73
eau-forte,0.30
eau-minute,0.01
eaux-fortes,0.14
ecce homo,0.20
ecchymose,1.22
ecchymosé,0.07
ecclésiastique,2.91
ecsta,0.01
ecstasy,3.85
ectasie,0.01
ecthyma,0.07
ectodermique,0.01
ectopie,0.04
ectopique,0.04
ectoplasme,0.95
ectoplasmique,0.34
eczéma,1.55
eczémateux,0.14
edelweiss,0.54
effacement,2.77
effacer,70.34
effaceur,0.10
effacé,9.19
effarant,2.57
effarement,1.82
effarer,1.96
effarouchement,0.20
effaroucher,5.20
effarouché,2.50
effarvatte,0.14
effaré,3.45
effaçable,0.07
effaçage,0.01
effectif,7.64
effectivement,16.28
effectivité,0.07
effectuer,15.20
effendi,1.62
effervescence,3.85
effervescent,0.88
effet,192.36
effeuillage,0.08
effeuiller,1.89
efficace,15.27
efficacement,2.23
efficacité,8.51
efficience,0.34
efficient,0.41
effigie,4.19
effilement,0.07
effiler,2.43
effilochage,0.07
effilocher,6.35
effilochure,0.47
effilure,0.14
effilé,4.46
efflanqué,3.92
effleurage,0.07
effleurement,1.22
effleurer,25.68
efflorescence,0.27
effluent,0.01
effluve,6.49
effondrement,6.82
effondrer,25.74
effondré,5.27
efforcer,54.19
effort,136.62
effraction,7.76
effraie,0.47
effrayamment,0.20
effrayant,19.19
effrayer,37.04
effrayé,9.46
effritement,0.47
effriter,5.68
effroi,12.91
effronterie,1.22
effronté,1.65
effrontément,0.74
effroyable,8.99
effroyablement,1.35
effréné,3.11
effusion,6.42
effusionniste,0.14
efféminé,0.81
efrit,0.07
ego,4.16
eh,386.00
eider,0.34
eidétique,0.02
eldorado,0.04
elfe,3.26
elle,6991.49
elle-même,113.51
elles,605.14
elles-mêmes,14.86
ellipse,1.42
ellipsoïde,0.07
elliptique,0.61
ellébore,0.07
elzévir,0.07
embabouiner,0.07
emballage,6.08
emballement,0.61
emballer,18.86
emballeur,0.81
emballé,2.30
embarcadère,2.16
embarcation,4.80
embardée,1.96
embargo,0.75
embarquement,4.19
embarquer,32.77
embarras,12.09
embarrassant,7.44
embarrasser,13.85
embarrassé,7.36
embarrure,0.01
embase,0.14
embastiller,0.27
embauchage,0.07
embauche,2.97
embaucher,13.11
embauchoir,0.07
embaumant,0.54
embaumement,0.68
embaumer,7.09
embaumeur,0.88
embellie,2.70
embellir,5.14
embellissement,0.41
emberlificoter,0.47
emberlificoté,0.11
emberlucoquer,0.07
emblaver,0.20
emblavure,0.27
emblème,4.32
emblématique,0.68
embobeliner,0.14
embobiner,2.37
embole,0.04
embolie,1.05
embolique,0.01
embonpoint,1.96
embosser,0.34
embouche,0.14
emboucher,1.08
embouchoir,0.14
embouchure,3.99
embouché,0.74
embouquer,0.20
embourber,1.89
embourbé,0.34
embourgeoisement,0.34
embourgeoiser,0.41
embourgeoisé,0.10
embout,0.81
embouteillage,3.93
embouteiller,0.34
embouti,0.34
emboutir,1.55
emboutisseur,0.14
emboîtage,0.20
emboîtement,0.07
emboîter,6.08
embranchement,3.11
embraquer,0.01
embrasement,1.62
embraser,6.82
embrassade,1.89
embrassant,0.41
embrasse,3.92
embrassement,0.95
embrasser,138.97
embrasseur,0.14
embrassé,1.08
embrasure,7.16
embrasé,0.81
embrayage,1.01
embrayer,2.64
embrigadé,0.07
embringuer,1.15
embrocation,0.41
embrocher,2.30
embrouillage,0.02
embrouillamini,0.34
embrouille,7.99
embrouillement,0.27
embrouiller,9.46
embrouilleur,0.17
embrouillé,1.76
embroussailler,0.34
embroussaillé,0.61
embruiné,0.07
embrumer,1.96
embrumé,1.08
embrun,2.97
embryologie,0.01
embryologiste,0.01
embryon,3.72
embryonnaire,0.47
embu,0.14
embuer,5.41
embuscade,5.04
embusquer,3.58
embusqué,1.08
embué,1.76
embâcle,0.14
embêtant,3.51
embêtement,1.08
embêter,33.91
embêté,2.16
embûche,3.18
emergency,0.25
emmagasiner,1.82
emmaillotement,0.07
emmailloter,1.82
emmailloté,0.27
emmanchage,0.07
emmancher,1.76
emmanchure,0.74
emmener,272.71
emmental,0.01
emmenthal,0.15
emmerdant,1.92
emmerde,6.15
emmerdement,4.66
emmerder,52.18
emmerdeur,4.96
emmi,0.03
emmitoufler,4.12
emmitouflé,1.15
emmurement,0.01
emmurer,1.42
emmuré,0.81
emménagement,0.81
emménager,13.70
emmêlement,0.47
emmêler,5.20
emmêlé,2.84
empaffer,0.07
empaffé,0.50
empailler,1.03
empailleur,0.20
empaillé,2.09
empalement,0.02
empaler,1.76
empalé,0.41
empan,0.07
empanaché,0.74
empanner,0.07
empapaouter,0.27
empaquetage,0.20
empaqueter,2.36
empaqueteur,0.01
empaqueté,0.68
emparer,39.26
empathie,0.63
empathique,0.26
empattement,0.20
empaumer,0.20
empaumure,0.20
empeigne,0.54
empennage,0.20
empenne,0.01
empereur,38.45
emperler,0.41
emperlé,0.27
empesage,0.07
empester,3.31
empesé,1.96
emphase,5.27
emphatique,1.96
emphatiquement,0.14
emphysème,0.41
empierrage,0.07
empierrement,0.34
empierrer,0.41
empierré,0.74
empiffrer,2.91
empilage,0.27
empilement,0.54
empiler,15.81
empire,63.51
empirer,12.93
empirique,1.01
empiriquement,0.07
empirisme,0.27
empiècement,0.41
empiétement,1.96
empiéter,1.89
emplacement,12.70
emplafonner,0.61
emplanture,0.14
emplette,2.57
empli,2.16
emplir,49.73
emploi,30.94
employer,46.22
employeur,4.01
employé,30.80
emplumé,0.88
emplâtrage,0.14
emplâtre,1.35
emplâtrer,0.54
empocher,4.46
empoignade,1.01
empoignant,0.20
empoigne,0.41
empoigner,26.01
empoiler,0.14
empois,0.14
empoisonnant,0.20
empoisonnement,1.85
empoisonner,19.62
empoisonneur,0.99
empoisser,0.34
empoissonner,0.14
emporium,0.14
emport,0.07
emporte-pièce,0.95
emportement,3.51
emporter,121.28
emporté,3.78
empoté,0.80
empourprer,2.97
empoussiéré,0.81
empreint,2.91
empreinte,42.06
empressement,6.15
empresser,12.91
empressé,2.09
emprise,3.65
emprisonnement,1.80
emprisonner,10.27
emprisonné,0.95
emprunt,4.73
emprunter,31.30
emprunteur,0.04
emprunté,2.70
empuanti,0.34
empuantir,1.22
empyrée,0.81
empâtement,0.54
empâter,1.76
empâté,1.35
empêchement,1.42
empêcher,171.28
empêcheur,0.68
empêché,0.61
empêtrer,5.20
empêtré,0.95
en,8732.57
en catimini,1.42
en loucedé,0.47
en tapinois,0.68
en-avant,0.07
en-but,0.32
en-cas,1.44
en-cours,0.01
en-dehors,0.36
en-tête,2.77
encablure,0.88
encadrant,2.16
encadrement,6.49
encadrer,24.26
encadreur,0.34
encadré,1.42
encager,0.54
encagé,0.47
encaissable,0.01
encaissant,0.07
encaisse,0.20
encaissement,0.51
encaisser,10.35
encaisseur,0.69
encaissé,1.28
encalminé,0.20
encanaillement,0.07
encanailler,1.28
encapsuler,0.04
encapuchonné,0.68
encart,0.34
encartage,0.07
encarter,0.68
encas,0.40
encaserner,0.07
encastrement,0.01
encastrer,5.07
encastré,0.88
encaustique,2.64
encaustiquer,0.20
encaustiqué,0.27
encaver,0.14
enceinte,48.60
enceinter,0.01
encellulement,0.07
encens,7.91
encensement,0.01
encenser,1.22
encensoir,1.01
encerclement,0.88
encercler,8.62
enchantement,7.70
enchanter,22.43
enchanteur,2.64
enchanté,55.00
enchaînement,4.59
enchaîner,21.76
enchaîné,3.11
enchevêtrement,3.78
enchevêtré,2.50
enchrister,0.47
enchtiber,0.47
enchâsser,1.89
enchâssé,0.34
enchère,6.67
enchérir,0.55
enchérisseur,0.29
enclave,1.49
enclavé,0.07
enclenche,0.05
enclenchement,0.07
enclencher,2.74
enclenché,1.06
enclin,5.07
encliqueter,0.01
enclore,1.28
enclos,6.01
enclosure,0.07
enclouer,0.07
encloîtrer,0.07
enclume,5.20
encoche,2.23
encoconner,0.20
encodage,0.06
encoder,1.08
encodeur,0.06
encoignure,4.19
encollage,0.07
encoller,0.34
encolure,6.69
encombrant,6.08
encombre,1.69
encombrement,3.72
encombrer,30.41
encombré,4.66
encor,0.42
encorbellement,1.01
encorder,0.47
encordé,0.20
encore,1579.05
encorner,0.20
encornet,0.15
encorné,0.27
encotonner,0.14
encourageant,3.31
encouragement,6.42
encourager,27.57
encourir,2.30
encours,0.01
encrage,0.07
encrasser,0.68
encrassé,0.27
encre,29.53
encrer,0.61
encreur,0.07
encrier,4.26
encroûtement,0.01
encroûter,0.95
encroûté,0.20
encryptage,0.03
enculade,0.33
enculage,0.07
enculer,15.43
enculerie,0.47
enculeur,0.68
enculé,31.77
encyclique,0.27
encyclopédie,2.64
encyclopédique,0.74
encéphale,0.07
encéphalique,0.14
encéphalite,0.48
encéphalogramme,0.58
encéphalographie,0.07
encéphalopathie,0.05
endettement,0.09
endetter,1.41
endetté,0.45
endeuiller,0.81
endeuillé,1.35
endiablé,1.22
endiamanté,0.61
endiguement,0.11
endiguer,1.82
endimanchement,0.07
endimancher,1.08
endimanché,3.18
endive,0.95
endocarde,0.01
endocardite,0.14
endocrine,0.20
endocrinien,0.07
endocrinologie,0.27
endocrinologiste,0.01
endocrinologue,0.07
endoctrinement,0.27
endoctriner,0.34
endogamie,0.34
endogène,0.14
endolori,1.28
endolorir,0.74
endolorissement,0.20
endommagement,0.02
endommager,5.28
endommagé,2.45
endomorphe,0.01
endomorphine,0.01
endométriose,0.04
endométrite,0.01
endoplasmique,0.03
endormant,0.14
endormeur,0.20
endormi,32.30
endormir,73.18
endormissement,0.07
endorphine,1.33
endoscope,0.15
endoscopie,0.25
endoscopique,0.01
endosquelette,0.01
endosse,1.42
endossement,0.26
endosser,5.68
endosseur,0.07
endothermique,0.01
endroit,218.24
enduire,7.50
enduit,1.89
endurable,0.07
endurance,2.43
endurant,0.34
endurci,1.28
endurcir,2.11
endurcissement,0.61
endurer,9.67
endémique,1.01
endêver,0.07
enfance,103.99
enfant,735.59
enfant-robot,0.17
enfant-roi,0.20
enfantement,0.81
enfanter,3.99
enfantillage,3.58
enfantin,31.15
enfantinement,0.41
enfançon,0.34
enfariner,0.41
enfariné,0.88
enfer,88.86
enfermement,0.61
enfermer,69.86
enfermé,4.26
enferrer,0.95
enfilade,6.28
enfilage,0.20
enfiler,44.86
enfileur,0.14
enfilé,0.41
enfin,440.27
enfiévré,0.74
enflammer,10.68
enflammé,4.59
enfler,10.95
enflure,2.36
enflé,3.58
enfoiré,39.56
enfoncement,0.61
enfoncer,104.80
enfonceur,0.07
enfoncé,3.58
enfonçage,0.07
enfoui,5.07
enfouiller,0.88
enfouir,26.76
enfouissement,0.34
enfouraillé,0.47
enfourchement,0.07
enfourcher,6.49
enfourchure,0.10
enfournage,0.07
enfourner,4.93
enfreindre,6.67
enfuir,65.13
enfumer,1.76
enfumé,2.97
engageable,0.01
engageant,3.72
engagement,18.45
engager,94.59
engagé,6.01
engeance,3.11
engelure,0.88
engendrement,0.20
engendrer,10.47
engin,16.01
engineering,0.07
englander,0.27
engliche,0.07
englobant,0.14
englober,4.53
engloutir,22.30
engloutissement,0.54
engluer,5.20
englué,0.88
engoncement,0.07
engoncé,0.27
engorgement,0.27
engorger,1.15
engorgé,0.47
engouement,1.55
engouffrement,0.14
engouffrer,18.58
engoulevent,0.14
engourdi,5.61
engourdir,10.34
engourdissant,0.34
engourdissement,5.54
engrais,3.35
engraissement,0.07
engraisser,4.59
engrangement,0.07
engranger,1.89
engravement,0.07
engraver,0.07
engrenage,4.53
engrener,0.41
engrosser,1.82
engueulade,3.51
engueuler,13.94
enguirlander,1.28
enhardir,4.32
enhardissement,0.07
enivrant,3.38
enivrement,0.68
enivrer,8.58
enjamber,14.80
enjambeur,0.34
enjambée,6.76
enjeu,4.67
enjoindre,3.38
enjoint,0.14
enjoliver,1.82
enjoliveur,0.59
enjouement,1.35
enjoué,4.39
enjuiver,0.01
enjôlement,0.07
enjôler,1.07
enjôleur,1.76
enkyster,0.01
enlacement,0.81
enlacer,15.88
enlaidir,2.36
enlaidissement,0.27
enlaçant,0.14
enlever,172.47
enlevé,2.30
enliasser,0.07
enlisement,0.74
enliser,5.88
enluminer,1.15
enlumineur,0.40
enluminure,1.08
enluminé,0.47
enlèvement,9.51
enneigement,0.10
enneiger,1.28
enneigé,2.50
ennemi,111.96
ennoblir,1.22
ennoblissement,0.07
ennuager,0.20
ennui,76.64
ennuyant,0.94
ennuyer,62.48
ennuyeux,20.42
ennuyé,4.19
enorgueillir,2.09
enquiller,2.84
enquiquinant,0.38
enquiquinement,0.01
enquiquiner,1.15
enquiquineur,0.33
enquérir,8.85
enquête,57.98
enquêter,19.65
enquêteur,4.06
enracinement,0.47
enraciner,3.65
enraciné,0.88
enragement,0.14
enrager,7.57
enragé,4.26
enrayage,0.02
enrayement,0.02
enrayer,1.96
enregistrable,0.07
enregistrement,14.79
enregistrer,33.07
enregistreur,1.01
enrhumer,2.60
enrhumé,1.22
enrichi,1.08
enrichir,11.76
enrichissant,0.95
enrichissement,1.28
enrobage,0.07
enrober,2.36
enrobé,1.02
enrouement,0.41
enrouer,2.16
enroulage,0.07
enroulement,0.61
enrouler,16.89
enroué,3.31
enrubanner,1.15
enrubanné,0.88
enrégimenter,0.27
enrôlement,0.34
enrôler,3.04
enrôlé,0.68
ensablement,0.20
ensabler,1.15
ensablé,0.88
ensacher,0.07
ensanglantement,0.07
ensanglanter,2.30
ensanglanté,4.26
ensauvagement,0.07
enseignant,3.94
enseignant-robot,0.07
enseigne,14.05
enseignement,12.50
enseigner,31.98
enseigneur,0.01
enseigné,0.28
ensellement,0.20
ensellure,0.14
ensellé,0.07
ensemble,253.47
ensemencement,0.20
ensemencer,1.42
enserrer,7.70
enseveli,1.76
ensevelir,8.58
ensevelissement,0.74
ensoleillement,0.27
ensoleiller,3.31
ensoleillé,8.31
ensommeiller,1.15
ensommeillé,3.38
ensorcelant,0.47
ensorceler,3.92
ensorceleur,0.07
ensorcellement,0.14
ensorcelé,0.88
ensouple,0.07
ensuite,169.19
ensuivre,5.34
entablement,0.07
entacher,1.76
entaché,0.16
entaille,3.92
entailler,2.09
entaillé,0.61
entame,0.27
entamer,27.77
entassement,4.53
entasser,29.05
ente,0.01
entement,0.07
entendant,0.74
entendement,2.70
entendeur,0.34
entendre,728.67
entendu,61.62
entente,10.81
enter,0.49
enterrement,27.33
enterrer,63.68
enterreur,0.07
enterré,3.59
enthalpie,0.01
enthousiasmant,0.27
enthousiasme,35.61
enthousiasmer,4.66
enthousiaste,7.70
entichement,0.01
enticher,1.69
entier,147.91
entifler,0.14
entité,3.08
entièrement,39.93
entièreté,0.02
entoilage,0.07
entoiler,0.20
entolome,0.14
entomologie,0.27
entomologique,0.07
entomologiste,1.28
entonner,8.24
entonnoir,9.46
entorse,2.84
entortillage,0.14
entortillement,0.14
entortiller,3.78
entortillé,0.34
entour,1.42
entourage,10.74
entourer,112.09
entourloupe,1.01
entourlouper,0.12
entourloupette,0.47
entouré,2.97
entr'acte,0.27
entr'aimer,0.07
entr'apercevoir,1.08
entr'ouvert,1.49
entr'égorger,0.20
entracte,5.74
entraide,0.61
entraider,3.86
entrailles,13.45
entrain,7.97
entrant,0.92
entrapercevoir,0.20
entrave,2.50
entraver,11.62
entravé,1.76
entraînant,2.16
entraînement,20.31
entraîner,101.08
entraîneur,8.69
entraîné,2.23
entre,833.99
entre-deux,0.81
entre-deux-guerres,0.74
entre-déchirer,0.61
entre-dévorer,0.34
entre-jambe,0.07
entre-jambes,0.07
entre-rail,0.01
entre-temps,7.97
entre-tuer,2.63
entrebattre,0.07
entrebâillement,3.51
entrebâiller,5.88
entrebâilleur,0.14
entrebâillé,3.11
entrechat,0.95
entrechoc,0.14
entrechoquement,0.07
entrechoquer,5.81
entrecouper,3.85
entrecoupé,0.95
entrecroisement,0.68
entrecroiser,5.54
entrecuisse,0.68
entrecôte,1.01
entredévorer,0.07
entrefilet,1.55
entregent,0.41
entrejambe,1.49
entrelacement,0.34
entrelacer,2.03
entrelacs,2.84
entrelacé,1.35
entrelarder,0.34
entrelardé,0.07
entremets,1.42
entremetteur,1.01
entremettre,0.81
entremise,1.49
entremêlement,0.47
entrepont,0.74
entreposage,0.11
entreposer,3.31
entreposé,0.27
entreprenant,2.09
entreprendre,47.84
entrepreneur,4.88
entreprise,38.31
entrepôt,9.75
entrer,450.11
entresol,1.35
entreteneur,0.07
entretenir,46.42
entretenu,4.05
entretien,27.77
entretoise,0.01
entretoisement,0.07
entretuer,4.54
entrevoir,29.53
entrevous,0.01
entrevue,9.59
entrisme,0.07
entropie,0.27
entropique,0.07
entrouvert,10.07
entrouverture,0.07
entrouvrir,19.59
entrée,118.78
entrée-sortie,0.01
entuber,3.11
enturbanner,0.54
enturbanné,1.22
enture,0.14
enténébrer,2.36
entérinement,0.07
entériner,1.35
entérique,0.01
entérite,0.14
entérocolite,0.01
entérovirus,0.03
entêtant,2.09
entêtement,5.74
entêter,6.89
entêté,1.35
entôlage,0.14
entôler,0.20
entôleur,0.07
envahi,1.22
envahir,57.70
envahissant,3.18
envahissement,1.49
envahisseur,8.31
envasement,0.07
envaser,0.41
enveloppant,1.62
enveloppe,32.84
enveloppement,0.95
envelopper,46.49
enveloppeur,0.07
enveloppé,10.34
envenimer,1.96
envenimé,0.04
envergure,5.34
envers,35.46
enviable,2.84
enviandé,0.34
envie,258.11
envier,26.89
envieux,1.76
environ,55.55
environnant,2.23
environnement,10.19
environnemental,0.46
environner,5.47
envisageable,0.85
envisager,32.64
envisagé,0.81
envoi,6.96
envol,5.20
envoler,29.86
envolée,3.18
envoyer,360.16
envoyeur,0.41
envoyé,6.15
envoûtant,1.49
envoûtement,1.82
envoûter,2.16
envoûteur,0.27
envoûté,0.54
enzymatique,0.06
enzyme,2.00
epsilon,0.47
erg,0.07
ergastule,0.20
ergo,0.34
ergol,0.01
ergonomie,0.07
ergonomique,0.08
ergot,1.08
ergotage,0.01
ergotamine,0.02
ergoter,0.68
ergoteur,0.27
ergothérapeute,0.06
ergothérapie,0.07
ergoté,0.14
ermitage,1.69
ermite,2.50
erpétologiste,0.02
errance,4.46
errant,11.96
erratique,0.54
erratum,0.27
erre,0.74
errements,1.22
errer,27.36
erreur,124.15
erroné,2.05
ers,0.45
ersatz,1.62
esbaudir,0.07
esbigner,0.95
esbroufe,0.20
esbroufer,0.14
esbroufeur,0.03
escabeau,5.88
escadre,6.08
escadrille,5.14
escadrin,0.07
escadron,8.78
escagasser,0.27
escalade,4.12
escalader,15.34
escaladeur,0.20
escalator,0.50
escale,8.92
escalier,148.85
escalope,1.42
escamotable,0.47
escamotage,0.34
escamoter,4.73
escamoteur,0.07
escampette,0.27
escapade,3.51
escape,0.19
escarbille,1.42
escarboucle,0.27
escarcelle,0.41
escargot,8.07
escarmouche,1.96
escarpement,1.28
escarpin,5.14
escarpolette,0.41
escarpé,2.64
escarre,0.27
eschatologie,0.14
esche,0.14
escher,0.01
escient,1.08
esclaffement,0.14
esclaffer,8.24
esclandre,2.36
esclavage,7.14
esclavager,0.41
esclavagisme,0.07
esclavagiste,0.73
esclave,37.52
escogriffe,1.28
escompte,0.61
escompter,4.93
escopette,0.20
escorte,7.28
escorter,8.21
escorteur,0.81
escot,0.14
escouade,5.41
escrime,2.03
escrimer,2.30
escrimeur,0.41
escroc,9.27
escroquer,2.83
escroquerie,3.20
escudo,3.03
esgourde,2.70
esgourder,0.95
eskimo,0.14
espace,88.51
espace-temps,1.63
espacement,0.34
espacer,5.95
espacé,2.50
espada,0.81
espadon,0.80
espadrille,8.58
espagnol,25.00
espagnolette,1.42
espalier,1.49
espar,0.07
espars,0.07
esperanto,0.22
espingo,1.55
espingole,0.14
espingouin,0.54
espion,27.57
espionite,0.01
espionnage,3.32
espionner,10.93
espionnite,0.27
espiègle,1.42
espièglement,0.07
espièglerie,1.01
esplanade,6.35
espoir,101.89
esprit,216.28
esprit-de-sel,0.07
esprit-de-vin,0.20
espèce,141.69
espérance,27.36
espérantiste,0.07
espéranto,0.14
espérer,301.08
esquif,1.76
esquille,0.81
esquimau,1.89
esquintement,0.07
esquinter,2.70
esquinté,0.51
esquire,0.31
esquisse,4.39
esquisser,16.82
esquive,1.11
esquiver,8.38
essai,28.78
essaim,4.53
essartage,0.07
essayage,2.84
essayer,670.40
essayeur,0.20
essayiste,0.14
esse,0.68
essence,33.24
essential,0.14
essentialisme,0.07
essentiel,29.05
essentiellement,6.55
esseulement,0.34
esseulé,1.22
essieu,0.41
essieux,0.95
essor,3.78
essorage,0.20
essorer,2.50
essoreuse,0.36
essoré,0.20
essoufflement,1.62
essouffler,7.91
essoufflé,9.39
essuie,0.25
essuie-glace,2.91
essuie-mains,0.27
essuie-tout,0.14
essuyage,0.20
essuyer,55.00
essuyeur,0.02
est,81.74
est-africain,0.07
est-allemand,0.67
est-ce,0.20
est-ce qu,3.41
est-ce que,1159.41
est-ce-que,1.34
est-ouest,0.41
establishment,0.26
estacade,0.61
estafette,3.78
estafier,0.14
estafilade,0.88
estagnon,0.07
estaminet,1.35
estampage,0.02
estampe,2.23
estamper,0.27
estampille,0.47
estampiller,0.47
estampillé,0.47
estancia,0.41
este,0.50
ester,0.25
esthète,2.57
esthésiomètre,0.07
esthéticien,1.16
esthétique,4.66
esthétiquement,0.11
esthétisme,1.08
estimable,1.69
estimation,3.55
estime,16.89
estimer,37.64
estival,1.76
estivant,2.23
estoc,0.34
estocade,0.47
estom,0.20
estomac,30.95
estomaquer,2.16
estompe,0.20
estomper,8.85
estompé,0.81
estonien,0.20
estonienne,0.10
estoquer,0.34
estouffade,0.07
estourbir,2.36
estrade,11.28
estragon,0.81
estrapade,0.47
estrogène,0.03
estropier,1.39
estropié,1.42
estuaire,2.64
estudiantin,0.68
esturgeon,0.47
et,20879.73
et caetera,0.88
et cetera,1.14
et seq,0.07
etc,55.00
etc.,0.74
etcetera,0.07
ethmoïdal,0.03
ethnicité,0.02
ethnie,0.28
ethnique,1.37
ethniquement,0.01
ethnobotaniste,0.01
ethnographe,0.10
ethnographie,0.20
ethnographique,0.10
ethnologie,0.41
ethnologique,0.27
ethnologue,0.47
eubage,0.41
eubine,0.27
eucalyptus,3.11
eucharistie,0.61
eucharistique,0.41
euclidien,0.14
eugénique,0.07
eugénisme,0.45
euh,108.86
eulogie,0.07
eunuque,8.45
euphonie,0.07
euphonique,0.34
euphoniquement,0.07
euphorbe,0.41
euphorie,8.11
euphorique,1.22
euphorisant,0.47
euphémisme,1.55
eurasien,0.20
eurasienne,0.07
euro,9.84
eurodollar,0.01
euromarché,0.07
européen,15.88
eurêka,0.20
euskera,1.30
eustache,0.20
euthanasie,1.48
eux,504.26
eux-mêmes,48.04
event,0.14
ex abrupto,0.07
ex nihilo,0.14
ex-abbé,0.07
ex-acteur,0.07
ex-adjudant,0.14
ex-agent,0.09
ex-alcoolo,0.01
ex-allée,0.07
ex-amant,0.34
ex-ambassadeur,0.01
ex-amour,0.01
ex-appartement,0.07
ex-apprenti,0.07
ex-arriviste,0.07
ex-artiste,0.07
ex-assistant,0.07
ex-associé,0.13
ex-ballerine,0.01
ex-banquier,0.01
ex-barman,0.07
ex-basketteur,0.07
ex-batteur,0.07
ex-beatnik,0.07
ex-belle-mère,0.05
ex-bibliothécaire,0.07
ex-boss,0.01
ex-boxeur,0.16
ex-buteur,0.01
ex-capitaine,0.04
ex-caïd,0.01
ex-champion,0.75
ex-chanteur,0.07
ex-chauffeur,0.14
ex-chef,0.20
ex-chiropracteur,0.01
ex-citation,0.01
ex-citoyen,0.01
ex-collabo,0.07
ex-collègue,0.30
ex-colonel,0.14
ex-commando,0.05
ex-concierge,0.07
ex-contrebandier,0.02
ex-copain,0.28
ex-copine,0.71
ex-corps,0.01
ex-couple,0.01
ex-dealer,0.02
ex-dieu,0.01
ex-diva,0.07
ex-drifter,0.07
ex-drôlesse,0.07
ex-dulcinée,0.07
ex-démon,0.10
ex-enseigne,0.07
ex-femme,6.75
ex-fiancé,0.18
ex-fils,0.07
ex-flic,0.27
ex-gang,0.07
ex-garde,0.20
ex-gauchiste,0.07
ex-gendre,0.01
ex-gonzesse,0.14
ex-gouverneur,0.14
ex-gravosse,0.07
ex-griot,0.07
ex-griveton,0.07
ex-grognasse,0.07
ex-groupe,0.07
ex-guitariste,0.07
ex-génie,0.07
ex-homme,0.06
ex-homme-grenouille,0.01
ex-hôpital,0.07
ex-immeuble,0.07
ex-inspecteur,0.03
ex-journaliste,0.07
ex-junkie,0.03
ex-kid,0.27
ex-leader,0.02
ex-libris,0.14
ex-lieutenant,0.01
ex-lit,0.07
ex-lycée,0.07
ex-légionnaire,0.07
ex-madame,0.07
ex-maire,0.01
ex-mari,5.05
ex-marine,0.07
ex-maître,0.07
ex-membre,0.03
ex-militaire,0.08
ex-ministre,0.41
ex-miss,0.05
ex-monteur,0.02
ex-motard,0.01
ex-nana,0.12
ex-officier,0.14
ex-opérateur,0.07
ex-para,0.14
ex-partenaire,0.18
ex-patron,0.20
ex-perroquet,0.01
ex-petit,0.68
ex-pilote,0.14
ex-planton,0.07
ex-planète,0.01
ex-plâtrier,0.07
ex-premier,0.01
ex-primaire,0.07
ex-prison,0.01
ex-procureur,0.03
ex-profession,0.07
ex-profileur,0.01
ex-promoteur,0.01
ex-propriétaire,0.07
ex-présentateur,0.07
ex-président,0.71
ex-prêtre,0.01
ex-putain,0.07
ex-quincaillerie,0.14
ex-quincaillier,0.27
ex-rebelle,0.07
ex-reine,0.02
ex-roi,0.20
ex-résidence,0.01
ex-révolutionnaire,0.07
ex-secrétaire,0.07
ex-sergent,0.14
ex-standardiste,0.07
ex-star,0.14
ex-super,0.14
ex-séminariste,0.07
ex-sénateur,0.14
ex-sévère,0.07
ex-taulard,0.38
ex-teinturier,0.01
ex-tirailleur,0.07
ex-tueur,0.01
ex-tuteur,0.01
ex-union,0.07
ex-usine,0.01
ex-vedette,0.11
ex-voto,1.69
ex-élève,0.07
ex-épouse,0.30
ex-équipier,0.07
exacerbation,0.07
exacerber,1.42
exacerbé,1.15
exact,86.80
exactement,144.62
exaction,1.69
exactitude,5.00
exagération,2.36
exagérer,26.93
exagéré,4.53
exagérément,3.38
exaltant,6.76
exaltation,16.22
exalter,13.78
exalté,4.26
exam,3.08
examen,47.77
examinateur,1.49
examiner,50.68
exarque,0.07
exaspérant,2.43
exaspération,4.46
exaspérer,19.66
exaucement,0.07
exaucer,6.80
excavateur,0.14
excavation,1.28
excaver,0.07
excellemment,0.16
excellence,23.29
excellent,76.43
excellentissime,0.07
exceller,3.78
excentrer,0.02
excentricité,1.55
excentrique,2.34
excentré,0.05
excepter,2.64
exception,24.80
exceptionnel,20.07
exceptionnellement,4.19
excepté,5.59
excessif,15.54
excessivement,3.11
exciper,0.27
exciser,0.41
excision,0.81
excitable,0.03
excitant,16.14
excitation,16.69
exciter,28.01
exciteur,0.07
excité,6.96
exclamatif,0.14
exclamation,11.76
exclamer,18.99
exclu,3.51
exclure,16.22
exclusif,7.43
exclusion,3.92
exclusivement,10.34
exclusivité,3.21
excommunication,1.28
excommunier,1.82
excommunié,0.74
excroissance,1.55
excrément,3.99
excrémentiel,0.14
excréter,0.07
excrétion,0.14
excursion,4.59
excursionner,0.20
excursionniste,0.14
excusable,1.62
excuse,61.58
excuser,399.19
excès,22.23
excédant,0.14
excédent,0.87
excédentaire,0.20
excéder,9.80
exeat,0.27
exemplaire,14.26
exemplairement,0.10
exemplarité,0.01
exemple,126.62
exemplifier,0.10
exempt,1.96
exempter,1.16
exemption,0.68
exempté,0.14
exequatur,0.07
exercer,44.26
exercice,27.36
exercé,1.22
exergue,0.68
exerçant,0.34
exfiltration,0.07
exfiltrer,0.05
exfoliant,0.08
exfolier,0.14
exhalaison,1.69
exhalant,0.14
exhalation,0.01
exhaler,10.81
exhaussement,0.07
exhausser,0.47
exhaustif,0.61
exhaustion,0.34
exhaustivement,0.14
exhaustivité,0.07
exhiber,13.31
exhibition,2.77
exhibitionnisme,0.81
exhibitionniste,1.55
exhortation,1.69
exhorter,3.51
exhumation,0.30
exhumer,3.85
exigeant,7.84
exigence,17.36
exiger,60.07
exigible,0.07
exigu,4.66
exiguïté,1.76
exil,13.99
exiler,4.32
exilé,4.05
existant,2.03
existence,97.36
existentialisme,0.61
existentialiste,0.34
existentiel,0.88
exister,148.18
exit,0.34
exo,0.27
exobiologie,0.02
exocet,0.01
exode,4.53
exogamie,0.41
exogamique,0.27
exogène,0.01
exonération,0.25
exonérer,0.20
exophtalmique,0.07
exorable,0.14
exorbitant,2.30
exorbiter,0.81
exorbité,2.84
exorciser,2.70
exorcisme,2.09
exorciste,0.60
exorde,0.54
exosphère,0.01
exosquelette,0.36
exostose,0.03
exothermique,0.03
exotique,8.99
exotiquement,0.07
exotisme,2.77
expansible,0.02
expansif,1.35
expansion,2.50
expansionnisme,0.07
expansionniste,0.10
expansé,0.07
expatriation,0.07
expatrier,0.81
expatrié,0.35
expectatif,0.07
expectation,0.02
expectative,1.01
expectorant,0.01
expectoration,0.27
expectorer,0.41
expert,20.14
expert-comptable,0.23
expertement,0.07
expertise,2.88
expertiser,0.47
expiation,0.88
expiatoire,0.95
expier,2.42
expirant,0.41
expiration,1.29
expirer,6.06
explicable,1.42
explicatif,1.15
explication,46.28
explicite,2.16
explicitement,1.55
expliciter,0.68
expliquer,233.92
exploit,15.61
exploitable,0.41
exploitant,0.46
exploitation,6.82
exploiter,11.15
exploiteur,1.22
exploité,0.88
explorateur,2.64
exploration,4.53
exploratoire,0.10
explorer,12.03
exploreur,0.01
exploser,53.79
exploseur,0.07
explosif,10.04
explosion,26.14
explétif,0.07
expo,3.77
exponentiel,0.39
exponentiellement,0.17
export,0.58
exportateur,0.14
exportation,1.96
exporter,0.88
exposant,0.25
exposer,38.18
exposition,13.99
exposé,5.88
express,2.77
expressif,2.09
expression,76.89
expressionnisme,0.14
expressionniste,0.71
expressivement,0.07
expressément,1.55
exprimable,0.01
exprimer,72.64
expropriation,0.41
exproprier,0.34
exprès,26.22
expulser,9.28
expulsion,2.97
expulsé,0.94
expurger,0.81
expédient,2.64
expédier,23.78
expéditeur,1.40
expéditif,2.03
expédition,15.14
expéditionnaire,2.77
expédiée,0.27
expérience,72.04
expérimental,2.74
expérimentalement,0.07
expérimentateur,0.14
expérimentation,2.91
expérimenter,3.92
expérimenté,2.42
exquis,17.36
exsangue,4.19
exsudat,0.07
exsudation,0.01
exsuder,0.41
extase,11.55
extasiant,0.14
extasier,7.30
extasié,1.89
extatique,1.22
extatiquement,0.14
extenseur,0.14
extensible,0.61
extension,2.77
exterminateur,0.88
extermination,2.09
exterminer,6.85
externalité,0.01
externat,0.07
externe,3.53
exterritorialité,0.07
extincteur,1.93
extinction,3.65
extinctrice,0.01
extirpation,0.01
extirper,10.07
extorquer,2.03
extorqueur,0.02
extorsion,1.79
extra,6.78
extra-dry,0.07
extra-fin,0.34
extra-fort,0.20
extra-lucide,0.20
extra-muros,0.07
extra-sensoriel,0.06
extra-terrestre,3.71
extra-utérin,0.10
extraconjugal,0.10
extracteur,0.04
extraction,1.82
extrader,0.66
extradition,0.78
extradé,0.07
extragalactique,0.02
extraire,13.24
extrait,4.19
extralucide,0.20
extraordinaire,42.84
extraordinairement,8.51
extrapolation,0.27
extrapoler,0.37
extrascolaire,0.23
extrasensoriel,0.51
extrasystole,0.03
extraterrestre,9.81
extravagance,3.78
extravagant,6.55
extravaguer,0.27
extravasation,0.01
extraverti,0.11
extravéhiculaire,0.07
extroverti,0.03
extrusion,0.03
extrémisme,0.20
extrémiste,1.03
extrémité,27.09
extrême,45.54
extrême-onction,1.62
extrême-orient,0.07
extrêmement,16.96
exténuant,1.49
exténuation,0.10
exténuement,0.27
exténuer,3.18
exténué,5.07
extérieur,29.86
extérieurement,0.81
extériorisation,0.05
extérioriser,1.15
extériorité,0.14
exubérance,3.99
exubérant,2.77
exultant,0.61
exultation,0.68
exulter,4.26
exutoire,0.67
exécrable,2.16
exécration,1.28
exécrer,3.18
exécutant,1.15
exécuter,37.77
exécuteur,1.07
exécutif,2.13
exécution,23.51
exécutoire,0.42
exégèse,0.61
exégète,0.54
eye-liner,0.27
eyeliner,0.12
f,26.65
fa,5.23
fable,9.80
fabliau,0.41
fabricant,3.67
fabrication,7.97
fabrique,7.03
fabriquer,47.57
fabulateur,0.07
fabulation,0.41
fabuler,0.42
fabuleusement,0.74
fabuleux,17.50
fabuliste,0.07
fac,29.65
fac-similé,0.34
face,270.88
face-à-face,0.47
face-à-main,0.54
faces-à-main,0.07
facette,3.18
facho,1.17
facial,2.29
facile,159.35
facilement,37.03
facilitateur,0.03
facilitation,0.03
faciliter,12.57
facilité,15.07
faciès,2.09
faconde,1.62
facteur,14.32
factice,3.65
factieux,0.24
faction,4.73
factionnaire,1.69
factor,0.03
factorisation,0.01
factoriser,0.04
factotum,1.15
factuel,0.15
factum,0.34
facturation,0.26
facture,22.61
facturer,1.90
facturette,0.01
facturier,0.14
facturé,0.04
facultatif,0.47
faculté,17.30
facétie,1.96
facétieusement,0.34
facétieux,1.49
fada,1.81
fadaise,1.49
fadasse,1.08
fade,14.93
fadement,0.07
fader,1.76
fadette,0.47
fadeur,1.82
fading,0.07
fado,3.33
fadé,0.34
faena,0.07
faf,0.88
fafiot,0.74
fagne,0.34
fagot,10.68
fagotage,0.07
fagoter,1.15
fagotin,0.27
fagoté,0.74
fahrenheit,0.15
faiblard,1.76
faible,53.65
faiblement,16.89
faiblesse,31.62
faibli,0.01
faiblir,7.03
faignant,0.20
faille,9.59
failli,0.68
faillibilité,0.07
faillible,0.34
faillie,0.10
faillir,44.19
faillite,7.77
faim,128.04
faine,1.77
fainéant,3.87
fainéanter,0.34
fainéantise,0.34
fair-play,0.60
faire,8813.48
faire-part,3.04
faire-valoir,0.68
faisabilité,0.19
faisable,3.63
faisan,4.12
faisander,0.41
faisanderie,0.27
faisandé,1.15
faisceau,10.00
faiseur,3.24
fait,412.07
fait-divers,0.20
fait-tout,0.74
faitout,0.20
faits-divers,0.07
faix,0.68
fakir,1.22
falaise,20.68
falbala,1.55
falciforme,0.07
falerne,0.07
fallacieusement,0.20
fallacieux,2.30
falloir,1653.76
falot,1.76
falsification,0.37
falsifier,2.50
faluche,0.14
falzar,1.01
fameusement,0.07
fameux,53.11
familial,32.84
familiale,0.20
familialiste,0.07
familiariser,2.36
familiarité,7.30
familier,47.91
familistère,0.07
familièrement,2.09
famille,384.92
famine,6.76
famulus,0.14
famé,1.49
famélique,2.57
fan,21.43
fan-club,0.28
fana,0.61
fanal,3.24
fanatique,3.92
fanatiquement,0.34
fanatiser,0.81
fanatisme,2.84
fanchon,0.07
fandango,0.38
fane,1.01
faner,5.54
fanfan,1.22
fanfare,5.27
fanfaron,1.22
fanfaronnade,0.74
fanfaronner,0.74
fanfreluche,1.42
fang,0.07
fange,1.96
fangeux,2.09
fanion,3.51
fanny,1.06
fanon,0.61
fantaisie,16.89
fantaisiste,1.76
fantasia,0.54
fantasmagorie,0.88
fantasmagorique,0.14
fantasmatique,0.14
fantasmatiquement,0.14
fantasme,9.18
fantasmer,2.04
fantasque,3.72
fantasquement,0.07
fantassin,6.62
fantastique,26.90
fantastiquement,0.34
fanti,0.07
fantoche,1.28
fantomatique,3.65
fantomatiquement,0.07
fantôme,48.23
fanzine,0.49
fané,7.57
faon,1.08
faquin,0.45
far,0.65
far-west,0.07
farad,0.75
faramineux,0.68
farandole,1.42
faraud,1.69
farauder,0.07
farce,12.50
farceur,2.06
farci,2.41
farcir,12.57
fard,7.57
fardeau,7.70
farder,8.99
fardier,0.34
fare,0.07
farfadet,0.45
farfelu,1.77
farfouiller,4.12
faribole,1.49
fariboler,0.07
farigoule,0.07
farine,13.72
farineux,1.08
farniente,0.47
faro,0.16
farouche,15.20
farouchement,4.05
farsi,0.39
fart,0.42
farter,0.02
fascia,0.07
fascicule,0.95
fascinant,11.64
fascination,7.50
fascine,0.61
fasciner,28.78
fascisme,6.76
fasciste,6.93
fashion,0.28
fashionable,0.20
fast-food,2.34
faste,5.88
fastidieusement,0.07
fastidieux,4.12
fastoche,1.31
fastueusement,0.34
fastueux,3.38
fat,2.29
fatal,23.38
fatalement,5.07
fataliser,0.06
fatalisme,1.76
fataliste,1.76
fatalité,8.85
fathma,0.10
fathom,0.07
fatidique,4.05
fatigant,7.84
fatigue,69.46
fatiguer,78.25
fatigué,35.86
fatma,0.95
fatras,2.91
fatuité,0.95
fatum,0.47
fau,0.14
faubert,0.07
faubourg,22.09
faubourien,1.15
fauchage,0.34
fauchaison,0.20
fauchard,0.14
fauche,0.81
faucher,14.76
faucheur,2.07
faucheux,0.68
fauchon,0.20
fauché,3.55
faucille,2.57
faucillon,0.20
faucon,5.93
fauconneau,0.22
fauconnerie,0.07
fauconnier,0.41
faufil,0.07
faufiler,17.30
faune,6.49
faunesque,0.14
faunesse,0.07
faussaire,1.35
fausse-couche,0.20
faussement,7.91
fausser,8.45
fausses,0.01
fausset,1.55
fausseté,1.08
faustien,0.15
faute,169.26
fauter,1.76
fauteuil,102.03
fauteuil-club,0.27
fauteuils-club,0.07
fauteur,1.82
fautif,2.96
fauve,13.38
fauverie,0.14
fauvette,2.23
fauvisme,0.01
faux,122.23
faux-bond,0.07
faux-bourdon,0.07
faux-col,0.34
faux-cul,0.41
faux-filet,0.34
faux-frère,0.01
faux-fuyant,1.22
faux-monnayeur,0.61
faux-pas,0.38
faux-pont,0.01
faux-semblant,1.49
favela,1.62
faveur,36.65
favorable,16.62
favorablement,1.55
favori,13.99
favoriser,10.54
favorite,2.64
favoritisme,0.47
fax,5.59
faxer,2.58
fayard,0.27
fayot,1.28
fayotage,0.07
fayoter,0.61
fazenda,0.35
façade,46.76
façon,277.30
façonnable,0.02
façonner,7.16
façonné,0.27
faîtage,0.47
faîte,56.42
faîtes-la-moi,0.01
faîtière,0.14
faïence,9.86
faïencerie,0.14
faïencier,0.14
fedayin,0.01
feed-back,0.04
feedback,0.10
feeder,0.01
feeling,1.53
feignant,3.11
feignasse,0.72
feindre,21.22
feint,5.61
feinte,2.36
feinter,1.89
feinteur,0.02
feintise,0.07
feld-maréchal,0.32
feldgrau,0.47
feldspath,0.14
feldwebel,1.42
fellaga,0.81
fellagha,0.34
fellah,0.27
fellation,0.98
fellinien,0.07
felouque,1.49
femelle,12.64
femme,1049.32
femme-enfant,0.35
femme-fleur,0.07
femme-objet,0.07
femme-refuge,0.07
femme-robot,0.07
femmelette,1.34
fenaison,0.34
fendant,0.34
fendard,0.27
fendeur,0.34
fendillement,0.14
fendiller,1.76
fendillé,0.74
fendoir,0.11
fendre,28.58
fendu,4.46
fenestrelle,0.14
fenil,0.41
fennec,0.20
fenouil,1.14
fente,15.61
fenton,0.43
fenugrec,0.03
fenêtre,280.20
fer,114.19
fer-blanc,2.84
ferblanterie,0.27
ferblantier,0.34
feria,0.20
ferlage,0.10
fermage,0.74
fermant,0.41
ferme,76.86
fermement,10.07
ferment,1.76
fermentation,1.28
fermenter,2.16
fermenté,1.28
fermer,238.65
fermette,0.34
fermeture,15.74
fermeté,10.47
fermi,0.01
fermier,12.36
fermium,0.01
fermoir,2.09
fermé,56.35
ferrage,0.47
ferraillant,0.47
ferraille,13.72
ferraillement,0.68
ferrailler,0.95
ferrailleur,1.62
ferrer,6.96
ferreux,0.54
ferrite,0.03
ferro,0.07
ferrocyanure,0.07
ferrocérium,0.07
ferronnerie,0.68
ferronnier,0.68
ferroviaire,1.49
ferrugineux,1.15
ferrure,1.42
ferry,2.12
ferry-boat,0.20
ferré,6.76
fertile,3.18
fertilisable,0.07
fertilisant,0.07
fertilisateur,0.07
fertilisation,0.14
fertiliser,0.97
fertilité,1.13
ferté,0.27
fervent,4.53
ferveur,10.88
fesse,45.14
fesse-mathieu,0.07
fesser,1.00
fesseur,0.14
fessier,0.68
fessu,0.81
fessée,4.44
festif,0.88
festin,5.68
festival,7.65
festivalier,0.07
festivité,1.21
feston,1.49
festonner,1.01
festoyer,1.26
feta,0.09
fettucine,0.05
feu,236.15
feudataire,0.07
feuillage,23.72
feuillaison,0.14
feuille,138.04
feuille-morte,0.07
feuillet,10.00
feuilletage,0.20
feuilleter,21.49
feuilleton,6.28
feuilletoniste,0.34
feuillette,1.08
feuillettement,0.14
feuilleté,0.79
feuillu,2.43
feuillure,0.14
feuillée,1.42
feuj,0.04
feulement,1.08
feuler,0.54
feurre,0.07
feutrage,0.41
feutre,13.99
feutrer,5.34
feutrine,0.74
feutré,5.74
fez,1.15
fi,4.92
fiabilité,0.37
fiable,6.85
fiacre,5.20
fiancer,13.30
fiancé,51.51
fiançailles,6.96
fiasco,2.16
fiasque,0.41
fiat,0.07
fibre,7.43
fibreux,0.54
fibrillation,0.69
fibrille,0.61
fibrilleux,0.07
fibrillé,0.01
fibrine,0.14
fibrinogène,0.03
fibrociment,0.27
fibrome,1.01
fibroscope,0.08
fibroscopie,0.05
fibrose,0.28
fibrotoxine,0.14
fibré,0.20
fibule,0.07
fic,0.01
ficeler,6.76
ficelle,21.22
ficelé,3.18
fichage,0.01
fichaise,0.20
fichant,0.03
fiche,14.73
ficher,97.84
fichier,11.10
fichtre,1.23
fichtrement,0.47
fichu,27.51
fictif,2.84
fiction,6.46
fictionnel,0.02
fictivement,0.20
ficus,0.20
fiduciaire,0.68
fiducie,0.06
fidèle,35.61
fidèlement,4.53
fidéicommis,0.42
fidéliser,0.04
fidélité,18.31
fief,3.45
fieffé,0.95
fiel,2.50
field,0.47
fielleusement,0.07
fielleux,0.95
fiente,2.70
fienteux,0.14
fier,79.13
fier-à-bras,0.14
fiers-à-bras,0.27
fierté,29.93
fiesta,2.43
fieu,0.07
fieux,0.02
fifi,7.77
fifille,1.35
fifre,2.09
fifrelin,0.54
fifties,0.07
fifty,0.47
fifty-fifty,0.66
figaro,1.42
figer,33.18
fignard,0.07
fignolage,0.41
fignoler,3.85
fignoleur,0.01
figue,7.38
figuier,3.58
figurant,5.07
figuratif,0.68
figuration,2.57
figurativement,0.07
figure,95.34
figurer,57.23
figurine,2.43
figuré,1.08
figé,11.82
fil,99.73
fil-à-fil,0.34
filage,0.14
filaire,0.01
filament,2.16
filamenteux,0.07
filandreux,1.62
filant,3.38
filariose,0.05
filasse,0.47
filateur,0.27
filature,2.10
file,25.54
file-la-moi,0.01
filer,100.97
filet,41.49
filetage,0.09
fileté,0.34
fileur,0.14
filial,3.85
filiale,1.33
filialement,0.20
filiation,2.36
filiforme,1.55
filigrane,2.97
filin,2.64
filioque,0.54
filière,3.18
fille,841.56
fille-mère,0.41
fillette,22.97
filleul,2.72
fillér,0.01
film,252.66
film-livre,0.07
filmage,0.02
filmer,40.08
filmique,0.15
filmographie,0.03
filmothèque,0.01
filochard,0.20
filoche,0.47
filocher,0.34
filoguidé,0.01
filon,5.61
filoselle,0.34
filou,2.48
filouter,0.53
filouterie,0.34
fils,480.15
filtrage,0.26
filtrant,0.41
filtration,0.20
filtre,4.54
filtrer,13.58
filé,1.15
fin,314.53
finage,0.07
final,19.39
finale,5.45
finalement,58.92
finalisation,0.07
finaliser,0.64
finaliste,0.78
finalité,0.46
finance,8.78
financement,2.90
financer,9.92
financier,11.02
financièrement,2.21
finasser,0.41
finasserie,0.20
finaud,1.28
fine,3.92
finement,5.88
finesse,9.32
finet,0.27
finette,0.68
fini,27.80
finir,557.61
finish,0.61
finissant,2.57
finisseur,0.03
finition,1.28
finitude,0.20
finlandais,1.35
finlandisation,0.07
finnois,0.54
fiole,5.14
fion,2.64
fiord,0.07
fioriture,2.09
fioul,0.06
firmament,2.09
firman,0.20
firme,4.32
fisc,2.53
fiscal,4.54
fiscalement,0.07
fiscaliste,0.08
fiscalité,0.09
fissa,3.24
fissible,0.07
fission,0.52
fissionner,0.02
fissure,8.11
fissurer,1.76
fiston,30.43
fistule,0.06
fitness,0.39
five o'clock,0.14
fivete,0.20
fixage,0.14
fixateur,0.14
fixatif,0.07
fixation,1.96
fixe,39.53
fixement,8.92
fixer,140.95
fixette,0.24
fixing,0.08
fixité,4.86
fixé,4.59
fièrement,7.64
fièvre,42.64
fiérot,0.41
fiévreusement,2.70
fiévreux,11.01
fjord,1.07
fla,0.03
flac,1.08
flaccide,0.07
flaccidité,0.07
flache,0.27
flacon,19.46
flafla,0.20
flag,0.57
flagada,0.14
flagellant,0.11
flagellateur,0.01
flagellation,0.81
flagelle,0.07
flageller,1.89
flagellé,0.34
flageolant,1.35
flageoler,2.16
flageolet,1.49
flagorner,0.20
flagornerie,0.68
flagorneur,0.33
flagrance,0.01
flagrant,7.36
flair,4.80
flairer,14.73
flaireur,0.27
flamand,2.43
flamant,1.29
flambant,2.30
flambard,0.34
flambe,0.68
flambeau,7.09
flamber,13.99
flamberge,0.07
flambeur,1.89
flamboiement,1.49
flamboyance,0.01
flamboyant,5.41
flamboyer,3.11
flambé,0.21
flambée,3.31
flamenco,1.04
flamine,0.01
flamme,71.82
flammèche,2.57
flammé,0.27
flan,2.77
flanc,46.89
flanc-garde,0.27
flancher,3.04
flanchet,0.07
flandrin,0.41
flanelle,8.99
flanquement,0.07
flanquer,21.22
flapi,0.54
flaque,23.99
flash,8.52
flash-back,0.74
flashage,0.14
flasher,1.10
flasheur,0.03
flask,0.07
flasque,6.89
flat,1.61
flatter,24.05
flatterie,2.64
flatteur,6.49
flatulence,0.47
flatulent,0.07
flatuosité,0.07
flatus vocis,0.07
flave,0.07
flaveur,0.01
flegmatique,0.95
flegmatiquement,0.07
flegmatisme,0.07
flegme,2.43
flemmard,0.80
flemmarder,0.25
flemmardise,0.07
flemme,1.62
flemmer,0.02
fleur,164.39
fleurage,0.27
fleurdelisé,0.34
fleurer,3.31
fleuret,2.43
fleurette,2.97
fleuri,10.14
fleurir,16.49
fleurissant,0.01
fleurissement,0.14
fleuriste,8.51
fleuron,1.15
fleuronner,0.07
fleuve,46.89
flexibilité,0.44
flexible,3.18
flexion,0.97
flexuosité,0.07
flibuste,0.14
flibustier,0.74
flic,153.50
flicage,0.14
flicaille,1.28
flicard,2.03
flingage,0.27
flingot,0.41
flingue,44.48
flinguer,11.35
flingueur,0.61
flint,0.07
flip,1.63
flip-flap,0.14
flip-flop,0.07
flipper,14.29
flippé,0.95
fliquer,0.07
fliquesse,0.02
fliqué,0.14
flirt,3.65
flirtation,0.01
flirter,7.06
flirteur,0.14
floc,2.57
floche,0.27
flocon,8.92
floconneux,0.54
floculation,0.01
flonflon,1.35
flood,0.33
flop,0.76
flopée,0.74
floraison,4.12
floral,1.49
floralies,0.07
flore,1.55
florence,0.07
florentin,1.49
florilège,0.14
florin,3.55
florissaient,0.07
florissait,0.14
florissant,2.30
florès,0.54
floréal,0.20
flot,45.95
flottabilité,0.02
flottage,0.07
flottaison,1.28
flottant,13.31
flottation,0.01
flotte,27.64
flottement,2.43
flotter,63.85
flotteur,1.62
flottille,1.76
flou,16.15
flouer,0.95
flouerie,0.07
flouse,0.14
flouve,0.07
flouzaille,0.07
flouze,0.34
fluctuant,0.41
fluctuation,0.95
fluctuer,0.68
fluence,0.01
fluet,4.32
fluide,4.80
fluidement,0.14
fluidifiant,0.03
fluidifier,0.07
fluidité,1.35
fluo,0.56
fluor,0.12
fluorescence,0.14
fluorescent,0.95
fluorescéine,0.01
fluorhydrique,0.01
fluorite,0.04
fluorure,0.17
flush,1.17
fluvial,1.35
fluviatile,0.07
flux,6.42
fluxion,0.47
flâne,0.14
flâner,9.05
flânerie,2.43
flâneur,1.69
flâneuse,0.01
flânocher,0.14
flèche,25.00
fléau,5.10
flécher,0.61
fléchette,1.60
fléchir,9.32
fléchissement,1.15
fléchisseur,0.01
fléché,0.54
fléole,0.07
flétan,0.26
flétrir,6.08
flétrissant,0.07
flétrissement,0.10
flétrissure,0.88
flûte,10.61
flûter,0.20
flûtiau,0.10
flûtiste,0.34
flûté,0.81
foc,1.28
focal,0.68
focale,0.02
focalisation,0.01
focaliser,1.81
foehn,0.04
foetal,1.35
foetus,3.06
fofolle,0.27
foi,76.49
foie,23.48
foil,0.01
foin,17.91
foirade,0.34
foirail,0.47
foire,15.95
foirer,14.76
foireux,4.05
foiridon,0.20
fois,1140.00
foison,1.15
foisonnant,0.88
foisonnement,1.55
foisonner,1.42
fol,1.62
folasse,0.01
foldingue,0.24
folichon,0.72
folie,60.74
folingue,0.68
folio,0.54
folique,0.13
folk,2.64
folklo,0.47
folklore,3.78
folklorique,1.96
folkloriste,0.20
folledingue,0.02
follement,6.42
follet,3.11
folliculaire,0.05
follicule,0.36
folliculite,0.02
follingue,0.07
folâtre,0.74
folâtrer,0.95
fomenter,1.35
foncer,41.82
fonceur,0.72
foncier,2.64
foncièrement,2.09
foncteur,0.01
fonction,37.91
fonctionnaire,26.89
fonctionnaliste,0.07
fonctionnalité,0.07
fonctionnel,2.05
fonctionnellement,0.07
fonctionnement,6.01
fonctionner,42.51
foncé,11.08
fond,376.15
fondamental,9.19
fondamentalement,2.03
fondamentalisme,0.02
fondamentaliste,0.48
fondant,2.70
fondateur,5.11
fondation,9.74
fondement,3.78
fonder,34.66
fonderie,1.42
fondeur,0.41
fondouk,0.07
fondre,38.18
fondrière,1.96
fonds,16.62
fondu,2.84
fondue,1.08
fondé,1.82
fongible,0.04
fongicide,0.04
fongique,0.05
fongus,0.04
fontaine,24.46
fontainette,0.27
fontainier,0.27
fontanelle,0.14
fonte,8.78
fonts,1.08
foot,24.18
football,13.93
footballeur,2.76
footballeur-vedette,0.01
footballistique,0.07
footeux,0.04
footing,0.45
for,21.32
forage,0.91
forain,6.22
foramen,0.03
forban,1.01
force,344.73
forcement,0.81
forcené,4.66
forceps,0.95
forcer,75.41
forceur,0.20
forcing,0.88
forcir,1.08
forcé,13.51
forcément,29.12
foreign office,2.50
forer,1.69
forestier,6.42
foret,1.56
foreur,1.20
forfait,4.59
forfaitaire,0.20
forfaiture,0.61
forfanterie,0.74
forge,8.58
forgeage,0.14
forger,11.82
forgeron,4.39
forgeur,0.15
forlane,0.10
forlonger,0.14
formage,0.07
formaldéhyde,0.34
formaliser,2.23
formalisme,0.34
formaliste,0.27
formalisé,0.01
formalité,7.08
formant,0.47
format,8.11
formatage,0.07
formater,0.13
formateur,0.42
formation,14.40
forme,176.69
formel,9.05
formellement,4.53
former,110.27
formica,2.03
formid,0.20
formidable,54.23
formidablement,1.42
formide,0.27
formique,0.07
formol,0.88
formulaire,9.73
formulation,1.15
formule,34.39
formuler,15.54
formulé,1.69
formé,3.24
fornicateur,0.51
fornication,1.22
forniquer,1.22
fors,0.27
fort,212.77
forte,0.30
fortement,15.68
forteresse,16.96
fortiche,2.03
fortifiant,0.54
fortification,2.36
fortifier,6.55
fortifié,1.82
fortin,3.31
fortissimo,0.47
fortitude,0.07
fortraiture,0.07
fortuit,3.38
fortuitement,0.34
fortune,51.49
fortuné,3.45
forum,1.40
forçage,0.14
forçat,3.11
forêt,113.31
fosse,14.05
fossette,4.32
fossile,2.02
fossilisation,0.13
fossoyeur,2.77
fossoyeuse,0.01
fossé,26.42
fou,321.31
fou-fou,0.08
fou-rire,0.14
fouaille,1.22
fouailler,1.55
foucade,0.47
fouchtra,0.27
foudre,14.46
foudroiement,0.01
foudroyant,6.62
foudroyer,8.99
fouet,18.31
fouettard,0.68
fouettement,0.27
fouetter,17.36
fouetteur,0.41
fouetté,0.54
foufou,0.44
foufoune,0.69
foufounette,0.20
fougasse,2.54
fougeraie,0.61
fougue,5.14
fougueusement,0.47
fougueux,3.45
fougère,8.11
fouille,11.28
fouiller,47.16
fouillette,0.20
fouilleur,0.41
fouillis,7.16
fouinard,0.13
fouine,2.87
fouiner,5.54
fouineur,0.81
fouir,0.95
fouisseur,0.34
foulage,0.07
foulant,0.07
foulard,19.19
foulbé,0.07
foule,112.30
fouler,9.59
fouleur,0.01
fouloir,0.14
foulon,0.14
foulque,0.07
foulure,0.21
foulée,7.30
four,28.99
fourbe,1.70
fourber,0.14
fourberie,1.28
fourbi,3.18
fourbir,1.55
fourbu,6.01
fourche,8.18
fourcher,0.33
fourchet,0.14
fourchette,14.19
fourchu,1.42
fourchée,0.07
fourgon,8.69
fourgonner,0.61
fourgonnette,1.76
fourgue,2.23
fourguer,5.07
fourme,0.41
fourmi,12.77
fourmi-lion,0.14
fourmilier,2.91
fourmilion,0.14
fourmillant,1.15
fourmillement,2.36
fourmiller,3.18
fournaise,3.18
fourneau,15.34
fourni,3.11
fournier,0.07
fournil,3.92
fourniment,1.01
fournir,56.28
fournisseur,4.75
fourniture,2.77
fournée,2.36
fourrage,2.30
fourragement,0.07
fourrager,3.99
fourre,0.20
fourre-tout,0.54
fourreau,4.32
fourrer,23.58
fourreur,0.68
fourrier,1.82
fourrière,2.83
fourrure,21.42
fourré,15.00
fourvoiement,0.14
fourvoyer,2.57
fourvoyé,0.41
fouta,0.07
foutaise,8.66
fouterie,0.34
fouteur,0.54
foutoir,2.15
foutral,0.20
foutraque,0.07
foutre,400.67
foutrement,1.24
foutrerie,0.01
foutriquet,0.20
foutu,33.23
foutument,0.20
fox,0.48
fox-terrier,0.47
fox-trot,1.62
foyard,0.27
foyer,30.88
foëne,0.07
fra,0.93
frac,2.23
fracas,18.18
fracassant,2.16
fracasser,7.84
fracassé,2.57
fractal,0.34
fraction,10.88
fractionnel,0.14
fractionnement,0.20
fractionner,0.54
fracture,7.88
fracturer,1.75
fracturé,0.79
fractus,0.07
fragile,45.34
fragilement,0.07
fragiliser,0.14
fragilisé,0.07
fragilité,8.65
fragment,15.88
fragmentaire,1.69
fragmentation,0.77
fragmenter,0.74
fragmenté,0.27
fragrance,1.08
fragrant,0.07
frai,0.07
frairie,0.41
frais,111.69
fraise,12.00
fraiser,1.52
fraiseur,0.27
fraiseur-outilleur,0.07
fraisier,0.68
fraisil,0.07
framboise,4.86
framboisier,0.47
franc,82.84
franc-comtois,0.07
franc-jeu,0.56
franc-maçon,2.09
franc-maçonnerie,0.81
franc-parler,0.53
franc-tireur,2.30
francatu,0.07
francfort,0.14
franchement,35.09
franchir,64.80
franchisage,0.03
franchise,7.97
franchiser,0.17
franchissement,1.08
franchouillard,0.41
francisation,0.14
franciscain,1.49
franciser,0.68
francisque,0.47
francité,0.68
franco,3.87
franco-africain,0.14
franco-allemand,0.61
franco-américain,0.68
franco-anglais,0.74
franco-belge,0.14
franco-britannique,2.43
franco-canadien,0.01
franco-italienne,0.01
franco-libanais,0.14
franco-russe,1.42
franco-soviétique,0.14
franco-syrien,0.14
franco-turque,0.14
franco-vietnamien,0.07
francomanie,0.07
francophile,0.20
francophilie,0.27
francophobie,0.07
francophone,0.74
francophonie,0.20
francs-bourgeois,0.20
frange,13.45
frangin,18.78
frangipane,0.34
franglais,0.20
frankaoui,0.07
franklin,0.07
franque,4.53
franquette,0.88
franquisme,0.50
franquiste,0.90
français,298.85
frapadingue,0.27
frappadingue,0.27
frappant,3.65
frappe,11.61
frappement,0.20
frapper,168.31
frappeur,0.55
frappé,3.99
fraser,0.01
frasque,1.76
frater,0.07
fraternel,10.27
fraternellement,1.62
fraternisation,0.34
fraterniser,0.95
fraternité,7.43
fratricide,0.54
fratrie,0.14
fraude,5.54
frauder,0.49
fraudeur,0.78
frauduleusement,0.14
frauduleux,0.68
frayer,11.55
frayeur,6.89
frayée,0.07
fraîchement,8.31
fraîcheur,35.47
fraîchir,2.43
freak,0.24
fredonnement,0.14
fredonner,9.66
free jazz,0.07
free-jazz,0.07
free-lance,0.20
freelance,0.40
freesia,0.07
freezer,1.08
frein,13.18
freinage,0.97
freiner,13.04
frelater,0.07
frelaté,0.81
frelon,1.82
freluquet,0.68
french,0.41
fresque,6.76
fresquiste,0.01
fret,1.19
fretin,0.64
frette,0.27
freudien,0.61
freudisme,0.14
freux,0.20
friabilité,0.14
friable,2.91
friand,3.31
friandise,4.05
fric,109.01
fric-frac,0.41
fricadelle,1.21
fricandeau,0.27
fricasse,0.14
fricassée,0.68
fricatif,0.20
friche,7.91
frichti,4.39
fricot,0.81
fricotage,0.20
fricoter,1.86
fricoteur,0.11
friction,2.36
frictionner,2.64
fridolin,0.34
frigidaire,3.45
frigide,0.81
frigidité,0.34
frigo,19.29
frigorifier,0.47
frigorifique,0.26
frigorifié,0.61
frigorigène,0.01
frileusement,1.96
frileux,5.88
frilosité,0.07
frimaire,0.07
frimas,1.15
frime,8.31
frimer,4.32
frimeur,1.43
frimousse,1.82
fringale,2.70
fringant,2.77
fringillidé,0.07
fringue,13.12
fringuer,3.31
frio,0.07
fripe,0.95
friper,1.89
friperie,0.37
fripier,1.01
fripon,0.88
friponnerie,0.14
fripouille,2.23
fripouillerie,0.20
frippe,0.07
fripé,5.88
friqué,1.05
frire,6.63
frisant,0.95
frisbee,1.35
frise,3.45
frise-poulet,0.01
friseler,0.07
friselis,1.35
friselée,0.07
friser,7.70
frisette,1.42
friseur,0.20
frison,0.54
frisottant,0.27
frisottement,0.07
frisotter,0.61
frisottis,0.14
frisotté,0.68
frisquet,1.25
frisselis,0.14
frisson,21.69
frissonnant,3.92
frissonnement,0.61
frissonner,20.34
frisure,0.34
frisé,10.20
frite,9.33
friterie,0.47
fritte,0.01
fritter,0.04
friture,3.78
friturier,0.07
fritz,1.82
frivole,5.81
frivolité,2.84
froc,7.64
frocard,0.20
froid,161.69
froidasse,0.07
froidement,9.05
froideur,7.84
froidir,0.20
froidure,1.69
froissement,10.54
froisser,12.50
froissé,9.46
fromage,27.22
fromager,0.47
fromagerie,0.41
fromegi,0.07
froment,1.35
fromental,0.07
frometon,0.47
fronce,0.54
froncement,1.69
froncer,15.88
froncé,5.61
frondaison,3.92
fronde,1.82
frondeur,0.61
front,159.12
frontal,1.62
frontalier,1.22
fronteau,0.07
frontispice,0.34
frontière,40.47
fronton,5.47
frottage,0.27
frottant,0.20
frottement,5.07
frotter,50.14
frotteur,0.68
frotti-frotta,0.20
frottin,0.20
frottis,0.39
frottoir,0.41
frotté,0.34
frou-frou,0.47
frouement,0.27
froufrou,0.41
froufroutant,0.41
froufroutement,0.07
froufrouter,0.07
froussard,1.99
frousse,3.13
fructidor,0.07
fructification,0.14
fructifier,1.28
fructose,0.07
fructueux,3.24
frugal,1.28
frugalement,0.07
frugalité,0.47
frugivore,0.02
fruit,64.05
fruiter,0.41
fruiteux,0.07
fruitier,2.43
fruité,1.01
frusquer,0.14
fruste,4.86
frustrant,1.39
frustration,3.85
frustrer,3.38
frustré,2.43
frère,390.39
frégate,3.11
frémir,24.26
frémissant,8.45
frémissement,10.34
frénésie,8.51
frénétique,6.28
frénétiquement,2.97
fréon,0.21
fréquemment,8.24
fréquence,10.12
fréquent,12.09
fréquentable,1.01
fréquentation,5.74
fréquenter,30.81
fréquenté,3.51
frérot,2.50
fréter,0.74
frétillant,1.89
frétillard,0.14
frétillement,0.34
frétiller,3.58
frétillon,0.20
frêle,12.03
frêne,2.50
frôlement,6.01
frôler,25.41
frôleur,0.74
fuchsia,0.34
fuel,1.03
fuel-oil,0.07
fugace,4.39
fugacement,0.54
fugacité,0.11
fugitif,9.53
fugitivement,2.57
fugu,0.27
fugue,7.16
fuguer,2.81
fugueur,0.83
fui,2.78
fuie,0.01
fuir,76.82
fuite,34.26
fuiter,0.07
fulgurance,0.68
fulgurant,7.84
fulguration,0.41
fulgurer,1.15
fuligineux,1.69
fuligule,0.02
full,2.28
full-contact,0.04
fullerène,0.04
fulmicoton,0.14
fulminant,1.01
fulminate,0.07
fulmination,0.41
fulminement,0.07
fulminer,2.77
fumaga,0.07
fumage,0.07
fumailler,0.14
fumaison,0.07
fumant,11.35
fumasse,0.20
fume-cigarette,2.09
fumer,98.49
fumerie,0.68
fumeron,0.14
fumet,4.26
fumette,0.28
fumeur,3.85
fumeux,1.49
fumier,18.74
fumigateur,0.01
fumigation,0.54
fumiger,0.13
fumigène,0.96
fumiste,0.63
fumisterie,0.34
fumoir,1.49
fumure,0.07
fumé,9.73
fumée,67.36
fun,2.85
funambule,1.62
funambulesque,0.07
funeste,4.97
funestement,0.07
fung,0.13
funiculaire,1.01
funk,1.06
funky,1.51
funèbre,16.35
funérailles,9.75
funéraire,4.59
funérarium,0.55
fur et à mesure,17.84
furax,4.51
furet,0.87
furetage,0.07
fureter,2.64
fureteur,1.62
furette,0.14
fureur,33.92
furia,0.27
furibard,1.42
furibond,2.64
furie,5.74
furieusement,7.30
furieux,44.59
furioso,0.46
furoncle,1.27
furonculeux,0.07
furonculose,0.14
furtif,14.59
furtivement,5.07
furtivité,0.07
fusain,3.72
fusant,1.55
fuseau,2.43
fuselage,0.54
fuselé,0.81
fuser,10.14
fusible,3.23
fusiforme,0.20
fusil,55.68
fusil-mitrailleur,0.41
fusilier,0.95
fusillade,9.63
fusiller,18.24
fusillé,2.50
fusion,6.64
fusionnel,0.20
fusionnement,0.01
fusionner,2.36
fustanelle,0.07
fustigation,0.14
fustiger,1.22
fusée,10.09
futaie,5.27
futaille,1.69
futaine,0.10
futal,0.72
futile,8.31
futilement,0.14
futilité,3.51
futon,0.32
futur,36.35
futurisme,0.07
futuriste,0.59
futurologue,0.10
futé,9.23
fuyant,8.31
fuyard,4.73
fuégien,0.07
fy,0.01
fâcher,46.63
fâcherie,0.47
fâcheusement,0.88
fâcheux,8.85
fâché,12.51
fèces,0.32
fève,1.89
féal,0.20
fébrile,7.16
fébrilement,4.53
fébrilité,2.36
fécal,0.88
fécalome,0.01
fécond,3.92
fécondant,0.20
fécondateur,0.10
fécondation,0.74
féconder,3.04
fécondité,2.03
fécule,0.17
féculent,0.34
fédéral,13.92
fédéralisme,0.14
fédéraliste,0.03
fédérateur,0.07
fédération,2.56
fédérer,0.20
fédéré,0.34
fée,15.32
féerie,3.72
féerique,3.18
féeriquement,0.27
félibre,0.27
félibrige,0.14
félicitation,60.08
féliciter,24.66
félicité,3.38
félidé,0.07
félin,2.09
félinement,0.07
félinité,0.01
félon,0.50
félonie,0.34
féminin,32.91
féminisation,0.01
féminiser,0.20
féminisme,0.46
féministe,2.03
féminitude,0.07
féminité,4.80
fémoral,0.94
fémur,1.48
féodal,2.70
féodalisme,0.14
féodalité,0.27
féra,0.14
féria,0.80
férir,0.88
férié,1.82
féroce,16.22
férocement,2.97
férocité,3.85
féru,1.96
férule,1.01
fétiche,5.27
féticheur,0.47
fétichisme,0.64
fétichiste,0.43
fétide,2.70
fétidité,0.34
fétu,1.69
fétuque,0.07
février,22.50
fêle,0.10
fêler,1.89
fêlure,1.76
fêlé,3.18
fêtard,1.22
fête,155.97
fête-dieu,0.54
fêter,36.97
fût,17.30
führer,23.86
g,10.92
gaba,0.01
gabardine,3.45
gabare,0.20
gabarit,1.82
gabbro,0.01
gabegie,0.34
gabelle,0.07
gabelou,0.07
gabier,0.34
gabion,0.20
gable,0.27
gabonais,0.34
gade,0.07
gadget,2.80
gadin,0.68
gadjo,0.54
gadolinium,0.01
gadoue,4.93
gadouille,0.47
gaffe,34.68
gaffer,5.88
gaffeur,0.27
gag,3.03
gaga,1.01
gage,15.31
gager,1.87
gageure,1.28
gagnage,0.20
gagnant,12.56
gagne-pain,2.01
gagne-petit,0.68
gagner,294.44
gagneur,0.78
gagné,6.09
gagé,0.07
gai,41.76
gaiement,16.22
gaieté,27.36
gail,0.61
gaillard,10.34
gaillardement,0.95
gaillardise,0.14
gaillet,0.07
gaillette,0.20
gain,5.88
gaine,3.85
gaine-culotte,0.07
gainer,3.11
gal,1.18
gala,3.90
galactique,1.13
galactophore,0.01
galago,0.02
galalithe,0.20
galamment,1.22
galant,5.81
galanterie,2.50
galantine,0.88
galapiat,0.27
galate,0.05
galathée,0.07
galaxie,9.53
galbe,1.28
galber,0.47
galbé,0.74
gale,3.52
galerie,32.16
galerie-refuge,0.14
galeriste,0.10
galet,15.74
galetas,1.28
galetouse,0.20
galette,6.42
galetteux,0.14
galeux,3.18
galibot,0.14
galicien,0.34
galiléen,0.06
galimatias,0.47
galion,1.15
galiote,0.54
galipette,1.55
galle,0.20
gallicanisme,0.14
gallinacé,0.14
galline,0.27
gallique,0.07
gallium,0.07
gallo,1.54
gallo-romain,0.14
gallois,0.65
galloise,0.02
gallon,0.68
galoche,6.62
galon,14.73
galonnage,0.07
galonné,2.09
galop,13.72
galopade,3.65
galopant,1.89
galope,0.56
galoper,13.31
galopin,4.05
galopiner,0.07
galoubet,0.01
galoup,0.20
galtouse,1.28
galuchat,0.34
galure,1.08
galurin,0.41
galvanique,0.07
galvaniser,1.96
galvanisme,0.02
galvauder,0.88
galvaudeux,0.14
galène,0.41
galée,0.34
galéjade,0.41
galéjeur,0.07
galéniste,0.07
galérer,0.91
galérien,1.01
gamay,0.07
gambadant,0.14
gambade,0.61
gambader,2.64
gambe,0.34
gamberge,3.85
gambergeailler,0.07
gamberger,7.70
gambette,0.74
gambiller,1.35
gambit,0.04
game,0.64
gamelan,0.25
gamelle,13.72
gamin,92.22
gaminement,0.07
gaminerie,0.61
gamma,1.94
gammaglobuline,0.34
gammas,0.04
gamme,7.91
gammée,3.45
gamète,0.20
gan,0.27
ganache,0.61
ganaderia,0.20
gandin,1.28
gandoura,0.68
gandourah,0.20
gang,17.48
ganglion,1.01
gangrener,0.61
gangreneux,0.01
gangrené,0.41
gangrène,2.23
gangster,10.43
gangstérisme,0.07
gangue,2.03
ganja,0.18
ganse,0.68
gant,36.01
gantelet,0.37
ganterie,0.07
gantier,0.24
ganté,2.50
gap,0.01
gaperon,0.07
gapette,0.68
garage,25.25
garagiste,5.27
garance,0.34
garancière,0.27
garant,2.39
garanti,5.00
garantie,9.16
garantir,19.74
garbure,0.14
garce,21.71
garcette,0.20
garde,112.09
garde-barrière,0.95
garde-boue,1.08
garde-champêtre,0.54
garde-chasse,1.42
garde-chiourme,0.88
garde-corps,0.34
garde-côte,1.90
garde-feu,0.05
garde-forestier,0.16
garde-fou,1.89
garde-frontière,0.16
garde-malade,1.15
garde-manger,2.77
garde-meuble,0.34
garde-meubles,0.34
garde-pêche,0.07
garde-robe,2.77
garde-voie,0.14
garde-vue,0.25
garde-à-vous,5.88
garden-party,0.34
garder,338.40
garderie,1.96
gardes-chasse,0.41
gardeur,0.34
gardian,0.20
gardien,31.96
gardien-chef,0.27
gardiennage,0.27
gardois,0.07
gardon,1.08
gardé,3.72
gardénal,1.08
gardénia,0.54
gare,84.53
garenne,1.01
garer,27.16
gargamelle,0.07
gargantua,0.01
gargantuesque,0.41
gargariser,0.74
gargarisme,0.34
gargote,1.55
gargotier,0.20
gargouillant,0.14
gargouille,1.82
gargouillement,1.15
gargouiller,2.36
gargouillette,0.07
gargouillis,2.50
gargoulette,0.47
gari,0.14
garibaldien,0.14
garnement,2.64
garni,6.01
garnir,16.42
garnison,11.35
garnissage,0.01
garniture,2.30
garno,0.07
garou,0.14
garrick,0.07
garrigue,1.96
garrot,2.43
garrotte,0.04
garrotter,0.68
gars,289.63
garçon,262.50
garçonne,0.88
garçonnet,3.65
garçonnier,1.15
garçonnière,1.51
gas-oil,0.27
gascon,0.58
gasoil,0.49
gaspacho,1.38
gaspard,1.01
gaspillage,2.30
gaspiller,11.50
gaspilleur,0.02
gaster,0.14
gastralgie,0.07
gastrectomie,0.01
gastrique,1.35
gastrite,0.21
gastro,0.66
gastro-entérite,0.07
gastro-entérologue,0.14
gastro-intestinal,0.12
gastroentérologue,0.02
gastrolâtre,0.07
gastronome,0.81
gastronomie,0.61
gastronomique,1.96
gastrula,0.01
gastéropode,0.14
gatte,0.02
gauche,134.59
gauchement,3.45
gaucher,2.29
gaucherie,2.50
gauchir,0.88
gauchisme,0.20
gauchissement,0.07
gauchiste,1.62
gaucho,1.28
gaudriole,1.01
gaufre,3.03
gaufrette,0.88
gaufrier,0.27
gaufré,0.95
gauldo,0.14
gaule,2.50
gauleiter,0.68
gauler,1.28
gaulis,0.34
gaulle,0.07
gaullisme,1.49
gaulliste,4.05
gaulois,8.85
gauloisement,0.07
gaulthérie,0.01
gaulée,0.01
gaupe,0.07
gauss,0.01
gausser,2.64
gavage,0.54
gave,0.47
gaver,9.39
gavial,0.07
gaviot,0.20
gavroche,0.34
gay,20.33
gayac,0.07
gaz,36.33
gazage,0.07
gaze,3.85
gazelle,3.92
gazer,5.39
gazette,2.43
gazeux,2.26
gazier,1.08
gazinière,0.14
gazoduc,0.22
gazogène,1.62
gazole,0.22
gazoline,0.14
gazomètre,0.07
gazométrie,0.02
gazon,7.77
gazonné,0.27
gazouillant,0.27
gazouillement,0.20
gazouiller,0.95
gazouillis,1.62
gazpacho,0.22
gazé,0.32
gazéifier,0.02
gaélique,0.17
gaîment,0.47
gaîté,6.35
geai,1.62
gecko,0.32
geez,0.13
geignant,0.74
geignard,2.43
geignement,0.61
geindre,5.68
geisha,2.60
gel,6.69
geler,23.41
geline,0.01
gelinotte,0.07
gelure,0.34
gelé,5.68
gelée,7.57
gemme,0.88
gemmologie,0.01
gencive,4.26
gendarme,43.72
gendarmer,0.01
gendarmerie,9.32
gendre,8.11
genet,0.01
genevois,0.54
gengis khan,0.14
gengiskhanide,0.07
genièvre,2.16
genou,127.91
genouillère,0.20
genre,221.51
genreux,0.07
gens,594.29
gent,1.15
gentamicine,0.04
gente,0.24
gentiane,0.95
gentil,192.64
gentilhomme,6.89
gentilice,0.07
gentillesse,17.50
gentillet,0.47
gentiment,21.76
gentleman,13.08
gentleman-farmer,0.27
gentry,0.28
genèse,1.01
genévrier,0.88
genêt,5.34
genêtière,0.07
gerbe,14.19
gerber,8.28
gerbier,0.45
gerbille,0.29
gerboise,0.14
gercer,1.76
gerfaut,0.07
germain,2.23
germanique,4.73
germanisation,0.01
germanisme,0.20
germaniste,0.07
germanité,0.02
germanium,0.07
germano,0.20
germano-belge,0.01
germano-irlandais,0.03
germano-russe,0.27
germano-soviétique,1.82
germanophile,0.07
germanophilie,0.07
germanophone,0.01
germant,0.07
germe,3.78
germen,0.07
germer,3.04
germinal,0.14
germination,0.54
germé,0.27
gerris,0.03
gestapiste,0.14
gestapo,1.69
gestation,1.82
geste,271.08
gesticulant,1.42
gesticulation,1.69
gesticulatoire,0.07
gesticuler,6.96
gestion,4.23
gestionnaire,0.15
gestuel,0.07
geyser,1.01
geôle,2.36
geôlier,5.00
ghetto,5.42
ghât,0.27
gi,1.18
giaour,0.54
gibbeux,0.20
gibbon,0.19
gibbosité,0.14
gibecière,1.55
gibelet,0.20
gibelin,0.14
gibelotte,0.47
giberne,0.68
gibet,1.89
gibier,11.69
giboulée,1.28
giboyeux,0.68
gibus,1.01
giclement,0.14
gicler,7.97
gicleur,0.45
giclée,3.65
gidien,0.20
gidouille,0.20
gifle,16.01
gifler,15.88
gig,0.15
giga,0.23
gigahertz,0.07
gigantesque,21.69
gigantisme,0.34
gigantomachie,0.14
gigogne,0.81
gigolette,0.14
gigolo,2.30
gigolpince,1.01
gigot,3.92
gigoter,3.31
gigoté,0.01
gigue,1.22
gilbert,0.20
gilet,15.14
gimmick,0.14
gin,6.24
gin-fizz,1.01
gin-rami,0.07
gin-rummy,0.14
gineste,0.41
gingembre,1.50
gingin,0.14
gingivite,0.18
ginkgo,0.06
ginseng,0.49
giocoso,0.07
gipsy,0.03
girafe,3.50
girafeau,0.01
girafon,0.01
girandole,0.74
giration,0.68
giratoire,0.07
gire,0.14
girer,0.07
girie,0.27
girl,9.59
girl friend,0.14
girl-scout,0.14
girofle,0.83
giroflier,0.07
giroflée,0.88
girolle,0.88
giron,2.03
girond,1.96
girondin,0.54
girouette,2.36
gisant,2.57
gisement,1.25
gisquette,1.42
gitan,8.72
giton,1.25
givrage,0.01
givre,5.14
givrer,1.59
givré,2.23
gla-gla,0.14
glabelle,0.01
glabre,2.64
glace,91.01
glacer,25.74
glaciaire,0.58
glacial,13.92
glacialement,0.10
glaciation,0.34
glacier,5.00
glaciologue,0.14
glacis,3.58
glacière,2.91
glacé,40.27
gladiateur,2.84
glaglater,0.54
glaire,1.35
glaireux,1.42
glaise,8.85
glaiseux,1.15
glaive,4.39
glamour,1.49
glanage,0.18
gland,5.27
glandage,0.03
glande,4.66
glander,2.88
glandeur,0.48
glandilleuse,0.68
glandilleux,1.22
glandouiller,0.74
glandouilleur,0.07
glandu,0.57
glandulaire,0.74
glane,0.14
glaner,4.93
glaneur,0.18
glanure,0.07
glapir,6.76
glapissant,0.61
glapissement,1.76
glaréole,0.04
glas,4.05
glasnost,0.03
glass,1.28
glaucome,0.27
glauque,9.32
glauquement,0.07
glaviot,1.35
glavioter,1.22
glaçage,0.77
glaçant,0.27
glaçon,7.40
glaçure,0.14
glaïeul,1.89
glide,0.07
glioblastome,0.04
gliome,0.05
glissade,4.26
glissando,0.27
glissant,8.24
glisse,2.00
glisse-la-moi,0.10
glissement,7.50
glisser,229.32
glissière,1.96
glissoire,0.04
global,3.59
globalement,0.68
globalisation,0.19
globalité,0.07
globe,11.89
globe-trotter,0.41
globulaire,0.34
globule,3.25
globuleux,4.80
globuline,0.01
glockenspiel,0.07
gloire,50.88
glomérule,0.07
glop,0.27
gloria,2.66
gloriette,0.34
glorieuse,0.41
glorieusement,1.82
glorieux,18.31
glorification,0.22
glorifier,3.65
gloriole,1.69
glose,0.61
gloser,0.61
glossaire,0.07
glossématique,0.07
glotte,2.03
glottique,0.07
glouglou,1.22
glougloutement,0.14
glouglouter,0.61
gloussant,0.54
gloussement,3.72
glousser,5.61
glouton,1.69
gloutonnement,0.54
gloutonnerie,0.74
glu,2.57
gluant,15.20
glucagon,0.04
glucide,0.51
gluconique,0.01
glucose,2.08
gluon,0.04
glutamate,0.16
gluten,0.07
glycine,4.26
glycol,0.12
glycoprotéine,0.03
glycémie,0.44
glycérine,1.04
glycérol,0.01
glyphe,0.24
glèbe,0.95
glène,0.07
glénoïde,0.03
gna gna,0.14
gnafron,0.34
gnagnagna,1.35
gnangnan,0.47
gnard,0.34
gnaule,0.01
gnian-gnian,0.01
gniard,1.15
gniouf,0.27
gnocchi,2.02
gnognote,0.41
gnognotte,0.23
gnole,1.01
gnome,2.95
gnon,1.82
gnose,0.07
gnosticisme,0.07
gnostique,0.47
gnou,0.27
gnouf,1.01
gnôle,3.24
go,15.32
goal,1.55
gobage,0.27
gobe-mouches,0.14
gobelet,4.46
gobelin,0.41
gober,5.90
goberger,0.74
gobet,0.14
gobeur,0.12
godasse,8.92
goddam,0.03
godelureau,0.34
godemiché,0.81
goder,1.62
godet,7.50
godiche,0.95
godille,0.88
godiller,0.61
godilleur,0.14
godillot,3.24
goglu,0.02
gogo,2.19
gogol,0.30
goguenard,6.15
gogues,2.57
goguette,1.35
goinfre,0.61
goinfrer,1.62
goinfrerie,0.41
goitre,0.68
goitreux,0.34
gold,3.11
golden,2.37
goldo,0.61
golem,0.10
golf,14.14
golf-club,0.07
golfe,6.49
golfeur,0.86
golgotha,0.07
goliath,0.07
gombo,2.44
gomina,1.01
gominer,1.82
gommage,0.25
gomme,9.93
gommer,4.73
gommette,0.03
gommeux,0.68
gommier,0.27
gommé,0.88
goménol,0.07
gon,0.86
gonade,0.16
gonadotrophine,0.01
goncier,0.14
gond,2.97
gonder,0.07
gondolant,0.07
gondole,4.93
gondolement,0.07
gondoler,2.70
gondolier,1.15
gondolé,0.68
gone,1.00
gonelle,0.14
gonfalon,0.20
gonfanon,0.20
gonflable,1.35
gonflage,0.20
gonflant,0.54
gonfle,0.68
gonflement,1.15
gonfler,47.57
gonflette,0.46
gonfleur,0.20
gonflé,12.64
gong,3.65
gongoriste,0.07
goniomètre,0.07
gonococcie,0.03
gonococcique,0.01
gonocoque,0.41
gonorrhée,0.08
gonze,6.89
gonzesse,15.61
gopak,0.07
gopher,0.07
gord,0.25
gordien,0.20
gore,0.57
goret,1.28
gorge,86.82
gorge-de-pigeon,0.14
gorgeon,1.01
gorger,8.04
gorgerette,0.07
gorgerin,0.07
gorget,0.07
gorgone,0.41
gorgonzola,0.34
gorgé,0.41
gorgée,20.27
gorille,6.06
gosier,4.93
gospel,0.61
gosplan,0.10
gosse,109.96
gosseline,0.14
goth,0.14
gotha,0.14
gothique,6.55
goton,0.07
gouache,1.55
gouaille,1.49
gouailleur,1.28
goualante,1.08
goualer,0.14
gouape,1.08
gouda,0.07
goudou,0.14
goudron,7.64
goudronnage,0.14
goudronner,1.01
goudronneux,0.20
goudronné,3.04
gouet,0.07
gouffre,13.38
gouge,1.01
gougnafier,1.96
gougoutte,0.07
gougère,0.20
gouine,3.12
goujat,2.09
goujaterie,0.47
goujon,1.35
goulache,0.46
goulafre,0.14
goulag,1.01
goulasch,0.27
goule,0.61
goulet,0.74
goulette,0.94
gouleyant,0.14
goulot,10.81
goulotte,0.07
goulu,1.55
goulée,2.64
goulûment,2.70
goum,0.41
goumi,0.34
goumier,0.54
goupil,0.27
goupille,0.74
goupiller,1.69
goupillon,1.62
gour,0.61
goura,0.07
gourance,1.28
gourbi,2.91
gourd,2.70
gourde,4.59
gourdin,2.84
gourer,6.28
gourgandine,0.34
gourmand,9.86
gourmandement,0.07
gourmander,0.81
gourmandise,6.49
gourme,0.41
gourmet,1.55
gourmette,2.43
gourmé,0.81
gourou,1.84
gousse,1.28
gousset,2.23
goutte,64.32
gouttelette,5.88
goutter,2.36
gouttereau,0.20
goutteux,0.41
gouttière,10.95
gouvernable,0.01
gouvernail,2.87
gouvernance,0.01
gouvernant,2.09
gouvernante,4.73
gouverne,0.97
gouvernement,132.03
gouvernemental,2.93
gouverner,8.78
gouverneur,21.73
gouvernorat,0.14
gouzi-gouzi,0.07
goy,0.47
goyave,0.20
goyesque,0.20
goéland,2.91
goélette,0.68
goémon,0.88
goétie,0.02
goût,141.82
goûter,42.27
goûteur,0.14
goûteux,0.27
graal,0.34
grabat,2.09
grabataire,0.47
graben,0.14
grabuge,2.55
gracier,3.62
gracieusement,2.70
gracieuseté,0.41
gracieusé,0.07
gracieux,15.81
gracile,2.50
gracilité,0.07
gracié,0.30
gradaille,0.07
gradation,0.54
grade,8.18
grader,0.07
gradient,0.04
gradin,5.07
graduation,0.41
graduel,0.14
graduellement,0.81
graduer,0.41
gradus,0.07
gradué,0.61
gradé,8.45
graff,0.05
graffeur,0.06
graffiter,0.27
graffiteur,0.09
graffiti,4.19
graffito,0.20
grafigner,0.14
grailler,2.64
graillon,1.22
graillonnant,0.07
graillonneux,0.14
grain,35.95
graine,13.51
grainer,0.20
graineterie,0.20
grainetier,0.34
graissage,0.27
graisse,18.31
graisser,4.53
graisseur,0.02
graisseux,5.07
graissé,1.08
gram,0.28
gramen,0.20
graminée,1.89
grammage,0.07
grammaire,6.01
grammairien,1.08
grammatical,0.68
grammaticalement,0.14
gramme,5.81
grammer,0.03
gramophone,1.14
grana,0.14
grand,1244.66
grand-angle,0.06
grand-chose,36.08
grand-duc,2.04
grand-duché,0.07
grand-faim,0.20
grand-guignol,0.01
grand-guignolesque,0.01
grand-hâte,0.07
grand-hôtel,0.07
grand-maître,0.10
grand-messe,1.28
grand-mère,94.59
grand-neige,0.07
grand-officier,0.07
grand-oncle,4.26
grand-papa,2.35
grand-peine,4.86
grand-peur,0.20
grand-place,1.35
grand-prêtre,0.20
grand-père,96.49
grand-quartier,0.34
grand-route,3.65
grand-rue,2.36
grand-salle,0.20
grand-tante,1.76
grand-vergue,0.05
grand-voile,0.27
grandement,2.84
grandesse,0.14
grandet,0.14
grandeur,28.38
grandiloque,0.07
grandiloquence,0.81
grandiloquent,1.69
grandiose,10.00
grandiosement,0.14
grandir,63.99
grandissant,5.47
grandissement,0.07
grandissime,0.07
grands-parents,9.19
grange,46.01
grangette,0.14
granit,10.07
granite,0.47
granitique,0.61
granito,0.07
granité,0.17
granulaire,0.01
granulation,0.34
granuleux,1.55
granulie,0.01
granulome,0.03
granulé,0.47
grape-fruit,0.27
graphe,0.14
graphie,0.61
graphique,1.31
graphisme,0.41
graphiste,0.18
graphite,0.29
graphologie,0.15
graphologique,0.07
graphologue,0.20
graphomane,0.14
graphomanie,0.07
graphomètre,0.07
graphophone,0.01
grappa,0.72
grappe,12.30
grappillage,0.07
grappiller,0.95
grappilleur,0.01
grappillon,0.14
grappin,1.54
gras,48.92
gras-double,1.08
grassement,0.81
grasseyant,0.61
grasseyement,0.41
grasseyer,0.61
grassouillet,1.96
gratifiant,0.99
gratification,0.68
gratifier,4.26
gratin,2.16
gratiner,0.81
gratiné,0.47
gratinée,0.14
gratis,4.39
gratis pro deo,0.14
gratitude,8.38
gratos,3.94
gratouillis,0.07
grattage,0.41
grattant,0.07
gratte,0.56
gratte-ciel,3.04
gratte-cul,0.14
gratte-dos,0.11
gratte-papier,0.67
gratte-pieds,0.20
grattement,1.49
gratter,38.51
gratteur,0.34
grattoir,1.49
grattouiller,0.27
grattouillis,0.07
gratture,0.07
gratuit,24.28
gratuitement,6.37
gratuité,1.69
grau,0.01
gravats,4.12
grave,142.48
graveleux,1.35
gravelle,0.34
gravement,19.73
graver,18.38
graveur,1.08
gravide,0.04
gravidité,0.01
gravier,15.41
gravillon,1.22
gravir,17.16
gravissime,0.41
gravitation,1.22
gravitationnel,1.66
graviter,1.08
gravité,17.16
gravos,0.27
gravosse,1.42
gravure,10.00
gravé,2.57
gray,0.10
grec,29.46
gredin,1.82
green,1.13
greffage,0.01
greffe,5.41
greffer,2.33
greffier,3.65
greffon,0.33
greffé,0.41
grelot,4.66
grelottant,2.16
grelottement,0.95
grelotter,10.27
grelotteux,0.07
greluche,1.01
greluchon,0.20
grenache,0.27
grenadage,0.03
grenade,12.97
grenader,0.20
grenadeur,0.01
grenadier,4.05
grenadine,3.99
grenaille,0.14
grenat,3.85
grenier,24.39
grenoblois,0.14
grenouillage,0.14
grenouillard,0.07
grenouille,10.47
grenouille-taureau,0.01
grenouillère,0.14
grenu,1.89
gressin,0.27
gretchen,1.89
grever,0.81
gri-gri,0.21
gribiche,0.14
gribouillage,0.66
gribouille,0.47
gribouiller,1.69
gribouilleur,0.07
gribouillis,1.01
grief,7.43
griffage,0.07
griffe,13.92
griffer,9.53
griffeur,0.01
griffon,1.42
griffonnage,0.61
griffonner,7.97
griffonneur,0.14
griffu,1.89
griffure,0.82
griffé,0.81
grifton,0.14
grignotage,0.34
grignotement,0.88
grignoter,10.27
grignotis,0.14
grigou,0.41
grigri,0.61
gril,1.76
grill,1.66
grill-room,0.27
grillade,1.08
grilladerie,0.02
grillage,12.03
grillagé,2.64
grille,58.24
grille-pain,2.90
griller,14.20
grillon,4.59
grillé,7.57
grimace,31.49
grimace-éclair,0.01
grimacement,0.07
grimacer,12.36
grimacier,0.34
grimage,0.20
grimaçant,3.04
grimer,0.81
grimoire,1.22
grimpant,1.55
grimpe,1.65
grimper,51.15
grimpette,1.01
grimpeur,0.91
grimpée,0.07
grincement,9.59
grincer,19.53
grinche,0.02
grincheux,1.54
grinchir,0.14
gringalet,0.61
gringo,4.64
gringue,1.15
gringuer,0.14
grinçant,3.78
griot,1.55
griotte,3.18
grip,0.20
grippal,0.03
grippe,8.22
grippe-sou,0.25
gripper,1.22
grippé,0.47
gris,154.86
gris-blanc,0.20
gris-bleu,1.69
gris-gris,0.74
gris-jaune,0.20
gris-perle,0.14
gris-rose,0.41
gris-vert,1.55
grisaille,7.77
grisant,3.24
grisbi,1.22
griser,10.27
griserie,2.23
grisette,0.41
grison,0.01
grisonnant,3.04
grisonner,0.88
grisotte,0.07
grisou,1.22
grisâtre,13.04
grisé,0.61
grive,1.82
grivet,0.01
griveton,1.08
grivois,0.95
grivoiserie,0.20
grivèlerie,0.20
grizzli,0.57
grizzly,0.74
grièvement,1.68
groenlandais,0.14
grog,1.42
groggy,0.71
grognant,0.27
grognard,0.74
grognasse,0.95
grognasser,0.20
grogne,1.62
grognement,9.53
grogner,31.42
grognon,1.22
grognonner,0.20
groin,1.89
grole,0.34
grolle,1.49
grommeler,13.92
grommellement,0.74
grondant,1.42
grondement,14.80
gronder,22.70
grondeur,1.35
grondin,1.69
groom,2.57
gros,353.45
gros-bec,0.07
gros-cul,0.14
gros-grain,0.41
gros-porteur,0.02
groschen,0.07
groseille,1.89
groseillier,0.61
grossesse,7.09
grosseur,2.97
grossi,0.95
grossier,22.57
grossir,14.80
grossissant,1.28
grossissement,0.81
grossiste,0.81
grossium,0.88
grossièrement,5.41
grossièreté,6.15
grosso modo,1.89
grotesque,12.97
grotesquement,0.95
grotte,21.96
grouillant,4.73
grouillement,4.73
grouiller,22.39
grouillis,0.47
grouillot,0.74
grouiner,0.01
groumer,1.22
ground,0.27
group,7.65
groupage,0.01
groupe,122.50
groupement,6.22
grouper,13.31
groupie,1.34
groupuscule,0.54
groupé,2.43
grouse,0.68
gruau,0.73
grue,6.22
gruger,0.48
grume,0.47
grumeau,1.01
grumeleux,1.89
grumier,0.01
grunge,0.27
gruppetto,0.14
grutier,2.30
gruyère,4.80
grâce,85.61
grèbe,0.07
grège,1.28
grègues,0.07
grès,4.05
grève,26.55
gré,28.04
gréage,0.01
grébiche,0.01
gréco,0.15
gréco-romain,0.68
gréement,0.34
gréer,0.61
grégaire,0.47
grégeois,0.34
grégorien,1.35
grésil,0.41
grésillant,0.68
grésillement,3.85
grésiller,5.61
gréviste,2.36
grêle,8.24
grêler,1.49
grêlon,1.01
grêlé,0.47
guacamole,0.43
guadeloupéenne,0.14
guanaco,0.01
guanine,0.04
guano,0.23
guaracha,0.02
guarani,0.07
guatémaltèque,0.07
guelfe,0.20
guenille,4.46
guenilleux,0.54
guenipe,0.07
guenon,1.89
guerre,354.59
guerre-éclair,0.14
guerrier,16.75
guerroyer,1.08
guerroyeur,0.07
guet,7.70
guet-apens,0.74
guets-apens,0.07
guette,0.34
guetter,51.01
guetteur,4.46
gueugueule,0.07
gueulante,1.49
gueulard,0.88
gueule,125.22
gueule-de-loup,0.07
gueulement,0.81
gueuler,27.30
gueules-de-loup,0.14
gueuleton,1.08
gueuletonner,0.20
gueulette,0.14
gueuloir,0.07
gueuserie,0.47
gueux,4.66
gueuze,0.07
gugusse,1.12
gui,2.90
guibole,0.34
guibolle,4.93
guiche,0.27
guichet,8.45
guichetier,0.47
guidage,1.19
guidance,0.01
guide,22.84
guide-interprète,0.07
guider,26.22
guidon,7.03
guigne,1.35
guigner,1.69
guignol,6.15
guignolesque,0.07
guignolet,0.20
guignon,0.20
guilde,0.57
guili-guili,0.16
guillaume,0.20
guilledou,0.20
guillemet,1.55
guillemot,0.11
guilleret,3.24
guillotine,5.61
guillotiner,1.89
guillotineur,0.14
guillotiné,0.47
guimauve,2.43
guimbarde,1.69
guimpe,1.15
guinche,0.47
guincher,0.20
guindal,0.61
guindant,0.10
guindeau,0.07
guinder,1.55
guindé,2.43
guinguette,3.04
guinée,1.40
guinéen,0.41
guipure,1.15
guirlande,9.05
guise,20.61
guitare,14.80
guitariste,4.39
guitoune,5.68
gulden,0.10
gun,1.51
guna,0.04
guppy,0.55
guru,0.08
gus,8.50
gusse,0.14
gustatif,0.21
gustation,0.14
gusto,0.88
gut,0.64
gutta-percha,0.03
guttural,2.97
guyanais,0.07
guzla,0.07
guède,0.02
guère,110.68
gué,2.03
guéable,0.07
guéguerre,0.41
guépard,0.74
guéret,0.27
guéri,4.05
guéridon,11.42
guérilla,2.17
guérillero,2.81
guérir,44.73
guérison,5.84
guérissable,0.20
guérisseur,3.20
guérite,5.07
guévariste,0.14
guêpe,6.42
guêpier,0.68
guêpière,1.22
guêtre,4.80
guêtré,0.07
gy,1.15
gym,9.18
gymkhana,0.27
gymnase,4.28
gymnasium,0.14
gymnaste,1.35
gymnastique,10.00
gymnique,0.14
gymnopédie,0.07
gymnosophiste,0.14
gynéco,0.96
gynécologie,0.28
gynécologique,0.27
gynécologue,3.85
gynécomastie,0.03
gynécée,0.20
gypaète,0.08
gypse,0.34
gypseux,0.14
gypsophile,0.08
gyrocompas,0.14
gyrophare,1.42
gyroscope,0.61
gyroscopique,0.07
gyrus,0.07
gâchage,0.07
gâche,1.82
gâcher,49.57
gâchette,5.09
gâcheur,0.07
gâchis,6.24
gâpette,0.07
gâte-bois,0.07
gâte-sauce,0.14
gâteau,55.19
gâter,14.26
gâterie,2.91
gâteux,3.92
gâtine,0.07
gâtisme,0.95
gâté,4.73
gène,8.07
géant,22.91
gégène,0.41
géhenne,0.58
gélatine,1.35
gélatineux,1.62
gélatino-bromure,0.07
gélifiant,0.01
gélification,0.07
géline,0.20
gélinotte,0.07
gélolevure,0.07
gélose,0.07
gélule,0.88
gémeau,0.40
gémellaire,7.43
gémellité,3.38
gémir,36.89
gémissant,2.64
gémissement,16.76
gémisseur,0.20
gémonies,0.07
génial,134.47
génialement,0.20
génialité,0.07
génie,51.62
génique,0.40
génisse,1.76
génital,2.43
génitalité,0.07
géniteur,2.50
génocidaire,0.04
génocide,1.25
génois,1.42
génome,0.63
génomique,0.11
génotype,0.11
génuflexion,1.01
génuine,0.07
généalogie,1.96
généalogique,2.50
généalogiste,0.17
général,236.89
généralement,16.89
généralife,0.20
généralisable,0.07
généralisation,0.61
généraliser,1.22
généralissime,1.82
généraliste,0.72
généralisé,2.30
généralité,1.96
générateur,8.96
génératif,0.02
génération,37.77
générationnel,0.27
générer,2.83
généreusement,4.53
généreux,23.72
générique,1.71
générosité,11.55
généré,0.06
génésique,0.07
généticien,0.60
génétique,8.06
génétiquement,1.90
géo,1.22
géode,0.04
géodésigraphe,0.07
géodésique,0.27
géographe,0.95
géographie,8.51
géographique,3.51
géographiquement,0.47
géologie,0.61
géologique,0.81
géologiquement,0.03
géologue,1.11
géomagnétique,0.03
géomancie,0.07
géomètre,6.20
géométrie,5.20
géométrique,4.80
géométriquement,0.41
géophysique,0.17
géopolitique,0.14
géorgien,0.68
géostationnaire,0.04
géostratégie,0.07
géosynchrone,0.02
géothermie,0.01
géothermique,0.13
géotropique,0.20
gérable,0.29
gérance,1.15
géranium,4.12
gérant,8.72
gérer,27.51
gériatrie,0.07
gériatrique,0.09
géronte,0.14
gérontisme,0.01
gérontologie,0.27
gérontologue,0.07
géré,0.05
gésier,0.88
gésine,0.34
gésir,15.68
gênant,10.33
gêne,27.30
gêner,71.01
gêneur,1.01
gêné,16.82
gîte,6.49
gîter,1.28
ha,21.54
habanera,0.01
habile,17.16
habilement,5.20
habileté,10.88
habilitation,0.22
habilité,0.58
habillage,0.14
habillement,2.50
habiller,67.36
habilleur,0.72
habillé,17.23
habit,27.64
habitabilité,0.07
habitable,2.09
habitacle,1.69
habitant,29.46
habitat,1.38
habitation,5.61
habiter,128.30
habitude,154.46
habituel,39.93
habituellement,7.70
habituer,46.42
habitus,0.14
habitué,10.68
habité,3.85
hachage,0.01
hachard,0.07
hache,13.65
hache-paille,0.14
hacher,6.01
hachette,0.74
hacheur,0.27
hachis,1.22
hachisch,0.07
hachoir,0.81
hachure,1.55
haché,5.07
hacienda,0.93
hack,0.23
hacker,0.99
haddock,0.54
hadith,0.01
hadj,1.88
hadji,0.47
hagard,13.18
haggadah,0.02
haggis,0.27
hagiographe,0.47
hagiographie,0.20
haha,1.22
hai,1.28
haie,26.08
haillon,3.78
haillonneux,0.20
haine,52.50
haineusement,0.68
haineux,6.42
haire,0.20
haka,0.01
hakka,0.01
halage,1.55
halal,0.24
halcyon,0.02
hale,0.07
haleine,23.04
haler,2.30
haletant,9.80
haleter,11.76
haleur,0.34
half-track,0.14
hall,26.76
hallali,1.35
halle,9.32
hallebarde,1.28
hallebardier,0.68
hallier,1.76
halloween,0.04
hallucinant,2.91
hallucination,7.88
hallucinatoire,0.39
halluciner,3.44
hallucinogène,0.61
halluciné,1.35
halo,8.38
halogène,0.12
halogénure,0.01
halon,0.08
halopéridol,0.12
halothane,0.50
halte,14.27
halte-garderie,0.02
halter,0.20
haltère,1.35
haltérophile,0.27
haltérophilie,0.18
halva,0.07
halètement,3.72
hamac,3.78
hamada,0.17
hamadryade,0.01
hamadryas,0.01
hamamélis,0.01
hambourgeois,0.20
hamburger,7.47
hameau,10.61
hameçon,3.24
hammam,1.55
hammerless,0.27
hampe,3.11
hamster,2.51
han,1.96
hanap,0.34
hanche,32.36
hand-ball,0.08
handball,0.52
handicap,3.70
handicapant,0.15
handicaper,2.32
handicapeur,0.06
handicapé,4.90
hangar,18.85
hanneton,5.34
hanoukka,0.31
hanovrien,0.07
hanséatique,0.10
hantavirus,0.03
hanter,15.20
hanteur,0.07
hantise,5.07
hanté,1.99
happe,0.14
happement,0.20
happening,0.54
happer,8.24
happy end,0.51
happy few,0.14
haptoglobine,0.01
haque,1.62
haquenée,0.07
haquet,0.20
hara-kiri,0.41
harangue,1.22
haranguer,1.89
harari,0.02
haras,1.01
harassant,1.42
harassement,0.27
harasser,1.28
harassé,2.50
harcelant,0.61
harceler,11.12
harceleur,0.17
harcèlement,3.69
hard,2.72
hard edge,0.01
hard-top,0.01
harde,8.99
harder,0.18
hardi,10.68
hardiesse,2.64
hardiment,1.62
hare,0.49
harem,15.95
hareng,6.08
harenguet,0.01
harenguier,0.10
harengère,0.14
haret,0.07
harfang,0.07
hargne,4.53
hargneusement,1.42
hargneux,9.46
haricot,13.45
haridelle,0.61
harissa,0.20
harki,0.41
harmattan,0.07
harmonica,1.76
harmoniciste,0.02
harmonie,16.22
harmonieusement,1.28
harmonieux,7.09
harmonique,0.61
harmoniquement,0.01
harmonisation,0.07
harmoniser,1.42
harmonium,3.51
harnachement,1.55
harnacher,1.62
harnaché,0.88
harnais,3.92
harnois,0.20
haro,1.35
harpagon,0.01
harpe,5.34
harper,7.25
harpie,1.42
harpin,0.07
harpiste,0.27
harpon,2.03
harponnage,0.17
harponner,1.22
harponneur,0.20
hart,0.41
has been,0.20
hasard,124.19
hasarder,6.35
hasardeusement,0.07
hasardeux,2.77
hasch,2.16
haschich,0.47
haschisch,0.41
hase,0.27
haseki,0.20
hassidim,0.22
hassidique,0.09
hassidisme,0.07
hauban,1.01
haubert,0.54
hausse,3.38
haussement,5.68
hausser,71.96
haussier,0.02
haussière,0.14
haut,196.76
haut-commandement,1.22
haut-commissaire,7.97
haut-commissariat,0.81
haut-de-chausse,0.15
haut-de-chausses,0.20
haut-de-forme,1.62
haut-fond,1.08
haut-le-coeur,1.01
haut-le-corps,1.76
haut-parleur,7.36
haut-relief,0.20
hautain,10.88
hautainement,0.07
hautbois,1.62
haute,2.84
haute-fidélité,0.07
hautement,4.83
hautesse,1.42
hauteur,77.70
hautin,0.11
havanais,0.07
havanaise,0.01
havane,0.95
haveneau,0.14
haver,10.73
havrais,0.07
havre,3.11
havresac,2.16
hawaïen,0.20
hayon,0.14
haï,0.81
haïk,0.61
haïkaï,0.07
haïku,0.30
haïr,55.42
haïssable,1.62
haïtien,1.01
heaume,1.01
hebdo,1.49
hebdomadaire,4.46
hebdomadairement,0.20
hectare,6.35
hecto,0.07
hein,437.20
hello,10.82
hellène,0.68
hellénique,0.81
helléniser,0.27
hellénisme,0.34
helléniste,0.27
hellénistique,0.14
helminthe,0.07
helvète,0.20
helvétien,0.07
helvétique,0.81
hem,0.20
hemlock,0.23
hennin,0.34
hennir,1.55
hennissant,0.34
hennissement,2.91
henné,1.15
henry,0.15
hep,1.96
heptagone,0.14
heptaméron,0.07
heptane,0.04
herbage,1.35
herbe,118.51
herber,0.22
herbette,0.14
herbeux,1.01
herbicide,0.32
herbier,1.28
herbivore,0.27
herboriser,0.54
herboriste,0.88
herboristerie,0.14
herbu,1.82
hercher,0.03
hercule,0.77
herculéen,0.74
hercynien,0.14
hermaphrodisme,0.07
hermaphrodite,0.37
hermaphroditisme,0.07
hermine,1.69
herminette,0.14
herminé,0.07
hermès,0.73
herméneutique,0.01
hermétique,3.11
hermétiquement,1.55
hermétisme,0.20
herniaire,0.41
hernie,2.91
hernieux,0.07
herpès,0.86
herpétique,0.03
herpétologie,0.04
herpétologiste,0.01
herse,2.57
herser,0.34
hertz,0.09
hessois,0.14
hetman,0.34
heu,35.17
heur,1.15
heure,924.05
heureusement,51.35
heureux,248.45
heuristique,0.03
heurt,6.15
heurter,39.05
heurtoir,0.61
heurté,1.89
hexagonal,1.96
hexagone,0.61
hi,5.41
hi-fi,0.87
hi-han,0.20
hiatus,1.01
hibernation,0.82
hiberner,0.65
hibiscus,1.08
hibou,5.01
hic,2.91
hic et nunc,0.41
hickory,0.14
hidalgo,0.61
hideur,0.81
hideusement,0.34
hideux,9.26
hier,223.77
high life,0.41
high-life,0.27
high-tech,0.32
highlander,0.30
higoumène,0.07
hilaire,0.02
hilarant,2.37
hilare,8.72
hilarité,4.12
hile,0.24
hiloire,0.07
himalaya,0.14
himalayenne,0.07
hindi,0.14
hindou,2.03
hindouisme,0.28
hindoustani,0.03
hip,4.43
hip-hop,1.74
hippie,3.68
hippique,2.91
hippisme,0.02
hippo,45.61
hippocampe,0.63
hippocratique,0.14
hippodrome,1.35
hippogriffe,0.19
hippomobile,0.10
hippophagique,0.14
hippopotame,2.52
hippopotamesque,0.07
hippy,0.34
hirsute,5.61
hirsutisme,0.02
hirudine,0.01
hispanique,0.50
hispano,0.54
hispano-américain,0.27
hispano-cubain,0.07
hispano-mauresque,0.07
hispanophone,0.02
hisse,0.88
hisser,22.36
histamine,0.15
histaminique,0.03
hister,0.02
histocompatibilité,0.14
histoire,359.92
histologie,0.11
histologique,0.07
histopathologie,0.03
histoplasmose,0.01
historicité,0.14
historien,6.28
historiette,0.34
historiographe,0.01
historiographie,0.11
historique,18.24
historiquement,0.99
histrion,0.41
hit,1.59
hit-parade,0.73
hitchcockien,0.14
hitlérien,4.59
hitlérisme,0.68
hittite,0.41
hiv,1.62
hiver,99.53
hivernage,0.95
hivernal,1.82
hivernant,0.20
hiverner,0.81
hiérarchie,9.86
hiérarchique,1.49
hiérarchiquement,0.20
hiérarchisation,0.07
hiérarchisé,0.34
hiératique,1.69
hiératiquement,0.07
hiératisme,0.54
hiéroglyphe,1.49
hiéroglyphique,0.03
hiérophante,0.20
ho,20.06
hobby,3.11
hobereau,1.82
hochement,5.68
hochepot,0.14
hocher,41.15
hochet,2.23
hockey,6.38
hockeyeur,0.50
hodgkinien,0.01
hodja,0.19
hoirie,0.34
hold-up,7.78
holding,0.73
holistique,0.15
hollandais,5.47
hollandaise,0.18
hollande,0.07
hollywoodien,1.28
holocauste,1.61
hologramme,1.93
holographe,0.04
holographie,0.07
holographique,0.56
holster,0.27
holà,4.87
hom,0.54
homard,5.34
hombre,1.60
home,4.00
home-trainer,0.01
homeland,0.14
homicide,12.07
hominien,0.14
hominisation,0.07
hommage,16.69
hommasse,0.61
homme,1398.85
homme-chien,0.14
homme-clé,0.04
homme-femme,0.36
homme-grenouille,0.35
homme-loup,0.05
homme-machine,0.04
homme-oiseau,0.05
homme-orchestre,0.07
homme-poisson,0.06
homme-robot,0.07
homme-sandwich,0.41
homme-serpent,0.27
homo,8.15
homo erectus,0.04
homo habilis,0.07
homogène,2.77
homogénéisateur,0.14
homogénéisation,0.07
homogénéisé,0.07
homogénéité,0.34
homologable,0.07
homologation,0.20
homologue,0.30
homologuer,0.41
homologué,0.27
homoncule,0.07
homonyme,0.47
homonymie,0.27
homonymique,0.07
homophile,0.14
homophilie,0.07
homophobe,0.73
homophone,0.01
homophonie,0.07
homosexualité,4.81
homosexuel,5.81
homosexuelle,0.28
homozygote,0.01
homuncule,0.14
homélie,0.81
homéopathe,0.15
homéopathie,0.58
homéopathique,0.17
homéostatique,0.01
homéothermie,0.01
homérique,0.95
hon,1.01
hondurien,0.01
hong kong,0.03
hongkongais,0.14
hongre,0.47
hongrois,3.92
hongroise,1.08
honneur,130.69
honni,0.61
honnir,1.01
honnête,53.89
honnêtement,12.06
honnêteté,7.20
honorabilité,1.15
honorable,11.44
honorablement,1.55
honoraire,0.90
honorer,22.65
honorifique,0.68
honoris causa,0.27
honoré,2.58
honte,103.40
honteusement,2.43
honteux,22.30
hooligan,0.72
hop,26.52
hopak,0.01
hopi,0.14
hoplite,0.07
hoquet,7.91
hoqueter,5.54
horaire,8.94
horde,7.03
horion,0.88
horizon,66.15
horizontal,10.47
horizontale,3.04
horizontalement,1.96
horizontalité,0.20
horloge,16.49
horloger,5.41
horlogerie,1.08
hormis,5.74
hormonal,0.77
hormone,4.69
hornblende,0.01
horoscope,2.90
horreur,69.46
horrible,67.22
horriblement,4.53
horrifiant,1.49
horrifier,3.04
horrifique,0.14
horrifié,2.16
horripilant,0.68
horripilation,0.20
horripiler,1.49
hors,92.43
hors-bord,0.61
hors-cote,0.01
hors-d'oeuvre,1.96
hors-jeu,1.13
hors-la-loi,3.21
hors-piste,0.45
hors-série,0.20
horse-guard,0.14
hortensia,2.03
horticulteur,0.54
horticultrice,0.01
horticulture,0.27
hortillonnage,0.07
hosanna,0.54
hosannah,0.27
hospice,6.96
hospitalier,2.91
hospitalisation,0.85
hospitaliser,5.19
hospitalité,6.72
hospodar,0.54
hostau,0.20
hostellerie,1.22
hostie,3.85
hostile,21.15
hostilement,0.20
hostilité,15.81
hosto,5.81
hot,1.67
hot dog,2.69
hot-dog,6.09
hotline,0.52
hotte,2.57
hotter,0.01
hottée,0.07
hotu,0.81
hou,8.65
houari,0.07
houblon,0.61
houe,0.37
houhou,0.46
houille,0.88
houiller,0.14
houillère,0.41
houle,10.07
houler,0.07
houlette,0.82
houleux,2.16
houligan,0.07
houliganisme,0.20
houlque,0.07
houlà,0.61
houp,0.14
houppe,0.68
houppelande,2.09
houppette,2.43
hourdis,0.07
houri,0.61
hourra,5.18
hourrah,0.77
hourvari,0.54
house,4.74
house music,0.01
house-boat,0.07
houseau,1.08
houspiller,2.77
housse,5.68
houx,1.28
hovercraft,0.01
hoyau,0.14
huard,0.59
huart,0.27
hublot,7.77
huche,0.47
huchet,0.27
hue,2.63
huer,2.30
huerta,0.95
hugh,1.38
hugolien,0.14
huguenot,0.47
hui,2.36
huile,38.18
huiler,1.76
huileux,4.26
huilier,0.10
huilé,3.24
huipil,0.54
huis,1.82
huisserie,0.34
huissier,5.95
huit,102.50
huit-reflets,0.27
huitaine,1.01
huitième,2.43
hulotte,0.61
hululement,1.82
hululer,1.35
hum,33.59
humain,111.55
humain-robot,0.03
humainement,0.95
humanisation,0.14
humaniser,1.35
humanisme,2.30
humaniste,1.08
humanitaire,2.02
humanitarisme,0.11
humanité,24.32
humano,0.16
humanoïde,0.46
humble,18.45
humblement,3.65
humbug,0.01
humectage,0.01
humectant,0.05
humecter,4.53
humer,9.53
humeur,58.04
humide,53.31
humidement,0.07
humidificateur,0.20
humidification,0.03
humidifier,0.47
humidité,14.86
humiliant,5.08
humiliation,13.65
humilier,16.01
humilité,12.09
humilié,4.32
humoral,0.07
humoriste,0.74
humoristique,1.22
humour,17.22
humus,5.74
humérus,0.34
hun,0.68
hune,0.41
hunier,0.17
hunter,0.02
huppe,0.34
huppé,2.09
hure,2.36
hurlant,7.50
hurlement,20.95
hurler,88.65
hurleur,0.47
hurluberlu,0.61
huron,0.07
hurrah,0.61
hurricane,0.56
huskies,0.20
husky,0.28
hussard,3.45
hussite,0.20
hutte,7.84
hutter,0.77
huée,1.49
huître,7.64
huîtrier,0.07
huîtrière,0.07
hyacinthe,0.07
hybridation,0.05
hybride,1.97
hydatique,0.01
hydne,0.07
hydratant,0.38
hydratation,0.13
hydrate,0.42
hydrater,0.58
hydraulicien,0.01
hydraulique,1.41
hydravion,0.61
hydre,0.34
hydrique,0.07
hydro,0.17
hydro-électrique,0.07
hydrocarbure,0.50
hydrochlorique,0.09
hydrocortisone,0.03
hydrocution,0.07
hydrocèle,0.07
hydrocéphale,0.22
hydrocéphalie,0.01
hydrodynamique,0.01
hydrofoil,0.01
hydroglisseur,0.06
hydrographe,0.14
hydrographie,0.07
hydrographique,0.27
hydrogène,1.76
hydrogénisation,0.14
hydrogéné,0.04
hydrolase,0.10
hydrologie,0.02
hydrolyse,0.03
hydromel,0.52
hydrophile,1.01
hydrophobe,0.01
hydrophobie,0.07
hydrophone,0.25
hydrophyte,0.01
hydropique,0.34
hydropisie,0.27
hydropneumatique,0.14
hydroponique,0.28
hydroptère,0.02
hydroquinone,0.14
hydrostatique,0.04
hydrothérapie,0.14
hydrox,0.01
hydroxyde,0.13
hydroélectrique,0.36
hygiaphone,0.20
hygiène,6.35
hygiénique,4.12
hygiéniquement,0.07
hygiéniste,0.20
hygroma,0.03
hygromètre,0.14
hygrométrie,0.14
hygrométrique,0.14
hylémorphique,0.07
hymen,2.05
hymne,8.72
hyménoptère,0.27
hyménée,0.34
hyoïde,0.16
hypallage,0.07
hyper,6.66
hyperacidité,0.01
hyperactif,0.20
hyperactivité,0.17
hyperbare,0.07
hyperbole,0.34
hyperbolique,0.20
hyperboliquement,0.07
hyperborée,0.07
hyperboréen,0.54
hypercalcémie,0.07
hypercholestérolémie,0.03
hypercoagulabilité,0.03
hyperespace,1.89
hyperesthésie,0.07
hyperkaliémie,0.03
hyperlipidémie,0.07
hyperlipémie,0.01
hypermarché,0.27
hypermnésie,0.07
hypernerveux,0.27
hyperplan,0.01
hyperplasie,0.04
hyperréactivité,0.01
hyperréalisme,0.07
hyperréaliste,0.14
hypersensibilité,0.22
hypersensible,0.34
hypersomnie,0.03
hypersonique,0.01
hypersustentateur,0.06
hypertendu,0.20
hypertension,0.71
hyperthermie,0.15
hyperthyroïdien,0.07
hypertonique,0.06
hypertrichose,0.03
hypertrophie,0.56
hypertrophique,0.07
hypertrophié,0.27
hyperventilation,0.23
hyperémotivité,0.07
hypnagogique,0.07
hypnogène,0.54
hypnose,3.29
hypnotique,1.16
hypnotiquement,0.14
hypnotiser,4.19
hypnotiseur,0.63
hypnotisme,0.30
hypo,0.19
hypoallergénique,0.09
hypocalcémie,0.03
hypocapnie,0.01
hypocauste,0.07
hypocentre,0.01
hypochlorite,0.01
hypochondriaque,0.12
hypocondre,0.14
hypocondriaque,0.34
hypocondrie,0.27
hypocras,0.20
hypocrisie,5.61
hypocrite,6.49
hypocritement,1.69
hypoderme,0.07
hypodermique,0.40
hypoglycémie,0.40
hypoglycémique,0.20
hypogonadisme,0.03
hypogée,0.81
hypokhâgne,1.28
hyponatrémie,0.05
hypophysaire,0.07
hypophyse,0.14
hypoplasie,0.01
hypospadias,0.01
hypostase,0.07
hyposulfite,0.20
hypotaupe,0.07
hypotendu,0.03
hypotensif,0.03
hypotension,0.28
hypothalamus,0.29
hypothermie,0.80
hypothermique,0.04
hypothyroïdie,0.04
hypothèque,2.78
hypothèse,16.82
hypothécaire,0.09
hypothéquer,1.43
hypothétique,2.23
hypothétiquement,0.23
hypotonie,0.01
hypoténuse,0.09
hypoxie,0.13
hypoxique,0.16
hysope,0.14
hystérectomie,0.26
hystérie,3.48
hystérique,6.61
hystériquement,0.27
hystéro,0.34
hyène,2.43
hâblerie,0.34
hâbleur,0.54
hâle,3.04
hâlé,2.57
hâte,45.20
hâter,24.05
hâtif,5.61
hâtivement,5.54
hâve,1.28
hère,0.74
hé,288.29
héberge,0.01
hébergement,0.68
héberger,6.49
hébertisme,0.27
hébraïque,1.08
hébraïquement,0.07
hébraïsant,0.07
hébreu,2.97
hébreux,0.40
hébéphrénique,0.02
hébétement,0.07
hébétude,4.05
hébété,4.73
hécatombe,1.69
hédonisme,0.20
hédoniste,0.21
hégire,0.38
hégélianisme,0.07
hégélien,0.16
hégémonie,1.42
hélas,34.73
héler,6.49
hélice,3.85
hélico,0.01
hélicoptère,13.96
hélicoïdal,0.07
hélio,0.07
héliographe,0.01
héliogravure,0.07
héliophanie,0.07
héliotrope,0.41
héliport,0.14
héliporter,0.08
héliporté,0.14
hélitreuiller,0.01
hélium,0.99
hélix,0.07
hématie,0.12
hématine,0.05
hématite,0.07
hématocrite,0.60
hématocèle,0.07
hématologie,0.10
hématologique,0.01
hématologue,0.14
hématome,1.53
hématopoïèse,0.07
hématose,0.07
hématurie,0.02
hémi,0.07
hémicycle,0.34
hémiplégie,0.41
hémiplégique,0.27
hémiptère,0.07
hémisphère,1.76
hémisphérique,0.41
hémistiche,0.20
hémoculture,0.17
hémodialyse,0.04
hémodynamique,0.05
hémoglobine,1.15
hémogramme,0.12
hémolyse,0.07
hémolytique,0.12
hémophile,0.20
hémophilie,0.14
hémoptysie,0.68
hémorragie,9.35
hémorragique,0.25
hémorroïdaire,0.01
hémorroïde,1.69
hémostase,0.13
hémostatique,0.14
héparine,0.28
hépatique,0.50
hépatite,2.12
hépatomégalie,0.01
héraclitéen,0.20
héraldique,1.22
héraut,0.81
hérissement,0.34
hérisser,13.99
hérisson,2.57
hérissé,4.86
héritage,12.37
hériter,12.84
héritier,13.45
héro,4.38
héron,2.36
héros,76.58
héroïde,0.07
héroïnomane,0.02
héroïque,11.28
héroïquement,0.74
héroïsme,5.95
héréditaire,4.59
héréditairement,0.20
hérédité,3.99
hérédo,0.07
hérésiarque,0.20
hérésie,7.91
hérétique,18.65
hésitant,12.09
hésitation,25.14
hésiter,122.43
hétaïre,0.27
hétéro,3.91
hétérochromie,0.03
hétéroclite,4.73
hétérodoxie,0.07
hétérogène,0.34
hétérogénéité,0.14
hétéroptère,0.07
hétérosexualité,0.81
hétérosexuel,3.58
hétérozygote,0.07
hévéa,0.23
hêtraie,0.68
hêtre,10.20
hôpital,133.15
hôte,20.20
hôtel,158.92
hôtel-dieu,0.81
hôtel-restaurant,0.14
hôtelier,1.35
hôtellerie,1.82
hôtesse,8.34
i,71.21
i.e.,0.02
iambe,0.02
iambique,0.15
ibex,0.11
ibis,0.81
ibm,0.07
ibo,0.07
iboga,0.04
ibère,0.14
ibérique,0.61
icarienne,0.04
ice-cream,0.34
iceberg,1.88
icelle,0.34
icelles,0.20
icelui,0.07
ichtyologie,0.15
ichtyologiste,0.02
ici,2411.21
ici-bas,3.58
icoglan,0.14
iconoclaste,0.47
iconographe,0.07
iconographie,0.61
iconographique,0.07
iconostase,0.20
icosaèdre,0.03
ictus,0.07
ictère,0.16
ictérique,0.01
icône,4.73
ide,0.47
idem,2.64
identifiable,1.49
identifiant,0.19
identificateur,0.07
identification,7.14
identifier,38.52
identique,15.41
identiquement,0.54
identitaire,0.41
identitarisme,0.20
identité,34.78
ides,0.54
idiomatique,0.07
idiome,1.35
idiopathique,0.06
idiosyncrasie,0.20
idiosyncrasique,0.01
idiot,90.57
idiotement,0.61
idiotie,5.27
idiotisme,0.14
idoine,0.95
idole,10.07
idolâtre,0.68
idolâtrer,1.15
idolâtrie,1.08
idylle,3.31
idyllique,1.76
idéal,21.85
idéalement,1.22
idéalisation,0.16
idéaliser,0.81
idéalisme,1.96
idéaliste,1.69
idéation,0.03
idée,389.77
idée-clé,0.01
idée-force,0.20
idéel,0.01
idéogramme,0.74
idéographie,0.01
idéographique,0.07
idéologie,4.05
idéologique,2.70
idéologiquement,0.27
idéologue,0.54
if,7.19
iftar,0.07
igloo,1.08
igname,0.34
ignare,1.42
ignifuge,0.07
ignifugeant,0.01
ignifuger,0.17
ignifugé,0.20
ignition,0.34
ignoble,12.30
ignoblement,0.88
ignominie,3.72
ignominieusement,0.47
ignominieux,0.88
ignorance,16.82
ignorant,6.22
ignorer,156.55
ignoré,2.70
igné,0.20
iguane,0.74
iguanodon,0.14
igue,0.07
ikebana,0.07
il,15832.09
iliaque,0.20
ilium,0.01
illettrisme,0.07
illettré,1.54
illicite,1.42
illicitement,0.01
illico,7.16
illimité,3.92
illisible,6.76
illogique,0.88
illogiquement,0.07
illogisme,0.47
illuminant,0.34
illumination,4.19
illuminer,20.00
illuminé,7.57
illusion,47.36
illusionner,1.01
illusionnisme,0.34
illusionniste,0.61
illusoire,5.81
illusoirement,0.14
illustrateur,0.20
illustration,7.91
illustre,9.66
illustrement,0.20
illustrer,11.55
illustrissime,0.54
illustré,5.34
illégal,19.88
illégalement,1.87
illégalité,0.81
illégitime,1.52
illégitimement,0.02
illégitimité,0.20
ilote,0.61
ilotisme,0.14
ils,3075.07
iléus,0.03
image,188.92
imager,1.76
imagerie,2.09
imageur,0.03
imagier,1.01
imaginable,2.36
imaginaire,19.32
imaginairement,0.14
imaginant,0.27
imaginatif,2.09
imagination,48.58
imaginative,0.07
imaginer,241.15
imago,0.07
imagé,1.01
imam,1.27
iman,0.07
imbaisable,0.14
imbattable,2.43
imberbe,1.35
imbiber,7.36
imbibition,0.07
imbibé,0.81
imbitable,0.07
imbittable,0.07
imbrication,0.61
imbriquer,1.35
imbriqué,0.74
imbrisable,0.01
imbroglio,1.69
imbu,1.42
imbuvable,0.60
imbécile,43.42
imbécilement,0.27
imbécillité,2.70
imidazole,0.03
imitable,0.14
imitateur,1.00
imitation,7.30
imiter,41.35
imité,1.82
immaculation,0.54
immaculé,9.39
immanence,0.07
immanent,1.01
immanentisme,0.07
immangeable,0.74
immanquable,0.14
immanquablement,3.24
immarcescible,0.07
immatriculation,4.64
immatriculer,1.15
immatriculé,1.68
immature,2.98
immaturité,0.48
immatérialité,0.07
immatériel,3.72
immense,106.89
immensité,8.45
immensurable,0.14
immensément,2.30
immerger,2.84
immergé,1.42
immersion,1.29
immettable,0.16
immeuble,68.78
immigrant,1.46
immigration,4.91
immigrer,0.68
immigré,2.84
imminence,3.38
imminent,7.64
immiscer,1.62
immixtion,0.54
immobile,116.42
immobilier,6.43
immobilisant,0.07
immobilisation,0.34
immobiliser,30.27
immobilisme,0.27
immobilité,21.96
immodeste,0.20
immodestie,0.07
immodéré,1.22
immodérément,0.20
immolation,0.20
immoler,2.54
immonde,6.28
immondice,2.36
immoral,3.88
immoralement,0.27
immoralisme,0.20
immoraliste,0.07
immoralité,0.67
immortalisation,0.07
immortaliser,1.62
immortalité,4.53
immortel,6.66
immuabilité,0.20
immuable,9.80
immuablement,0.74
immunisation,0.08
immuniser,1.96
immunitaire,1.73
immunité,2.99
immunodéficience,0.04
immunodéficitaire,0.03
immunodéprimé,0.02
immunogène,0.14
immunologie,0.02
immunologique,0.07
immunologiste,0.09
immunostimulant,0.01
immunothérapie,0.01
immutabilité,0.14
immédiat,24.59
immédiatement,56.35
immédiateté,0.07
immémorial,4.93
immérité,0.88
impact,9.54
impair,1.55
impala,1.22
impalpabilité,0.07
impalpable,5.27
impalpablement,0.07
imparable,0.81
imparablement,0.07
impardonnable,3.11
impardonnablement,0.07
imparfait,3.11
imparfaitement,0.81
impartageable,0.07
imparti,0.27
impartial,1.72
impartialement,0.34
impartialité,0.95
impartir,0.95
impassable,0.02
impasse,10.47
impassibilité,2.43
impassible,11.49
impassiblement,0.14
impatiemment,2.50
impatience,33.78
impatiens,0.01
impatient,16.76
impatienter,10.54
impatroniser,0.20
impavide,1.89
impayable,0.81
impayé,0.96
impeachment,0.07
impec,1.96
impeccabilité,0.07
impeccable,10.07
impeccablement,2.64
impedimenta,0.07
impensable,2.94
impensé,0.14
imper,2.91
imperator,0.20
imperceptible,15.27
imperceptiblement,9.73
imperfectible,0.01
imperfection,1.69
imperium,0.08
imperméabilisant,0.01
imperméabiliser,0.23
imperméabilité,0.14
imperméable,11.62
impersonnaliser,0.01
impersonnalité,0.34
impersonnel,5.00
impertinemment,0.07
impertinence,1.69
impertinent,1.14
imperturbable,6.42
imperturbablement,1.01
impie,1.96
impitoyable,10.68
impitoyablement,1.82
impiété,1.08
implacabilité,0.07
implacable,10.54
implacablement,0.20
implant,5.11
implantable,0.01
implantation,0.81
implanter,3.39
implanté,0.41
implication,2.96
implicite,1.28
implicitement,1.15
impliquer,36.80
implorant,3.31
imploration,1.01
implorer,11.88
imploser,0.47
implosif,0.07
implosion,0.23
implosive,0.07
implémentation,0.04
implémenter,0.05
impoli,4.76
impoliment,0.03
impolitesse,1.01
impollu,0.07
impolluable,0.07
impollué,0.47
impondérable,1.08
impopulaire,1.14
impopularité,0.27
import,0.43
import-export,0.47
importable,0.16
importance,75.81
important,229.36
importateur,0.34
importation,2.23
importer,259.37
importun,2.23
importuner,4.66
importé,1.45
imposable,0.29
imposant,9.39
imposer,78.38
imposition,0.69
impossibilité,7.50
impossible,124.54
imposte,0.68
imposteur,6.04
imposture,3.38
imposé,2.70
impotence,0.07
impotent,1.22
impraticabilité,0.01
impraticable,1.35
impratique,0.07
imprenable,2.30
impresario,2.36
imprescriptible,0.41
impression,155.27
impressionnable,1.02
impressionnant,15.91
impressionner,24.98
impressionnisme,0.20
impressionniste,1.15
imprimable,0.01
imprimante,0.95
imprimatur,0.07
imprimer,28.24
imprimerie,9.53
imprimeur,2.97
imprimé,2.84
impro,0.82
improbabilité,0.20
improbable,7.70
improductif,0.85
impromptu,2.43
imprononcé,0.07
imprononçable,0.47
impropre,1.62
improprement,0.11
improuvable,0.03
improvisade,0.01
improvisateur,0.27
improvisation,3.78
improviser,8.92
improvisé,4.19
imprudemment,1.28
imprudence,6.15
imprudent,4.80
imprécateur,0.07
imprécation,3.38
imprécis,7.36
imprécisable,0.20
imprécision,1.01
imprégnant,0.07
imprégnation,0.68
imprégner,17.70
imprégné,1.01
impréparation,0.14
imprésario,1.49
imprésentable,0.20
imprévisibilité,0.20
imprévisible,12.43
imprévisiblement,0.11
imprévision,0.07
imprévoyance,0.47
imprévoyant,0.27
imprévu,8.99
impubliable,0.34
impubère,0.61
impudemment,0.27
impudence,1.35
impudent,1.35
impudeur,4.19
impudicité,0.20
impudique,3.04
impudiquement,0.20
impuissance,16.62
impuissant,11.55
impulsif,2.24
impulsion,8.38
impulsive,0.12
impulsivement,0.34
impulsivité,0.13
impuni,1.48
impunité,1.42
impunément,3.24
impur,4.53
impureté,1.42
imputable,0.74
imputation,0.54
imputer,2.77
imputrescible,0.47
impécunieux,0.27
impécuniosité,0.07
impédance,0.04
impénitent,1.35
impénétrabilité,0.20
impénétrable,6.89
impératif,3.78
impérativement,0.68
impératrice,6.35
impérial,19.12
impériale,0.68
impérialisation,0.01
impérialisme,1.35
impérialiste,1.01
impérieusement,1.69
impérieux,12.09
impérissable,2.03
impéritie,0.20
impétigo,0.41
impétrant,0.27
impétueusement,0.41
impétueux,2.97
impétuosité,0.95
impôt,15.14
in,47.17
in absentia,0.02
in abstracto,0.20
in anima vili,0.07
in cauda venenum,0.14
in extenso,0.54
in extremis,2.64
in memoriam,0.15
in pace,0.16
in petto,1.22
in utero,0.05
in vino veritas,0.05
in vitro,0.34
in vivo,0.07
in-bord,0.01
in-folio,0.61
in-folios,0.20
in-octavo,0.34
in-octavos,0.07
in-quarto,0.07
in-seize,0.07
inabordable,0.34
inabouti,0.14
inacceptable,4.09
inaccessibilité,0.27
inaccessible,10.88
inaccompli,0.47
inaccomplissement,0.07
inaccoutumé,0.61
inachevé,7.09
inachèvement,0.54
inactif,1.29
inaction,2.36
inactivation,0.01
inactivité,0.74
inactivé,0.01
inactuel,0.07
inadaptable,0.07
inadaptation,0.54
inadapté,0.54
inadmissible,3.04
inadvertance,1.55
inadéquat,0.81
inadéquatement,0.01
inadéquation,0.07
inaliénable,0.16
inaltérable,5.14
inaltéré,0.34
inamical,0.41
inamovible,0.95
inanalysable,0.34
inane,0.07
inanimation,0.07
inanimé,3.11
inanition,1.62
inanité,1.28
inapaisable,0.47
inaperçu,7.57
inapplicable,0.07
inapplication,0.07
inapprochable,0.04
inapproprié,1.59
inappréciable,0.68
inappétence,0.27
inapte,2.03
inaptitude,1.01
inarrangeable,0.07
inarticulé,1.55
inassimilable,0.14
inassouvi,1.96
inassouvissable,0.27
inassouvissement,0.07
inassurable,0.02
inattaquable,1.15
inatteignable,0.34
inattendu,25.14
inattentif,1.62
inattention,2.30
inattrapable,0.07
inaudible,5.34
inaugural,1.01
inauguration,3.12
inaugurer,5.54
inauthenticité,0.07
inaverti,0.07
inavouable,2.84
inavouablement,0.07
inavoué,2.09
inca,0.61
incalculable,2.09
incandescence,1.15
incandescent,4.73
incantation,2.50
incantatoire,1.01
incapable,46.22
incapacitant,0.07
incapacité,3.99
incarcération,0.84
incarcérer,1.70
incarcéré,0.35
incarnat,0.41
incarnation,5.20
incarner,16.28
incarné,1.69
incartade,2.03
incassable,0.88
incendiaire,1.89
incendie,22.43
incendier,5.81
incendié,2.43
incernable,0.14
incertain,20.95
incertitude,11.89
incessamment,3.58
incessant,12.23
inceste,3.04
incestueux,1.76
inch allah,0.47
inchangeable,0.07
inchangé,1.69
inchavirable,0.01
inchiffrable,0.14
incidemment,1.28
incidence,1.35
incident,29.93
incinérateur,0.67
incinération,1.62
incinérer,3.79
incirconcis,0.27
incise,0.14
inciser,1.82
incisif,1.89
incision,2.62
incisive,1.42
incitant,0.01
incitateur,0.07
incitatif,0.07
incitation,1.24
inciter,10.47
incivil,0.20
inclassable,0.30
inclinable,0.07
inclinaison,3.04
inclination,2.57
incliner,50.00
inclinomètre,0.01
incliné,5.54
inclure,8.12
inclus,0.81
inclusion,0.14
inclusivement,0.27
inclémence,0.27
inclément,0.07
incoercible,0.61
incoerciblement,0.20
incognito,2.36
incohérence,2.70
incohérent,5.27
incollable,0.14
incolore,5.00
incomber,5.95
incombustible,0.02
incomestible,0.14
incommensurable,1.89
incommensurablement,0.14
incommodant,0.07
incommode,1.55
incommoder,1.96
incommodité,0.68
incommodé,0.41
incommunicabilité,0.12
incommunicable,1.42
incomparable,9.32
incomparablement,1.08
incompatibilité,0.71
incompatible,3.11
incomplet,2.43
incomplètement,0.20
incomplétude,0.01
incompressible,0.03
incompris,1.35
incompréhensible,17.97
incompréhensiblement,0.47
incompréhensif,0.47
incompréhension,4.59
incompétence,1.64
incompétent,2.30
inconcevable,5.68
inconcevablement,0.07
inconciliable,1.22
inconditionnel,1.20
inconditionnellement,0.05
inconditionné,0.20
inconduite,0.68
inconfiance,0.14
inconfort,2.16
inconfortable,2.09
inconfortablement,0.34
incongru,7.50
incongruité,1.49
inconnaissable,0.47
inconnaissance,0.07
inconnu,61.82
inconsciemment,6.28
inconscience,6.69
inconscient,10.74
inconsidéré,1.22
inconsidérément,0.41
inconsistance,0.88
inconsistant,2.50
inconsolable,1.69
inconsolé,0.47
inconsommable,0.14
inconstance,0.95
inconstant,0.85
inconstitutionnel,0.24
inconséquence,1.42
inconséquent,0.88
incontestable,1.89
incontestablement,2.09
incontesté,1.69
incontinence,0.68
incontinent,1.49
incontournable,0.58
incontrôlable,2.65
incontrôlé,1.01
inconvenance,1.28
inconvenant,2.97
inconvertible,0.07
inconvertissable,0.07
inconvénient,9.05
incoordination,0.01
incorporable,0.01
incorporation,1.35
incorporel,0.28
incorporer,7.23
incorrect,2.34
incorrectement,0.07
incorrection,0.34
incorrigible,2.23
incorrigiblement,0.07
incorruptibilité,0.14
incorruptible,1.01
increvable,0.95
incrimination,0.01
incriminer,1.25
incrochetable,0.01
incroyable,74.67
incroyablement,5.55
incroyance,0.34
incroyant,1.08
incrustation,1.62
incruster,14.46
incrédibilité,0.20
incrédule,9.86
incrédulité,5.00
incréé,0.14
incubateur,0.41
incubation,0.54
incube,0.14
incuber,0.17
inculcation,0.07
inculpation,2.55
inculper,7.40
inculpé,1.42
inculquer,4.05
inculte,2.23
incultivable,0.27
inculture,0.41
incurable,2.84
incurablement,0.41
incurie,0.68
incurieux,0.07
incuriosité,0.34
incursion,4.26
incurvation,0.14
incurver,3.11
incurvé,1.42
incus,0.01
indansable,0.01
inde,0.54
indemne,3.11
indemnisable,0.01
indemnisation,0.36
indemniser,0.78
indemnité,3.17
indentation,0.14
indenter,0.04
indentification,0.01
indescriptible,2.70
indescriptiblement,0.07
indestructibilité,0.14
indestructible,4.46
index,32.43
indexation,0.12
indexer,0.27
indexeur,0.02
indic,5.36
indicateur,2.50
indicatif,1.55
indication,12.43
indice,22.13
indiciaire,0.07
indicible,6.35
indiciblement,0.47
indien,12.99
indifféremment,3.45
indifférence,38.31
indifférenciation,0.14
indifférencié,0.74
indifférent,30.14
indifférentisme,0.07
indigence,1.96
indigent,0.95
indigeste,1.15
indigestion,2.03
indigestionner,0.07
indignation,16.28
indigne,10.61
indignement,0.54
indigner,17.23
indignité,2.36
indigné,6.35
indigo,1.55
indigène,5.27
indiquer,54.12
indiqué,2.23
indirect,3.78
indirectement,2.57
indiscernable,1.69
indiscipline,1.01
indiscipliné,1.49
indiscret,8.45
indiscrète,0.11
indiscrètement,0.47
indiscrétion,5.74
indiscutable,5.27
indiscutablement,1.96
indiscuté,0.41
indispensable,21.76
indisponibilité,0.03
indisponible,0.52
indisposer,2.64
indisposition,0.61
indisposé,0.42
indissociable,0.25
indissoluble,0.95
indissolublement,0.54
indistinct,8.24
indistinctement,1.55
indistinction,0.34
individu,31.42
individualiser,0.20
individualisme,1.35
individualiste,0.54
individualisé,0.07
individualité,0.88
individuel,8.11
individuellement,1.22
indivis,0.34
indivisibilité,0.07
indivisible,1.15
indivision,0.07
indivisé,0.07
indo,0.54
indo-européen,0.27
indochinois,1.28
indocile,0.74
indocilité,0.07
indole,0.01
indolemment,0.54
indolence,2.57
indolent,2.91
indolore,0.77
indomptable,1.28
indompté,0.27
indonésien,0.26
indoor,0.05
indosable,0.07
indou,0.27
indu,0.81
indubitable,0.88
indubitablement,0.70
inducteur,0.02
inductif,0.07
induction,0.54
induire,1.69
induit,0.14
indulgence,16.35
indulgent,7.09
industrialisation,0.20
industrialiser,0.14
industrialisé,0.16
industrie,12.51
industrie-clé,0.01
industriel,7.70
industriellement,0.20
industrieusement,0.07
industrieux,1.08
indécelable,0.22
indécemment,0.27
indécence,2.16
indécent,5.27
indéchiffrable,2.97
indéchirable,0.14
indécidable,0.27
indécis,11.42
indécise,0.04
indécises,0.07
indécision,2.16
indécodable,0.03
indécollable,0.07
indécrottable,1.22
indécrottablement,0.07
indéfectible,1.01
indéfectiblement,0.41
indéfendable,0.34
indéfini,2.16
indéfiniment,11.22
indéfinissable,6.01
indéfinissablement,0.14
indéfinition,0.07
indéfriché,0.14
indéfrisable,1.49
indélicat,0.74
indélicatesse,0.74
indélivrable,0.07
indélogeable,0.14
indélébile,3.78
indémaillable,0.41
indémodable,0.14
indémontrable,0.14
indéniable,1.82
indéniablement,0.74
indénouable,0.20
indépassable,0.20
indépendamment,3.45
indépendance,27.16
indépendant,11.11
indépendantisme,0.10
indépendantiste,0.23
indéracinable,0.54
indésirable,1.08
indétectable,0.77
indéterminable,0.07
indétermination,0.34
indéterminé,2.36
indûment,0.81
ineffable,4.46
ineffablement,0.07
ineffaçable,1.22
ineffaçablement,0.07
inefficace,1.28
inefficacité,0.61
inemploi,0.10
inemployable,0.07
inemployé,0.88
inentamable,0.14
inentamé,0.81
inenvisageable,0.05
inepte,3.24
ineptement,0.07
ineptie,1.89
inerte,14.53
inertie,6.62
inertiel,0.11
inespoir,0.07
inespérable,0.07
inespéré,4.32
inespérément,0.07
inessentiel,0.07
inesthétique,0.27
inestimable,2.91
inexact,1.28
inexactement,0.14
inexactitude,0.54
inexcusable,0.77
inexistant,3.65
inexistence,1.62
inexorabilité,0.14
inexorable,4.19
inexorablement,3.92
inexpiable,0.54
inexplicable,7.16
inexplicablement,3.18
inexpliqué,1.55
inexploitable,0.02
inexploité,0.22
inexploré,1.11
inexplosible,0.27
inexpressif,2.64
inexpression,0.07
inexprimable,3.18
inexprimablement,0.20
inexprimé,0.47
inexpugnable,0.41
inexpugnablement,0.07
inexpérience,2.03
inexpérimenté,1.28
inextinguible,0.81
inextirpable,0.07
inextricable,3.31
inextricablement,0.81
infaillibilité,0.95
infaillible,6.28
infailliblement,1.82
infaisable,0.39
infalsifiable,0.01
infamant,2.43
infamie,3.72
infant,5.52
infanterie,10.07
infanticide,0.41
infantile,3.30
infantilement,0.07
infantiliser,0.04
infantilisme,0.74
infarctus,4.87
infatigable,4.80
infatigablement,0.61
infatuation,0.41
infatuer,0.34
infatué,0.14
infect,6.28
infectement,0.07
infecter,9.96
infectieux,0.66
infectiologie,0.01
infection,10.62
infecté,3.40
infernal,13.38
infernalement,0.20
infertile,0.41
infertilité,0.07
infestation,0.12
infester,2.84
infibulation,0.03
infidèle,3.83
infidélité,2.57
infigurable,0.07
infiltrat,0.01
infiltration,1.71
infiltrer,6.88
infime,11.89
infini,27.03
infiniment,17.43
infinitif,0.14
infinitude,0.14
infinité,2.57
infinitésimal,1.22
infinitésimalement,0.07
infirme,6.15
infirmer,1.15
infirmerie,7.43
infirmier,39.56
infirmité,5.88
infirmière-major,0.14
inflammabilité,0.02
inflammable,0.92
inflammation,0.88
inflammatoire,0.04
inflation,2.30
inflationniste,0.14
inflexibilité,0.20
inflexible,4.59
inflexiblement,0.14
inflexion,4.86
infliction,0.03
infliger,14.05
inflorescence,0.07
influence,23.51
influencer,8.30
influent,2.75
influenza,0.07
influençable,0.73
influer,1.82
influx,0.61
infléchi,0.27
infléchir,2.77
infléchissement,0.07
info,25.50
infographie,0.04
infondé,0.81
informant,0.04
informateur,4.15
informaticien,1.03
informatif,0.10
information,63.20
informatique,5.24
informatiquement,0.15
informatiser,0.31
informatisé,0.39
informe,9.53
informel,0.78
informer,37.42
informulable,0.27
informulé,1.01
informé,3.34
infortune,4.19
infortuné,2.57
infoutu,0.14
infra,0.59
infraction,3.95
infranchi,0.07
infranchissable,3.18
infrangible,0.27
infrarouge,1.31
infrason,0.01
infrastructure,0.93
infroissable,0.18
infructueux,1.22
infréquentable,0.20
infus,0.34
infuser,1.82
infusion,2.77
infâme,7.91
infécondité,0.07
inféoder,0.34
inférer,0.20
inférieur,16.89
inférioriser,0.01
infériorité,3.45
ingagnable,0.06
ingambe,0.41
ingestion,0.20
inglorieusement,0.07
inglorieux,0.14
ingouvernable,0.27
ingrat,8.31
ingratement,0.07
ingratitude,3.11
ingrédient,4.22
inguinal,0.14
ingurgitation,0.14
ingurgiter,4.66
inguérissable,1.62
ingénier,3.11
ingénierie,0.94
ingénieur,21.12
ingénieur-chimiste,0.07
ingénieur-conseil,0.14
ingénieusement,0.41
ingénieux,4.32
ingéniosité,3.45
ingénu,1.96
ingénuité,1.15
ingénument,0.95
ingérable,0.16
ingérence,1.76
ingérer,1.29
inhabile,0.14
inhabitable,1.08
inhabituel,10.23
inhabituellement,0.20
inhabité,2.57
inhalant,0.01
inhalateur,0.93
inhalation,0.67
inhaler,0.77
inharmonieux,0.01
inhiber,0.61
inhibiteur,0.84
inhibition,1.51
inhibé,0.34
inhospitalier,1.08
inhospitalité,0.07
inhumain,8.85
inhumainement,0.34
inhumanité,0.68
inhumation,1.28
inhumer,1.89
inhérent,1.82
inidentifiable,0.34
inimaginable,4.80
inimaginablement,0.07
inimitable,3.51
inimitablement,0.07
inimitié,1.08
inimité,0.11
ininflammable,0.19
inintelligence,0.14
inintelligent,0.34
inintelligible,2.16
ininterrompu,4.05
inintéressant,0.54
inintérêt,0.14
inique,0.34
iniquité,1.35
initial,7.23
initiale,7.36
initialement,1.49
initialisation,0.55
initialiser,0.14
initialisé,0.15
initiateur,1.01
initiation,4.39
initiatique,1.82
initiative,16.82
initier,8.78
initié,3.04
injectable,0.05
injecter,6.83
injecteur,0.60
injection,8.98
injecté,0.54
injoignable,1.21
injonction,4.26
injouable,0.02
injure,16.69
injurier,6.55
injurieusement,0.07
injurieux,1.15
injuste,17.46
injustement,2.23
injustice,13.51
injustifiable,0.95
injustifié,1.42
inlassable,4.19
inlassablement,9.59
innervation,0.27
innerver,0.20
innocemment,3.18
innocence,20.00
innocent,39.31
innocenter,2.56
innocuité,0.20
innombrable,29.53
innombrablement,0.07
innommable,3.85
innommé,0.27
innovant,0.07
innovateur,0.07
innovation,2.03
innover,0.93
inné,2.97
inoccupé,3.24
inoculation,0.24
inoculer,0.95
inodore,0.54
inoffensif,8.04
inondable,0.20
inondation,3.78
inonder,15.14
inondé,2.36
inopiné,1.15
inopinément,1.42
inopportun,1.82
inopportunité,0.07
inopportunément,0.07
inopérable,0.26
inopérant,0.88
inorganique,0.14
inorganisé,0.20
inoubliable,7.50
inoubliablement,0.07
inoublié,0.14
inouï,15.20
inox,0.27
inoxydable,0.61
input,0.07
inqualifiable,1.08
inquiet,46.55
inquilisme,0.07
inquisiteur,2.70
inquisition,4.66
inquisitionner,0.07
inquisitorial,0.54
inquiétant,20.88
inquiéter,212.16
inquiéteur,0.07
inquiétude,46.76
insaisissable,6.15
insalissable,0.07
insalubre,0.95
insalubrité,0.27
insane,0.41
insanité,1.49
insatiable,3.45
insatiablement,0.34
insatisfaction,1.15
insatisfaisant,0.24
insatisfait,1.89
inscription,19.32
inscrire,42.70
inscrit,2.30
inscrivant,0.07
inscrutable,0.14
insecte,22.70
insecticide,1.05
insectivore,0.02
insensibiliser,0.27
insensibilité,1.55
insensible,12.16
insensiblement,10.41
insensé,11.82
insensément,0.07
insert,0.30
insertion,0.64
insidieusement,2.16
insidieux,4.12
insight,0.07
insigne,5.56
insignifiance,3.99
insignifiant,13.92
insincère,0.14
insincérité,0.41
insinuant,2.09
insinuation,1.62
insinuer,9.90
insipide,4.05
insipidité,0.14
insistance,14.59
insistant,5.20
insister,67.03
insociable,0.20
insolation,1.62
insolemment,2.03
insolence,9.80
insolent,9.12
insolite,18.99
insolitement,0.07
insoluble,2.16
insolvable,0.14
insomniaque,0.95
insomnie,8.24
insomnieux,0.27
insondable,4.32
insondablement,0.14
insonore,0.34
insonorisation,0.07
insonoriser,0.58
insonorité,0.07
insortable,0.07
insouciance,7.91
insouciant,6.55
insoucieusement,0.07
insoucieux,1.28
insoumis,1.08
insoumission,0.81
insoupçonnable,1.62
insoupçonné,2.57
insoutenable,4.86
inspecter,13.99
inspecteur,69.77
inspection,9.39
inspirant,0.47
inspirateur,1.08
inspiration,18.04
inspiratoire,0.07
inspirer,45.00
inspiré,5.61
instabilité,0.93
instable,5.00
installateur,0.07
installation,12.57
installer,162.23
installeur,0.07
instamment,1.35
instance,4.59
instant,340.20
instantané,2.97
instantanéité,0.07
instantanément,7.57
instauration,0.27
instaurer,4.66
instigateur,1.04
instigation,0.88
instiller,0.74
instinct,35.27
instinctif,9.59
instinctivement,9.46
instinctivo,0.07
instinctuel,0.01
instit,1.49
instituer,6.42
institut,5.49
instituteur,23.31
institution,17.23
institutionnel,0.50
instructeur,2.09
instructif,2.91
instruction,30.27
instruire,11.96
instruit,3.58
instrument,36.08
instrumental,0.41
instrumentation,0.23
instrumenter,0.20
instrumentiste,0.27
insu,10.20
insubmersible,0.20
insubordination,1.17
insubordonné,0.14
insuccès,0.20
insuffisamment,0.68
insuffisance,3.85
insuffisant,5.54
insufflateur,0.07
insuffler,1.62
insula,0.01
insulaire,1.01
insularité,0.07
insulation,0.01
insuline,1.45
insulinique,0.41
insultant,3.24
insulte,15.88
insulter,26.93
insulteur,0.27
insulté,0.37
insupportable,25.74
insupportablement,0.41
insurger,3.58
insurgé,2.91
insurmontable,2.77
insurpassable,0.54
insurpassé,0.07
insurrection,3.72
insurrectionnel,0.34
insécable,0.07
insécurité,1.49
inséminateur,0.27
insémination,0.81
inséminer,0.50
inséparabilité,0.07
inséparable,6.28
inséparablement,0.14
insérer,4.26
intact,31.89
intaille,0.20
intangibilité,0.07
intangible,0.68
intarissable,3.85
intarissablement,0.27
intellect,1.14
intellectualisation,0.01
intellectualiser,0.20
intellectualisme,0.20
intellectualiste,0.07
intellectuel,15.27
intellectuel-phare,0.07
intellectuellement,0.97
intelligemment,1.49
intelligence,37.16
intelligent,57.51
intelligentsia,0.95
intelligibilité,0.27
intelligible,1.96
intelligiblement,0.20
intello,3.11
intempestif,2.84
intempestivement,0.07
intemporalité,0.14
intemporel,1.49
intempérance,0.41
intenable,3.31
intendance,4.05
intendant,4.73
intense,22.57
intensif,3.50
intensification,0.14
intensifier,1.28
intension,0.04
intensité,13.24
intensivement,0.14
intensément,8.58
intenter,1.34
intention,68.65
intentionnalité,0.01
intentionnel,0.85
intentionnellement,1.04
intentionné,1.22
inter,0.95
interactif,0.44
interaction,0.92
interactivité,0.05
interagir,0.30
interallié,2.97
interarmes,0.12
interarmées,0.07
intercalaire,0.20
intercaler,1.82
intercellulaire,0.01
intercepter,6.64
intercepteur,0.45
interception,1.20
intercesseur,1.22
intercession,1.01
interchangeable,2.50
interchanger,0.14
interclasse,0.07
interclubs,0.01
intercommunal,0.01
intercommunautaire,0.01
intercommunication,0.03
interconnexion,0.01
intercontinental,0.63
intercostal,0.30
intercours,0.07
intercourse,0.07
interculturel,0.07
intercéder,0.68
interdiction,6.76
interdire,63.72
interdit,15.34
interdépendance,0.74
interdépendant,0.02
interethnique,0.14
interface,1.35
interfacer,0.07
interférence,3.00
interférent,0.01
interférer,2.75
interférométrie,0.01
interféron,0.12
intergalactique,1.07
interglaciaire,0.14
intergouvernemental,0.03
interjecter,0.07
interjection,1.28
interjeter,0.07
interligne,0.14
interlocuteur,14.73
interlocutoire,0.07
interlope,0.54
interloqué,3.11
interlude,0.34
intermezzo,0.10
interminable,38.65
interminablement,5.34
intermission,0.07
intermittence,3.78
intermittent,3.38
intermède,2.84
intermédiaire,7.30
internat,3.04
international,24.86
internationalement,0.14
internationalisation,0.07
internationalisme,0.61
internationaliste,0.14
internaute,0.11
interne,13.15
internement,1.22
interner,4.21
internet,5.61
interniste,0.02
interné,0.68
interpellateur,0.27
interpellation,1.15
interpeller,15.54
interphase,0.01
interphone,1.87
interplanétaire,0.80
interpolateur,0.01
interpolation,0.14
interposer,6.76
interposition,0.07
interposé,2.30
interprète,8.58
interprétable,0.01
interprétatif,0.20
interprétation,7.77
interpréter,12.64
interpréteur,0.01
interpénétration,0.14
interpénétrer,0.14
interracial,0.08
interrogateur,2.91
interrogatif,1.89
interrogation,8.92
interrogative,0.07
interrogativement,0.07
interrogatoire,11.66
interrogeant,0.14
interroger,73.04
interrompre,64.32
interrompu,3.85
interrupteur,2.94
interruption,5.61
interrègne,0.14
intersaison,0.03
interscolaire,0.01
intersection,1.42
interservices,0.04
intersidéral,0.34
interstellaire,0.65
interstice,3.99
intersubjectif,0.01
intertitre,0.07
intertribal,0.01
interurbain,0.39
intervalle,19.12
intervenant,0.35
intervenir,35.34
intervention,16.01
interventionnisme,0.01
interventionniste,0.14
interventriculaire,0.01
interversion,0.20
intervertir,0.95
intervertébral,0.07
interview,7.30
interviewer,1.69
intervieweur,0.07
interviewé,0.27
interétatique,0.01
intestat,0.20
intestin,4.29
intestinal,2.13
inti,0.02
intifada,0.42
intimation,0.14
intime,34.66
intimement,4.26
intimer,3.92
intimidable,0.01
intimidant,1.89
intimidateur,0.01
intimidation,1.76
intimider,17.16
intimiste,0.20
intimité,24.12
intimé,0.01
intirable,0.07
intituler,9.53
intitulé,1.69
intolérable,11.28
intolérablement,0.20
intolérance,1.35
intolérant,0.63
intonation,10.07
intouchable,2.84
intouché,0.47
intox,0.34
intoxicant,0.02
intoxication,1.51
intoxiquer,0.74
intoxiqué,0.34
intra,0.02
intra muros,0.07
intra-atomique,0.07
intra-muros,0.07
intracardiaque,0.08
intracrânien,0.14
intradermique,0.03
intrados,0.07
intraduisible,0.61
intrait,0.14
intraitable,2.91
intramusculaire,0.19
intranet,0.08
intransgressible,0.07
intransigeance,3.04
intransigeant,2.30
intransitif,0.07
intransmissible,0.14
intransportable,0.20
intraoculaire,0.01
intravasculaire,0.04
intraveineux,1.13
intrigant,1.77
intrigue,13.18
intriguer,19.73
intrinsèque,0.41
intrinsèquement,0.35
introducteur,0.34
introductif,0.14
introduction,3.04
introduire,30.54
intromission,0.14
intronisation,0.41
introniser,0.34
introspecter,0.01
introspectif,0.08
introspection,0.33
introuvable,3.92
introverti,0.33
introït,0.20
intrus,5.47
intrusif,0.04
intrusion,4.61
intrépide,3.78
intrépidement,0.14
intrépidité,0.74
intubation,0.86
intuber,2.33
intuitif,0.81
intuition,11.08
intuitive,0.07
intuitivement,0.74
intumescence,0.01
intussusception,0.03
intègre,1.70
intégral,5.27
intégrale,0.45
intégralement,3.24
intégralisme,0.07
intégralité,0.74
intégrateur,0.02
intégration,1.28
intégrer,7.98
intégrisme,0.14
intégriste,0.22
intégrité,4.32
intégré,1.10
intéressant,69.17
intéressement,0.07
intéresser,140.80
intéressé,7.77
intérieur,135.88
intérieurement,6.01
intérim,2.03
intérimaire,0.77
intériorisation,0.14
intérioriser,0.35
intériorité,0.41
intérêt,97.36
inuit,0.04
inupik,0.07
inusabilité,0.07
inusable,1.96
inusité,1.42
inutile,72.71
inutilement,4.66
inutilisable,2.03
inutilisation,0.14
inutilisé,0.81
inutilité,3.58
invagination,0.03
invaincu,0.84
invalidant,0.04
invalidation,0.02
invalide,4.39
invalider,0.59
invalidité,0.99
invariable,1.89
invariablement,4.86
invariance,0.01
invasif,0.28
invasion,11.22
invective,2.84
invectiver,1.82
invendable,0.27
invendu,0.68
inventaire,7.50
inventer,69.73
inventeur,3.34
inventif,1.28
invention,15.68
inventivité,0.07
inventorier,1.55
inverse,12.36
inversement,2.64
inverser,7.57
inverseur,0.02
inversible,0.07
inversion,3.65
inverti,0.56
invertébré,0.27
investi,0.63
investigateur,0.27
investigation,3.26
investiguer,0.03
investir,16.50
investissement,7.38
investisseur,2.64
investiture,0.47
invincibilité,0.27
invincible,5.07
invinciblement,1.22
inviolabilité,0.14
inviolable,1.35
inviolé,0.34
invisibilité,0.45
invisible,52.36
invisiblement,0.41
invitant,0.68
invitation,18.27
invite,4.19
inviter,116.83
inviteur,0.14
invité,41.19
invivable,1.22
invocation,1.96
invocatoire,0.07
involontaire,6.62
involontairement,3.18
involutif,0.14
involution,0.07
invoquer,10.95
invraisemblable,9.53
invraisemblablement,0.14
invraisemblance,1.76
invulnérabilité,0.54
invulnérable,3.18
invérifiable,0.34
invétéré,1.69
inébranlable,3.72
inébranlablement,0.20
inébranlé,0.07
inéchangeable,0.07
inédit,5.34
inéducable,0.01
inégal,8.11
inégalable,1.22
inégalement,1.01
inégalité,1.62
inégalé,0.54
inéligibilité,0.14
inéligible,0.07
inéluctabilité,0.14
inéluctable,5.74
inéluctablement,1.01
inélégamment,0.07
inélégance,0.14
inélégant,0.39
inénarrable,0.95
inépuisable,9.53
inépuisablement,0.74
inéquitable,0.04
inévaluable,0.07
inévitabilité,0.04
inévitable,16.49
inévitablement,3.51
iode,3.58
iodler,0.07
iodoforme,0.07
iodure,0.05
iodé,0.20
ion,0.85
ionien,0.41
ionienne,0.07
ionique,0.45
ionisant,0.05
ionisation,0.23
ioniser,0.04
ionisé,0.15
ionosphère,0.20
iota,0.34
ipomée,0.07
ippon,0.03
ipse,0.14
ipso facto,0.61
ipéca,0.32
ira,0.06
irakien,1.19
iranien,0.47
iraquien,0.16
irascible,1.55
ire,0.81
iridescence,0.01
iridescent,0.07
iridium,0.34
iridologie,0.01
iris,6.42
irisation,0.81
iriser,2.03
irish coffee,0.16
irisé,1.96
irlandais,4.75
ironie,24.19
ironique,16.28
ironiquement,2.77
ironiser,2.50
ironisme,0.07
ironiste,0.14
iroquois,0.27
irradiant,0.54
irradiation,0.34
irradier,4.32
irraisonnable,0.07
irraisonné,1.49
irrationalité,0.07
irrationnel,1.63
irrationnellement,0.07
irrattrapable,0.27
irrecevabilité,0.14
irrecevable,0.72
irremplaçable,5.14
irreprésentable,0.07
irrespect,0.68
irrespectueusement,0.07
irrespectueux,1.01
irrespirable,2.57
irresponsabilité,1.49
irresponsable,6.29
irrigateur,0.01
irrigation,1.55
irriguer,2.84
irritabilité,0.20
irritable,1.71
irritant,4.26
irritation,9.39
irriter,24.93
irroration,0.07
irruption,11.69
irréalisable,1.08
irréalisme,0.07
irréaliste,0.46
irréalisé,0.14
irréalité,3.51
irréconciliable,0.32
irrécupérable,2.03
irrécusable,1.01
irréductible,2.64
irréductiblement,0.14
irréel,12.43
irréellement,0.20
irréfléchi,0.92
irréfragable,0.20
irréfutable,2.77
irréfutablement,0.20
irrégularité,1.55
irrégulier,7.64
irrégulièrement,1.76
irréligieux,0.07
irréligiosité,0.07
irrémissible,0.27
irrémédiable,5.34
irrémédiablement,4.19
irréparable,4.39
irréparablement,0.14
irrépressible,3.99
irréprochable,4.46
irréprochablement,0.20
irrésistible,15.34
irrésistiblement,4.66
irrésolu,0.68
irrésolution,0.20
irrétrécissable,0.01
irréversibilité,0.27
irréversible,2.43
irréversiblement,0.34
irrévocabilité,0.01
irrévocable,0.82
irrévocablement,0.47
irrévérence,0.30
irrévérencieusement,0.14
irrévérencieux,0.27
isabelle,1.85
isard,0.54
isatis,0.07
isba,5.34
ischion,0.14
ischémie,0.23
ischémique,0.13
islam,2.84
islamique,1.49
islamiser,0.07
islamisme,0.07
islamiste,0.19
islandais,0.81
ismaélien,0.07
ismaélite,0.01
isme,0.34
isochronisme,0.01
isocèle,0.14
isolant,0.45
isolateur,0.14
isolation,1.02
isolationnisme,0.20
isolationniste,0.07
isolement,7.97
isoler,23.45
isoloir,0.75
isolé,14.80
isolément,1.28
isomère,0.25
isométrique,0.02
isoniazide,0.01
isorel,0.14
isotherme,0.11
isothermique,0.01
isotonique,0.10
isotope,0.64
isotopique,0.04
israélien,5.63
israélite,0.81
israélo-arabe,0.01
issu,8.51
issue,22.70
isthme,0.61
isthmique,0.01
italianisme,0.14
italiano,0.24
italien,35.74
italique,0.68
italo-américain,0.20
italo-brésilien,0.07
italo-français,0.14
italo-irlandais,0.01
italo-polonais,0.07
italo-égyptien,0.07
ite missa est,0.14
item,1.49
ithos,0.07
ithyphallique,0.14
itinéraire,10.47
itinérant,0.74
itou,1.82
ive,0.81
ivoire,8.38
ivoirien,0.14
ivoirienne,0.07
ivoirin,0.74
ivraie,0.68
ivre,27.70
ivresse,18.11
ivrogne,13.92
ivrogner,0.20
ivrognerie,0.88
ivrognesse,0.07
ixième,0.07
j,64.31
jabadao,0.20
jabot,2.16
jaboter,0.07
jacassant,0.61
jacasse,0.20
jacassement,0.81
jacasser,2.09
jacasserie,0.34
jacasseur,0.07
jachère,0.88
jacinthe,1.28
jack,2.26
jacket,0.23
jackpot,1.96
jacob,0.20
jacobin,0.34
jacobite,0.20
jacot,0.41
jacquard,1.28
jacqueline,0.07
jacquemart,0.20
jacques,4.73
jacquet,2.57
jacquier,0.68
jacquot,0.01
jactance,3.85
jactancier,0.07
jacter,9.53
jacteur,0.14
jaculatoire,0.07
jacuzzi,3.46
jade,3.51
jadis,52.30
jaffe,0.74
jaffer,5.41
jaguar,0.91
jaguarondi,0.01
jaillir,43.24
jaillissant,1.69
jaillissement,1.82
jais,6.82
jaja,0.61
jalmince,1.22
jalon,2.70
jalonner,5.00
jalonné,0.34
jalousement,2.50
jalouser,1.69
jalousie,25.20
jaloux,44.67
jam,0.07
jam-session,0.16
jamais,1360.22
jamais-vu,0.07
jamaïcain,0.27
jamaïquain,0.07
jambage,1.08
jambart,0.07
jambe,220.95
jambier,0.01
jambière,0.61
jambon,13.24
jambonneau,1.01
jamboree,0.09
janissaire,6.42
jansénisme,0.54
janséniste,0.95
jante,1.22
janvier,30.61
jap,2.26
japon,0.27
japonais,14.66
japonaiserie,0.07
japonerie,0.14
japoniser,0.01
jappement,2.03
japper,2.64
jappeur,0.07
jaquelin,0.20
jaquemart,0.07
jaquet,0.14
jaquette,2.91
jar,0.12
jardin,185.81
jardinage,2.03
jardiner,1.01
jardinerie,0.07
jardinet,6.62
jardinier,10.27
jardinière,1.82
jargon,4.32
jargonner,0.47
jarnicoton,0.07
jarre,3.92
jarret,3.92
jarretelle,1.82
jarretière,1.65
jars,0.74
jas,0.07
jaser,2.72
jaseur,0.20
jasmin,5.14
jaspe,0.27
jasper,0.27
jaspin,0.07
jaspiner,1.08
jatte,0.81
jauge,1.44
jauger,4.66
jaunasse,0.34
jaune,109.86
jaune-vert,0.20
jauni,8.38
jaunir,8.31
jaunissant,0.68
jaunisse,0.51
jaunissement,0.07
jaunâtre,9.93
java,2.30
javanais,0.27
javel,3.45
javeline,0.07
javelle,0.34
javelliser,0.34
javelot,1.35
javotte,0.07
jazz,8.11
jazz-band,0.20
jazz-rock,0.14
jazzman,0.34
jazzy,0.14
je,25983.20
je-m'en-fichiste,0.01
je-m'en-foutisme,0.14
je-m'en-foutiste,0.01
je-ne-sais-quoi,0.47
jean,10.20
jean-foutre,1.28
jean-le-blanc,0.07
jeanneton,0.68
jeannette,0.27
jeannot,0.07
jeep,4.65
jellaba,0.14
jenny,9.32
jerez,0.68
jerk,0.54
jerrican,0.37
jerricane,0.19
jerrycan,0.68
jersey,1.69
jet,20.95
jet society,0.07
jet-set,0.42
jet-stream,0.01
jetable,1.16
jeter,336.82
jeteur,0.47
jeton,10.27
jette,0.01
jeté,9.32
jetée,7.03
jeu,190.44
jeu-concours,0.14
jeudi,26.09
jeune,569.19
jeune-homme,0.10
jeunement,0.27
jeunesse,85.14
jeunet,0.68
jeunette,0.95
jeunot,3.11
jeûne,4.46
jeûner,2.59
jigger,0.04
jihad,0.28
jingle,1.14
jinjin,0.27
jiu-jitsu,0.35
jivaro,0.14
joaillerie,0.47
joaillier,0.68
job,28.62
jobard,0.47
jobardise,0.20
jociste,0.41
jockey,8.24
jocko,0.17
jocrisse,0.27
jodler,0.23
jogger,0.34
joggeur,0.26
jogging,2.21
johannisberg,0.07
joice,0.95
joie,150.20
joignable,0.60
joindre,46.37
joint,15.00
joint-venture,0.16
jointif,0.27
jointure,4.05
jojo,1.40
jojoba,0.03
jokari,0.07
joker,3.54
joli,226.45
joli-coeur,0.20
joli-joli,0.41
jolibois,0.14
jolie,0.01
joliesse,0.54
joliet,0.14
joliment,5.41
jonc,7.09
joncaille,0.41
jonchaie,0.20
joncher,9.39
jonchet,0.95
jonchère,0.14
jonché,0.54
jonchée,1.89
jonction,1.96
jonglage,0.03
jongler,3.85
jonglerie,0.20
jongleur,2.23
jonkheer,0.34
jonque,1.42
jonquille,0.81
jordanienne,0.01
jordonner,0.07
joseph,1.08
jouable,0.46
jouasse,1.22
joubarbe,0.07
joue,121.76
jouer,570.12
jouet,25.50
joueur,28.45
joufflu,2.36
joug,2.50
jouir,39.19
jouissance,14.19
jouisseur,0.81
jouissif,1.15
joujou,1.63
joujoux,0.88
jour,1341.76
journal,197.70
journaleux,0.74
journalier,2.16
journalisme,3.51
journaliste,35.29
journalistique,0.68
journellement,0.88
journée,179.39
joute,2.03
jouter,0.10
jouteur,0.20
jouvence,1.35
jouvenceau,0.74
jouxte,0.07
joué,1.22
jovial,6.22
jovialement,0.54
jovialité,1.28
joyau,3.60
joyeusement,9.39
joyeuseté,0.34
joyeux,45.61
joystick,0.11
juan,0.20
jubilaire,0.40
jubilant,0.88
jubilation,6.55
jubilatoire,0.20
jubiler,5.07
jubilé,0.41
jubé,0.20
jucher,10.61
juchée,0.27
judas,1.76
judaïcité,0.01
judaïque,0.14
judaïsant,0.07
judaïser,0.14
judaïsme,1.15
judaïté,0.07
judiciaire,10.80
judicieusement,0.61
judicieux,2.36
judo,1.22
judoka,0.21
judéen,0.07
judéenne,0.14
judéité,0.02
judéo,0.20
judéo-christianisme,0.01
juge,66.45
jugement,29.26
jugeote,1.07
juger,96.96
jugeur,0.01
jugulaire,1.96
juguler,0.61
jugé,2.50
juif,55.74
juillet,47.57
juin,51.28
juiverie,0.61
jujube,0.54
juke-box,1.89
julep,0.41
jules,4.13
julien,1.76
julienne,1.15
julot,2.36
jumbo,0.52
jumeau,17.77
jumelage,0.07
jumeler,0.54
jumelle,14.66
jument,10.34
jumenterie,0.07
jumper,2.26
jumping,0.21
jungien,0.14
jungle,16.47
junior,2.35
junker,0.54
junkie,5.15
junky,0.15
junte,0.17
jupe,49.59
jupe-culotte,0.34
jupette,1.55
jupitérien,0.34
jupon,6.89
jurançon,0.07
jurassien,0.14
jurassique,0.29
jurer,148.41
juridiction,2.63
juridictionnel,0.04
juridique,5.20
juridiquement,0.27
jurisprudence,0.82
juriste,2.57
juron,9.93
jury,18.80
juré,8.82
jus,23.04
jusant,1.76
jusqu,2.26
jusqu'au,0.34
jusqu'à,0.81
jusque,37.50
jusque-là,29.53
jusques,1.15
jusquiame,0.11
justaucorps,0.61
juste,656.86
juste-milieu,0.07
justement,78.18
justesse,8.58
justice,50.96
justiciable,0.47
justicier,3.78
justifiable,0.34
justifiant,0.14
justificatif,0.49
justification,6.76
justifier,36.01
justinien,0.07
jute,2.77
juter,0.95
juteux,2.86
juvénile,6.89
juvénilité,0.20
juxtaposer,0.95
juxtaposition,0.68
jà,1.02
jèze,0.07
jéjunum,0.04
jéroboam,0.07
jérémiade,1.89
jésuite,5.07
jésuitique,0.41
jésuitière,0.07
jésus,8.19
k,9.93
k-o,0.07
k-way,0.20
ka,0.29
kabarde,0.07
kabbale,0.47
kabbalistique,0.07
kabuki,0.42
kabyle,1.01
kacha,0.34
kacher,0.14
kachoube,0.10
kaddisch,0.07
kaddish,0.20
kadi,0.11
kafir,0.05
kafkaïen,0.07
kaftan,0.04
kaiser,0.14
kaki,5.34
kala-azar,0.07
kali,0.19
kaliémie,0.01
kalmouk,0.14
kalpa,0.07
kaléidoscope,1.42
kama,0.14
kamala,0.07
kami,0.20
kamikaze,2.09
kan,0.27
kana,0.12
kandjar,0.07
kangourou,1.85
kanji,0.04
kantien,0.07
kantisme,0.20
kaolin,0.34
kaori,0.01
kapo,0.34
kapok,0.34
kapokier,0.01
kaposi,0.20
kapout,0.20
kappa,0.17
karaoké,0.99
karaté,2.64
karatéka,0.20
karen,0.43
kari,0.19
karité,0.14
karma,10.73
karmique,0.16
kart,0.30
karting,0.34
kasbah,0.27
kascher,0.27
kasher,0.63
kastro,0.54
kata,0.02
katal,0.01
katangais,0.20
katiba,0.07
kava,0.01
kawa,3.11
kayac,0.01
kayak,0.34
kayakiste,0.01
kazakh,0.33
kebab,0.78
kebla,0.14
keepsake,0.05
keffieh,0.01
keiretsu,0.07
kekchose,0.07
kendo,0.24
kermesse,2.77
kerrie,0.04
ket,0.07
ketch,0.11
ketchup,4.45
keuf,2.83
keum,0.35
kevlar,0.26
khalife,0.27
khamsin,0.20
khan,6.55
khanat,0.07
khat,0.01
khazar,0.14
khmer,0.28
khâgne,1.55
khâgneux,0.34
khédival,0.07
khédive,0.88
khôl,0.81
kibboutz,1.85
kibboutzim,0.07
kick,0.47
kicker,0.14
kid,7.36
kidnapper,15.21
kidnappeur,3.55
kidnapping,5.58
kief,0.02
kif,2.77
kif-kif,0.81
kiki,0.74
kil,0.54
kilbus,0.27
kilim,0.28
killer,1.19
kilo,24.19
kilogramme,0.17
kilohertz,0.14
kilomètre,62.23
kilométrage,0.50
kilométrique,0.68
kilowattheure,0.07
kilt,0.68
kimono,2.43
kinase,0.03
kinescope,0.01
kinesthésie,0.01
king-charles,0.07
kinnor,0.07
kino,0.07
kiné,1.28
kinésithérapeute,0.20
kinésithérapie,0.07
kiosk,1.82
kiosque,8.18
kip,0.63
kipa,1.89
kippa,0.52
kipper,0.07
kir,1.28
kirghiz,0.20
kirghize,0.14
kirsch,1.22
kit,7.33
kitch,0.17
kitchenette,0.27
kitsch,0.68
kiva,0.03
kiwi,0.14
klaxon,5.74
klaxonner,4.29
klebs,0.01
kleenex,2.91
kleptomane,0.16
kleptomanie,0.02
klystron,0.12
km,0.01
knock-out,0.20
knout,0.20
koala,0.19
kobold,0.37
kodak,0.47
kodiak,0.31
kohl,0.14
kola,0.20
kolkhoze,1.11
kolkhozien,0.68
komi,0.07
komintern,0.54
kommandantur,0.68
kommando,0.28
komsomol,0.81
kondo,0.12
kopeck,1.52
kora,0.01
koran,0.14
korrigan,0.20
korè,0.07
koré,0.34
kosovar,0.01
kot,0.33
koto,0.07
kouglof,0.14
koulak,0.47
kouros,0.27
kraal,0.03
krach,0.41
kraft,0.95
krak,0.01
kraken,0.14
kremlin,0.07
kreutzer,0.07
kriegspiel,0.14
krill,0.17
kriss,0.09
kroumir,0.27
krypton,1.04
ksar,0.07
kugelhof,0.07
kula,0.07
kummel,0.34
kumquat,0.16
kung-fu,1.12
kurde,0.20
kursaal,0.20
kvas,0.20
kyrie,0.54
kyrie eleison,0.41
kyrielle,1.42
kyste,0.57
kystique,0.03
kébour,0.41
kéfir,0.27
kényan,0.02
képi,15.81
kérabau,0.10
kératoplastie,0.01
kératose,0.01
kérosène,0.91
l,78.26
l',12746.76
l'un,208.92
l'une,93.58
l-dopa,0.05
la,23633.92
la plata,0.14
la plupart,23.24
la plupart de,7.30
la plupart des,29.26
la plupart du,7.91
la-la-la,0.14
labbe,0.14
label,1.59
labelle,0.09
labeur,9.80
labial,0.41
labile,0.27
labo,29.95
laborantin,0.27
laboratoire,14.74
laborieusement,1.62
laborieux,7.16
labour,6.62
labourable,0.01
labourage,0.41
labourer,7.03
laboureur,2.43
labrador,0.36
labre,0.20
labri,0.02
labyrinthe,8.31
labyrinthique,0.27
lac,32.84
lacandon,0.07
lacanien,0.14
lacer,2.23
lacet,13.78
lacis,1.89
lack,0.16
laconique,2.43
laconiquement,0.61
laconisme,0.47
lacrima-christi,0.07
lacryma-christi,0.34
lacrymal,0.68
lacrymogène,1.22
lacs,8.58
lactate,0.06
lactation,0.05
lactescent,0.14
lactifère,0.01
lactique,0.12
lactose,0.69
lacté,1.69
lacunaire,0.34
lacune,2.23
lacustre,0.61
lacération,1.64
lacérer,4.05
lacéré,1.22
lad,0.74
ladies,0.91
ladino,0.07
ladite,1.82
ladre,0.27
ladrerie,0.20
lady,13.48
lagan,0.05
lagon,0.88
laguiole,0.07
lagunaire,0.20
lagune,8.92
lai,1.05
laid,26.82
laidement,0.47
laideron,0.68
laideur,8.99
laie,1.76
lainage,4.59
laine,37.03
laineux,1.89
lainier,0.20
lainière,0.07
laird,0.36
laisse,72.53
laisse-la-moi,0.14
laisser,1334.10
laisser-aller,3.38
laisser-faire,0.07
laissez-faire,0.01
laissez-passer,4.00
laissé,1.76
laissé-pour-compte,0.07
laissés-pour-compte,0.23
lait,62.91
laitage,0.88
laitance,0.47
laiterie,0.61
laiteux,10.41
laitier,2.43
laiton,1.55
laitue,2.52
lala,0.66
lama,2.13
lamantin,0.84
lamaïsme,0.07
lambada,0.13
lambda,0.74
lambeau,14.26
lambel,0.01
lambi,0.07
lambic,0.07
lambin,0.20
lambine,0.07
lambiner,1.15
lambris,1.55
lambrissage,0.07
lambswool,0.14
lame,37.09
lamedu,0.14
lamedé,0.81
lamelle,2.64
lamelliforme,0.07
lamentable,9.26
lamentablement,1.82
lamentation,4.80
lamenter,7.43
lamento,1.22
lamer,0.20
lamie,0.07
lamifié,0.14
laminage,0.07
laminaire,0.14
laminectomie,0.01
laminer,1.55
laminoir,0.47
lampadaire,6.76
lampadophore,0.14
lampas,0.07
lampe,93.11
lampe-phare,0.07
lampe-tempête,0.95
lamper,1.69
lampion,3.99
lampiste,0.20
lampisterie,0.27
lamproie,0.41
lampée,3.31
lamé,1.22
lance,14.32
lance-engins,0.02
lance-flamme,0.06
lance-flammes,1.06
lance-fusée,0.01
lance-fusées,0.61
lance-grenade,0.02
lance-grenades,0.34
lance-missiles,0.26
lance-pierre,0.25
lance-pierres,1.42
lance-roquette,0.06
lance-roquettes,0.72
lance-torpille,0.07
lance-torpilles,0.41
lancelot,0.14
lancement,8.88
lancequiner,0.34
lancer,165.07
lancette,0.29
lanceur,2.25
lancier,0.88
lancinance,0.07
lancinant,5.34
lancée,3.99
land,2.77
landais,0.74
landau,4.59
landaulet,0.07
lande,10.47
landerneau,0.07
landing,0.10
landlord,0.01
landsturm,0.14
landwehr,0.27
langage,37.36
lange,1.62
langer,1.15
langoureusement,0.47
langoureux,3.04
langouste,4.19
langoustine,0.48
langue,126.28
languette,0.81
langueur,4.66
languide,1.55
languir,5.99
languissamment,0.34
languissant,2.16
lanière,6.69
lanlaire,0.14
lanoline,0.14
lansquenet,1.76
lansquine,0.07
lansquiner,0.07
lanterne,16.82
lanterne-tempête,0.07
lanterner,0.20
lanternier,0.14
lanthane,0.01
lançant,0.14
lao,0.14
laotien,0.20
lap,0.27
lapalissade,0.01
laparoscopie,0.09
laparotomie,0.22
lapement,0.27
laper,2.36
lapereau,0.31
lapidaire,0.88
lapidation,0.27
lapider,1.35
lapidification,0.07
lapin,39.28
lapiner,0.07
lapinière,0.01
lapis,0.14
lapis-lazuli,0.41
lapon,2.21
lapper,0.47
laps,2.23
lapsus,1.62
laquais,2.36
laque,2.70
laquelle,185.27
laquer,3.72
laqué,3.38
larbin,3.72
larcin,2.30
lard,11.28
lardage,0.07
larder,1.35
lardeuss,0.68
lardeux,0.07
lardon,1.76
lardu,3.85
lare,0.27
larfeuil,0.27
larfeuille,0.41
largable,0.02
largage,1.36
large,107.50
largement,26.76
largesse,2.23
largeur,11.89
larghetto,0.07
largo,0.94
largue,0.11
larguer,14.61
largueur,0.02
largué,0.95
larigot,0.41
larme,133.51
larmichette,0.27
larmoiement,0.20
larmoyant,2.91
larmoyer,1.28
larmoyeur,0.07
larron,1.82
larsen,0.89
larvaire,1.08
larve,3.92
larvicide,0.01
larvé,0.88
laryngite,0.27
laryngologique,0.07
laryngologiste,0.14
laryngoscope,0.19
laryngoscopie,0.10
laryngé,0.09
larynx,1.55
las,35.00
lasagne,1.94
lascar,3.92
lascif,2.50
lascivement,0.27
lascivité,0.34
laser,7.87
lassant,1.28
lasser,24.32
lassitude,17.09
lasso,1.28
lasure,0.01
latence,0.14
latent,2.84
latex,1.65
laticlave,0.07
latin,15.07
latiniste,0.27
latinité,0.20
latino,2.89
latino-américain,0.10
latitude,2.91
latrine,2.50
lats,0.09
latte,9.46
latter,0.29
lattis,0.15
latéral,5.68
latéralement,1.08
latéralité,0.07
latérite,0.61
laubé,0.07
laudanum,0.45
laudateur,0.07
laurier,9.32
laurier-cerise,0.20
laurier-rose,1.69
lauréat,0.68
lav,0.14
lavable,0.47
lavabo,16.89
lavage,5.09
lavallière,0.95
lavande,7.23
lavandin,0.07
lavandière,1.49
lavasse,0.47
lave,3.51
lave-auto,0.06
lave-glace,0.20
lave-linge,0.83
lave-mains,0.07
lave-pont,0.14
lave-vaisselle,0.88
lavedu,0.07
lavement,1.38
laver,74.35
laverie,2.42
lavette,1.57
laveur,2.49
lavis,0.41
lavoir,5.34
lavure,0.14
lavé,7.16
laxatif,0.98
laxisme,0.28
laxiste,0.45
laxité,0.02
layer,0.47
layette,2.09
layon,6.89
lazaret,0.20
lazaro,0.27
lazingue,0.27
lazzi,1.35
laçage,0.41
laîche,0.07
laïc,0.95
laïciser,0.14
laïcité,0.47
laïque,3.45
laïus,1.78
le,18310.95
leader,12.72
leadership,0.38
leasing,0.24
lebel,1.35
leben,0.27
lecteur,25.81
lectorat,0.15
lecture,54.53
ledit,4.46
legato,0.01
leggins,0.61
lego,0.44
legs,1.49
lei,0.80
leishmaniose,0.06
leitmotiv,1.22
leitmotive,0.07
lek,0.01
lem,0.16
lemming,0.16
lendemain,149.26
lent,64.12
lente,1.35
lentement,156.55
lenteur,22.50
lentille,8.24
lentisque,0.88
lento,0.14
lepton,0.08
leptonique,0.07
lequel,137.09
lerch,0.07
lerche,4.12
les,14662.30
lesbianisme,0.12
lesbien,8.24
lesdites,0.20
lesdits,0.54
lesquelles,43.11
lesquels,47.91
lessivage,0.20
lessive,8.78
lessiver,3.31
lest,0.97
leste,1.42
lestement,0.68
lester,2.70
lesté,0.61
let,3.56
lette,0.03
letton,0.34
lettone,0.14
lettrage,0.03
lettre,256.01
lettre-clé,0.14
lettreur,0.07
lettrine,0.20
lettré,2.30
leu,4.73
leucocytaire,0.01
leucocyte,0.20
leucocytose,0.03
leucoplasie,0.07
leucopénie,0.07
leucose,0.41
leucotomie,0.07
leucémie,1.90
leucémique,0.07
leur,427.50
leurre,2.91
leurrer,1.96
leurs,886.55
lev,0.68
leva,0.01
levage,0.34
levain,0.88
levant,5.88
levantin,0.47
lever,440.74
leveur,0.34
levier,5.27
levreau,0.14
levrette,1.01
levure,1.05
levé,26.01
levée,4.73
lexical,0.07
lexie,0.07
lexique,0.95
lez,0.36
leçon,48.72
li,2.56
liage,0.01
liaison,31.96
liane,4.59
liant,0.54
liard,0.54
liasse,11.69
libanais,4.19
libation,1.49
libeccio,0.20
libelle,0.54
libeller,0.47
libellule,3.38
libellé,0.27
liber,0.14
libera,0.16
libero,0.07
libertaire,0.56
liberticide,0.03
libertin,3.24
libertinage,1.35
liberté,97.97
libidinal,0.47
libidineux,0.81
libido,1.79
libraire,5.34
librairie,9.59
librairie-papeterie,0.20
libre,167.91
libre-arbitre,0.14
libre-penseur,0.14
libre-service,0.34
libre-échange,0.32
libre-échangiste,0.03
librement,12.84
librettiste,0.14
libretto,0.04
libyen,0.20
libérable,0.27
libéral,7.23
libéralement,0.47
libéralisation,0.27
libéralisme,1.49
libéralité,0.54
libérateur,2.43
libération,45.00
libératoire,0.10
libérer,75.77
libérien,0.01
libéro,0.01
libéré,10.00
lice,1.42
licence,8.27
licenciement,3.93
licencier,5.93
licencieux,0.68
licencié,0.68
liche,0.20
lichen,2.70
licher,0.61
lichette,0.74
lichotter,0.07
licite,0.74
licol,0.61
licorne,1.98
licou,0.61
licteur,0.34
licéité,0.07
lido,0.07
lidocaïne,0.36
lie,2.36
lie-de-vin,1.08
lied,0.54
lien,38.38
lier,46.08
lierre,6.35
liesse,2.23
lieu,267.57
lieu-dit,0.88
lieudit,0.14
lieue,10.47
lieur,0.14
lieutenant,80.99
lieutenant-colonel,1.74
lieutenant-pilote,0.07
lieux-dits,0.41
lift,0.61
lifter,0.27
liftier,0.54
lifting,1.40
lifté,0.14
ligament,1.12
ligamentaire,0.02
ligature,0.46
ligaturer,0.47
lige,0.20
light,3.76
lignage,0.41
ligne,162.30
ligner,0.20
ligneux,0.41
lignite,0.61
lignée,5.07
ligot,0.27
ligotage,0.20
ligoter,5.07
ligoté,1.42
ligue,2.97
liguer,1.76
ligueur,0.27
ligure,0.20
lilas,5.47
lilial,0.68
lilium,0.07
lilliputien,0.68
lillois,0.27
limace,6.35
limage,0.26
limaille,1.55
liman,0.01
limande,0.68
limaçon,0.54
limbe,3.18
limbique,0.31
limbo,0.36
lime,3.65
limer,3.11
limerick,0.07
limette,0.07
limier,1.12
liminaire,0.07
limitatif,0.27
limitation,0.95
limite,47.23
limiter,19.26
limiteur,0.02
limitrophe,0.54
limité,6.35
limogeage,0.11
limoger,0.51
limogé,0.07
limon,3.45
limonade,6.17
limonadier,0.54
limonaire,0.54
limoneux,0.61
limonier,0.14
limoselle,0.01
limousin,3.93
limpide,12.16
limpidité,1.62
lin,6.08
linaire,0.07
linceul,2.70
lindor,0.27
line,1.08
linga,0.01
lingala,0.02
lingam,0.54
linge,47.30
linger,0.41
lingerie,5.34
lingette,0.66
lingot,2.36
lingual,0.04
linguiste,0.68
linguistique,1.55
linguistiquement,0.07
lingère,0.68
liniment,0.07
lino,1.69
linoléum,2.64
linon,0.74
linotte,0.81
linotype,0.41
linteau,1.08
linter,0.01
linéaire,1.08
linéairement,0.01
lion,33.04
lionceau,1.01
lipase,0.01
lipide,0.20
lipiodol,0.01
lipome,0.03
liposome,0.01
liposuccion,1.04
liposucer,0.20
lipothymie,0.10
lippe,1.89
lippu,1.01
liquette,1.49
liqueur,5.00
liquidateur,0.20
liquidation,3.11
liquide,19.19
liquider,10.74
liquidité,0.70
liquor,0.04
liquoreux,0.27
liquoriste,0.07
liquéfaction,0.27
liquéfier,2.43
lire,324.80
lirette,0.02
liron,0.54
lis,9.11
lisant,0.61
lise,0.20
liseron,1.08
liseré,0.81
liseur,1.49
lisibilité,0.01
lisible,3.58
lisiblement,0.20
lisier,0.01
lisière,18.24
lissage,0.14
lisse,33.58
lisser,11.35
lisseur,0.14
lissotriche,0.07
lissé,0.20
liste,71.56
listel,0.07
lister,1.60
listeria,0.01
listing,0.26
liston,4.14
liséré,2.50
lit,338.18
lit-bateau,0.81
lit-cage,1.62
lit-divan,0.20
litanie,7.09
liter,0.82
literie,2.03
lithiase,0.04
lithique,0.01
lithium,0.94
litho,0.20
lithographe,0.14
lithographie,0.54
lithosphère,0.03
lithotripsie,0.03
lithotriteur,0.01
lithuanien,0.27
litige,1.42
litigieux,0.34
litière,6.15
litorne,0.07
litote,0.41
litre,18.51
litrer,0.07
litron,3.18
littoral,3.11
littéraire,17.16
littérairement,0.14
littéral,1.49
littéralement,10.95
littéralité,0.07
littérateur,1.01
littérature,36.89
lituanien,0.88
liturgie,2.16
liturgique,1.08
litée,0.07
livarot,0.27
live,3.90
livide,10.54
lividité,0.40
living,2.84
living-room,2.23
livrable,0.07
livraison,13.68
livre,286.49
livre-cassette,0.03
livrer,84.93
livres-club,0.07
livresque,0.74
livret,5.41
livreur,4.46
livrée,4.26
livèche,0.14
liège,3.78
lièvre,7.03
lié,5.14
liégeois,0.14
lloyd,0.01
loader,0.14
lob,0.27
lobaire,0.01
lobbies,0.29
lobby,0.83
lobbying,0.07
lobe,3.58
lobectomie,0.07
lober,0.05
lobotomie,0.83
lobotomiser,0.31
lobulaire,0.07
local,22.84
localement,0.88
localisable,0.07
localisateur,0.30
localisation,2.06
localiser,12.87
localisé,0.74
localité,1.55
locataire,14.46
locatif,0.07
location,5.51
locature,0.07
locdu,0.27
loch,0.65
loche,1.08
lock-out,0.11
loco,1.48
locomobile,0.07
locomoteur,0.07
locomotion,0.88
locomotive,13.11
locus,0.20
locuste,0.06
locuteur,0.02
locution,1.01
loden,0.81
lof,0.02
loft,1.36
logarithme,0.34
logarithmique,0.02
loge,22.36
logeable,0.14
logement,13.65
loger,26.42
logeur,3.72
loggia,3.85
logiciel,3.61
logicien,0.41
login,0.04
logique,14.40
logiquement,3.24
logis,12.84
logisticien,0.01
logistique,0.80
logo,1.65
logogriphe,0.14
logomachie,0.14
logorrhée,0.27
logos,0.81
logosphère,0.14
logé,1.76
loi,110.12
loin,452.36
lointain,91.96
lointainement,0.47
loir,1.62
loisible,0.74
loisir,20.81
lokoum,0.14
lolita,0.10
lolo,1.81
lombaire,1.37
lombalgie,0.01
lombard,0.74
lombardo,0.01
lombes,0.41
lombric,0.74
lompe,0.01
londonien,1.23
londrès,0.07
long,444.86
long-courrier,0.61
long-métrage,0.06
longane,0.14
longanimité,0.14
longe,1.35
longer,34.32
longeron,0.20
longiforme,0.07
longiligne,0.88
longitude,0.46
longitudinal,0.54
longitudinalement,0.07
longtemps,335.54
longue,15.95
longue-vue,2.64
longuement,58.45
longuet,0.41
longueur,28.45
longévité,0.88
look,10.93
looping,0.68
looser,1.09
lopaille,0.07
lope,1.69
lopette,1.25
lopin,0.62
loquace,2.43
loquacité,0.01
loque,9.66
loquedu,2.50
loquer,0.41
loquet,4.39
loqueteau,0.07
loqueteux,1.89
loran,0.14
lord,7.57
lord-maire,0.07
lordose,0.07
lorette,0.07
lorgner,7.09
lorgnette,2.09
lorgnon,5.41
lori,0.01
loriot,2.36
loris,0.04
lorrain,1.49
lors,70.27
lorsqu,0.04
lorsque,207.09
los,5.08
losange,3.92
losangé,0.34
loser,4.77
lot,17.16
loterie,7.25
loti,1.22
lotier,0.07
lotion,1.68
lotir,0.54
lotissement,1.01
loto,6.75
lotta,0.41
lotte,0.18
lotus,1.08
louable,1.89
louablement,0.14
louage,0.88
louange,6.35
louanger,0.74
louangeur,0.20
loubard,3.04
louche,9.05
louchebem,0.27
louchement,0.07
loucher,6.35
louchet,0.07
loucheur,0.27
louchon,0.14
louchébème,0.07
louer,48.08
loueur,1.62
louf,1.55
loufer,0.20
loufiat,6.76
loufoque,0.87
loufoquerie,0.27
louftingue,0.07
louis,5.07
louis-philippard,0.34
louise-bonne,0.07
louisianais,0.07
loukoum,2.57
loulou,19.32
louloute,0.45
louloutte,0.07
loup,44.39
loup-cervier,0.14
loup-garou,3.98
loupe,5.47
louper,12.06
loupiat,0.14
loupiot,0.41
loupiote,1.01
loupiotte,0.14
loupé,0.72
lourd,145.88
lourdaud,0.95
lourdement,14.66
lourder,1.69
lourderie,0.07
lourdeur,5.47
lourdingue,0.88
loustic,1.49
loute,0.14
loutre,2.52
louvet,2.91
louveteau,2.36
louvoyant,0.20
louvoyer,2.97
loué,1.82
louée,0.20
lover,8.85
loyal,10.96
loyalement,1.42
loyalisme,1.15
loyaliste,0.07
loyauté,9.38
loyer,17.18
lsd,0.08
lu,3.11
lubie,2.77
lubricité,0.74
lubrifiant,0.68
lubrification,0.14
lubrifier,0.53
lubrifié,0.20
lubrique,3.31
lucarne,10.00
luce,0.01
lucet,0.07
lucide,12.43
lucidement,0.68
lucidité,10.95
luciférien,0.34
lucilie,0.02
luciole,2.30
lucite,0.01
lucratif,1.54
lucre,0.54
luddite,0.01
ludion,0.61
ludique,0.61
luette,1.28
lueur,64.19
luffa,0.04
luge,1.55
luger,0.47
lugubre,10.41
lugubrement,0.81
lui,4225.14
lui-même,202.30
luire,37.43
luisance,1.08
luisant,28.51
lulu,0.74
lumbago,0.68
lumen,0.34
lumignon,2.09
luminaire,0.68
luminescence,0.14
luminescent,0.95
lumineusement,0.27
lumineux,39.46
luminosité,2.03
lumière,274.26
lump,0.14
lunaire,4.66
lunaison,0.14
lunatique,1.79
lunch,1.22
luncher,0.14
lundi,36.94
lune,66.69
lunetier,0.07
lunette,75.27
lunetteux,0.20
lunetté,0.20
lunule,1.01
luné,0.84
lupanar,0.95
lupin,0.47
lupus,1.28
lur,0.07
lurex,0.20
luron,0.88
lustrage,0.05
lustral,1.35
lustre,15.14
lustrer,2.43
lustreur,0.07
lustrine,0.74
lustré,2.23
lustucru,0.07
lut,1.89
luth,1.62
lutherie,0.07
luthier,0.20
luthéranisme,0.14
luthérianisme,0.07
luthérien,0.81
lutin,2.14
lutiner,1.15
lutrin,1.35
lutte,41.82
lutter,48.78
lutteur,3.78
lutz,4.52
lutécien,0.07
lux,0.34
luxation,0.38
luxe,38.85
luxembourgeois,0.74
luxer,0.34
luxueusement,0.81
luxueux,7.43
luxure,2.92
luxuriance,0.47
luxuriant,1.62
luxurieux,0.54
luzerne,3.04
lycanthrope,0.10
lycanthropie,0.18
lychee,0.16
lychnis,0.07
lycien,0.20
lycoperdon,0.14
lycra,0.28
lycée,42.56
lycéen,10.61
lymphangite,0.07
lymphatique,0.67
lymphatisme,0.07
lymphe,0.47
lymphocytaire,0.14
lymphocyte,0.20
lymphocytose,0.01
lymphome,0.30
lymphopénie,0.07
lymphosarcome,0.01
lymphoïde,0.01
lynch,0.29
lynchage,0.99
lyncher,1.04
lynx,1.73
lyonnais,1.01
lyophiliser,0.07
lyophilisé,0.15
lyre,1.42
lyrique,5.20
lyriser,0.07
lyrisme,3.11
lys,3.38
lyse,0.04
lysergique,0.14
lysimaque,0.01
lysine,0.07
là,2096.53
là-bas,263.15
là-dedans,74.00
là-dehors,1.30
là-derrière,1.14
là-dessous,7.12
là-dessus,32.50
là-devant,0.14
là-haut,67.78
lâchage,0.20
lâche,27.16
lâchement,2.97
lâcher,171.08
lâcheté,10.00
lâcheur,0.81
lâché,1.22
lèche,1.42
lèche-botte,0.11
lèche-bottes,0.68
lèche-cul,1.29
lèche-vitrine,0.26
lèche-vitrines,0.20
lèchefrite,0.07
lèpre,3.65
lès,0.07
lèse-majesté,0.27
lèvre,222.03
lé,2.30
léchage,0.27
lécher,23.11
lécheur,0.47
léchouiller,0.20
léché,1.35
lécithine,0.15
légal,16.79
légalement,5.09
légalisation,0.09
légaliser,0.76
légaliste,0.14
légalisé,0.07
légalité,2.50
légat,2.23
légataire,0.34
légation,2.91
légendaire,7.50
légende,27.43
légender,0.14
léger,151.01
légiférer,0.27
légion,16.35
légionellose,0.03
légionnaire,4.26
législateur,1.08
législatif,2.03
législation,1.42
législature,0.20
légiste,7.97
légitimant,0.02
légitimation,0.07
légitime,16.22
légitimement,1.22
légitimer,1.62
légitimiste,0.34
légitimité,1.76
légitimé,0.14
léguer,5.61
légume,23.45
légumier,0.07
légumineux,0.07
légué,0.07
légèrement,65.20
légèreté,12.70
lémur,0.01
lémure,0.27
lémurien,0.41
lénifiant,1.01
lénification,0.07
léninisme,0.27
léniniste,0.27
léonard,0.14
léonin,0.68
léopard,3.64
léopardé,0.07
lépidoptère,0.20
lépontique,0.14
lépreux,2.65
léprologie,0.01
léproserie,0.81
lérot,0.14
léser,1.36
lésine,0.20
lésiner,2.30
lésinerie,0.07
lésion,4.37
lésionnaire,0.01
létal,0.29
létalité,0.02
léthargie,2.16
léthargique,0.81
léviathan,0.27
lévitation,0.61
lévite,0.54
léviter,0.47
lévitique,0.02
lévrier,2.30
lézard,11.42
lézarder,1.89
lézardé,0.88
m,69.91
m'as-tu-vu,0.03
ma,2346.90
ma-jong,0.07
maboul,1.35
mac,7.74
macabre,3.51
macache,0.74
macadam,4.53
macadamia,0.11
macaque,1.72
macarel,0.07
macarelle,0.14
macareux,0.27
macaron,1.35
macaroni,3.11
macaronique,0.14
macassar,0.14
maccarthysme,0.05
macchab,0.74
macchabée,2.63
macfarlane,0.34
mach,0.07
machaon,0.01
machette,2.64
machiavélique,0.57
machiavélisme,0.47
machin,14.60
machinal,6.01
machinalement,22.77
machination,2.16
machinchouette,0.14
machine,85.00
machine-outil,0.47
machiner,0.88
machinerie,2.97
machinette,0.07
machinique,0.07
machinisme,0.74
machiniste,1.51
machino,0.07
machisme,0.36
machiste,0.41
machmètre,0.02
macho,3.19
macintosh,0.26
macis,0.01
mackintosh,0.27
macoute,0.14
macramé,0.68
macreuse,0.07
macro,0.20
macrobiotique,0.20
macroclimat,0.07
macrocosme,0.14
macrolide,0.01
macrophage,0.01
macroscopique,0.07
macroéconomie,0.02
macula,0.01
maculage,0.07
maculation,0.07
maculature,0.07
macule,0.20
maculer,7.70
macumba,1.20
macédoine,0.54
macédonien,0.23
macédonienne,0.03
macération,0.74
macérer,1.82
madame,307.36
madapolam,0.20
made in,1.06
madeleine,1.89
mademoiselle,73.98
madone,5.25
madrague,0.02
madras,1.49
madre,0.62
madre de dios,0.07
madrier,3.24
madrigal,1.28
madrilène,0.61
madré,0.27
madrépore,0.27
madère,0.68
maelstrom,0.14
maelström,0.41
maestria,0.41
maestro,5.96
maffia,0.54
maffieux,0.07
mafflu,0.41
mafia,11.56
mafieux,1.18
mafioso,0.73
maganer,0.03
magasin,65.54
magasinage,0.03
magasiner,0.83
magasinier,1.15
magazine,21.42
magdalénien,0.20
mage,2.57
magenta,0.07
maghrébin,0.95
maghzen,0.07
magicien,13.76
magico,0.03
magie,25.66
magique,26.93
magiquement,1.35
magister,1.08
magistral,3.72
magistralement,0.54
magistrat,6.01
magistrature,1.12
magistère,0.07
magma,3.45
magmatique,0.04
magnanime,2.09
magnanimité,0.68
magnat,1.42
magner,6.36
magnificat,0.54
magnificence,1.96
magnifier,2.43
magnifique,88.22
magnifiquement,2.77
magnitude,0.25
magnolia,3.04
magnum,3.69
magnésie,0.14
magnésium,1.08
magnétique,5.11
magnétiquement,0.13
magnétiseur,0.07
magnétisme,1.41
magnétite,0.07
magnéto,2.89
magnétomètre,0.04
magnétophone,3.51
magnétoscope,2.12
magnétron,0.01
magot,4.39
magouille,2.73
magouiller,0.69
magouilleur,0.43
magret,0.01
magyar,0.14
mah-jong,1.54
maharadja,0.14
maharadjah,1.47
maharaja,0.07
maharajah,0.51
maharani,1.12
mahatma,0.07
mahométan,0.27
mahonia,0.61
mahousse,1.35
mai,45.88
maid,0.13
maie,1.22
maigre,62.70
maigrelet,1.01
maigrement,0.27
maigreur,3.99
maigrichon,2.30
maigriot,0.14
maigrir,8.99
mail,3.29
mail-coach,0.14
mailer,0.18
mailing,0.04
maille,9.66
maillechort,0.14
mailler,0.27
maillet,2.16
mailloche,0.47
maillon,3.18
maillot,18.99
maillotin,0.14
maillé,0.14
main,1229.39
main-courante,0.07
main-d'oeuvre,1.62
main-forte,0.41
mainate,0.74
maincourantier,0.07
mainlevée,0.01
mainmise,1.42
maint,1.27
mainte,1.22
maintenance,3.89
maintenant,1028.86
mainteneur,0.14
maintenir,121.32
maintenue,0.41
maintes,9.86
maintien,10.14
maints,4.39
maire,28.17
mairie,15.95
mais,5179.05
maison,605.75
maison-mère,0.14
maisonnette,7.97
maisonnée,1.82
maja,0.54
majestueusement,1.22
majestueux,11.08
majesté,43.43
majeur,11.55
majo,0.14
majolique,0.14
major,16.95
major-général,0.34
majoral,0.07
majorat,0.20
majoration,0.27
majordome,2.87
majorer,0.34
majorette,1.11
majoritaire,1.04
majoritairement,0.12
majorité,12.57
majuscule,2.84
maki,0.12
mal,453.95
mal-aimé,0.21
mal-baisé,0.20
mal-être,0.34
malabar,1.52
malachite,0.27
malade,158.27
maladie,66.04
maladif,5.14
maladivement,0.45
maladrerie,0.01
maladresse,9.73
maladroit,18.58
maladroitement,9.59
malaga,1.28
malaire,0.10
malais,0.61
malaise,25.14
malaisien,0.06
malaisé,2.36
malaisément,0.95
malandrin,0.61
malappris,0.20
malard,0.74
malaria,1.57
malavisé,0.20
malaxer,1.89
malaxeur,0.04
malchance,5.68
malchanceux,1.42
malcommode,0.54
malcontent,0.14
maldonne,1.15
malencontre,0.68
malencontreusement,0.88
malencontreux,1.08
malentendant,0.38
malentendu,11.82
malfaisance,1.08
malfaisant,3.38
malfaiteur,3.24
malfamé,0.27
malfaçon,0.34
malformation,0.54
malformé,0.01
malfrat,4.73
malgache,0.61
malgracieux,0.41
malgré,191.55
malhabile,3.24
malhabilement,0.07
malherbe,0.07
malheur,92.64
malheureusement,35.35
malheureux,58.85
malhonnête,4.30
malhonnêtement,0.27
malhonnêteté,1.89
mali,0.07
malice,10.95
malicieusement,0.81
malicieux,4.39
malien,0.14
malienne,0.07
malignement,0.68
malignité,2.23
malin,41.49
malingre,3.78
malinké,0.07
malinois,0.20
malintentionné,0.41
mallarméen,0.07
malle,15.14
mallette,9.30
malléabilité,0.14
malléable,1.42
malléolaire,0.03
malléole,0.05
malm,0.01
malmenage,0.01
malmener,3.72
malnutrition,0.58
malodorant,2.30
malotru,1.01
malouin,0.27
malpoli,1.04
malpropre,2.77
malproprement,0.07
malpropreté,0.14
malsain,9.05
malsainement,0.07
malséance,0.07
malséant,0.61
malt,0.68
maltais,0.34
maltraitance,0.66
maltraiter,6.31
malus,0.04
malveillance,3.85
malveillant,2.23
malvenu,0.37
malversation,0.55
malvoisie,0.07
malédiction,14.17
maléfice,1.69
maléficier,0.07
maléficié,0.07
maléfique,6.16
mam,0.95
mam'selle,0.11
mam'zelle,0.03
mamaliga,0.07
mamamouchi,0.14
maman,540.21
mamba,0.10
mambo,1.62
mame,0.74
mamelle,3.72
mamelon,7.16
mamelouk,0.34
mamelu,0.41
mameluk,2.03
mamie,18.66
mamma,2.27
mammaire,0.58
mammectomie,0.02
mammifère,1.28
mammographie,0.15
mammoplastie,0.01
mammouth,8.18
mammy,0.41
mamours,0.47
mamy,0.69
mamzelle,0.10
man,19.31
mana,0.88
manade,0.27
management,0.57
manager,8.08
manageur,0.01
manant,1.22
manceau,0.07
mancenillier,0.14
manche,59.39
mancheron,0.27
manchette,6.22
manchon,1.76
manchot,1.89
mandala,1.76
mandale,0.88
mandant,0.34
mandarin,1.82
mandarine,3.11
mandarinier,0.34
mandat,25.25
mandat-carte,0.01
mandat-lettre,0.07
mandat-poste,0.07
mandataire,1.82
mandatement,0.07
mandater,1.14
mandement,0.07
mander,3.31
mandibulaire,0.02
mandibule,2.36
mandingue,0.01
mandoline,1.15
mandore,1.55
mandorle,0.34
mandragore,1.69
mandrill,0.01
mandrin,0.41
manducation,0.07
mandé,0.41
manette,2.64
manga,0.47
manganite,0.14
manganèse,0.23
mange-disque,0.11
mange-tout,0.14
mangeable,0.72
mangeaille,1.28
mangeoire,1.08
manger,467.82
mangerie,0.07
mangetout,0.07
mangeur,3.45
mango,0.07
mangouste,0.33
mangrove,0.07
mangue,2.09
manguier,1.42
manhattan,0.14
maniabilité,0.03
maniable,0.95
maniaco-dépressif,0.38
maniacodépressif,0.06
maniaque,5.88
maniaquement,0.27
maniaquerie,0.34
manichéen,0.27
manichéisme,0.61
manichéiste,0.07
manie,18.38
maniement,3.72
manier,16.22
manieur,0.47
manif,4.98
manifestant,2.30
manifestation,17.16
manifeste,3.45
manifestement,6.76
manifester,38.04
manifold,0.20
manigance,1.62
manigancer,5.03
manille,0.95
manillon,0.27
manioc,0.88
manip,0.14
manipulable,0.27
manipulateur,1.47
manipulation,2.63
manipule,0.03
manipuler,12.35
manitoba,0.07
manitou,0.88
manivelle,31.96
manière,157.77
maniérisme,0.34
maniériste,0.01
maniéré,0.74
manne,1.35
mannequin,12.33
mannezingue,0.20
mannitol,0.19
manoeuvrabilité,0.04
manoeuvrable,0.07
manoeuvre,26.42
manoeuvrer,13.78
manoeuvrier,0.41
manoir,9.59
manomètre,0.47
manouche,0.88
manouvrier,0.01
manquant,4.74
manque,37.23
manquement,1.55
manquer,253.94
manqué,4.80
mansard,0.07
mansarde,5.20
mansardé,1.22
mansion,0.05
mansuétude,2.09
manta,0.72
mante,1.69
manteau,68.11
mantelet,0.27
mantelure,0.07
mantille,1.35
mantique,0.07
mantra,0.34
manu militari,0.20
manubrium,0.03
manucure,2.15
manucurer,0.95
manuel,8.18
manuellement,1.40
manufacture,2.03
manufacturer,0.74
manuscrit,17.36
manutention,0.61
manutentionnaire,0.41
manutentionner,0.20
manuélin,0.07
manzanilla,0.61
manège,15.27
manécanterie,0.27
mao,0.68
maori,0.17
maous,0.74
maousse,0.54
maoïsme,0.07
maoïste,0.34
mappemonde,1.76
maque,0.27
maquer,1.35
maquereau,7.50
maquereautage,0.14
maquereauter,0.13
maquerellage,0.10
maquette,4.58
maquettiste,0.54
maquignon,2.57
maquignonnage,0.14
maquillage,11.62
maquiller,15.81
maquilleur,0.82
maquis,16.01
maquisard,5.81
mara,0.41
marabout,1.28
marae,0.02
marais,10.68
maranta,0.01
marante,0.07
marasme,1.01
marasquin,0.74
marathon,2.12
marathonien,0.17
maraud,2.09
marauder,0.81
maraudeur,1.99
maravédis,0.20
maraîcher,2.16
marbre,43.04
marbrerie,0.14
marbrier,0.04
marbrure,1.15
marbré,0.47
marc,3.38
marcassin,0.88
marcel,0.20
marceline,0.07
marchand,45.81
marchandage,2.50
marchander,3.18
marchandise,15.81
marchandiseur,0.01
marchant,2.36
marche,152.97
marchepied,5.54
marcher,364.37
marcheur,1.96
marché,74.36
marconi,0.07
marcotin,0.07
marcotte,0.01
mardi,23.65
mare,13.04
marelle,2.23
marengo,0.07
marennes,0.41
mareyeur,0.41
margarine,1.35
margaux,0.14
margay,1.49
marge,14.86
margelle,2.09
marger,0.27
marginal,1.82
marginalement,0.01
marginaliser,0.41
marginalité,0.34
margis,0.27
margot,1.17
margotin,0.14
margoton,0.07
margouillat,0.74
margouillis,0.07
margoulette,0.34
margoulin,0.61
margrave,0.60
margraviat,0.07
marguerite,2.97
marguillier,0.41
mari,264.15
mariable,0.14
mariachi,0.90
mariage,167.39
marida,0.81
marie-couche-toi-là,0.27
marie-jeanne,0.26
marie-louise,0.07
marie-salope,0.07
marier,220.51
marieur,1.10
marigot,1.69
marihuana,0.14
marijuana,3.77
marimba,0.02
marin,33.38
marin-pêcheur,0.14
marina,1.16
marinade,1.46
marinage,0.07
marine,20.34
mariner,2.84
marinier,1.49
marinière,0.54
mariné,0.47
mariol,0.07
mariole,0.81
mariolle,0.99
marionnette,5.95
marionnettiste,0.36
marital,0.59
maritalement,0.20
maritime,6.22
maritorne,0.27
marivaudage,0.41
marivauder,0.07
marié,37.11
marjolaine,0.61
mark,13.24
marker,0.14
marketing,1.88
marle,1.55
marlin,0.50
marlou,0.88
marloupin,0.34
marloupinerie,0.27
marmaille,4.26
marmelade,2.91
marmitage,0.47
marmite,14.66
marmiter,0.14
marmiteux,0.14
marmiton,1.15
marmonnement,0.61
marmonner,13.51
marmoréen,0.61
marmot,2.36
marmotte,3.15
marmottement,0.07
marmotter,1.28
marmouset,0.10
marne,2.84
marner,1.15
marocain,5.14
maronite,0.20
maronner,0.07
maroquin,1.76
maroquinerie,1.15
maroquinier,0.61
marotte,2.09
marouette,0.01
maroufle,0.41
maroufler,0.07
marquage,0.65
marquant,1.49
marque,40.29
marque-page,0.25
marquer,101.08
marqueterie,2.09
marqueur,2.02
marquis,18.31
marquisat,0.27
marquisien,0.20
marqué,7.30
marrade,0.68
marraine,8.78
marrane,0.27
marrant,35.70
marre,57.48
marrer,32.57
marri,0.52
marron,13.72
marronnasse,0.07
marronner,0.41
marronnier,9.39
mars,31.42
marsala,0.38
marseillais,1.82
marshal,3.11
marsouin,0.68
marsupial,0.10
marsupilami,0.20
martagon,0.07
marteau,15.61
marteau-pilon,0.41
marteau-piqueur,0.42
martel,0.47
martelage,0.14
marteler,10.41
martelet,0.07
marteleur,0.04
martial,8.02
martien,1.96
martienne,0.51
martin,1.69
martin-pêcheur,0.41
martinet,2.64
martingale,1.28
martini,3.85
martiniquais,1.69
martre,1.22
martyr,6.76
martyre,6.35
martyriser,3.38
martyrologe,0.20
martèlement,3.65
marxisme,3.92
marxisme-léninisme,0.68
marxiste,2.84
marxiste-léniniste,0.41
mary,0.56
maryland,0.14
marâtre,1.22
marécage,6.15
marécageux,1.62
maréchal,41.69
maréchal-ferrant,1.96
maréchalat,0.07
maréchalerie,0.27
maréchaussée,0.88
maréchaux-ferrants,0.41
marée,26.89
mas,5.07
masaï,3.99
mascara,1.15
mascarade,2.71
mascaret,0.54
mascaron,0.14
mascarpone,0.11
mascotte,2.36
masculin,10.14
masculiniser,0.07
masculinité,0.21
maser,0.01
maskinongé,0.07
maso,0.88
masochisme,1.01
masochiste,0.81
masquage,0.02
masque,38.65
masque-espion,0.01
masquer,19.12
masqué,3.85
mass media,0.17
massacrant,0.45
massacre,16.49
massacrer,16.87
massacreur,0.34
massage,9.57
masse,79.80
massepain,0.34
masser,12.84
masseur,1.94
massicot,0.61
massicoter,0.14
massicotier,0.41
massif,22.30
massivement,1.01
massivité,0.20
massue,2.84
massé,0.20
mastaba,0.20
mastar,0.07
mastard,0.88
mastectomie,0.22
master,3.43
mastic,1.62
masticage,0.07
mastication,0.81
mastiff,0.07
mastiquer,4.32
mastite,0.12
mastoc,1.28
mastodonte,0.61
mastoïde,0.93
mastroquet,0.34
masturbateur,0.06
masturbation,2.03
masturbatoire,0.14
masturber,3.89
mastère,0.02
masure,4.32
mat,12.36
matador,2.03
mataf,0.61
matamore,0.61
match,63.48
matchiche,0.20
matelas,25.95
matelasser,1.01
matelassier,0.41
matelassé,0.47
matelot,7.04
matelote,0.20
mater,17.27
mater dolorosa,0.47
maternage,0.04
maternalisme,0.20
maternel,23.72
maternellement,0.54
materner,0.68
materniser,0.30
maternité,4.73
mateur,0.37
math,1.55
matheux,0.27
maths,10.66
mathématicien,0.96
mathématique,7.03
mathématiquement,0.35
mathématiser,0.07
mati,0.18
matin,396.76
matinal,10.74
matinalement,0.14
matineux,0.14
matinée,34.05
matité,0.54
matière,58.45
matois,0.41
matoiserie,0.14
maton,6.08
matos,5.72
matou,4.12
matouser,0.20
matraquage,0.14
matraque,5.41
matraquer,1.49
matraqueur,0.07
matras,0.47
matriarcal,0.41
matriarcat,0.74
matriarche,0.09
matrice,2.16
matricide,0.01
matriciel,0.27
matriculaire,0.07
matricule,3.49
matrilinéaire,0.20
matrimonial,1.40
matriochka,0.07
matrone,3.72
matte,0.52
matter,0.64
matuche,0.41
maturation,0.68
mature,1.83
maturer,0.07
maturité,5.00
matutinal,0.34
maté,1.62
matérialisation,0.54
matérialiser,4.32
matérialisme,1.49
matérialiste,0.88
matérialité,0.47
matériau,5.14
matériel,26.22
matériellement,3.04
maudire,10.47
maudit,37.18
maugréer,5.41
maure,1.15
mauresque,2.91
maurrassien,0.14
maurrassisme,0.07
mauser,3.04
mausolée,3.11
maussade,7.97
maussadement,0.27
maussaderie,0.34
mauvais,252.69
mauvaisement,0.27
mauvaiseté,0.20
mauve,17.64
mauviette,4.86
max,5.94
maxi,1.71
maxillaire,1.76
maxillo-facial,0.01
maximal,3.04
maximaliser,0.03
maximalisme,0.14
maxime,2.09
maximisation,0.01
maximiser,0.26
maximum,15.81
maxiton,0.14
maya,0.56
mayo,0.77
mayonnaise,3.64
mazagran,0.20
mazet,0.41
mazette,0.81
mazout,2.64
mazurka,0.58
maçon,6.76
maçonner,1.69
maçonnerie,3.04
maçonnique,0.74
maître,151.49
maître queux,0.14
maître-assistant,0.07
maître-autel,0.61
maître-chanteur,0.21
maître-chien,0.11
maître-coq,0.01
maître-nageur,0.45
maître-à-danser,0.07
maîtresse,53.92
maîtrisable,0.14
maîtrise,7.70
maîtriser,15.57
maîtrisé,1.35
maïa,3.51
maïs,6.42
maïzena,0.20
me,4929.44
mea culpa,0.70
mea-culpa,0.14
mec,325.54
meccano,1.01
mechta,0.34
mecklembourgeois,0.07
mecton,0.74
media,7.72
medicine-ball,0.07
medium,0.59
meeting,6.82
meiji,0.07
meilleur,221.17
melba,0.20
mellifère,0.07
melon,7.11
melting-pot,0.14
membranaire,0.01
membrane,2.97
membraneux,0.34
membre,64.86
membrure,0.61
membré,0.07
menace,44.12
menacer,52.57
menacé,6.22
menaçant,16.69
mendiant,11.76
mendicité,0.95
mendier,6.49
mendigot,0.81
mendigoter,0.14
mendé,0.01
meneau,2.18
mener,137.70
meneur,3.51
menez,0.01
menhaden,0.01
menhir,0.68
mennonite,0.14
menon,0.07
menora,0.03
menotte,11.65
menotter,2.65
mens,0.04
mensonge,61.05
mensonger,1.96
mensongèrement,0.20
menstruation,0.40
menstruel,0.54
menstrues,0.14
mensualité,1.01
mensuel,2.50
mensuellement,0.14
mensuration,1.42
mental,18.15
mentalement,6.42
mentaliser,0.07
mentalité,5.95
menterie,0.74
menteur,36.64
mentez,0.01
menthe,9.53
menthol,0.44
mentholé,0.34
mention,6.01
mentionner,15.61
mentir,185.16
menton,60.00
mentonnet,0.07
mentonnier,0.14
mentor,1.72
mentule,0.07
menu,27.77
menuet,0.95
menuise,0.14
menuiser,0.14
menuiserie,1.22
menuisier,4.46
menée,1.01
mer,257.57
mer-air,0.01
mercanti,0.27
mercantile,0.95
mercantilisme,0.14
mercaptan,0.01
mercenaire,2.87
mercerie,9.32
merchandising,0.16
merci,936.01
mercier,4.26
mercredi,21.48
mercure,1.76
mercurey,0.27
mercuriale,0.14
mercurochrome,1.22
merdasse,0.07
merde,221.46
merder,16.45
merdeux,5.22
merdier,5.34
merdique,7.82
merdouille,0.34
merdre,0.07
merguez,2.16
meringue,1.35
merise,0.07
merisier,1.15
merl,0.26
merlan,3.78
merle,4.19
merleau,0.07
merlette,0.20
merlin,0.20
merlot,1.90
merlu,0.14
merluche,0.27
merrain,0.61
merveille,33.31
merveilleusement,7.03
merveilleux,79.25
merveillosité,0.01
mes,1102.23
mesa,0.51
mescal,0.26
mescaline,0.25
mesclun,0.05
mesdemoiselles,7.36
mesmérisme,0.04
mesquin,6.96
mesquinement,0.14
mesquinerie,1.96
mess,2.57
message,117.11
messager,10.87
messagerie,1.05
messaliste,0.20
messe,35.68
messeigneurs,0.50
messer,1.50
messianique,0.27
messianisme,0.07
messidor,0.07
messie,0.69
messieurs-dames,0.68
messire,5.69
messéance,0.07
mestre,0.01
mesurable,0.95
mesure,132.84
mesurer,47.30
mesurette,0.01
mesureur,0.27
mesuré,5.07
mets,45.09
mets-la-toi,0.01
mettable,0.14
metteur,7.70
mettre,1083.72
meublant,0.07
meuble,53.99
meubler,10.61
meublé,4.53
meuf,8.29
meuglement,1.35
meugler,1.08
meuh,0.78
meulage,0.01
meule,8.38
meuler,0.27
meuleuse,0.07
meunier,0.96
meurette,0.34
meursault,0.20
meurtre,104.45
meurtre-suicide,0.04
meurtri,5.00
meurtrier,25.38
meurtrir,6.35
meurtrissure,1.42
meusien,0.54
meusienne,0.20
meute,7.36
mexicain,8.06
mexico,0.54
mezcal,0.13
mezza voce,0.20
mezza-voce,0.07
mezzanine,0.47
mezzo,0.14
mezzo-soprano,0.20
mi,8.97
mi-accablé,0.07
mi-africains,0.07
mi-airain,0.07
mi-allemand,0.07
mi-allongé,0.07
mi-américaine,0.02
mi-ange,0.01
mi-angevins,0.07
mi-animal,0.05
mi-animaux,0.07
mi-août,0.20
mi-appréhension,0.07
mi-arabe,0.07
mi-artisan,0.07
mi-automne,0.14
mi-bandit,0.07
mi-bas,0.14
mi-biblique,0.07
mi-black,0.14
mi-blanc,0.14
mi-blancs,0.07
mi-bleu,0.07
mi-bois,0.07
mi-bordel,0.07
mi-bourgeois,0.07
mi-bovins,0.07
mi-bras,0.14
mi-britannique,0.07
mi-building,0.07
mi-bête,0.04
mi-café,0.07
mi-campagnarde,0.07
mi-canard,0.07
mi-capacité,0.02
mi-carême,0.61
mi-chair,0.20
mi-chat,0.07
mi-chatte,0.01
mi-chauve,0.07
mi-chemin,6.35
mi-chou,0.07
mi-chourineur,0.07
mi-chèvre,0.07
mi-clair,0.07
mi-clos,7.16
mi-cloître,0.07
mi-comique,0.14
mi-compote,0.07
mi-confit,0.07
mi-consterné,0.07
mi-corbeaux,0.07
mi-corps,1.55
mi-course,0.27
mi-courtois,0.07
mi-coutume,0.07
mi-crabe,0.07
mi-croyant,0.07
mi-cruel,0.07
mi-créature,0.07
mi-cuisse,1.35
mi-curieux,0.14
mi-céleste,0.07
mi-cérémonieux,0.07
mi-côte,0.20
mi-dentelle,0.07
mi-didactique,0.07
mi-distance,0.34
mi-douce,0.07
mi-décadents,0.07
mi-décembre,0.27
mi-démon,0.02
mi-désir,0.07
mi-effrontée,0.07
mi-enfant,0.07
mi-enterré,0.07
mi-envieux,0.07
mi-espagnol,0.07
mi-européen,0.14
mi-excitation,0.07
mi-farceur,0.07
mi-faux,0.07
mi-femme,0.12
mi-fermiers,0.07
mi-fiel,0.07
mi-figue,0.54
mi-flanc,0.14
mi-fleuve,0.08
mi-français,0.14
mi-furieux,0.07
mi-février,0.07
mi-garçon,0.07
mi-geste,0.07
mi-gigolpince,0.07
mi-gnon,0.07
mi-gonzesse,0.07
mi-grenier,0.07
mi-grognon,0.07
mi-grondeur,0.07
mi-haute,0.07
mi-hauteur,2.91
mi-homme,0.44
mi-humain,0.08
mi-humaine,0.07
mi-humains,0.07
mi-hésitant,0.07
mi-idiotes,0.07
mi-indien,0.07
mi-indifférente,0.07
mi-indigène,0.07
mi-indulgent,0.14
mi-ironique,0.41
mi-jambe,0.74
mi-janvier,0.20
mi-jaune,0.14
mi-jersey,0.14
mi-joue,0.07
mi-jour,0.07
mi-journée,0.27
mi-juif,0.07
mi-juillet,0.41
mi-juin,0.07
mi-laiton,0.07
mi-lent,0.01
mi-londrès,0.07
mi-longs,0.34
mi-longueur,0.07
mi-lourd,0.17
mi-machine,0.07
mi-mai,0.01
mi-mao,0.07
mi-marchande,0.07
mi-mars,0.20
mi-meublé,0.07
mi-mexicain,0.01
mi-miel,0.07
mi-mollet,0.20
mi-mollets,0.27
mi-mondaine,0.07
mi-moqueur,0.14
mi-mot,0.27
mi-mouton,0.07
mi-moyen,0.10
mi-métal,0.07
mi-narquoise,0.07
mi-noir,0.07
mi-novembre,0.27
mi-nuit,0.07
mi-octobre,0.14
mi-officiel,0.14
mi-ogre,0.07
mi-oiseau,0.10
mi-oriental,0.07
mi-parcours,0.34
mi-pathétique,0.07
mi-patio,0.07
mi-patois,0.07
mi-peau,0.07
mi-pelouse,0.07
mi-pente,0.81
mi-pierre,0.07
mi-pincé,0.07
mi-plaintif,0.20
mi-plaisant,0.07
mi-pleurant,0.07
mi-pleurnichard,0.07
mi-poisson,0.14
mi-poitrine,0.07
mi-porcine,0.07
mi-portugaise,0.07
mi-porté,0.07
mi-poucet,0.07
mi-poulet,0.07
mi-prestidigitateur,0.07
mi-promenoir,0.07
mi-protecteur,0.14
mi-putain,0.07
mi-rageur,0.07
mi-raide,0.07
mi-railleur,0.14
mi-raisin,0.61
mi-renaissance,0.07
mi-riant,0.27
mi-rose,0.07
mi-roulotte,0.07
mi-route,0.07
mi-russe,0.14
mi-réalité,0.07
mi-régime,0.07
mi-réprobateur,0.07
mi-résigné,0.07
mi-saison,0.14
mi-salade,0.01
mi-salaire,0.01
mi-samoan,0.01
mi-sanglotant,0.07
mi-satin,0.07
mi-satisfait,0.07
mi-sceptique,0.07
mi-secours,0.07
mi-seigneur,0.07
mi-sel,0.07
mi-septembre,0.27
mi-singe,0.01
mi-sombre,0.07
mi-sommet,0.07
mi-songe,0.07
mi-souriant,0.14
mi-suisse,0.07
mi-série,0.01
mi-sérieux,0.20
mi-tantouse,0.07
mi-tendre,0.14
mi-terrorisé,0.07
mi-timide,0.07
mi-tortue,0.07
mi-tour,0.07
mi-tout,0.07
mi-tragique,0.07
mi-trimestre,0.01
mi-velours,0.07
mi-verre,0.14
mi-vie,0.07
mi-voix,14.39
mi-voluptueux,0.07
mi-vrais,0.07
mi-végétal,0.01
mi-vénitien,0.07
mi-épaule,0.07
mi-étage,0.47
mi-étendue,0.07
mi-étonné,0.14
mi-étudiant,0.07
mi-été,0.27
miam,2.19
miam-miam,0.68
miao,0.06
miaou,1.55
miasme,1.28
miaulement,2.57
miauler,6.15
miauleur,0.01
mica,2.77
miche,9.80
micheline,0.20
micheton,5.41
michetonner,0.54
michetonneuse,0.14
miché,2.91
micmac,0.61
micocoulier,0.34
micro,15.03
micro-cravate,0.01
micro-onde,0.38
micro-ondes,2.45
micro-ordinateur,0.14
micro-organisme,0.08
micro-trottoir,0.01
microanalyse,0.02
microbe,6.00
microbiologie,0.14
microbiologiste,0.06
microbus,0.01
microcassette,0.07
microchimie,0.03
microchirurgie,0.07
microcircuit,0.07
microclimat,0.16
microcopie,0.01
microcosme,0.34
microcéphale,0.27
microfilm,0.58
microgramme,0.02
microgravité,0.01
micromètre,0.04
micron,0.74
microphone,0.73
microprocesseur,0.36
microscope,3.94
microscopie,0.04
microscopique,2.23
microscopiquement,0.07
microseconde,0.10
microsillon,0.27
microsociologie,0.07
microsonde,0.01
microstructure,0.07
microédition,0.01
miction,0.07
middle class,0.07
middle-west,0.14
midi,68.38
midinette,2.23
midrash,0.02
midship,0.20
mie,5.74
miel,17.36
miellat,0.01
mielle,0.07
mielleux,1.82
miellé,0.07
mien,54.06
mienne,50.46
miennes,9.59
miens,21.15
miette,17.16
mieux,651.73
mieux-vivre,0.07
mieux-être,0.20
mignard,1.35
mignardement,0.07
mignardise,0.88
mignon,69.71
mignonnement,0.14
mignonnet,0.27
mignonnette,0.14
mignoter,0.41
migraine,10.32
migraineuse,0.07
migraineux,0.20
migrant,0.54
migrateur,1.55
migration,2.64
migratoire,0.14
migrer,0.83
mijaurée,1.01
mijoter,7.57
mijoteuse,0.07
mikado,0.88
mil,1.55
milady,3.18
milan,0.34
milanais,0.47
mildiou,0.04
mile,8.34
milice,4.39
milicien,8.92
milieu,256.08
militaire,96.22
militairement,1.15
militant,11.55
militantisme,0.74
militarisation,0.04
militariser,0.07
militarisme,0.20
militariste,0.47
militaro,0.01
militaro-industriel,0.06
militer,4.26
milk-bar,0.20
milk-shake,1.85
mille,142.09
mille-feuille,1.08
mille-pattes,2.09
millefeuille,0.54
millenium,0.08
millet,0.61
milli,0.16
milliaire,0.14
milliard,17.52
milliardaire,2.77
milliardième,0.02
millier,42.43
milligramme,1.06
millilitre,0.04
millimètre,6.76
millimétrique,0.27
millimétré,0.47
million,124.70
millionième,0.34
millionnaire,3.59
milliseconde,0.16
millième,1.15
millénaire,5.41
millénarisme,0.01
millénariste,0.02
millénium,0.13
millésime,1.01
milonga,0.03
milord,2.72
milouin,0.01
mime,5.35
mimer,9.86
mimi,0.68
mimique,6.22
mimolette,0.01
mimosa,2.91
mimétique,0.07
mimétisme,1.55
min,7.85
minable,15.58
minablement,0.14
minage,0.07
minaret,1.96
minaudant,0.07
minauder,3.38
minauderie,0.88
minaudeur,0.07
minaudière,0.20
minbar,0.12
mince,78.51
minceur,2.36
mincir,0.55
mine,65.88
miner,10.47
minerai,1.38
minerval,0.01
minerve,0.69
minestrone,0.27
minet,7.09
mineur,11.96
ming,0.04
mini,1.69
mini-chaîne,0.14
mini-jupe,0.62
mini-ordinateur,0.02
miniature,10.07
miniaturisation,0.15
miniaturiser,0.34
miniaturiste,0.47
minibar,0.26
minibus,1.99
minicassette,0.27
minier,1.42
minigolf,0.23
minijupe,1.20
minimal,1.39
minimaliser,0.01
minimalisme,0.06
minimaliste,0.10
minimax,0.01
minime,2.84
minimisation,0.07
minimiser,2.57
minimum,11.82
ministre,81.15
ministère,17.50
ministériel,2.77
minitel,0.34
minium,0.95
mino,1.13
minoen,0.34
minois,1.55
minoritaire,0.61
minorité,4.03
minot,1.35
minotaure,0.14
minotier,0.61
minou,7.00
minouche,0.81
minuit,38.51
minus,8.35
minus habens,0.14
minuscule,62.09
minutage,0.34
minute,342.28
minuter,2.04
minuterie,2.36
minuteur,1.21
minutie,3.58
minutieusement,4.73
minutieux,7.03
minéral,8.78
minéralisation,0.01
minéralogique,0.74
mioche,2.30
miquette,0.34
mir,0.68
mirabelle,1.96
mirabellier,0.34
mirabilis,0.14
miracle,56.89
miraculant,0.14
miraculeusement,4.53
miraculeux,9.26
miraculé,0.88
mirador,4.73
mirage,10.07
miraud,0.14
mire,2.16
mirepoix,0.01
mirer,2.57
mirette,6.01
mirifique,1.08
mirliflore,0.07
mirliton,1.15
mirmidon,0.14
miro,1.32
mirobolant,1.42
miroir,63.99
miroitant,3.51
miroitement,2.43
miroiter,5.74
miroiterie,0.07
miroitier,0.20
mironton,1.08
miroton,0.34
mirus,0.54
mis,12.66
misaine,0.27
misanthrope,0.61
misanthropie,0.41
miscible,0.01
mise,39.86
miser,11.80
miserere,0.80
misogyne,0.54
misogynie,1.01
miss,39.08
missel,3.38
missile,16.70
missilier,0.16
mission,85.24
mission-suicide,0.07
missionnaire,2.29
missive,2.97
mister,2.14
mistigri,0.14
mistoufle,0.81
mistral,2.03
misère,47.23
misérabilisme,0.14
misérabiliste,0.14
misérable,22.97
misérablement,2.16
miséreux,1.35
miséricorde,8.79
miséricordieusement,0.07
miséricordieux,4.69
mita,0.07
mitaine,0.95
mitan,3.58
mitard,4.32
mitarder,0.20
mite,2.23
miter,0.34
miteusement,0.07
miteuserie,0.14
miteux,4.86
mithriaque,0.14
mithridatisation,0.07
mitiger,0.34
mitigé,0.47
mitochondrial,0.03
mitochondrie,0.33
miton,0.07
mitonner,2.70
mitose,0.14
mitotique,0.03
mitoufle,0.07
mitoyen,1.55
mitoyenneté,0.20
mitraillade,1.01
mitraillage,0.15
mitraille,3.18
mitrailler,3.85
mitraillette,11.35
mitrailleur,15.47
mitral,0.30
mitre,1.96
mitron,3.58
mitré,0.61
mité,1.01
mixage,0.86
mixer,1.11
mixeur,1.21
mixité,0.14
mixte,3.45
mixture,1.62
mièvre,1.35
mièvrement,0.01
mièvrerie,1.01
ml,0.03
mlle,45.69
mm,3.79
mme,81.64
mn,0.02
mnémonique,0.07
mnémotechnie,0.07
mnémotechnique,0.03
mob,0.93
mobil-home,0.07
mobile,12.64
mobilier,5.74
mobilisable,0.74
mobilisateur,0.34
mobilisation,4.39
mobiliser,9.39
mobilité,1.96
mobylette,2.09
mocassin,2.50
mochard,0.41
moche,28.73
mocheté,0.88
moco,0.19
mod,0.07
modalité,2.30
mode,51.69
model,0.99
modelable,0.07
modelage,0.20
modeler,8.24
modeleur,0.04
modelé,1.69
modem,0.43
moderato,0.81
modern style,0.68
modern-style,0.27
moderne,34.73
modernisation,0.74
moderniser,1.69
modernisme,1.15
modernissime,0.07
moderniste,0.20
modernité,1.35
modeste,31.69
modestement,4.39
modestie,10.34
modicité,0.20
modifiable,0.20
modificateur,0.03
modification,4.26
modifier,18.85
modifié,0.91
modillon,0.47
modique,0.95
modiste,1.55
modulable,0.14
modulaire,0.11
modulateur,0.47
modulation,2.36
module,7.03
moduler,4.19
modus operandi,0.32
modus vivendi,0.47
modèle,35.95
modélisation,0.04
modélisme,0.03
modéliste,0.27
modérateur,0.14
modération,2.36
modérer,3.51
modéré,3.18
modérément,2.36
moelle,6.15
moelleusement,0.27
moelleux,6.22
moellon,2.50
moeurs,21.08
moghol,0.01
mogol,0.14
mohair,0.54
mohican,0.01
moho,0.03
moi,3675.68
moi-moi-moi,0.07
moi-même,107.30
moignon,4.05
moindre,130.27
moindrement,0.07
moine,34.73
moineau,8.38
moinillon,0.54
moins,718.18
moire,1.76
moirure,0.34
moiré,1.96
mois,312.31
moise,0.37
moisi,4.46
moisir,5.00
moisissure,3.78
moisson,7.91
moissonner,1.01
moissonneur,1.22
moissonneuse-batteuse,0.47
moissonneuse-lieuse,0.14
moite,15.14
moiteur,4.93
moitié,79.05
moitié-moitié,0.14
moka,1.89
moko,0.14
mol,1.28
molaire,1.76
molard,0.01
molasse,0.20
moldave,0.27
mole,0.47
moleskine,3.31
molesquine,0.88
molestation,0.07
molester,0.88
molette,1.01
moliéresque,0.07
mollah,0.89
mollard,1.82
mollarder,0.07
mollasse,0.95
mollasson,0.40
mollement,11.55
mollesse,6.42
mollet,14.93
molletière,3.18
molleton,0.88
molletonneux,0.07
molletonné,0.14
mollir,2.57
mollo,5.23
mollusque,1.22
moloch,0.07
molosse,1.76
molto,0.28
moly,0.04
molybdène,0.01
moléculaire,2.40
molécule,2.15
moman,0.27
mombin,0.07
moment,688.24
moment-clé,0.04
momentané,2.57
momentanément,5.20
momerie,0.61
momie,2.18
momification,0.07
momifier,1.55
momifié,1.22
mominette,0.41
mon,3848.99
monacal,1.22
monachisme,0.07
monadologie,0.01
monarchie,4.86
monarchique,0.34
monarchiste,1.28
monarque,1.96
monastique,1.08
monastère,7.97
monbazillac,0.54
monceau,7.84
mondain,13.24
mondainement,0.14
mondanité,2.64
monde,830.72
monder,0.11
mondial,16.35
mondiale,0.61
mondialement,0.53
mondialisation,0.13
mondovision,0.07
mongo,0.19
mongol,3.92
mongolie,0.07
mongolien,1.01
mongolique,0.14
mongoloïde,0.07
moniale,0.14
moniteur,5.61
monition,0.14
monitor,0.11
monitorage,0.04
monitoring,0.13
monnaie,28.99
monnaie-du-pape,0.07
monnaies-du-pape,0.07
monnayable,0.27
monnayer,1.49
monnayeur,0.14
mono,3.02
monoamine,0.03
monobloc,0.07
monocellulaire,0.01
monochrome,0.41
monochromie,0.07
monocle,4.05
monoclonal,0.02
monoclé,0.14
monocoque,0.10
monocorde,2.57
monocratie,0.01
monoculaire,0.07
monoculture,0.07
monocycle,0.07
monocylindre,0.07
monodie,0.10
monofilament,0.02
monogame,0.50
monogamie,0.59
monogramme,0.95
monographie,0.61
monokini,0.32
monolinguisme,0.10
monolithe,0.14
monolithique,0.68
monolithisme,0.07
monologue,6.28
monologuer,1.01
monomane,0.01
monomaniaque,0.20
monomanie,0.14
monomoteur,0.07
mononucléaire,0.07
mononucléose,0.40
monoparental,0.09
monoplace,0.14
monoplan,0.47
monopode,0.01
monopole,3.11
monopoliser,0.88
monopoly,1.37
monoprix,0.27
monorail,0.55
monospace,0.18
monosyllabe,1.35
monosyllabique,0.14
monothéisme,0.34
monothéiste,0.14
monotone,15.47
monotonement,0.41
monotonie,4.93
monotype,0.07
monoxyde,0.40
monoxyle,0.07
mons,0.41
monseigneur,26.26
monsieur,739.12
monsignor,0.17
monsignore,0.16
monstrance,0.14
monstre,62.56
monstrueusement,1.69
monstrueux,20.88
monstruosité,2.77
mont,18.92
mont-blanc,1.84
mont-de-piété,0.98
montage,6.66
montagnard,2.03
montagne,81.82
montagneux,1.35
montaison,0.07
montant,12.84
monte-charge,0.54
monte-charges,0.07
monte-en-l'air,0.20
monte-plat,0.01
monte-plats,0.07
monter,404.59
monteur,1.46
montgolfière,0.95
monticule,3.78
montjoie,0.34
montmartrois,0.74
montparno,0.20
montrable,0.41
montre,48.40
montre-bracelet,2.09
montre-gousset,0.07
montre-la-moi,0.14
montrer,327.33
montreur,1.35
montueux,0.47
monture,16.62
monté,8.58
montée,15.61
monténégrin,0.07
monument,19.32
monumental,12.03
monumentalement,0.03
monumentalité,0.01
monétaire,2.16
monétariste,0.01
moonisme,0.07
mooré,0.03
moos,0.03
moose,0.60
moque,0.29
moquer,71.13
moquerie,6.35
moquette,15.95
moqueur,9.12
moqueusement,0.27
moraillon,0.07
moraine,0.47
morainique,0.20
moral,34.53
morale,21.49
moralement,7.30
moralisateur,0.73
moralisation,0.07
moraliser,0.41
moralisme,0.27
moraliste,1.49
moralité,4.86
morasse,0.81
moratoire,0.17
morave,0.02
morbac,0.20
morbaque,0.54
morbide,4.73
morbidement,0.07
morbidesse,0.14
morbidité,0.14
morbier,0.07
morbleu,0.54
morceau,99.32
morceler,1.28
morcellement,0.34
morcelé,0.61
morcif,0.34
mordant,2.70
mordançage,0.14
mordeur,0.14
mordeuse,0.03
mordicus,0.54
mordieu,0.20
mordillage,0.07
mordillement,0.61
mordiller,5.61
mordoré,2.16
mordre,48.45
mordu,1.55
more,3.69
moreau,0.02
morelle,0.01
moresque,0.27
morfal,0.47
morfaler,0.41
morfalou,0.07
morfil,0.07
morfler,2.91
morfondre,2.50
morfondu,0.68
morganatique,0.14
morganer,0.34
morgeline,0.01
morgon,0.01
morgue,10.12
moria,0.08
moribond,2.50
moricaud,0.95
morigéner,1.22
morille,0.61
morillon,0.88
morlingue,1.28
mormon,0.75
morne,19.66
mornement,0.07
mornifle,0.81
moro,0.01
morose,8.78
morosement,0.07
morosité,1.08
morphine,7.37
morphing,0.01
morphinomane,0.14
morphique,0.04
morpho,0.03
morphogenèse,0.01
morphogénétique,0.11
morphologie,0.81
morphologique,0.14
morpion,2.14
mors,1.89
morse,3.50
morsure,6.31
mort,460.05
mort-aux-rats,0.61
mort-né,0.80
mort-vivant,1.46
mortadelle,0.79
mortaise,0.20
mortaiser,0.20
mortalité,1.51
morte-saison,1.08
mortel,24.13
mortellement,3.18
mortes-eaux,0.07
mortibus,0.34
mortier,5.61
mortifiant,0.41
mortification,1.22
mortifier,3.78
mortifère,0.34
mortuaire,5.47
morue,5.61
morula,0.01
morvandiau,0.20
morve,1.96
morveux,4.97
mos,0.01
mosaïque,4.53
mosaïste,0.14
moscoutaire,0.07
moscovite,1.42
mosquée,5.68
mot,553.78
mot-clé,0.58
mot-valise,0.01
motard,6.89
motel,9.43
motesse,0.07
motet,0.27
moteur,51.08
moteur-fusée,0.04
motif,31.15
motilité,0.02
motion,3.10
motivant,0.24
motivateur,0.05
motivation,4.81
motiver,5.50
motivé,1.43
moto,25.23
moto-club,0.14
moto-cross,0.07
motocross,0.19
motoculteur,0.14
motoculture,0.14
motocyclette,4.19
motocyclisme,0.02
motocycliste,2.64
motoneige,0.60
motoneurone,0.01
motorisation,0.27
motoriser,1.42
motorisé,2.23
motrice,0.14
motricité,0.42
mots-croisés,0.07
motte,9.19
mottereau,0.07
motteux,0.07
motu proprio,0.07
motus,1.01
mou,22.50
mouais,1.15
mouchachou,0.07
mouchage,0.01
mouchard,6.00
mouchardage,0.20
moucharder,1.54
mouche,46.89
moucher,6.55
moucheron,2.43
mouchette,0.14
moucheture,0.41
moucheté,1.15
moucheur,0.07
mouchoir,34.59
moudjahiddine,0.07
moudjahidin,0.16
moudjahidine,0.01
moudre,2.57
moue,18.58
mouette,15.81
moufette,0.04
mouffette,0.54
moufle,1.76
mouflet,5.68
mouflette,2.43
mouflon,0.47
moufter,4.12
mouillage,1.22
mouillant,0.14
mouille,0.74
mouiller,38.92
mouillette,0.68
mouilleur,0.01
mouillon,0.07
mouillure,0.34
mouillé,33.51
mouise,1.01
moujahid,0.47
moujik,1.15
moujingue,1.28
moukère,0.41
moulage,1.15
moulant,1.76
moule,9.26
mouler,8.78
mouleur,0.07
moulin,19.05
moulin-à-vent,0.14
moulinage,0.01
mouliner,0.88
moulinet,3.18
moulinette,0.68
moult,3.18
moulu,0.88
moulure,2.70
moulé,1.49
moumoute,0.87
mound,0.02
mouquère,0.27
mourant,9.56
mourir,916.40
mouroir,0.27
mouron,4.26
mouronner,0.14
mourre,0.07
mouscaille,0.81
mousmé,0.22
mousquet,1.31
mousquetaire,3.65
mousqueterie,0.20
mousqueton,4.39
moussage,0.07
moussaillon,0.59
moussaka,0.27
moussant,0.75
mousse,27.16
mousseline,4.73
mousser,3.51
mousseron,1.62
mousseux,3.72
mousson,17.36
moussu,2.23
moustache,45.07
moustachu,8.99
moustagache,0.54
moustiquaire,2.09
moustique,7.57
moutard,3.31
moutarde,5.00
moutardier,0.14
moutier,0.14
mouton,30.47
moutonnant,0.47
moutonnement,1.42
moutonner,1.01
moutonnerie,0.07
moutonneux,0.20
moutonnier,0.27
mouture,0.20
mouvance,0.20
mouvant,13.18
mouvement,182.97
mouvementé,1.42
mouvoir,13.18
moyen,107.03
moyen-oriental,0.03
moyen-orientaux,0.01
moyen-âge,1.15
moyennant,4.53
moyenne,7.77
moyennement,0.54
moyenner,0.20
moyenâgeux,1.69
moyer,0.10
moyeu,0.68
moyeux,0.41
mozarabe,0.20
mozzarella,0.64
mozzarelle,0.03
moï,0.27
moïse,0.47
moût,0.68
muchacho,1.56
mucilage,0.01
mucor,0.01
mucosité,0.20
mucoviscidose,0.14
mucus,0.38
mudéjar,0.20
mue,2.57
muer,7.03
muesli,0.06
muet,45.74
muette,2.50
muettement,0.68
muezzin,0.61
muffin,2.96
mufle,6.89
muflerie,1.01
muflier,0.68
muflée,0.20
mufti,0.41
mugir,2.84
mugissant,0.54
mugissement,2.97
muguet,3.92
mulard,0.01
mule,9.62
mulet,7.43
muleta,0.27
muletier,0.41
mulhousien,0.07
mullah,0.05
mulon,0.07
mulot,1.55
multi,2.37
multi-tâches,0.05
multicellulaire,0.02
multicolore,13.72
multiconfessionnel,0.01
multicouche,0.01
multiculturalisme,0.01
multiculturel,0.10
multidimensionnel,0.12
multidisciplinaire,0.07
multifamilial,0.01
multifonction,0.04
multifonctionnel,0.01
multifonctions,0.14
multiforme,0.74
multigrade,0.34
multimilliardaire,0.04
multimillionnaire,0.13
multimédia,0.08
multinational,0.56
multinationale,1.71
multipare,0.07
multipartite,0.10
multiple,18.18
multiplex,0.09
multiplexe,0.04
multiplexer,0.02
multiplicateur,0.04
multiplication,2.36
multiplicité,1.55
multiplier,22.91
multiplié,1.42
multipoints,0.01
multiprise,0.14
multipropriété,0.23
multiracial,0.14
multirisque,0.14
multirécidiviste,0.05
multitude,10.27
multitâche,0.06
mulâtre,1.08
mulâtresse,0.34
mungo,0.02
muni,1.55
munich,0.07
munichois,0.14
municipal,14.53
municipalité,3.58
municipe,0.27
munificence,1.01
munir,14.53
munition,14.68
munster,0.20
muon,0.01
muphti,0.07
muqueux,0.47
mur,317.77
murage,0.01
muraille,20.88
mural,3.24
murer,6.96
muret,3.24
muretin,0.27
murette,4.26
murex,0.07
muriatique,0.07
murin,0.01
murmel,0.07
murmurant,1.22
murmure,31.62
murmurer,123.58
murène,0.56
musaraigne,0.61
musard,0.20
musarder,1.42
musardise,0.07
musc,0.81
muscade,1.15
muscadelle,0.07
muscadet,1.69
muscadin,0.07
muscadine,0.07
muscat,1.28
muscle,34.53
muscler,2.50
musclé,7.03
muscovite,0.01
musculaire,2.77
musculation,0.48
musculature,1.89
musculeux,2.30
muse,2.42
museau,12.64
museler,1.01
muselière,0.81
muser,0.74
muserolle,0.07
musette,18.45
music-hall,4.32
musical,24.76
musicalement,0.30
musicalité,0.47
musicien,16.08
musico,0.68
musicologie,0.03
musicologique,0.02
musicologue,0.34
musicothérapie,0.01
musique,169.80
musiquer,0.34
musiquette,0.47
muskogee,0.01
musoir,0.07
musqué,1.49
mussolinien,0.41
must,3.98
mustang,0.75
musulman,7.09
musée,28.38
muséologie,0.01
muséologique,0.01
muséologue,0.01
muséum,0.24
mutabilité,0.03
mutable,0.03
mutagène,0.02
mutant,4.67
mutation,5.53
mutatis mutandis,0.07
muter,7.04
mutilant,0.20
mutilateur,0.03
mutilation,2.57
mutiler,4.39
mutilé,6.15
mutin,1.01
mutiner,0.85
mutinerie,3.13
mutiné,0.15
mutique,0.07
mutisme,6.89
mutité,0.20
mutualisme,0.07
mutualité,0.34
mutuel,4.00
mutuellement,4.59
myasthénie,0.12
mycologie,0.07
mycologue,0.27
mycose,0.73
mycène,0.04
mycénien,0.14
mygale,0.47
mylord,0.97
myocarde,0.20
myocardiopathie,0.07
myocardique,0.01
myocardite,0.07
myoclonie,0.01
myoglobine,0.04
myographe,0.07
myopathie,0.07
myopathique,0.01
myope,4.05
myopie,2.16
myosine,0.01
myosis,0.04
myosotis,1.49
myriade,3.31
myriophylle,0.20
myrmidon,0.69
myrrhe,0.54
myrte,1.55
myrtille,3.43
mystagogie,0.14
mystagogique,0.14
mystagogue,0.07
myste,0.01
mysticisme,1.89
mystificateur,0.41
mystification,1.49
mystifier,1.01
mystique,8.85
mystiquement,0.20
mystère,51.01
mystérieusement,6.82
mystérieux,53.65
mythe,10.41
mythifier,0.14
mythique,4.19
mythisation,0.07
mytho,0.36
mythologie,4.73
mythologique,2.03
mythologue,0.14
mythomane,1.28
mythomanie,0.61
myxomatose,0.07
myéline,0.01
myélite,0.07
myéloblaste,0.20
myéloïde,0.02
mâchage,0.07
mâche,1.08
mâchefer,2.57
mâcher,12.30
mâcheur,0.07
mâchicoulis,0.34
mâchoire,23.58
mâchonner,4.59
mâchouiller,1.62
mâchouilleur,0.07
mâle,15.95
mânes,0.41
mât,9.59
mâter,0.14
mâtin,0.26
mâtine,1.22
mâtiné,0.03
mâture,1.62
mèche,31.01
mère,761.28
mère-grand,0.89
mère-patrie,0.41
mètre,130.07
méandre,3.72
méandreux,0.07
méandrine,0.07
méat,0.14
mécanicien,7.50
mécanique,21.82
mécaniquement,3.65
mécanisation,0.14
mécaniser,0.88
mécanisme,10.34
mécano,4.05
méchamment,6.42
méchanceté,12.97
méchant,53.37
mécher,0.77
méchoui,0.47
mécompte,0.81
méconduite,0.01
méconium,0.03
méconnaissable,6.22
méconnaissance,0.81
méconnaître,4.93
méconnu,2.16
mécontent,9.53
mécontentement,4.05
mécontenter,0.81
mécréance,0.20
mécréant,1.41
mécène,1.89
mécénat,0.04
médaille,16.32
médaillon,3.65
médaillé,0.24
médecin,140.19
médecin-chef,2.09
médecin-conseil,0.01
médecin-général,0.20
médecin-major,0.70
médecine,23.51
médecine-ball,0.01
média,10.23
médian,2.50
médiane,0.02
médianoche,0.47
médiascope,0.14
médiastin,0.20
médiateur,0.60
médiation,0.74
médiatique,1.72
médiatisation,0.23
médiator,0.09
médical,31.48
médicalement,1.03
médicalisation,0.01
médicament,41.82
médicamentation,0.07
médicamenter,0.14
médicamenteux,0.10
médicastre,0.41
médication,0.27
médicinal,0.85
médico-légal,1.06
médico-psychologique,0.01
médico-social,0.07
médina,1.28
médiocre,15.88
médiocrement,2.43
médiocrité,5.54
médire,1.15
médisance,1.62
médisant,0.68
méditant,0.14
méditatif,4.59
méditation,10.47
méditativement,0.34
méditer,14.86
méditerranéen,5.34
médium,6.07
médiumnique,0.21
médiumnité,0.03
médius,1.69
médiéval,4.26
médiéviste,0.20
médoc,1.48
médulla,0.01
médullaire,0.07
méduse,3.92
méduser,1.96
médusé,1.96
méfait,2.64
méfiance,19.46
méfiant,9.93
méfier,35.95
méforme,0.02
méga,4.75
mégacôlon,0.01
mégahertz,0.05
mégalithe,0.14
mégalithique,0.14
mégalo,0.34
mégalomane,0.47
mégalomaniaque,0.14
mégalomanie,0.61
mégalopole,0.02
mégalosaure,0.01
mégaphone,0.89
mégapole,0.27
mégaron,0.14
mégatonne,0.39
mégisserie,0.47
mégot,17.30
mégotage,0.20
mégoter,0.47
méhari,0.41
méhariste,0.27
méiose,0.04
méjugement,0.07
mélancolie,21.01
mélancolieux,0.07
mélancolique,16.62
mélancoliquement,1.82
mélancoliser,0.07
mélange,31.01
mélangeant,0.01
mélanger,22.84
mélangeur,0.20
mélangé,2.97
mélanine,0.04
mélanome,0.52
mélasse,1.42
mélatonine,0.11
méli-mélo,0.81
mélilot,0.07
mélinite,0.14
mélisse,0.34
mélo,1.08
mélodie,7.77
mélodieusement,0.07
mélodieux,2.97
mélodique,0.47
mélodramatique,0.68
mélodrame,1.49
mélomane,0.81
mélopée,3.51
mélèze,1.08
mémo,3.21
mémoire,110.88
mémorabilité,0.07
mémorable,5.34
mémorandum,2.91
mémorial,0.81
mémorialiste,0.54
mémoriel,0.18
mémorisation,0.02
mémoriser,2.57
mémère,5.34
mémé,35.34
ménade,0.20
ménage,32.91
ménagement,5.20
ménager,23.65
ménagerie,2.23
ménesse,0.07
ménestrel,0.43
méningiome,0.01
méningite,0.99
méningocoque,0.01
ménisque,0.41
ménopause,1.01
ménopausé,0.15
méphistophélique,0.41
méphitique,0.68
méplat,0.88
méprendre,6.15
mépris,36.55
méprisable,2.84
méprisamment,0.01
méprisant,9.86
méprise,2.16
mépriser,27.57
méridien,0.95
méridional,2.43
mérinos,0.27
méritant,1.89
mérite,18.99
mériter,97.06
méritocratie,0.01
méritoire,2.09
mérou,0.99
mérovingien,0.41
mésalliance,0.54
mésange,7.64
mésaventure,4.26
mésencéphale,0.04
mésentente,0.61
mésentère,0.01
mésentérique,0.11
mésestime,0.20
mésestimer,0.20
mésintelligence,0.07
mésinterpréter,0.14
mésomorphe,0.02
mésomorphique,0.01
méson,0.04
mésopotamien,0.05
mésopotamienne,0.07
mésosphère,0.02
mésozoïque,0.07
mésusage,0.07
mésuser,0.07
méta,0.14
métabolique,0.28
métaboliser,0.02
métabolisme,1.27
métabolite,0.07
métacarpe,0.13
métacarpien,0.04
métairie,1.15
métal,44.73
métallique,23.78
métallisation,0.01
métallo,1.08
métallographie,0.04
métallurgie,0.47
métallurgique,0.54
métallurgiste,0.34
métamorphique,0.01
métamorphose,11.22
métamorphoser,9.26
métaphase,0.01
métaphore,4.71
métaphorique,0.27
métaphoriquement,0.51
métaphysicien,0.47
métaphysique,6.35
métaphysiquement,0.14
métapsychique,0.11
métapsychologie,0.07
métapsychologique,0.07
métastase,0.28
métastatique,0.08
métayage,0.07
métayer,1.49
métempsychose,0.07
métempsycose,0.27
méthacrylate,0.01
méthadone,0.73
méthanal,0.01
méthane,0.70
méthanol,0.13
méthode,24.87
méthodique,3.18
méthodiquement,4.26
méthodisme,0.14
méthodiste,0.28
méthodologie,0.27
méthodologique,0.07
méthyle,0.05
méthylique,0.01
méthylène,0.34
méthédrine,0.09
méticuleusement,2.57
méticuleux,6.28
méticulosité,0.34
métier,84.53
métingue,0.14
métis,3.18
métissage,1.15
métisser,0.40
métonymie,0.07
métrage,1.69
métreur,0.01
métrique,0.27
métrite,0.14
métro,41.35
métronome,1.35
métropole,10.74
métropolitain,3.92
métropolite,0.47
métèque,4.19
météo,8.90
météore,2.97
météorique,0.14
météoriquement,0.07
météorite,4.87
météoritique,0.07
météorologie,1.08
météorologique,1.82
météorologiste,0.07
météorologue,0.40
mévente,0.27
mézig,1.15
mézigue,2.84
mêle-tout,0.01
mêler,112.64
mêlé,6.01
mêlé-cass,0.20
mêlé-casse,0.14
mêlécasse,0.07
mêlée,7.64
même,1358.65
mêmement,0.34
mêmes,18.38
môle,3.92
môme,61.08
mûr,19.73
mûrement,0.40
mûrier,0.74
mûrir,8.24
mûrissant,0.61
mûrissement,0.54
mûron,0.07
n',0.18
n'est-ce pas,0.10
na,5.66
nabab,0.72
nabi,0.28
nable,0.02
nabot,2.10
nacarat,0.20
nacelle,3.04
nacre,5.34
nacrure,0.14
nacré,3.24
nada,2.63
nadir,0.20
naevus,0.14
naga,0.05
nage,6.28
nageant,0.07
nageoire,2.30
nager,30.36
nageur,4.59
naguère,23.72
nain,13.90
naira,0.03
naissain,0.07
naissance,52.91
naissant,5.61
naisseur,0.01
naja,0.41
nan,11.92
nana,39.57
nanan,0.74
nanar,0.14
nanard,0.07
nanisme,0.14
nankin,0.27
nano,0.14
nanomètre,0.07
nanoseconde,0.05
nanotechnologie,0.34
nant,0.81
nantais,0.41
nantaise,0.14
nanti,1.62
nantir,1.96
nantissement,0.07
nap,0.05
napalm,0.96
napel,0.01
naphtaline,2.30
naphtalène,0.09
naphte,0.27
napolitain,1.96
napoléon,1.28
napoléonien,0.61
nappage,0.04
nappe,25.68
napper,1.49
napperon,3.65
narbonnais,0.68
narcisse,0.95
narcissique,1.16
narcissiquement,0.07
narcissisme,1.18
narcissiste,0.03
narco-analyse,0.01
narcolepsie,0.21
narcoleptique,0.14
narcose,0.14
narcotique,1.28
narcotrafic,0.01
nard,0.14
narghileh,0.07
narghilé,0.14
narguer,6.55
narguilé,1.01
narine,25.81
narquois,6.35
narquoisement,0.27
narquoiserie,0.07
narrateur,2.36
narratif,0.34
narration,2.43
narrer,2.30
narthex,0.61
narval,0.68
nasal,2.50
nasard,0.14
nasdaq,0.14
nase,1.84
naseau,5.20
nasillard,2.64
nasillement,0.41
nasiller,1.22
nasique,0.50
nasopharynx,0.03
nasse,1.82
nassérien,0.07
natal,13.92
natalité,0.54
natation,3.59
natatoire,0.07
natif,3.65
nation,47.23
national,98.04
national-socialisme,2.03
national-socialiste,0.23
nationale,7.23
nationale-socialiste,0.14
nationalement,0.14
nationalisation,1.08
nationaliser,0.68
nationalisme,3.11
nationaliste,2.57
nationalité,6.89
nationaux-socialistes,0.14
native,0.20
nativité,1.35
natron,0.04
natrum,0.01
natrémie,0.03
natte,10.20
natter,1.01
nattier,0.14
naturalisation,1.01
naturaliser,0.68
naturalisme,0.40
naturaliste,0.69
naturalisé,0.47
nature,95.88
naturel,75.68
naturellement,71.96
naturisme,0.14
naturiste,0.41
naturlich,0.27
naturopathe,0.03
naufrage,11.62
naufrager,0.88
naufrageur,0.20
naufragé,3.45
nauséabond,2.97
nausée,10.00
nauséeux,2.03
nautile,0.05
nautilus,1.26
nautique,2.09
nautonier,0.27
navaja,0.34
navajo,0.21
naval,8.78
navale,0.27
navarin,0.27
navarrais,0.61
nave,0.74
navel,0.03
navet,3.16
navette,9.35
navicert,0.07
navigabilité,0.01
navigable,0.27
navigant,0.41
navigateur,3.78
navigation,5.41
naviguer,11.42
navire,50.20
navire-citerne,0.14
navire-hôpital,0.14
navrance,0.07
navrant,2.70
navrer,18.68
navré,8.94
nay,0.01
nazaréen,0.48
naze,4.82
nazi,14.76
nazisme,1.62
naître,119.32
naïade,0.54
naïf,21.62
naïve,0.81
naïvement,6.01
naïveté,10.68
ne,22287.83
ne varietur,0.14
nec,0.64
neck,0.21
nectar,2.28
nectarine,0.14
nef,6.89
negro,0.07
negro spiritual,0.14
neige,80.88
neiger,7.87
neigeux,4.12
nem,0.62
nemrod,0.07
nenni,0.52
nephtys,0.07
nerf,30.47
nerprun,0.20
nerver,0.35
nerveusement,7.36
nerveux,50.40
nervi,0.81
nervosité,5.07
nervure,3.24
nescafé,0.81
nestor,0.01
nestorianisme,0.34
nestorien,2.09
net,40.20
nettement,20.34
netteté,9.12
nettoiement,0.27
nettoyable,0.07
nettoyage,7.50
nettoyant,0.35
nettoyer,61.95
nettoyeur,2.51
neuf,113.18
neuneu,0.49
neural,1.21
neurasthénie,1.28
neurasthénique,1.15
neurinome,0.01
neurobiologie,0.01
neurobiologiste,0.02
neurochimie,0.03
neurochimique,0.01
neurochirurgie,0.53
neurochirurgien,0.85
neurofibromatose,0.05
neuroleptique,0.20
neurolinguistique,0.01
neurologie,0.93
neurologique,1.71
neurologiquement,0.02
neurologiste,0.09
neurologue,1.56
neuromusculaire,0.11
neuronal,0.42
neurone,1.77
neuronique,0.03
neuropathie,0.07
neuropathologie,0.01
neuropeptide,0.01
neurophysiologie,0.07
neuroplégique,0.02
neuropsychiatrie,0.03
neuropsychologue,0.02
neuroscience,0.04
neurotoxine,0.05
neurotoxique,0.14
neurotransmetteur,0.36
neutralisant,0.04
neutralisateur,0.07
neutralisation,1.08
neutraliser,5.31
neutraliste,0.16
neutralité,2.97
neutre,11.76
neutrino,0.55
neutron,0.68
neutronique,0.01
neutropénie,0.04
neuvaine,0.61
neuvième,1.49
neveu,22.90
neveux,3.72
new,3.51
new wave,0.07
new-yorkais,1.42
ney,1.68
nez,177.64
ni,662.36
niable,0.61
niais,5.68
niaisement,0.68
niaiser,0.30
niaiserie,3.51
niaiseux,0.07
niakoué,0.14
nib,2.03
nibard,1.60
nibergue,0.07
nicaraguayen,0.06
nice,2.00
nicet,0.14
nichan,0.07
niche,9.39
nicher,5.61
nichon,9.85
nichonnée,0.27
nichée,1.22
nickel,2.78
nickelé,2.03
nicotine,1.66
nictation,0.07
nictitant,0.07
nid,18.85
nid-de-poule,0.20
nidification,0.07
nielle,0.14
nier,24.86
niet,0.33
nietzschéen,0.79
nietzschéenne,0.07
nigaud,1.59
nigaudement,0.07
nigauderie,0.07
night-club,1.31
niguedouille,0.07
nigérian,0.22
nigérien,0.17
nihil obstat,0.20
nihilisme,1.22
nihiliste,0.74
nikkei,0.05
nil,0.07
nim,1.78
nimbe,0.88
nimber,2.50
nimbo,0.07
nimbo-stratus,0.14
nimbostratus,0.07
nimbus,0.20
nimbé,0.27
ninas,0.95
niobium,0.01
niolo,0.14
nioulouque,0.07
nippe,2.43
nipper,0.88
nippo,0.03
nippon,1.22
nipponne,0.14
nique,1.56
niquedouille,0.20
niquer,7.57
nirvana,0.81
nirvâna,2.09
nisan,0.20
nitrate,0.64
nitre,0.07
nitreux,0.17
nitrique,0.25
nitrite,0.14
nitroglycérine,0.79
nitrogène,0.17
nitré,0.07
nivaquine,0.14
niveau,50.70
niveler,1.96
niveleur,0.27
nivellement,0.20
nivernais,0.07
nivernaise,0.20
nivôse,0.41
nixe,0.07
niçois,1.28
nièce,12.43
nième,0.07
nière,0.14
nié,0.34
niébé,0.07
no man's land,1.49
nobiliaire,0.95
nobilitas,0.10
noblaillon,0.02
noble,31.62
noblement,2.70
noblesse,12.64
nobliau,0.14
noce,21.01
nocer,0.01
noceur,0.88
nocher,0.14
nochère,0.14
nocif,1.69
nocivité,0.20
noctambule,1.55
noctambulisme,0.14
nocturnal,0.07
nocturne,37.16
nodal,0.41
nodule,0.43
noduleux,0.14
nodus,0.07
noeud,24.26
noir,482.23
noiraud,4.80
noirceur,3.24
noirci,4.93
noircir,10.41
noirâtre,6.08
noise,1.14
noisetier,3.24
noisette,3.99
noix,12.83
nok,0.03
nolis,0.07
nom,570.67
nomade,4.86
nomadisme,0.68
nombre,78.38
nombreux,60.27
nombril,5.54
nombrilisme,0.03
nombriliste,0.14
nome,0.24
nomenclature,1.01
nomenklatura,0.14
nominal,0.39
nominalement,0.01
nominaliste,0.07
nominatif,0.47
nomination,3.50
nominer,1.42
nommer,62.30
nommé,7.84
nommément,0.47
non,4040.18
non troppo,0.07
non-agression,0.61
non-alignement,0.04
non-amour,0.10
non-appartenance,0.07
non-assistance,0.10
non-blanc,0.07
non-combattant,0.15
non-comparution,0.01
non-concurrence,0.01
non-conformisme,0.20
non-conformiste,0.14
non-conformité,0.01
non-consommation,0.03
non-croyance,0.10
non-croyant,0.62
non-culpabilité,0.01
non-dit,0.88
non-droit,0.22
non-existence,0.07
non-ferreux,0.01
non-fumeur,0.68
non-fumeurs,0.44
non-initié,0.34
non-intervention,0.21
non-lieu,1.42
non-lieux,0.20
non-paiement,0.10
non-participation,0.07
non-pesanteur,0.07
non-prolifération,0.09
non-présence,0.14
non-recevoir,0.20
non-représentation,0.01
non-respect,0.16
non-retour,0.41
non-résistance,0.14
non-savoir,0.07
non-sens,0.95
non-spécialiste,0.07
non-stop,0.89
non-séparation,0.07
non-utilisation,0.01
non-vie,0.04
non-violence,0.63
non-violent,0.31
non-vouloir,0.07
non-voyant,0.32
non-événement,0.02
non-être,0.95
nonagénaire,0.54
nonante,0.27
nonante-huit,0.07
nonce,0.68
nonchalamment,2.70
nonchalance,5.00
nonchalant,7.64
nonciature,0.14
none,0.67
nonette,0.27
nonidi,0.07
nonnain,0.61
nonne,8.46
nonnette,0.41
nonobstant,2.97
nonsense,0.07
nope,0.50
noradrénaline,0.05
nord,72.30
nord-africain,1.96
nord-américain,0.32
nord-coréen,0.36
nord-est,2.84
nord-nord-est,0.14
nord-ouest,1.22
nord-sud,0.88
nord-vietnamien,0.12
nordet,0.07
nordicité,0.01
nordique,1.69
nordiste,0.78
noria,0.61
normal,127.15
normale,3.84
normalement,20.37
normalien,2.23
normalisation,0.41
normaliser,0.54
normalité,1.27
normand,6.42
normatif,0.27
norme,5.00
noroît,0.34
norvégien,2.96
norvégienne,0.21
nos,579.19
nostalgie,20.07
nostalgique,5.27
nostalgiquement,0.20
not,0.56
nota,0.34
nota bene,0.07
notabilité,0.74
notable,6.55
notablement,0.74
notaire,17.23
notamment,20.20
notarial,0.20
notariat,0.20
notarié,0.07
notation,1.08
note,77.43
noter,44.53
notice,2.57
notification,0.54
notifier,3.18
notion,14.05
notoire,5.81
notoirement,0.61
notonecte,0.14
notoriété,2.84
notre,1022.94
notre-dame,8.58
noté,1.40
nouage,0.01
nouba,0.98
noue,0.07
nouer,32.50
noueux,5.14
nougat,2.16
nougatine,0.47
nouille,4.37
noumène,0.07
nounou,5.00
nounours,3.71
nourri,7.03
nourrice,8.38
nourricier,2.91
nourrir,64.53
nourrissage,0.14
nourrissant,1.49
nourrisseur,0.14
nourrisson,4.53
nourriture,44.86
nous,4772.12
nous-même,1.12
nous-mêmes,16.28
nouveau,292.43
nouveau-né,4.80
nouveauté,8.72
nouvel,30.59
nouvelle,191.15
nouvellement,1.62
nouvelleté,0.07
nouvelliste,0.01
noué,6.62
nova,4.14
novateur,0.68
novation,0.14
novembre,33.04
novice,2.91
noviciat,0.61
novillo,0.14
novocaïne,0.27
novotique,0.01
novélisation,0.03
noyade,2.43
noyau,9.66
noyautage,0.20
noyauter,0.88
noyer,38.58
noyé,7.36
noël,6.69
nu,168.04
nu-propriétaire,0.07
nu-tête,1.35
nuage,76.82
nuageux,1.28
nuance,20.81
nuancer,2.64
nuancier,0.04
nuancé,0.81
nubien,0.27
nubile,0.54
nubilité,0.14
nubuck,0.16
nucal,0.01
nucléaire,15.49
nucléique,0.02
nucléoside,0.01
nucléus,0.10
nudisme,0.25
nudiste,2.24
nudité,13.51
nue-propriété,0.07
nuer,0.14
nuire,14.74
nuisance,0.67
nuisette,0.33
nuisible,2.23
nuit,738.24
nuitamment,0.47
nuiteux,0.20
nuitée,0.34
nul,44.53
nullard,0.51
nulle,37.84
nullement,14.19
nulles,0.41
nullissime,0.07
nullité,2.77
nullos,0.18
nuls,0.63
numerus clausus,0.07
numide,0.34
numismate,0.47
numismatique,0.14
numéraire,0.27
numéral,0.07
numérateur,0.02
numération,0.23
numérique,3.34
numériquement,0.20
numérisation,0.07
numériser,0.22
numéro,173.48
numérologie,0.14
numérologue,0.05
numérotage,0.14
numérotation,0.12
numéroter,1.89
numéroté,1.62
nunchaku,0.24
nunuche,0.51
nuoc-mâm,0.07
nuptial,4.32
nuptialité,0.20
nuque,50.95
nurse,3.92
nurseries,0.07
nursery,1.04
nursing,0.03
nutriment,0.21
nutritif,1.05
nutrition,0.86
nutritionnel,0.10
nutritionniste,0.25
nuée,10.74
nyctalope,0.41
nylon,6.42
nymphal,0.04
nymphe,5.81
nymphette,0.68
nympho,0.80
nymphomane,0.92
nymphomanie,0.20
nymphéa,0.34
nègre,27.64
nèpe,0.14
né,5.76
néandertalien,0.01
néanderthalien,0.07
néanmoins,16.35
néant,23.99
néantisation,0.07
nébuleux,1.28
nébuliseur,0.01
nébulosité,0.14
nécessaire,68.11
nécessairement,7.64
nécessiter,4.16
nécessiteux,0.76
nécessité,33.78
nécro,0.35
nécrologe,0.14
nécrologie,1.11
nécrologique,0.53
nécrologue,0.07
nécromancie,0.09
nécromancien,0.27
nécromant,0.07
nécrophage,0.07
nécrophagie,0.07
nécrophile,0.25
nécrophilie,0.27
nécropole,1.28
nécropsie,0.05
nécrose,0.45
nécroser,0.20
nécrotique,0.05
néerlandais,1.47
néfaste,4.39
néflier,0.27
négateur,0.14
négatif,16.02
négation,3.65
négationnisme,0.01
négative,0.54
négativement,1.08
négativisme,0.01
négativiste,0.07
négativité,0.20
négligeable,5.00
négligemment,8.45
négligence,5.00
négligent,3.31
négliger,19.86
négligé,2.70
négoce,2.09
négociable,1.31
négociant,2.43
négociateur,1.38
négociation,11.28
négocier,18.82
négrier,0.54
négril,0.07
négrillon,1.01
négritude,0.44
négro,6.02
négrophile,0.04
négroïde,1.28
négus,1.55
nénesse,0.27
nénette,3.72
nénuphar,2.91
néné,5.41
néo,0.62
néo-classique,0.34
néo-colonialisme,0.20
néo-communiste,0.01
néo-fascisme,0.07
néo-figuration,0.07
néo-gangster,0.01
néo-gothique,0.20
néo-grec,0.07
néo-malthusianisme,0.14
néo-mauresque,0.14
néo-mouvement,0.07
néo-renaissant,0.07
néo-romantique,0.01
néo-russe,0.14
néo-réalisme,0.10
néo-réaliste,0.20
néo-zélandais,0.20
néoclassique,0.07
néocolonial,0.07
néocolonialisme,0.01
néocortex,0.15
néofascisme,0.01
néogothique,0.14
néolibéralisme,0.14
néolithique,0.14
néologisme,0.61
néon,10.81
néonatal,0.11
néophyte,0.95
néoplasie,0.01
néoplasique,0.04
néoplasme,0.07
néoplatonisme,0.07
néoprène,0.03
néoréalisme,0.02
népalais,0.20
népenthès,0.07
néphrectomie,0.03
néphrite,0.11
néphrologie,0.05
néphrologue,0.03
néphrétique,0.20
népotisme,0.20
néroli,0.03
néréide,0.20
névralgie,0.61
névralgique,0.14
névrite,0.17
névropathe,0.14
névrose,2.50
névrosé,1.20
névrotique,0.27
névé,0.27
nôtre,23.51
nôtres,22.63
o,57.07
oaristys,0.07
oasis,6.42
ob,0.25
obi,0.30
obituaire,0.07
objectal,0.07
objecter,6.49
objecteur,0.43
objectif,18.91
objection,14.18
objectivation,0.11
objectivement,1.82
objectivité,0.89
objet,124.32
objurgation,2.03
oblatif,0.20
oblation,0.20
obligado,0.14
obligataire,0.02
obligation,15.74
obligatoire,7.97
obligatoirement,3.04
obligeamment,0.68
obligeance,1.62
obligeant,1.55
obliger,107.57
obligé,10.24
oblique,11.49
obliquement,2.23
obliquer,5.41
obliquité,0.07
oblitération,0.07
oblitérer,1.42
oblitéré,0.14
oblong,3.24
obnubilation,0.14
obnubiler,1.82
obnubilé,0.27
obole,1.22
obscur,67.57
obscurantisme,0.81
obscurantiste,0.14
obscurcir,6.69
obscurcissement,0.41
obscurité,49.39
obscurément,6.96
obscène,13.04
obscènement,0.27
obscénité,3.78
observable,0.03
observance,0.34
observant,0.20
observateur,6.08
observation,15.27
observatoire,3.18
observer,116.01
observé,1.42
obsessif,0.20
obsession,11.15
obsessionnel,1.43
obsessionnellement,0.41
obsidienne,0.74
obsidional,0.41
obsolescence,0.07
obsolète,1.19
obstacle,26.01
obstination,12.23
obstiner,16.49
obstiné,6.96
obstinément,10.27
obstructif,0.03
obstruction,3.64
obstructionnisme,0.01
obstruer,4.86
obstrué,0.41
obstétrical,0.01
obstétricien,0.35
obstétrique,0.83
obsèques,4.80
obsédant,6.28
obséder,11.53
obsédé,3.73
obséquieusement,0.14
obséquieux,1.01
obséquiosité,0.54
obtempérer,2.16
obtenir,88.08
obtention,0.53
obturateur,0.27
obturation,0.06
obturer,0.61
obtus,4.66
obus,31.82
obusier,0.68
obvie,0.07
obvier,0.14
obèse,3.58
obédience,2.36
obéir,45.88
obéissance,5.07
obéissant,2.59
obélisque,1.22
obérer,0.20
obésité,1.08
ocarina,0.27
occase,5.34
occasion,105.74
occasionnel,1.22
occasionnellement,0.59
occasionner,1.69
occident,1.69
occidental,15.61
occidentalisation,0.14
occidentalisme,0.07
occipital,0.49
occiput,1.69
occire,0.41
occis,0.68
occitan,0.41
occlusion,0.34
occultation,0.28
occulte,3.24
occultement,0.07
occulter,1.01
occultisme,0.34
occultiste,0.14
occupant,10.07
occupation,30.61
occuper,375.14
occupé,20.63
occurrence,7.43
ocelot,0.20
ocre,4.73
ocreux,0.20
octane,0.09
octant,0.14
octante,0.14
octave,1.82
octavo,0.01
octet,0.02
octidi,0.07
octobre,36.28
octogonal,1.82
octogone,0.61
octogénaire,0.41
octosyllabe,0.34
octroi,2.03
octroyer,3.58
octuor,0.14
octuple,0.02
oculaire,3.36
oculiste,0.81
oculomoteur,0.01
oculus,0.02
ocytocine,0.03
océan,28.78
océanique,0.81
océanographe,0.07
océanographie,0.05
océanographique,0.33
océanologie,0.01
océanologue,0.08
odalisque,1.28
ode,0.96
odelette,0.07
odeur,195.68
odieusement,0.61
odieux,14.32
odomètre,0.10
odontologie,0.13
odontologiste,0.01
odorant,6.82
odorat,2.57
odoriférant,0.74
odyssée,1.01
odéon,0.34
oecuménique,0.41
oecuménisme,0.34
oedipe,0.41
oedipien,0.14
oedème,1.26
oeil,1234.59
oeil-de-boeuf,0.95
oeillade,1.82
oeillet,6.08
oeilleton,1.35
oeillette,0.14
oeillère,1.82
oenologie,0.01
oenologique,0.07
oenophile,0.07
oenothera,0.01
oenothère,0.07
oesophage,1.22
oesophagien,0.06
oestrogène,0.28
oeuf,50.14
oeuvre,92.23
oeuvrer,4.26
oeuvrette,0.20
off,3.27
off-shore,0.07
offensant,1.01
offense,7.45
offenser,15.79
offenseur,0.66
offensif,2.36
offensive,12.30
offensé,2.19
offertoire,0.34
office,25.00
official,0.03
officialiser,0.23
officialité,0.20
officiant,1.62
officiel,32.84
officiellement,10.41
officier,79.05
officieusement,1.13
officieux,1.44
officine,2.64
offrande,6.89
offrant,1.09
offre,34.55
offrir,213.99
offset,0.20
offshore,0.43
offuscation,0.14
offusquant,0.07
offusquer,4.93
offusqué,0.95
oflag,0.27
ogival,0.41
ogive,3.45
ogre,5.95
ogresse,1.89
oh,897.52
ohé,5.24
oie,9.32
oignon,19.98
oille,0.07
oindre,1.62
oing,0.07
oint,0.27
oiseau,113.04
oiseau-clé,0.01
oiseau-lyre,0.07
oiseau-mouche,0.27
oiseau-vedette,0.01
oiselet,0.54
oiseleur,0.54
oiselier,0.20
oiselle,0.41
oisellerie,0.04
oiseux,2.36
oisif,2.03
oisillon,1.22
oisivement,0.02
oisiveté,3.65
oison,0.07
ok,234.89
oka,0.07
okapi,0.08
okoumé,0.14
ola,1.31
olfactif,1.01
olfactomètre,0.07
olibrius,0.20
olifant,0.41
oligarchie,0.12
olive,8.85
oliver,0.06
oliveraie,1.08
olivette,0.68
olivier,12.84
olivine,0.05
olivâtre,1.15
ollé,0.02
olmèque,0.01
olographe,0.14
olympe,0.20
olympiade,0.36
olympien,2.03
olympique,3.62
olé,2.37
olé-olé,0.14
oléagineux,0.07
olécrane,0.01
olécrâne,0.07
oléfine,0.03
oléine,0.07
oléoduc,0.31
omani,0.01
ombelle,0.74
ombilic,0.20
ombilical,1.89
omble,0.14
ombrage,2.64
ombrager,2.77
ombrageusement,0.07
ombrageux,2.84
ombragé,0.95
ombrant,0.07
ombre,233.45
ombrelle,4.80
ombrer,2.50
ombreux,2.43
ombré,0.34
ombrée,0.54
omelette,6.87
omerta,0.14
omettre,6.42
omicron,0.12
omis,0.20
omission,2.09
omni,0.27
omnibus,1.28
omnidirectionnel,0.03
omnipotence,0.74
omnipotent,1.28
omniprésence,0.34
omniprésent,2.16
omnipuissance,0.07
omniscience,0.09
omniscient,0.47
omnisports,1.28
omnium,0.20
omnivore,0.16
omoplate,5.74
omphalos,0.07
oméga,0.88
on,8586.40
on-dit,0.81
on-line,0.07
onagre,0.14
onanisme,0.47
onaniste,0.14
onc,0.14
once,4.66
oncle,127.70
oncologie,0.35
oncologique,0.01
oncologue,0.22
onction,1.28
onctueusement,0.07
onctueux,4.73
onctuosité,0.61
ondatra,0.02
onde,17.70
onder,0.01
ondin,0.41
ondine,0.41
ondoiement,0.54
ondoyant,1.15
ondoyer,2.84
ondulant,1.55
ondulation,6.01
ondulatoire,0.34
onduler,12.03
onduleux,1.62
ondulé,4.59
ondée,2.30
one-step,0.20
ongle,45.47
onglet,0.67
onglon,0.07
onglée,0.41
onguent,1.82
ongulé,0.14
onirique,0.41
onirisme,0.14
onirologie,0.07
onomatopée,2.03
onomatopéique,0.40
onto,0.07
ontologie,0.14
ontologique,0.34
ontologiquement,0.02
onyx,0.61
onze,38.85
onzième,1.49
onéreux,1.08
opacification,0.01
opacifier,0.54
opacité,2.03
opale,0.81
opalescence,0.07
opalescent,0.68
opalin,0.74
opaque,13.11
ope,0.08
open,1.75
opercule,0.07
ophidien,0.07
ophite,0.07
ophtalmique,0.01
ophtalmologie,0.09
ophtalmologique,0.02
ophtalmologiste,0.61
ophtalmologue,0.07
ophtalmoscope,0.02
opiacé,0.58
opiat,0.20
opimes,0.01
opinel,1.22
opiner,4.46
opinion,44.66
opiniâtre,2.77
opiniâtrement,0.27
opiniâtreté,1.76
opiomane,0.07
opium,5.61
opopanax,0.07
opoponax,0.07
opossum,0.52
oppidum,0.27
opportun,2.57
opportunisme,0.20
opportuniste,0.62
opportunité,11.84
opportunément,0.68
opposable,0.14
opposant,1.63
opposer,46.01
opposition,11.49
oppositionnel,0.07
opposé,14.46
oppressant,3.38
oppresser,4.80
oppresseur,1.26
oppressif,0.14
oppression,6.82
oppressé,1.08
opprimer,2.03
opprimé,1.91
opprobre,1.89
optalidon,0.14
optant,0.14
optatif,0.20
opter,5.14
opticien,0.47
optimal,0.48
optime,0.20
optimisation,0.14
optimiser,0.23
optimisme,6.55
optimiste,4.21
optimum,0.15
option,12.31
optionnel,0.19
optique,3.24
optométrie,0.01
optométriste,0.05
opulence,3.31
opulent,4.39
opus,1.01
opuscule,0.88
opéra,20.07
opéra-comique,0.34
opérable,0.13
opérant,0.27
opérateur,6.73
opération,70.20
opération-miracle,0.07
opérationnel,5.07
opératique,0.01
opératoire,1.54
opérer,29.59
opérette,4.19
opéré,1.15
or,130.00
oracle,3.21
orage,35.41
orageux,4.12
oraison,3.65
oral,2.70
oralement,0.74
oralité,0.07
oranais,0.41
orang-outan,0.28
orang-outang,0.74
orange,19.59
orangeade,2.03
oranger,5.27
orangeraie,0.34
orangerie,0.41
orangé,4.93
orant,0.47
orateur,5.34
oratoire,1.76
oratorien,0.34
oratorio,0.61
orbe,1.22
orbiculaire,0.14
orbitaire,0.07
orbital,0.61
orbite,9.81
orbiter,0.03
orbitèle,0.05
orchestral,1.10
orchestration,0.23
orchestre,19.73
orchestrer,4.29
orchestré,0.20
orchidée,3.88
orchis,0.27
ord,0.39
ordalie,0.20
ordinaire,27.97
ordinairement,2.70
ordinal,0.07
ordinant,0.07
ordinateur,37.15
ordination,0.34
ordo,0.07
ordonnance,23.65
ordonnancement,0.27
ordonnancer,0.20
ordonnateur,0.68
ordonner,36.73
ordonné,4.39
ordre,235.34
ordure,31.07
ordurier,2.97
ore,0.04
oreille,194.12
oreiller,33.72
oreillette,1.08
orfraie,0.14
orfèvre,3.24
orfèvrerie,0.74
organdi,1.22
organe,15.68
organiciser,0.01
organigramme,0.13
organique,3.67
organiquement,0.74
organisateur,3.24
organisation,39.12
organiser,47.90
organiseur,0.01
organisme,10.81
organiste,1.01
organistique,0.07
organisé,7.50
organométallique,0.01
organon,0.01
orgasme,6.37
orgasmique,0.08
orgastique,0.14
orge,3.72
orgeat,0.74
orgelet,0.89
orgiaque,0.31
orgiastique,0.14
orgie,3.72
orgue,8.31
orgueil,33.45
orgueilleusement,1.35
orgueilleux,9.19
oribus,0.07
orient,3.78
orientable,0.34
oriental,14.32
orientalisme,0.14
orientaliste,0.20
orientation,6.89
orienter,11.89
orienteur,0.27
orienté,0.68
orifice,4.05
oriflamme,2.84
origami,0.23
origan,0.95
originaire,5.41
originairement,0.14
original,14.45
originalement,0.01
originalité,4.53
origine,46.82
originel,6.49
originellement,0.34
orignal,0.47
orillon,0.14
orin,0.21
oriol,0.14
orlon,0.04
orléanais,0.27
orléanisme,0.20
orléaniste,0.20
orme,3.58
ormeau,1.08
ornement,7.03
ornemental,0.34
ornementation,0.81
ornementer,0.61
orner,31.15
ornithologie,0.20
ornithologique,0.17
ornithologue,0.14
ornithoptère,0.01
ornithorynque,0.26
ornière,6.42
orné,0.88
orographie,0.40
oronge,0.20
oropharynx,0.04
orpailleur,0.07
orphelin,9.53
orphelinat,6.13
orphie,0.02
orphique,0.14
orphisme,0.07
orphée,0.07
orphéon,0.95
orphéoniste,0.14
orpiment,0.10
orpin,0.14
orque,1.43
orsec,0.07
ort,0.16
orteil,9.71
ortho,0.56
orthodontie,0.04
orthodontique,0.01
orthodontiste,0.28
orthodoxe,4.73
orthodoxie,1.42
orthogonal,0.07
orthographe,5.88
orthographier,0.47
orthographique,0.07
orthophonie,0.07
orthophoniste,0.30
orthoptère,0.14
orthopédie,0.51
orthopédique,0.81
orthopédiste,0.10
orthostatique,0.01
ortie,6.82
ortolan,1.89
ortédrine,0.07
orvet,0.14
oryctérope,0.03
oryx,0.08
oréade,0.07
orée,4.86
orémus,0.14
os,49.73
oscar,1.71
oscillant,0.81
oscillateur,0.17
oscillation,1.96
oscillatoire,0.14
osciller,13.11
oscillographe,0.07
oscillomètre,0.07
oscilloscope,0.08
ose,0.16
oseille,4.32
oser,155.54
oseraie,0.14
oseraient,0.07
osier,12.64
osmium,0.02
osmonde,0.02
osmose,1.08
ossature,1.62
osselet,3.31
ossement,3.78
osseux,9.32
ossification,0.14
osso buco,0.05
ossuaire,0.54
ost,0.18
ostensible,0.54
ostensiblement,4.66
ostensoir,1.62
ostentation,3.38
ostentatoire,1.42
ostentatoirement,0.14
ostinato,0.02
ostracisme,1.08
ostrogoth,0.20
ostréiculteur,0.14
ostréiculture,0.01
ostéoarthrite,0.01
ostéogenèse,0.02
ostéologique,0.01
ostéomyélite,0.03
ostéopathe,0.36
ostéopathie,0.07
ostéoporose,0.07
ostéosarcome,0.04
ostéotomie,0.01
osé,1.24
otage,26.40
otalgie,0.03
otarie,1.15
otite,1.16
oto-rhino,1.22
oto-rhino-laryngologique,0.07
oto-rhino-laryngologiste,0.02
otoscope,0.01
otospongiose,0.10
ottoman,1.35
ottomane,0.27
ou,2429.86
ouah,9.30
ouaille,1.15
ouais,533.02
ouananiche,0.07
ouaouaron,0.01
ouate,3.72
ouateux,0.14
ouatiner,0.41
ouaté,2.23
oubli,29.93
oubliable,0.14
oublie,22.56
oublier,486.96
oubliette,1.62
oublieux,2.23
oublié,18.72
ouche,0.42
oued,0.61
ouest,27.79
ouest-allemand,0.12
ouf,7.03
ougandais,0.07
ouh,5.50
oui,3207.35
oui-da,0.27
ouiche,1.96
ouighour,1.01
ouille,1.69
ouistiti,1.51
ouléma,1.69
ounce,0.01
ouragan,6.05
ourdir,1.55
ourdissage,0.54
ourdisseur,0.41
ourdissoir,0.27
ourdou,0.42
ourler,5.14
ourlet,3.11
ouroboros,0.02
ours,24.57
oursin,2.03
ourson,1.63
ousque,0.07
oust,0.25
oustachi,0.28
ouste,5.24
out,8.04
outarde,0.14
outil,30.88
outillage,2.70
outiller,0.20
outilleur,0.10
outillé,0.41
outlaw,0.14
outrage,5.14
outrageant,0.61
outrager,4.66
outrageusement,1.35
outrageux,0.27
outrance,3.51
outrancier,0.68
outre,24.59
outre-atlantique,0.68
outre-manche,0.20
outre-mer,4.05
outre-rhin,0.27
outre-tombe,2.16
outrecuidance,0.74
outrecuidant,0.54
outremer,1.01
outrepasser,0.83
outrer,3.11
outrigger,0.16
outré,2.23
outsider,0.74
ouvert,132.36
ouvertement,6.96
ouverture,26.69
ouvrable,1.35
ouvrage,37.30
ouvrager,0.68
ouvragé,2.30
ouvrant,3.18
ouvre-bouteille,0.14
ouvre-boîte,0.32
ouvre-boîtes,0.34
ouvrer,0.14
ouvreur,2.36
ouvrier,51.35
ouvrir,492.50
ouvriérisme,0.07
ouvriériste,0.20
ouvroir,0.88
ouvré,0.27
ouzo,2.36
ouï-dire,1.01
ouïe,4.46
ouïgour,0.07
ouïr,5.72
ovaire,1.35
ovalaire,0.07
ovale,10.54
ovariectomie,0.01
ovarien,0.07
ovariotomie,0.07
ovation,2.50
ovationner,0.34
ove,0.20
overdose,5.11
overdrive,0.07
ovibos,0.07
ovin,0.01
ovipare,0.02
ovni,2.98
ovocyte,0.41
ovoïdal,0.61
ovoïde,1.08
ovulaire,0.01
ovulation,0.53
ovule,1.16
ovuler,0.11
oxalate,0.01
oxer,0.07
oxfordien,0.14
oxhydrique,0.07
oxo,0.07
oxychlorure,0.01
oxydant,0.05
oxydation,0.20
oxyde,1.03
oxyder,0.61
oxygène,14.03
oxygénation,0.15
oxygéner,0.53
oxygéné,0.95
oxymore,0.04
oxymoron,0.05
oxymétrie,0.03
oyant,0.10
oyat,0.14
oye,0.95
ozone,1.35
oïl,0.01
où,2177.25
p.,3.66
p.m.,0.01
pa,6.43
pacage,0.74
pacemaker,0.56
pacha,11.96
pachinko,0.07
pachon,0.07
pachyderme,1.01
pachydermique,0.74
pacificateur,4.01
pacification,0.41
pacifier,2.30
pacifique,4.26
pacifiquement,0.93
pacifisme,0.54
pacifiste,0.98
pack,1.72
package,0.09
packaging,0.01
packson,0.07
pacotille,3.24
pacs,0.58
pacsif,0.34
pacson,0.61
pacte,11.89
pactiser,1.42
pactole,1.14
pad,0.27
paddock,2.64
paddocker,0.07
paddy,1.52
paella,1.98
paf,2.23
pagaie,1.08
pagaille,5.21
pagailleux,0.07
paganisme,0.47
pagaye,0.41
pagayer,1.08
pagayeur,0.14
pagaïe,0.74
page,115.54
pageot,2.09
pager,1.01
pagination,0.07
paginer,0.01
pagne,1.69
pagnon,0.07
pagnoter,0.14
pagode,2.84
pagodon,0.07
pagure,0.14
pagus,0.07
paie,8.40
paiement,5.56
paierie,0.20
paillard,0.95
paillardement,0.07
paillardise,0.20
paillasse,8.78
paillasson,4.39
paille,44.05
pailler,0.27
pailleter,1.35
paillette,5.14
pailleté,1.15
pailleux,0.07
paillis,0.04
paillon,0.41
paillot,0.81
paillote,1.22
paillu,0.07
paillé,1.62
pain,105.41
pair,6.62
paire,32.84
pairie,0.07
paisible,36.42
paisiblement,9.12
paiute,0.07
paix,144.86
pakistanais,1.56
pakistano,0.07
pal,0.88
palabre,3.51
palabrer,2.03
palabreur,0.14
palace,7.77
paladin,0.81
palais,58.72
palan,0.74
palanche,0.14
palangrotte,0.14
palanquer,0.14
palanquin,0.41
palastre,0.07
palatin,0.20
palatisation,0.07
palazzo,1.62
pale,1.62
palefrenier,1.01
palefroi,0.61
paleron,0.01
palestinien,3.22
palestre,0.41
palet,1.08
paletot,2.03
palette,5.68
palier,29.80
palikare,0.54
palilalie,0.01
palimpseste,0.20
palindrome,0.55
palinodie,0.54
palinodier,0.07
palis,0.07
palissade,5.34
palissandre,0.74
palissonnage,0.07
palladium,0.34
palle,0.91
palliatif,0.54
pallier,1.01
palma-christi,0.07
palmaire,0.07
palmarès,1.08
palme,9.53
palmer,0.47
palmeraie,1.28
palmette,0.20
palmier,14.26
palmipède,0.27
palmiste,0.27
palmure,0.07
palombe,0.61
palonnier,0.07
palot,0.20
palourde,1.52
palpable,2.77
palpation,0.34
palpe,0.34
palper,13.04
palpeur,0.14
palpitant,6.82
palpitation,3.65
palpitement,0.07
palpiter,10.41
palsambleu,0.20
paltoquet,0.20
palu,0.80
paluche,5.47
palucher,0.34
paludamentum,0.07
paludisme,1.35
paludière,0.07
palus,0.07
palustre,0.07
palynologie,0.01
palé,0.07
paléo,0.01
paléographie,0.14
paléolithique,0.14
paléontologie,0.14
paléontologiste,0.05
paléontologue,0.20
paléozoïque,0.01
palétuvier,0.81
pampa,0.95
pampero,0.07
pamphlet,2.84
pamphlétaire,0.41
pamplemousse,2.01
pamplemoussier,0.14
pampre,1.01
pan,26.01
pan bagnat,0.14
panachage,0.01
panache,7.36
panacher,0.20
panaché,0.54
panacée,0.81
panade,1.22
panais,0.14
panama,1.35
panaméen,0.34
panaméenne,0.14
panaméricain,0.11
panarabisme,0.41
panard,2.16
panaris,0.34
panatella,0.01
panathénaïque,0.07
panathénées,0.07
pancake,2.97
pancarte,8.99
panceltique,0.07
pancetta,0.03
panclastite,0.07
pancrace,0.47
pancréas,2.03
pancréatectomie,0.09
pancréatique,0.20
pancréatite,0.14
panda,1.71
pandanus,0.14
pandit,0.08
pandore,1.08
pandémie,0.17
pandémonium,0.20
panel,0.28
paner,0.41
panetier,0.27
pangermanisme,0.20
panic,0.46
panier,33.18
panier-repas,0.21
panification,0.14
panini,0.02
paniquant,0.07
panique,25.61
paniquer,19.76
paniqué,1.52
panis,0.14
panière,0.54
panka,0.27
panne,24.59
panneau,26.69
panneau-réclame,0.68
panner,0.34
panneton,0.01
panné,0.01
pano,0.46
panonceau,0.88
panoplie,4.73
panorama,5.14
panoramique,1.15
panoramiquer,0.14
panosse,0.14
panouille,0.54
pansage,0.14
panse,3.04
pansement,13.45
panser,3.65
panspermie,0.01
pansu,1.01
pantagruélique,0.34
pantalon,71.76
pantalonnade,0.27
pante,0.81
pantelant,3.24
panteler,1.01
panthère,5.41
panthéisme,0.20
panthéiste,0.20
panthéon,6.42
pantin,5.88
pantins,0.01
pantière,0.14
pantocrator,0.20
pantographe,0.07
pantois,2.30
pantomime,1.82
pantouflard,0.23
pantoufle,8.78
pantoufler,0.34
panty,0.07
panurge,0.47
panurgisme,0.07
panzer,1.42
pané,0.41
panégyrique,0.34
paolo,0.07
paon,5.34
papa,259.01
papa-cadeau,0.01
papable,0.07
papal,0.68
papamobile,0.14
paparazzi,1.46
paparazzo,0.07
papas,1.25
papauté,0.81
papaver,0.01
papavérine,0.07
papaye,0.59
papayer,0.14
pape,19.32
papegai,0.14
papelard,2.43
paperasse,5.74
paperasser,0.07
paperasserie,1.07
paperassier,0.07
papesse,0.39
papet,4.25
papeterie,2.84
papetier,0.44
papi,7.23
papier,203.11
papier-cadeau,0.07
papier-monnaie,0.14
papilionacé,0.14
papillaire,0.07
papille,1.15
papillomavirus,0.04
papillon,20.07
papillonnage,0.14
papillonnant,0.14
papillonnement,0.14
papillonner,0.81
papillotant,0.47
papillote,1.89
papilloter,1.01
papisme,0.07
papiste,0.61
papotage,0.61
papoter,1.77
papou,0.07
papouille,0.54
papouiller,0.14
paprika,0.75
papy,6.79
papyrus,1.57
papé,0.14
paqson,0.01
paquebot,7.43
paquet,89.19
paquet-cadeau,0.20
paquetage,2.91
paquets-cadeaux,0.54
paqueté,0.02
par,3727.09
par mégarde,2.91
par-ci,9.12
par-dedans,0.07
par-delà,9.05
par-derrière,6.35
par-dessous,2.16
par-dessus,69.19
par-devant,1.96
par-devers,1.08
para,3.23
para-humain,0.14
parabellum,0.61
parabole,2.57
parabolique,0.47
paraboliquement,0.01
paraboloïde,0.01
parachever,1.28
parachutage,0.95
parachute,4.79
parachuter,1.96
parachutisme,0.29
parachutiste,4.80
parachèvement,0.14
paraclet,0.68
paracétamol,0.14
parade,11.22
parader,3.58
paradigme,0.25
paradis,33.23
paradisiaque,1.01
parador,0.14
parados,0.81
paradoxal,5.14
paradoxalement,3.78
paradoxe,8.11
paradoxie,0.07
parafer,0.01
paraffine,0.68
paraffiné,0.27
parage,5.99
paragraphe,3.65
paraguayen,0.47
parait,0.14
parallaxe,0.07
parallèle,13.11
parallèlement,3.45
parallélisme,0.41
paralléliste,0.01
parallélogramme,0.07
parallélépipède,0.54
parallélépipédique,0.20
paralysant,1.01
paralyser,13.99
paralysie,4.32
paralysé,3.78
paralytique,1.76
paramagnétique,0.01
paramilitaire,1.01
paramnésie,0.14
paramètre,1.50
paramédical,0.37
paramétrique,0.01
parangon,1.22
parano,4.23
paranormal,2.04
paranoïa,2.03
paranoïaque,3.33
paranoïde,0.27
paranéoplasique,0.07
parapente,0.31
parapet,12.91
parapharmacie,0.07
paraphe,1.55
parapher,0.74
paraphrase,0.34
paraphraser,0.41
parapluie,16.28
paraplégique,0.29
parapsychique,0.04
parapsychologie,0.61
parapsychologique,0.07
parapsychologue,0.09
parascolaire,0.07
parascève,0.47
parasitaire,0.81
parasite,8.72
parasiter,0.39
parasiticide,0.10
parasitisme,0.74
parasitologie,0.07
parasitose,0.01
parasol,6.69
paratonnerre,0.61
paravent,4.32
paraître,448.11
parbleu,1.96
parc,43.99
parcage,0.07
parce,3.49
parce qu,4.13
parce que,548.52
parcellaire,0.34
parcelle,11.15
parchemin,4.80
parcheminé,1.49
parcimonie,0.95
parcimonieusement,0.88
parcimonieux,1.55
parcmètre,0.38
parcomètre,0.01
parcourir,61.82
parcours,17.64
pardessus,9.05
pardi,6.22
pardieu,0.54
pardingue,0.07
pardon,209.13
pardonnable,0.20
pardonner,139.46
pare-balle,0.13
pare-balles,1.92
pare-boue,0.04
pare-brise,7.16
pare-chocs,1.85
pare-feu,0.24
pare-feux,0.05
pare-soleil,0.54
pare-éclats,0.07
pare-étincelles,0.07
pareil,149.66
pareillement,3.72
parement,1.76
parenchyme,0.01
parent,188.38
parentage,0.07
parental,1.65
parenthèse,9.32
parentèle,0.34
parenté,6.42
parer,30.50
paresse,12.43
paresser,0.95
paresseusement,2.97
paresseux,10.34
paresthésie,0.05
pareur,0.01
parfaire,60.06
parfait,58.77
parfaitement,71.08
parfois,287.36
parfum,65.74
parfumer,10.27
parfumerie,1.42
parfumeur,1.15
parfumé,10.20
pari,26.61
paria,2.09
pariade,0.14
parier,81.96
parieur,0.81
parigot,1.22
paris-brest,0.20
parisien,30.61
paritaire,0.07
parité,0.31
pariétal,0.26
parjure,1.35
parjurer,0.79
parka,0.41
parking,18.23
parkinson,0.07
parkinsonien,0.14
parlant,5.62
parlante,0.01
parlement,5.68
parlementaire,3.72
parlementarisme,0.20
parlementariste,0.07
parlementer,1.69
parler,1970.55
parlerie,0.07
parleur,2.03
parloir,4.39
parlophone,0.34
parlote,1.35
parloter,0.14
parlotte,0.47
parlé,2.81
parme,0.81
parmentier,0.27
parmesan,0.66
parmi,171.96
parménidien,0.07
parodie,2.43
parodier,1.55
parodique,1.08
parodiquement,0.14
parodontal,0.02
paroi,30.00
paroir,0.14
paroisse,6.62
paroissial,1.35
paroissien,1.76
parole,178.31
paroli,0.07
parolier,0.07
paronomasie,0.07
paros,1.08
parousie,0.27
paroxysme,3.24
paroxysmique,0.07
paroxystique,0.20
parpaillot,0.27
parpaing,1.42
parque,0.27
parquer,2.36
parquet,22.43
parquetage,0.14
parqueteur,0.14
parr,0.14
parrain,10.37
parrainage,0.14
parrainer,0.96
parricide,0.56
pars,15.78
parsec,0.27
parsemer,7.36
parsemé,0.47
parsi,0.27
part,320.41
part time,0.14
partage,8.85
partageable,0.07
partageant,0.07
partager,79.08
partageur,0.07
partageux,0.07
partagé,6.08
partance,1.76
partant,5.07
partenaire,28.54
partenaire-robot,0.01
partenariat,1.47
parterre,6.82
parthe,1.15
parthique,0.07
parthénogenèse,0.07
parthénogénèse,0.07
parthénogénétique,0.15
parti,87.36
partial,1.08
partialité,1.22
participant,2.23
participation,8.58
participe,0.74
participer,40.07
particularisme,0.41
particularité,5.00
particule,5.27
particulier,53.99
particulièrement,36.62
partie,211.49
partiel,3.33
partiellement,2.97
partir,1111.97
partisan,12.97
partita,0.20
partitif,0.07
partition,5.95
partner,0.26
partouse,0.11
partouser,0.01
partout,179.39
partouze,2.33
partouzer,0.34
partouzeur,0.20
parturiente,0.34
parturition,0.27
party,1.54
parure,4.05
parution,1.15
parvenir,156.42
parvenu,2.36
parvis,6.28
parâtre,0.02
paré,2.11
parégorique,0.34
paréo,0.47
parésie,0.01
pas,18188.15
pas-de-porte,0.20
pas-je,0.01
pascal,18.24
pascalien,0.27
paseo,0.88
pasionaria,0.27
paso,0.23
paso doble,0.81
paso-doble,0.07
pasque,1.69
passable,1.15
passablement,3.72
passade,1.28
passage,154.39
passager,19.41
passagèrement,0.74
passant,32.57
passation,0.34
passavant,0.44
passe,47.58
passe-boule,0.07
passe-boules,0.07
passe-crassane,0.14
passe-droit,0.47
passe-la-moi,0.35
passe-lacet,0.20
passe-montagne,1.69
passe-muraille,0.07
passe-partout,1.22
passe-passe,1.15
passe-pied,0.07
passe-plat,0.14
passe-temps,4.21
passement,0.14
passementerie,1.01
passementier,0.14
passepoil,0.14
passeport,25.55
passer,1495.49
passereau,0.95
passerelle,11.49
passeur,2.77
passible,1.04
passif,7.23
passiflore,0.14
passim,0.07
passing,0.04
passion,87.64
passionnant,8.93
passionnel,3.92
passionnellement,0.07
passionner,17.50
passionné,14.80
passionnément,9.39
passivement,1.08
passiver,0.27
passiveté,0.07
passivité,3.38
passoire,2.23
passé,115.89
passéiste,0.16
past,0.58
pastaga,1.69
pastel,2.30
pastenague,0.04
pasteur,17.74
pasteurella,0.02
pasteurisation,0.14
pasteuriser,0.07
pasteurisé,0.41
pastiche,1.01
pasticher,0.41
pasticheur,0.14
pastille,5.81
pastiller,0.01
pastis,4.73
pastophore,0.14
pastoral,1.08
pastorale,0.27
pastour,0.07
pastoureau,0.41
pastèque,4.16
pat,0.46
patache,0.30
patachon,0.54
patagon,0.07
patagonien,0.07
patapouf,0.34
pataquès,0.34
patarin,0.14
patata,1.15
patate,14.47
patati,1.76
patatras,0.54
pataud,1.35
pataugas,0.68
pataugeoire,0.04
patauger,8.99
pataugis,0.07
patch,1.11
patchouli,0.31
patchwork,0.61
patelin,3.51
patellaire,0.01
patent,1.28
patente,0.41
patenté,1.42
pater,1.62
pater familias,0.07
pater noster,0.41
paternalisme,0.74
paternaliste,0.27
paterne,0.47
paternel,13.92
paternellement,0.54
paternité,3.11
pathogène,0.58
pathogénique,0.01
pathologie,1.58
pathologique,1.26
pathologiquement,0.14
pathologiste,0.29
pathos,0.68
pathétique,11.08
pathétiquement,0.41
pathétisme,0.14
patibulaire,1.96
patiemment,11.15
patience,33.58
patient,61.69
patienter,10.10
patin,5.61
patinage,1.25
patine,2.91
patiner,5.27
patinette,0.27
patineur,1.28
patinoire,1.37
patio,6.42
patoche,0.14
patois,8.58
patouillard,0.07
patraque,0.97
patri,0.15
patriarcal,1.01
patriarcat,0.34
patriarche,4.59
patriarchie,0.02
patriciat,0.07
patricien,0.88
patrie,29.19
patrilinéaire,0.07
patrimoine,2.97
patrimonial,0.34
patriotard,0.34
patriote,5.47
patriotique,5.34
patriotiquement,0.07
patriotisme,3.65
patron,141.53
patronage,2.43
patronal,0.61
patronat,0.51
patronner,0.41
patronnesse,0.95
patronyme,3.24
patronymique,0.20
patrouille,14.45
patrouiller,2.97
patrouilleur,1.43
patte,85.14
pattemouille,0.41
pattern,0.06
pattu,0.14
paturon,1.42
patène,0.34
patère,1.76
pauchouse,0.20
pauline,0.07
paume,35.47
paumelle,0.14
paumer,8.92
paumé,5.54
paupiette,0.19
paupière,63.45
paupérisation,0.27
paupérisme,0.20
pause,28.24
pause-café,0.29
pauser,0.07
pauvre,187.77
pauvrement,1.89
pauvresse,0.54
pauvret,0.41
pauvrette,1.16
pauvreté,10.27
pavage,1.42
pavane,0.41
pavaner,2.23
pavement,1.76
paver,1.01
paveton,0.47
paveur,0.20
pavillon,25.61
pavillonnaire,0.20
pavlovien,0.27
pavois,1.49
pavoisement,0.07
pavoiser,3.65
pavot,1.49
pavé,26.62
pax americana,0.01
paxon,0.07
payable,0.74
payant,2.09
paye,10.01
payement,0.34
payer,416.68
payeur,0.27
pays,241.55
paysage,64.12
paysager,0.07
paysagiste,0.73
paysagé,0.47
paysan,57.30
paysannerie,0.54
payse,0.07
payé,10.72
paître,4.46
païen,3.38
pc,0.16
pchitt,0.20
peanuts,0.07
peau,187.77
peau-rouge,0.54
peaucier,0.14
peaufinage,0.01
peaufiner,1.08
peausserie,0.27
peaussier,0.07
pec,0.01
peccable,0.01
peccadille,1.08
peccata,0.20
peccavi,0.14
pecorino,0.25
pectoral,2.09
pedigree,1.82
pedzouille,0.54
peeling,0.14
peigne,10.81
peigne-cul,0.34
peigne-zizi,0.07
peigner,4.39
peignoir,16.96
peigné,1.89
peignée,1.49
peinard,9.59
peinardement,0.20
peindre,80.27
peine,399.53
peiner,12.36
peineuse,0.07
peint,20.74
peintre,45.07
peinture,67.64
peinturlurer,2.23
peinturlureur,0.14
pelade,0.47
pelage,6.01
peler,4.93
pelisse,3.51
pellagre,0.04
pelle,15.61
pelle-bêche,0.14
pelle-pioche,0.41
pelletage,0.02
pelleter,0.95
pelleterie,0.07
pelleteur,0.47
pelletée,2.03
pelliculaire,0.07
pellicule,7.52
pelloche,0.20
pelotage,0.61
pelote,6.01
peloter,5.36
peloteur,0.14
peloton,10.74
pelotonner,4.12
pelouse,19.39
peluche,5.54
pelucheux,1.76
pelure,3.24
pelvien,0.55
pelvis,0.34
pelé,3.24
pembina,0.07
pemmican,0.14
penalties,0.29
penalty,1.50
penaud,4.86
pence,1.71
penchant,5.27
penchement,0.20
pencher,155.88
penché,11.01
pendable,0.88
pendaison,3.02
pendant,450.14
pendard,0.07
pendeloque,1.08
pendentif,1.22
penderie,3.11
pendeur,0.01
pendjabi,0.04
pendouiller,2.23
pendre,58.04
pendu,3.78
pendulaire,0.20
pendule,11.82
pendulette,1.15
pennage,0.12
penne,0.54
pennies,0.62
pennon,0.07
penny,3.49
penon,0.07
pensable,0.81
pensant,6.08
pense-bête,0.41
penser,1485.47
penseur,3.92
pensif,9.80
pension,19.19
pensionnaire,10.54
pensionnat,2.77
pensionner,0.20
pensionné,0.21
pensivement,5.20
pensum,1.22
pensée,151.55
pentacle,0.57
pentagonal,0.01
pentagone,0.26
pentagramme,0.70
pentamètre,0.17
pentasyllabe,0.07
pentateuque,0.07
pentathlon,0.07
pente,49.66
pentecôte,3.85
pentecôtiste,0.20
penthiobarbital,0.01
penthotal,0.20
penthouse,0.90
pentothal,0.17
pentu,1.22
penture,0.14
pentélique,0.07
people,3.55
pep,0.33
peppermint,0.34
pepsine,0.01
peptide,0.03
peptique,0.03
percale,0.68
perce,0.47
perce-oreille,0.20
perce-pierre,0.07
percement,0.41
percepteur,1.42
perceptible,7.43
perceptif,0.14
perception,3.72
percer,42.03
perceur,1.22
percevant,0.07
percevoir,41.01
perche,7.43
percher,12.97
percheron,2.30
perchiste,0.07
perchlorate,0.04
perchlorique,0.01
perchman,0.14
perchoir,3.78
perchée,0.47
perclus,1.62
perco,0.27
percolateur,1.28
percolation,0.01
percoler,0.01
percussion,1.76
percussionniste,0.09
percutant,1.01
percuter,3.87
percuteur,0.25
percé,0.01
percée,3.99
perdant,6.71
perdition,2.36
perdre,546.08
perdreau,2.84
perdrix,2.83
perdu,58.45
perdurable,0.07
perdurer,0.74
perestroïka,0.07
perfectibilité,0.07
perfectible,0.14
perfection,16.82
perfectionnement,1.35
perfectionner,5.61
perfectionnisme,0.21
perfectionniste,0.51
perfecto,0.27
perfide,4.86
perfidement,0.61
perfidie,3.65
perforage,0.01
perforant,0.32
perforateur,0.14
perforation,0.88
perforer,1.45
perforeuse,0.14
performance,4.71
performant,0.90
performer,0.07
perforé,0.81
perfuser,0.25
perfusion,2.14
pergola,0.68
pergélisol,0.01
perle,23.85
perler,7.77
perlimpinpin,0.20
perlière,0.01
perlot,0.34
perlouse,0.74
perlouze,0.47
perlé,1.01
perm,1.38
permafrost,0.14
permalloy,0.01
permanence,12.64
permanent,14.80
permanente,2.03
permanenter,0.14
permanganate,0.20
perme,1.42
permettre,184.19
permis,26.95
permission,31.18
permissionnaire,1.96
permissivité,0.14
permutant,0.07
permutation,0.81
permuter,0.41
perméabilité,0.01
perméable,1.01
pernicieux,2.16
pernod,4.73
peroxydase,0.01
peroxyde,0.17
perpendiculaire,1.89
perpendiculairement,1.15
perpette,0.41
perpignan,0.14
perplexe,10.81
perplexité,5.54
perpète,1.49
perpétration,0.11
perpétrer,2.03
perpétuation,0.54
perpétuel,18.24
perpétuellement,4.66
perpétuer,3.92
perpétuité,3.24
perpétué,0.27
perquise,0.54
perquisition,3.75
perquisitionner,1.30
perrier,0.01
perron,18.24
perroquet,8.78
perruche,2.84
perruque,9.68
perruquier,0.27
perré,0.41
pers,0.27
persan,3.04
perse,0.92
persienne,7.16
persiflage,0.41
persifler,0.68
persifleur,0.41
persiflé,0.14
persil,2.36
persillé,0.41
persique,0.34
persistance,1.76
persistant,2.64
persister,15.41
perso,2.38
persona grata,0.01
persona non grata,0.08
personnage,86.96
personnage-clé,0.02
personnalisation,0.05
personnaliser,0.47
personnalisme,0.20
personnalisé,0.64
personnalité,19.86
personne,577.60
personnel,61.02
personnellement,18.39
personnes,0.01
personnification,0.30
personnifier,0.74
personnifié,0.54
perspective,36.76
perspicace,2.50
perspicacité,1.28
perspiration,0.03
persuader,36.55
persuadé,6.01
persuasif,2.50
persuasion,2.09
persécuter,4.52
persécuteur,0.95
persécution,4.66
persécuté,1.01
perséides,0.01
persévéramment,0.07
persévérance,2.09
persévérant,0.36
persévérer,3.24
perte,37.80
pertinemment,1.49
pertinence,0.57
pertinent,2.22
pertuis,0.34
pertuisane,0.20
perturbant,1.00
perturbateur,0.54
perturbation,1.79
perturber,11.79
perturbé,3.81
pervenche,1.08
pervers,8.02
perversement,0.14
perversion,3.00
perversité,1.49
perverti,0.74
pervertir,1.55
perçage,0.07
perçant,5.74
perçu,1.35
pesage,0.68
pesamment,4.93
pesant,17.64
pesanteur,6.96
peser,70.88
peseta,6.92
peso,11.02
peson,0.20
pessah,0.03
pessaire,0.01
pesse,0.01
pessimisme,2.30
pessimiste,3.65
peste,16.95
pester,4.59
pesticide,1.11
pestiféré,1.01
pestilence,1.22
pestilentiel,1.08
pesée,2.36
pet,5.41
pet-de-loup,0.07
petiot,1.49
petit,1541.96
petit-beurre,0.95
petit-bourgeois,2.16
petit-cousin,0.07
petit-déjeuner,13.51
petit-fils,12.90
petit-four,0.08
petit-gris,0.51
petit-lait,0.54
petit-maître,0.20
petit-neveu,0.95
petit-nègre,0.14
petit-salé,0.07
petit-suisse,0.20
petite-bourgeoise,0.34
petite-cousine,0.14
petite-fille,6.35
petite-nièce,0.20
petitement,1.15
petitesse,2.16
peton,0.47
petzouille,0.20
peu,1023.38
peu ou prou,0.68
peuchère,0.41
peuh,1.96
peuhl,0.14
peul,0.07
peulh,0.07
peuplade,1.35
peuple,111.36
peuplement,0.88
peupler,19.66
peupleraie,0.07
peuplier,9.93
peuplé,2.30
peur,557.21
peureusement,0.88
peureux,3.51
peut-être,907.68
peyotl,0.16
pfennig,0.61
pff,1.59
pfft,0.98
pfutt,0.07
ph,0.30
phacochère,0.50
phagocyte,0.07
phagocyter,0.14
phalange,5.20
phalangine,0.07
phalangisme,0.07
phalangiste,0.20
phalanstère,0.41
phalarope,0.05
phallique,1.08
phallo,0.14
phallocentrique,0.01
phallocrate,0.47
phallocratie,0.14
phallocratique,0.14
phallologie,0.14
phallophore,0.14
phallus,1.42
phalène,0.68
phalère,0.20
phantasme,2.36
pharamineux,0.34
pharaon,3.63
pharaonique,0.68
phare,31.49
pharisaïque,0.07
pharisaïsme,0.20
pharisien,1.46
pharma,0.14
pharmaceutique,2.82
pharmacie,10.46
pharmacien,7.30
pharmaco,0.20
pharmacognosie,0.01
pharmacologie,0.37
pharmacologique,0.02
pharmacomanie,0.14
pharmacopée,0.25
pharmacothérapie,0.07
pharyngite,0.01
pharynx,0.41
phascolome,0.01
phase,13.22
phaéton,0.27
phi,0.39
philanthrope,0.87
philanthropie,0.47
philanthropique,0.54
philarète,0.07
philatélie,0.02
philatéliste,0.27
philharmonie,0.21
philharmonique,0.59
philhellène,0.14
philippin,1.15
philistin,0.12
philo,3.24
philodendron,0.74
philologie,0.74
philologique,0.14
philologue,1.35
philosophaillerie,0.14
philosophal,0.68
philosophant,0.07
philosophard,0.07
philosophe,19.39
philosopher,2.09
philosophie,24.73
philosophique,4.19
philosophiquement,0.68
philosémitisme,0.07
philotechnique,0.07
philtre,1.69
phimosis,0.20
phlox,0.34
phlébite,0.34
phlébographie,0.01
phlébologue,0.01
phlébotomie,0.01
phobie,2.62
phobique,0.14
phoenix,0.48
phonatoire,0.07
phone,0.67
phonique,0.18
phono,5.47
phonographe,6.01
phonologie,0.14
phonéticien,0.07
phonétique,0.41
phonétiquement,0.07
phoque,4.19
phosgène,0.23
phosphatase,0.02
phosphate,0.68
phosphatine,0.10
phospholipide,0.01
phosphore,2.16
phosphorescence,0.88
phosphorescent,5.47
phosphorylation,0.03
phosphoré,0.01
phosphène,0.27
phot,1.00
photique,0.01
photo,209.10
photo-finish,0.01
photo-robot,0.14
photo-électrique,0.14
photochimique,0.01
photocomposition,0.14
photoconducteur,0.01
photocopie,3.89
photocopier,1.83
photocopieur,2.61
photogramme,0.01
photographe,17.64
photographiable,0.01
photographie,41.08
photographier,13.65
photographique,3.78
photograveur,0.07
photogravure,0.07
photogénie,0.34
photogénique,2.01
photojournalisme,0.02
photojournaliste,0.01
photomaton,1.01
photomicrographie,0.01
photomontage,0.14
photon,0.24
photonique,0.15
photophobie,0.04
photopile,0.12
photopériodique,0.01
photosensibilité,0.04
photosensible,0.08
photostat,0.06
photosynthèse,0.25
phototaxie,0.02
phototype,0.01
photovoltaïque,0.01
photoélectrique,0.02
phrase,140.47
phrase-clé,0.07
phrase-robot,0.07
phraser,0.74
phraseur,0.14
phrasé,0.20
phraséologie,0.27
phraséologique,0.07
phrygien,0.74
phréatique,0.27
phrénique,0.01
phrénologie,0.03
phrénologiste,0.07
phtaléine,0.03
phtiriasis,0.07
phtisie,0.81
phtisiologie,0.14
phtisique,1.22
phylactère,0.34
phylloxera,0.10
phylloxéra,0.47
phylogenèse,0.14
phylum,0.03
phynances,0.07
physicien,1.55
physio,0.94
physiologie,1.42
physiologique,2.09
physiologiquement,0.27
physiologiste,0.14
physionomie,5.27
physionomique,0.14
physionomiste,0.14
physiothérapie,0.24
physique,33.18
physiquement,8.72
phytoplancton,0.01
phénate,0.01
phénicien,0.77
phénique,0.07
phénix,0.68
phénobarbital,0.10
phénol,0.14
phénomène,13.72
phénoménal,1.62
phénoménalement,0.05
phénoménologie,0.34
phénoménologique,0.02
phénothiazine,0.01
phénotype,0.01
phéochromocytome,0.07
phéromone,0.69
pi,1.28
piaf,5.14
piaffant,0.74
piaffement,0.20
piaffer,2.57
piaillant,0.68
piaillement,5.37
piailler,4.73
piaillerie,0.20
pian,0.03
pianissimo,0.20
pianiste,5.75
piano,31.28
piano-bar,0.05
pianola,0.35
pianotage,0.10
pianoter,2.36
piastre,1.36
piaulant,0.14
piaule,12.16
piaulement,0.54
piauler,1.49
piauleur,0.07
piaye,0.07
piazza,3.18
piazzetta,0.20
pibloque,0.34
pic,12.43
pic-vert,0.28
pica,0.07
picador,0.34
picaillon,0.20
picard,0.61
picaresque,0.54
picaro,0.40
picassien,0.07
piccolo,0.41
pichenette,2.30
pichet,1.42
pick-up,2.64
picker,0.19
pickpocket,0.87
pico,0.31
picoler,5.89
picoleur,0.27
picolo,0.14
picorer,3.58
picoreur,0.07
picorée,0.07
picot,1.35
picote,0.14
picotement,1.62
picoter,1.62
picotin,0.61
picotis,0.07
picrate,1.35
picrique,0.27
picsou,0.43
pictogramme,0.14
picton,0.41
pictural,0.95
picturalement,0.07
pidgin,0.14
pie,4.32
pie-grièche,0.07
pie-mère,0.07
pied,486.42
pied-bot,0.61
pied-d'alouette,0.01
pied-d'oeuvre,0.07
pied-de-biche,0.32
pied-de-poule,0.54
pied-noir,3.78
pied-plat,0.05
piedmont,0.23
pier,0.01
piercing,1.69
pierraille,3.85
pierre,189.86
pierreries,1.89
pierreux,2.64
pierrier,0.20
pierrière,0.07
pierrot,1.35
pietà,0.88
pieu,5.45
pieusement,3.11
pieuter,2.03
pieuvre,2.97
pieux,12.43
pif,7.23
pifer,0.01
piffer,0.68
piffre,0.07
piffrer,0.16
pifomètre,0.61
pige,14.39
pigeon,19.26
pigeon-voyageur,0.14
pigeonnant,0.34
pigeonneau,0.34
pigeonner,0.34
pigeonnier,3.45
piger,41.77
pigiste,0.54
pigment,0.61
pigmentaire,0.07
pigmentation,0.51
pigne,0.47
pigner,0.01
pignole,0.07
pignon,8.31
pignouf,0.54
pilaf,0.27
pilastre,1.15
pile,32.43
pile-poil,0.07
piler,6.15
pileux,0.61
pilier,16.15
pilifère,0.07
pillage,3.38
pillard,1.89
piller,8.38
pilleur,1.35
pilon,1.69
pilonnage,0.61
pilonner,1.35
pilori,2.50
pilosité,0.27
pilot,1.10
pilotage,2.44
pilote,37.69
piloter,13.18
pilotin,0.10
pilotis,2.30
pilou,0.95
pilsen,0.07
pilule,22.64
pilum,0.07
pilée,0.14
pimbêche,0.47
piment,4.76
pimenter,0.88
pimenté,0.27
pimpant,4.05
pimpon,0.41
pimprenelle,0.14
pin,26.62
pin's,0.30
pin-pon,0.34
pin-up,0.71
pinacle,0.61
pinacothèque,0.20
pinaillage,0.02
pinailler,0.50
pinailleur,0.02
pinard,6.89
pinasse,0.54
pince,14.73
pince-monseigneur,0.54
pince-nez,1.35
pince-sans-rire,0.47
pinceau,17.91
pincement,3.92
pincer,23.65
pincette,1.49
pinceur,0.07
pinchart,0.07
pincé,2.09
pincée,3.31
pine,1.59
pineau,0.14
piner,0.81
ping-pong,2.67
pinglot,0.14
pingouin,3.51
pingre,0.74
pingrerie,0.20
pink,1.00
pinot,0.47
pinson,2.86
pintade,2.16
pinte,1.34
pinter,0.68
pinçage,0.10
pinçard,0.07
pinçon,0.20
pinçure,0.07
pinède,3.72
pinéal,0.23
pioche,6.42
piocher,2.91
piocheur,0.07
piolet,0.31
pion,6.49
pioncer,2.64
pionner,0.01
pionnier,9.73
piot,0.34
pioupiou,0.34
pipa,0.07
pipe,32.84
pipe-line,0.34
pipeau,2.09
pipelet,0.47
pipelette,1.82
pipeline,0.51
piper,20.60
piperade,0.07
piperie,0.07
pipette,0.68
pipeur,0.47
pipi,15.36
pipi-room,0.05
pipistrelle,0.13
pipo,0.18
pipée,0.07
piquage,0.07
piquant,6.82
pique,7.09
pique-assiette,0.39
pique-feu,0.81
pique-nique,6.05
pique-niquer,1.03
piquer,64.86
piquet,9.39
piquetage,0.07
piqueter,3.18
piquetis,0.14
piquette,1.15
piqueur,1.35
piqueux,0.20
piquier,0.07
piquouse,0.95
piquouser,0.01
piquouze,0.34
piqué,4.86
piqûre,11.41
piranha,1.32
piratage,0.56
pirate,8.14
pirater,2.84
piraterie,0.61
pire,98.83
piriforme,0.47
pirogue,4.73
pirojki,0.28
pirolle,0.20
pirouette,3.51
pirouetter,0.81
pis,37.16
pis-aller,0.81
pisan,0.10
piscicole,0.07
pisciculteur,0.07
pisciculture,0.14
pisciforme,0.07
piscine,23.62
pisiforme,0.03
pissaladière,0.07
pissat,0.41
pisse,5.99
pisse-copie,0.27
pisse-froid,0.34
pisse-vinaigre,0.07
pissenlit,3.24
pisser,39.03
pissette,0.20
pisseur,0.88
pisseux,1.89
pissoir,0.02
pissotière,3.45
pissou,5.28
pistache,1.69
pistachier,0.14
pistage,0.30
pistard,0.47
piste,51.77
pister,1.90
pisteur,0.95
pistil,0.81
pistole,1.09
pistolero,0.24
pistolet,34.92
pistolet-mitrailleur,0.02
pistolétade,0.14
piston,3.18
pistonner,1.03
pistonné,0.35
pistou,0.38
pisé,0.47
pit-bull,0.63
pita,0.73
pitaine,2.09
pitance,2.70
pitancher,0.14
pitancier,0.07
pitbull,1.02
pitch,0.29
pitcher,0.03
pitchoun,0.07
pitchounet,0.14
pitchounette,0.14
pitchpin,0.47
piteusement,1.42
piteux,4.46
pithiviers,0.07
pithécanthrope,0.34
pitié,76.38
piton,7.30
pitonner,0.14
pitoyable,9.19
pitoyablement,0.47
pitre,1.96
pitrerie,1.28
pittoresque,6.49
pituitaire,0.20
pituite,0.07
pityriasis,0.07
piu,0.07
pive,0.07
pivert,0.88
pivoine,1.96
pivot,1.69
pivotant,0.81
pivotement,0.07
pivoter,9.39
pixel,0.36
pizza,23.09
pizzaiolo,0.02
pizzeria,2.12
pizzicato,0.29
pièce,276.35
piège,33.12
piètement,0.07
piètre,4.19
piètrement,0.03
piécette,1.89
piédestal,2.09
piédroit,0.20
piégeage,0.27
piéger,21.77
piégeur,0.34
piémont,0.14
piémontais,0.60
piéride,0.14
piéta,0.15
piétaille,1.28
piétement,0.47
piéter,0.54
piétin,0.07
piétinant,0.34
piétinement,5.34
piétiner,20.61
piétiste,0.07
piéton,3.72
piétonnier,0.20
piété,7.70
più,0.07
placage,0.34
placard,34.39
placarder,3.18
placardier,0.14
place,468.58
placebo,0.52
placement,3.12
placenta,0.70
placentaire,0.04
placer,101.76
placet,0.27
placette,1.82
placeur,0.34
placide,5.95
placidement,1.35
placidité,2.03
placier,0.14
placoplâtre,0.06
placé,9.05
plafond,50.34
plafonnement,0.07
plafonner,0.34
plafonnier,1.42
plafonné,0.14
plage,86.89
plagiaire,0.19
plagiat,0.41
plagier,0.47
plagioclase,0.01
plaid,1.15
plaidable,0.02
plaider,12.70
plaideur,0.47
plaidoirie,2.36
plaidoyer,1.28
plaie,24.26
plaignant,1.56
plain,0.60
plain-chant,0.27
plain-pied,3.65
plaindre,67.84
plaine,39.86
plainte,26.69
plaintif,6.82
plaintivement,0.81
plaire,607.21
plaisamment,2.03
plaisance,2.03
plaisancier,0.20
plaisant,9.73
plaisanter,87.13
plaisanterie,26.49
plaisantin,0.95
plaisir,233.85
plan,147.54
plan-séquence,0.10
planant,1.22
planche,41.55
plancher,31.15
planchette,2.50
planchiste,0.20
plancton,0.65
plane,0.48
planelle,0.01
planement,0.07
planer,16.55
planeur,1.31
planifiable,0.01
planificateur,0.07
planification,0.42
planifier,8.15
planisphère,1.15
planitude,0.14
planning,4.77
planque,9.10
planquer,21.76
planqué,1.69
plant,4.53
plantage,0.04
plantain,0.14
plantaire,0.20
plantation,6.35
plante,35.00
planter,75.88
planteur,2.23
plantier,0.70
plantigrade,0.20
plantoir,0.14
planton,2.91
plantureux,1.42
planté,7.16
planète,61.11
planétaire,2.27
planétarium,0.31
planétoïde,0.04
plaquage,0.26
plaque,46.15
plaquer,27.70
plaquettaire,0.01
plaquette,4.26
plaqueur,0.07
plaqué,2.91
plasma,2.85
plasmagène,0.01
plasmaphérèse,0.08
plasmique,0.01
plaste,0.01
plastic,1.15
plasticage,0.34
plasticien,0.40
plasticité,0.27
plastie,0.03
plastifiant,0.01
plastification,0.01
plastifier,0.95
plastiquage,0.16
plastique,16.96
plastiquer,0.41
plastiqueur,0.22
plastisol,0.01
plastoc,0.20
plastron,2.57
plastronner,1.35
plastronneur,0.07
plat,61.76
plat-bord,0.61
plat-ventre,0.11
platane,13.99
plate,0.54
plate-bande,2.77
plate-forme,11.15
plateau,54.53
plateau-repas,0.14
plateaux-repas,0.07
plateforme,0.59
platelage,0.07
platement,1.08
plateresque,0.20
platine,3.31
platiné,1.15
platitude,2.30
platière,0.07
platonicien,0.41
platonique,1.55
platoniquement,0.27
platonisant,0.07
platée,0.61
plausibilité,0.04
plausible,3.92
plausiblement,0.07
play,0.01
play-back,0.59
play-boy,1.08
playboy,0.38
playmate,0.36
playon,0.02
plaza,2.91
plazza,0.14
please,3.18
plectre,0.07
plein,370.41
plein-air,0.20
plein-cintre,0.07
plein-emploi,0.01
plein-temps,0.12
pleinement,7.77
plessis,0.07
plet,0.07
pleur,12.50
pleural,0.32
pleurant,2.09
pleurard,0.54
pleurement,0.20
pleurer,191.64
pleureur,1.22
pleurite,0.10
pleurnichage,0.03
pleurnichard,0.74
pleurnichement,0.34
pleurnicher,6.08
pleurnicherie,0.54
pleurnicheur,0.34
pleurésie,0.54
pleurétique,0.01
pleutre,0.61
pleutrerie,0.14
pleuviner,0.14
pleuvioter,0.07
pleuvoir,67.17
plexi,0.01
plexiglas,0.47
plexus,0.88
pleyel,0.07
pli,41.42
pliable,0.19
pliage,0.54
pliant,3.92
plie,0.47
plier,50.20
plieur,0.02
plinthe,2.43
pliocène,0.01
plioir,0.14
plique,0.03
plissement,1.08
plisser,16.49
plisseur,0.07
plissure,0.20
plissé,8.72
pliure,0.95
plié,0.88
ploc,0.65
ploiement,0.27
plomb,22.64
plombage,0.99
plombe,7.09
plomber,2.70
plomberie,2.32
plombier,5.85
plombières,0.20
plombure,0.07
plombé,3.85
plombée,0.27
plonge,4.66
plongeant,1.28
plongement,0.07
plongeoir,1.08
plongeon,4.05
plonger,86.22
plongeur,3.89
plongée,6.74
plot,0.61
plouc,3.90
plouf,1.55
plouk,0.68
ploutocrate,0.07
ploutocratie,0.20
ployant,0.20
ployer,7.36
plucher,1.01
pluches,0.54
plue,0.26
pluie,122.57
plum-pudding,0.07
plumage,2.64
plumard,5.95
plume,60.00
plumeau,2.70
plumer,3.78
plumet,2.03
plumetis,0.20
plumeux,0.74
plumier,1.35
plumitif,1.15
plumée,0.02
plupart,0.07
pluralisme,0.16
pluraliste,0.22
pluralité,0.27
pluriannuel,0.01
pluridisciplinaire,0.01
pluriel,3.11
plurinational,0.10
plus,5014.53
plus-que-parfait,0.14
plus-value,0.72
plusieurs,203.58
pluton,0.14
plutonien,0.04
plutonique,0.01
plutonium,1.48
plutôt,280.74
pluvial,0.10
pluvier,0.27
pluvieux,4.46
pluviomètre,0.14
pluviométrie,0.02
pluviométrique,0.07
pluviosité,0.07
pluviôse,0.14
plâtras,0.95
plâtre,15.81
plâtrer,0.88
plâtreux,0.95
plâtrier,1.01
plâtré,0.47
plèbe,0.70
plèvre,0.31
plébiscite,0.95
plébisciter,0.14
plébéien,0.68
pléiade,1.82
pléistocène,0.02
plénier,1.42
plénipotentiaire,1.28
plénitude,6.96
plénum,0.11
pléonasme,0.47
plésiosaure,0.14
pléthore,0.32
pléthorique,0.41
pneu,17.03
pneumatique,2.16
pneumatophore,0.07
pneumo,0.34
pneumoconiose,0.01
pneumocoque,0.07
pneumocystose,0.34
pneumologue,0.01
pneumonectomie,0.01
pneumonie,4.96
pneumonique,0.09
pneumopathie,0.07
pneumothorax,0.45
pneus-neige,0.02
pochade,0.41
pochage,0.07
pochard,1.01
poche,146.28
poche-revolver,0.27
pocher,0.61
pochetron,0.14
pochette,8.85
pochette-surprise,0.34
pocheté,0.07
pochetée,0.07
pochoir,0.95
pochon,0.47
pochtron,0.12
poché,0.81
podagre,0.20
podestat,0.27
podium,2.16
podologue,0.07
podomètre,0.01
poecile,0.07
pogne,13.38
pognon,13.85
pogo,0.16
pogrom,1.08
pogrome,0.47
poids,89.05
poids-lourds,0.07
poignant,6.22
poignard,10.14
poignarder,14.32
poigne,5.41
poigner,1.08
poignet,42.84
poignée,46.08
poil,76.01
poil-de-carotte,0.07
poilant,0.14
poiler,1.28
poileux,0.07
poilu,9.05
poindre,5.61
poing,76.08
poinsettia,0.04
point,323.58
point-clé,0.02
point-virgule,0.07
pointage,0.41
pointe,83.85
pointeau,0.14
pointement,0.07
pointer,38.51
pointeur,0.61
pointilleux,1.76
pointillisme,0.01
pointilliste,0.34
pointillé,2.97
pointu,21.62
pointure,3.27
pointé,2.23
poinçon,1.89
poinçonner,0.54
poinçonneur,0.20
poire,15.07
poire-vérité,0.07
poireau,2.84
poireauter,2.30
poirer,0.14
poirier,3.65
poiroter,0.27
poiré,0.27
pois,13.72
poiscaille,0.81
poison,19.76
poissard,0.14
poisse,5.62
poisser,2.64
poisseux,8.99
poisson,81.51
poisson-chat,0.64
poisson-globe,0.02
poisson-lune,0.15
poisson-pilote,0.07
poisson-épée,0.09
poissonnerie,0.47
poissonneux,0.47
poissonnier,0.88
poissonnière,3.92
poitevin,0.41
poitrail,5.07
poitrinaire,1.08
poitrine,104.46
poivrade,0.68
poivre,6.89
poivrer,2.30
poivrier,0.88
poivrière,0.34
poivron,2.35
poivrot,3.53
poivré,1.22
poix,1.22
poker,10.76
polack,1.48
polaire,2.50
polak,0.41
polaque,0.47
polar,1.49
polarisant,0.07
polarisation,0.06
polariser,0.41
polarisé,0.02
polarité,0.54
polaroid,0.39
polaroïd,0.95
polder,0.20
pole,0.22
polenta,0.88
poli,16.69
police,276.21
police-secours,0.47
policeman,0.41
policer,1.27
polichinelle,2.09
policier,34.15
policlinique,0.10
policé,1.82
poliment,10.00
polio,1.10
poliomyélite,0.28
poliomyélitique,0.27
poliorcétique,0.07
polir,11.01
polish,0.07
polissage,0.41
polisseur,0.14
polissoir,0.07
polisson,1.14
polissonner,0.11
polissonnerie,0.20
polissure,0.07
politburo,0.47
politesse,20.54
politicard,0.41
politicien,7.67
politico,0.27
politique,70.81
politique-fiction,0.07
politiquement,2.77
politisation,0.01
politiser,0.34
polka,7.64
pollen,1.89
pollinique,0.07
pollinisateur,0.03
pollinisation,0.09
polliniser,0.02
pollope,0.07
polluant,0.21
polluer,3.38
pollueur,0.25
pollution,2.38
polo,2.03
poloche,0.34
polochon,0.81
polonais,14.73
polope,0.41
polski,0.14
poltron,0.74
poltronnerie,0.55
poly,0.30
polyacrylate,0.03
polyamide,0.20
polyandre,0.07
polyarthrite,0.03
polycarbonate,0.03
polychlorure,0.01
polychrome,1.08
polychromie,0.27
polychromé,0.27
polyclinique,0.23
polycopie,0.07
polycopier,0.54
polycopié,0.20
polyculture,0.07
polycéphale,0.01
polydactylie,0.01
polyester,0.46
polygame,0.15
polygamie,0.49
polyglotte,1.01
polygonal,0.20
polygone,0.88
polygraphe,0.37
polygénique,0.01
polykystique,0.04
polymorphe,0.07
polymorphie,0.02
polymère,0.16
polymérase,0.05
polymérique,0.02
polynésien,0.47
polype,0.74
polyphone,0.07
polyphonie,0.14
polyphonique,0.23
polypier,0.14
polypropylène,0.14
polystyrène,0.38
polysyllabe,0.01
polysyllabique,0.07
polytechnicien,1.35
polytechnique,0.88
polythène,0.01
polythéiste,0.01
polytonal,0.07
polytonalité,0.07
polyuréthane,0.05
polyvalence,0.14
polyvalent,0.15
polyvinyle,0.07
polyvinylique,0.03
polyèdre,0.20
polyéthylène,0.14
polémique,1.35
polémiquer,0.14
polémiste,0.47
pomelo,0.01
pommade,3.04
pommader,0.54
pommadin,0.07
pommadé,0.74
pommard,0.20
pomme,82.36
pommeau,4.26
pommeler,0.27
pommelé,1.49
pommer,1.96
pommeraie,0.14
pommette,16.35
pommier,8.78
pompadour,0.03
pompage,0.35
pompe,35.14
pomper,5.24
pompette,1.21
pompeur,0.27
pompeusement,1.15
pompeux,4.26
pompier,13.01
pompiste,4.05
pompiérisme,0.07
pompon,3.92
pomponner,1.69
pompé,0.07
pompéien,0.54
pomélo,0.01
poméranien,0.14
ponant,0.34
ponce,0.14
ponceau,0.41
poncer,2.43
poncho,1.04
poncif,0.95
ponction,1.72
ponctionner,0.27
ponctualité,1.42
ponctuation,1.55
ponctuel,3.55
ponctuellement,1.01
ponctuer,9.32
pondeur,0.20
pondoir,0.20
pondre,6.82
pondérable,0.20
pondération,0.47
pondérer,0.14
pondéré,1.15
ponette,0.47
poney,4.80
pongiste,0.30
pongo,1.72
pongé,0.20
pont,90.81
pont-l'évêque,0.07
pont-levis,1.42
pont-neuf,2.43
pont-promenade,0.07
pontage,0.65
ponte,2.35
ponter,0.52
pontet,0.20
pontife,1.28
pontifiant,0.41
pontifical,1.35
pontificat,0.14
pontifier,0.54
pontil,0.07
pontin,0.20
ponton,3.99
pontonnier,0.81
ponts-levis,0.27
ponté,0.01
ponçage,0.14
pool,1.19
pop,3.10
pop-club,0.07
pop-corn,3.79
popaul,0.28
pope,6.42
popeline,4.66
poplité,0.05
popote,2.57
popotin,0.79
populace,2.36
populacier,0.68
populaire,31.28
populairement,0.14
populariser,0.14
popularité,2.03
population,33.65
populeux,1.15
populisme,0.14
populiste,0.41
populo,1.55
poque,0.16
poquette,0.07
porc,41.07
porc-épic,0.55
porcelaine,12.43
porcelet,0.57
porche,17.03
porcher,1.48
porcherie,2.76
porcif,0.34
porcin,0.74
pore,3.51
poreux,2.84
porno,9.77
pornocrate,0.14
pornographe,0.47
pornographie,1.81
pornographique,1.82
porosité,0.34
porphyre,1.49
porphyrie,0.12
porque,0.32
porridge,1.13
port,76.42
port-salut,0.20
portabilité,0.01
portable,35.82
portage,0.74
portager,0.07
portail,22.97
portal,0.14
portance,0.29
portant,9.73
portatif,2.64
porte,617.43
porte-aiguille,0.07
porte-avion,0.07
porte-avions,1.22
porte-bagages,3.11
porte-bannière,0.07
porte-billets,0.14
porte-bois,0.07
porte-bonheur,4.58
porte-bouteilles,0.27
porte-bébé,0.02
porte-cannes,0.07
porte-carte,0.07
porte-cartes,0.34
porte-chance,0.17
porte-chapeaux,0.04
porte-cigarette,0.20
porte-cigarettes,0.74
porte-clef,0.14
porte-clefs,0.34
porte-clé,0.10
porte-clés,1.44
porte-conteneurs,0.01
porte-coton,0.07
porte-couilles,0.07
porte-couteau,0.07
porte-couteaux,0.07
porte-cravate,0.07
porte-crayon,0.01
porte-document,0.01
porte-documents,0.86
porte-drapeau,0.68
porte-drapeaux,0.07
porte-fanion,0.14
porte-fenêtre,4.46
porte-flingue,0.08
porte-glaive,1.01
porte-jarretelles,1.89
porte-malheur,0.19
porte-mine,0.14
porte-monnaie,6.01
porte-musique,0.07
porte-objet,0.01
porte-papier,0.07
porte-parapluie,0.07
porte-parapluies,0.47
porte-plume,3.78
porte-queue,0.01
porte-savon,0.27
porte-serviette,0.20
porte-serviettes,0.20
porte-tambour,0.34
porte-voix,2.64
porte-à-faux,0.61
porte-à-porte,0.41
porte-épée,0.14
porte-étendard,0.34
porte-étrier,0.07
portefaix,1.15
portefeuille,21.15
portemanteau,4.05
portement,0.07
porter,474.93
porterie,0.14
porteur,13.31
portfolio,0.68
portier,45.00
portillon,3.24
portion,7.57
portique,4.53
portland,0.07
porto,5.00
portor,0.07
portoricain,1.27
portraire,1.01
portrait,54.59
portrait-robot,1.17
portraitiste,0.47
portraiturer,0.54
portuaire,0.81
portugais,7.89
portulan,0.61
portus,0.07
portée,33.85
posada,0.81
pose,19.93
pose-la-moi,0.01
posemètre,0.02
poser,409.05
poseur,0.96
positif,17.27
position,63.38
position-clé,0.01
positionnel,0.01
positionnement,0.23
positionner,1.11
positionneur,0.01
positivement,3.11
positiver,0.23
positivisme,0.14
positiviste,0.20
positivité,0.17
positon,0.01
positron,0.14
posologie,0.34
possesseur,3.78
possessif,1.76
possession,27.64
possessivité,0.20
possibilité,30.54
possible,211.96
possiblement,0.21
possédant,0.68
posséder,82.23
possédé,1.89
post,0.69
post mortem,0.28
post-apocalyptique,0.04
post-empire,0.07
post-hypnotique,0.02
post-impressionnisme,0.01
post-it,1.85
post-moderne,0.14
post-natal,0.18
post-opératoire,0.19
post-partum,0.04
post-production,0.14
post-punk,0.14
post-romantique,0.07
post-rupture,0.01
post-scriptum,1.96
post-synchro,0.05
post-traumatique,0.82
post-victorien,0.01
post-zoo,0.01
postage,0.01
postal,16.76
postcombustion,0.12
postcure,0.27
postdater,0.04
postdoctoral,0.01
poste,90.68
poste-clé,0.02
poster,10.47
postface,0.27
posthume,4.32
postiche,1.28
postier,2.03
postillon,1.42
postillonner,2.30
postillonneur,0.14
postmoderne,0.08
postmodernisme,0.07
postmoderniste,0.01
postnatal,0.02
postopératoire,0.18
postproduction,0.02
postsynchronisation,0.07
postulant,1.28
postulat,0.95
postuler,2.44
posture,9.46
posté,1.01
postérieur,1.76
postérieurement,0.27
postérité,2.30
posé,13.45
posément,8.38
pot,48.04
pot-au-feu,0.90
pot-bouille,0.01
pot-de-vin,1.22
pot-pourri,0.68
potable,2.26
potache,0.54
potage,6.22
potager,3.24
potard,0.68
potasse,0.27
potasser,0.83
potassium,1.68
pote,84.92
poteau,13.04
potelé,3.38
potence,3.40
potentat,0.41
potentialisation,0.01
potentialiser,0.01
potentialité,0.38
potentiel,6.04
potentiellement,1.12
potentiomètre,0.20
poter,0.02
poterie,4.32
poterne,2.03
potiche,1.15
potier,0.68
potimarron,0.01
potin,3.85
potion,11.59
potiron,1.08
potlatch,0.20
poto-poto,0.14
potos,0.07
potron-minet,0.27
pots-de-vin,1.98
potée,1.35
pou,10.41
pouacre,0.07
pouah,1.82
poubelle,22.91
pouce,35.34
pouce-pied,0.01
poucet,1.08
poucette,1.18
pouding,0.16
poudingue,0.07
poudrage,0.07
poudre,30.27
poudrer,4.32
poudrette,0.07
poudreux,3.18
poudrier,1.42
poudrière,0.61
poudroiement,1.15
poudré,2.30
pouf,5.07
pouffant,0.27
pouffement,0.14
pouffer,9.12
pouffiasse,3.09
poufiasse,1.64
pouh,0.28
pouic,0.41
pouille,0.07
pouillerie,0.54
pouilleux,1.27
pouillot,0.07
pouilly,0.34
poujadisme,0.07
poujadiste,0.20
poulaga,2.43
poulaille,0.41
poulailler,3.51
poulain,3.78
poulardin,0.34
poulbot,0.54
poule,36.70
poulet,41.25
poulette,3.41
pouliche,2.09
poulie,3.11
poulinière,0.14
poulot,0.20
poulotter,0.14
poulpe,3.11
pouls,15.64
poumon,21.55
pound,0.20
poupard,0.68
poupe,2.97
poupin,1.55
poupon,2.77
pouponnage,0.07
pouponner,0.54
pouponnière,0.23
poupoule,0.74
poupée,27.59
pour,7078.55
pour-cent,0.56
pourboire,8.77
pourceau,0.95
pourcent,0.45
pourcentage,4.75
pourchas,0.27
pourchasser,4.93
pourchasseur,0.07
pourcif,0.07
pourfendeur,0.16
pourfendre,1.01
pourim,0.68
pourliche,1.76
pourlécher,1.35
pourparler,0.15
pourparlers,2.23
pourpier,0.20
pourpoint,1.49
pourpre,6.82
pourpré,0.14
pourquoi,1348.04
pourri,22.84
pourrir,22.86
pourrissant,2.30
pourrissement,0.88
pourrisseur,0.07
pourrissoir,0.41
pourriture,6.89
poursuite,15.47
poursuivant,2.43
poursuivre,106.42
pourtant,375.68
pourtour,2.84
pourvoi,0.31
pourvoir,33.78
pourvoyeur,1.35
poussah,0.27
pousse,8.57
pousse-au-crime,0.07
pousse-café,0.68
pousse-cailloux,0.07
pousse-pousse,1.43
pousser,288.92
poussette,2.43
pousseur,0.34
poussier,0.81
poussif,3.58
poussin,7.50
poussine,0.07
poussinière,0.07
poussivement,0.14
poussière,78.45
poussiéreux,16.55
poussoir,0.07
poussé,5.34
poussée,11.22
poutargue,0.07
poutine,0.06
poutou,0.34
poutraison,0.14
poutre,15.74
poutrelle,2.03
pouvoir,5524.47
pouzzolane,0.14
poème,31.22
poète,35.95
poésie,21.89
poéticien,0.07
poétique,8.11
poétiquement,0.47
poétiser,0.41
poêle,19.93
poêlon,0.41
practice,0.15
pradelle,6.08
praesidium,0.14
pragmatique,0.51
pragmatiquement,0.01
pragmatisme,0.27
pragmatiste,0.07
praire,0.20
prairial,0.20
prairie,19.66
praline,1.76
praliné,0.20
prang,0.11
praticable,1.28
praticien,1.76
pratiquant,0.88
pratique,16.69
pratiquement,17.03
pratiquer,24.59
praxie,0.10
premier,672.57
premier-maître,0.16
premier-né,0.91
premium,0.05
première-née,0.11
premièrement,5.51
prenable,0.14
prenant,3.18
prendre,1913.83
preneur,2.21
presbyte,0.54
presbyterium,0.07
presbytie,0.34
presbytère,3.51
presbytérien,0.23
prescience,1.01
prescription,2.50
prescrire,12.30
presqu'île,1.49
presque,465.54
press-book,0.03
pressage,0.07
pressant,7.70
presse,45.77
presse-agrumes,0.04
presse-bouton,0.07
presse-citron,0.02
presse-fruits,0.07
presse-papier,0.27
presse-papiers,0.47
presse-purée,0.41
presse-raquette,0.07
pressement,0.34
pressenti,1.01
pressentiment,8.72
pressentir,19.12
presser,71.01
presseur,0.14
pressing,2.63
pression,37.28
pressoir,1.15
pressurer,0.61
pressurisation,0.38
pressuriser,0.17
pressurisé,0.60
pressé,31.42
prestance,2.30
prestataire,0.34
prestation,2.30
preste,2.50
prestement,4.05
prestesse,0.61
prestidigitateur,1.89
prestidigitation,0.41
prestige,16.96
prestigieux,6.35
presto,1.22
preuve,107.54
preux,0.88
priant,0.27
priapique,0.61
priapisme,0.17
prie-dieu,2.64
prier,313.12
prieur,8.85
prieuré,0.68
primaire,5.54
primal,0.29
primat,0.34
primate,1.62
primatologue,0.01
primauté,0.95
prime,17.79
prime time,0.41
prime-saut,0.07
primer,2.09
primerose,0.07
primesautier,0.95
primeur,1.96
primevère,1.01
primidi,0.07
primitif,10.20
primitivement,0.54
primitivisme,0.14
primo,4.10
primo-infection,0.07
primordial,2.97
primordialement,0.41
primé,0.14
prin,0.14
prince,101.22
prince-de-galles,0.27
prince-évêque,0.14
princeps,0.07
princier,3.65
principal,38.92
principalement,6.08
principat,0.34
principauté,1.01
principe,47.57
princièrement,0.20
printanier,4.32
printemps,60.88
prion,3.11
prioritaire,3.07
priorité,12.15
pris,20.14
prise,38.04
priser,5.20
priseur,0.14
prismatique,0.07
prisme,1.42
prison,147.49
prisonnier,40.00
pristi,0.20
prisunic,3.11
privatif,0.47
privation,4.53
privatisation,0.41
privatiser,0.36
privauté,0.54
priver,42.70
privilège,17.70
privilégier,3.11
privilégié,9.46
privé,36.44
privément,0.01
prix,126.55
prix-choc,0.07
prière,45.95
pro,19.45
pro-occidental,0.01
proactif,0.07
probabilité,3.66
probable,18.18
probablement,69.41
probant,1.08
probation,1.39
probatoire,0.27
probe,0.38
probité,1.89
probloc,0.54
probloque,1.01
problème,520.07
problématique,1.39
proc,0.68
procalmadiol,0.07
procaïne,0.02
process,0.07
processeur,0.69
procession,10.20
processionnaire,0.20
processus,10.86
prochain,160.27
prochainement,2.77
proche,82.91
proche-oriental,0.01
prochinois,0.14
proclamation,4.19
proclamer,16.42
procommuniste,0.07
proconsul,1.35
procrastination,0.01
procréateur,0.14
procréation,1.22
procréer,1.55
proctologie,0.01
proctologue,0.28
procurateur,0.88
procuration,2.50
procure,0.20
procurer,27.97
procureur,29.45
procès,45.41
procès-test,0.02
procès-verbal,3.86
procéder,25.88
procédural,0.03
procédure,16.16
procédurier,0.14
procédé,8.85
prodigalité,1.01
prodige,8.78
prodigieusement,3.65
prodigieux,13.24
prodigue,3.65
prodiguer,11.42
prodrome,0.47
producteur,12.83
productif,1.66
production,18.73
productivité,0.75
produire,68.92
produit,28.80
prof,37.82
profanateur,0.28
profanation,1.21
profanatoire,0.07
profane,2.84
profaner,3.12
professe,0.07
professer,3.51
professeur,98.55
profession,15.81
professionnalisme,1.03
professionnel,23.09
professionnellement,1.13
professoral,0.41
professorat,0.34
profil,29.12
profilage,0.12
profiler,6.62
profileur,0.13
profilé,0.27
profit,25.00
profitabilité,0.01
profitable,1.96
profitant,0.20
profiter,91.22
profiterole,0.07
profiteur,1.35
profond,105.74
profondeur,32.64
profondément,34.59
profus,0.47
profusion,4.73
proférer,8.24
progestérone,0.07
prognathe,0.47
prognathisme,0.01
programmable,0.06
programmateur,0.19
programmation,1.09
programme,49.11
programmer,7.14
programmeur,0.64
programmé,0.80
progresser,15.81
progressif,5.27
progression,6.62
progressisme,0.34
progressiste,1.08
progressivement,8.24
progrès,29.73
progéniteur,0.07
progéniture,2.64
prohibition,0.79
prohibé,0.61
proie,32.50
projecteur,12.91
projectif,0.01
projectile,4.46
projection,6.69
projectionniste,0.52
projet,70.00
projeter,32.77
projo,0.66
prolapsus,0.15
prolifique,1.62
prolifère,0.10
proliférant,0.54
prolifération,1.08
proliférer,2.09
proline,0.03
prolixe,1.62
prolixité,0.20
prolo,3.04
prologue,1.42
prolongateur,0.01
prolongation,0.97
prolonge,0.61
prolongement,4.66
prolonger,35.00
prolongé,6.49
prolégomènes,0.68
prolétaire,3.78
prolétariat,3.65
prolétarien,2.36
prolétarisation,0.14
prolétariser,0.14
promazine,0.01
promenade,58.11
promener,97.77
promeneur,8.92
promenoir,0.54
promesse,40.20
prometteur,3.96
promettre,185.26
promis,21.65
promiscuité,4.26
promo,4.86
promontoire,3.24
promoteur,1.82
promotion,14.81
promotionnel,0.23
promouvoir,6.08
prompt,8.65
promptement,2.70
prompteur,0.24
promptitude,2.23
prompto,0.07
promu,1.15
promulgation,0.34
promulguer,1.82
prométhéen,0.04
pronation,0.14
pronom,0.74
pronominal,0.20
prononcer,86.08
prononciation,1.69
prononcé,5.00
prononçable,0.27
pronostic,2.70
pronostique,0.07
pronostiquer,0.47
pronostiqueur,0.06
pronunciamiento,0.14
propagande,10.07
propagandiste,0.54
propagateur,0.41
propagation,0.95
propager,6.42
propane,0.39
propension,1.96
propergol,0.01
prophase,0.02
prophylactique,0.41
prophylaxie,0.14
prophète,12.36
prophétie,5.36
prophétique,1.55
prophétiquement,0.07
prophétiser,1.35
propice,9.80
propionate,0.07
propitiatoire,0.68
propolis,0.10
proportion,12.70
proportionnalité,0.12
proportionnel,1.08
proportionnellement,0.34
proportionner,1.22
proportionné,0.74
propos,115.21
proposer,119.66
proposition,22.43
proposé,1.15
propre,207.50
propre-à-rien,0.07
proprement,16.22
propret,2.03
propreté,7.97
proprio,4.12
propriétaire,37.27
propriété,22.70
propulser,5.95
propulseur,1.88
propulsif,0.01
propulsion,2.07
propylène,0.05
propédeute,0.07
prorata,0.20
prorogation,0.07
proroger,0.14
prosateur,0.20
prosaïque,1.55
prosaïquement,0.47
prosaïsme,0.14
proscenium,0.14
proscription,0.27
proscrire,1.28
proscrit,0.68
prose,3.31
prosit,0.41
prosodie,0.27
prosodique,0.07
prosoviétique,0.07
prospect,0.18
prospecter,1.49
prospecteur,0.94
prospectif,0.34
prospection,2.70
prospective,0.14
prospectus,6.49
prospère,3.54
prospérer,2.03
prospérité,5.14
prostate,1.59
prostatectomie,0.01
prostatique,0.20
prostatite,0.11
prosternation,0.27
prosterner,4.73
prosthétique,0.01
prostituer,3.24
prostitution,6.72
prostitutionnel,0.07
prostitué,14.21
prostration,1.01
prostré,4.93
prosélyte,0.20
prosélytique,0.07
prosélytisme,0.47
protagoniste,2.03
protal,0.20
prote,1.35
protecteur,10.68
protection,24.78
protectionnisme,0.14
protectorat,1.01
protestant,4.12
protestantisme,0.81
protestation,13.45
protester,38.58
proteus,0.62
prothrombine,0.04
prothèse,2.11
prothésiste,0.23
prothétique,0.01
protide,0.14
protidique,0.01
protococcus,0.01
protocolaire,1.22
protocole,6.01
protohistoire,0.14
proton,0.53
protonique,0.09
protonotaire,0.34
protoplasme,0.09
protoplasmique,0.07
protoplaste,0.01
prototype,2.81
protoxyde,0.11
protozoaire,0.04
protrusion,0.01
protubérance,0.74
protubérant,0.34
protège-cahier,0.07
protège-dents,0.27
protège-slip,0.03
protège-tibia,0.02
protéase,0.01
protéger,130.71
protégé,6.28
protéiforme,0.14
protéine,3.59
protéinique,0.01
protéinurie,0.04
protéiné,0.20
protéique,0.11
protéolytique,0.07
protêt,0.14
proudhonisme,0.07
proue,5.47
prouesse,5.14
proustien,0.14
prout,0.32
prouvable,0.07
prouver,88.83
prouvé,1.22
provenance,5.27
provende,0.95
provenir,15.34
provençal,3.58
proverbe,4.90
proverbial,0.81
providence,2.50
providentiel,3.38
providentiellement,0.61
provider,0.03
provietnamien,0.07
province,30.68
provincial,5.74
provincialement,0.07
proviseur,4.45
provision,18.04
provisionnel,0.20
provisionner,0.14
provisoire,16.28
provisoirement,7.84
provo,0.17
provoc,0.21
provocant,5.68
provocateur,1.15
provocation,11.01
provolone,0.18
provoquer,48.85
provoqué,1.08
provéditeur,0.14
proximal,0.27
proximité,14.46
proxo,0.41
proxénète,1.01
proxénétisme,0.42
proze,0.41
proèdre,0.07
proéminence,0.14
proéminent,2.36
prud'homme,0.21
prude,0.81
prudemment,9.86
prudence,20.07
prudent,37.60
pruderie,0.68
prudhommesque,0.14
prune,5.68
pruneau,3.65
prunelle,15.74
prunellier,0.47
prunier,2.57
prunus,0.07
prurigo,0.07
prurit,2.15
prussien,3.38
prussik,0.02
prussique,0.41
prytanée,0.27
prèle,0.02
près,285.41
près de,16.35
pré,32.50
pré-salé,0.20
pré-établi,0.07
préadolescence,0.01
préalable,2.70
préalablement,2.03
préambule,2.77
préau,4.59
préavis,2.00
précaire,6.35
précairement,0.47
précambrien,0.07
précarité,1.35
précaution,36.01
précautionneusement,3.72
précautionneux,3.24
précellence,0.07
précelles,0.07
précepte,2.23
précepteur,2.91
précession,0.20
préchauffage,0.02
préchauffer,0.01
précieusement,1.76
précieux,39.19
préciosité,1.28
précipice,3.38
précipitamment,10.14
précipitant,0.14
précipitation,6.35
précipiter,66.96
précipité,8.45
précis,61.82
préciser,48.31
précision,24.26
précisément,34.80
précité,0.41
précoce,5.61
précocement,1.15
précocité,1.35
précognition,0.03
précolombien,0.07
préconisation,0.01
préconiser,1.96
préconçu,0.81
précuit,0.12
précurseur,1.49
précédemment,11.48
précédent,24.12
précéder,41.22
prédateur,2.38
prédation,0.04
prédelle,0.14
prédestination,1.01
prédestiné,0.81
prédicant,0.54
prédicat,0.01
prédicateur,1.69
prédication,0.61
prédictible,0.01
prédictif,0.05
prédiction,3.24
prédigestion,0.07
prédigéré,0.01
prédilection,3.18
prédire,9.05
prédisposition,0.46
prédit,0.14
prédominance,0.47
prédominant,0.34
prédominer,0.27
prédécesseur,3.18
prédéterminer,0.55
préemption,0.07
préencollé,0.01
préexistant,0.04
préfabriqué,1.42
préface,2.97
préfacer,0.34
préfacier,0.07
préfectance,0.14
préfecture,7.91
préfet,8.45
préfiguration,0.61
préfigurer,1.69
préfix,0.01
préfixation,0.01
préfixe,0.35
préformation,0.07
préformer,0.14
préfrontal,0.07
préférable,7.70
préférablement,0.01
préférence,13.92
préférentiel,0.16
préférer,179.44
préféré,27.42
prégnance,0.14
préhenseur,1.00
préhensile,0.07
préhension,0.10
préhistoire,2.84
préhistorien,0.07
préhistorique,2.91
préhominien,0.07
préindustriel,0.01
préjudice,2.03
préjudiciable,0.88
préjuger,1.69
préjugé,10.61
prélasser,2.57
prélat,2.77
prélavage,0.01
prélaver,0.01
prélegs,0.07
prélever,6.07
préliminaire,3.12
prélude,2.91
préluder,2.57
prélèvement,4.33
prématurité,0.01
prématuré,3.18
prématurément,2.03
prémenstruel,0.26
prémices,1.35
prémisse,0.68
prémolaire,0.23
prémonition,3.54
prémonitoire,1.62
prémunir,0.95
préméditation,1.82
préméditer,1.89
prémédité,1.46
prénatal,0.54
prénom,30.47
prénom-type,0.07
prénommer,2.36
prénommé,0.47
prénuptial,0.47
préoccupant,0.88
préoccupation,11.82
préoccuper,18.92
préoccupé,4.86
préopératoire,0.05
prépa,0.78
préparateur,1.15
préparatif,7.36
préparation,10.54
préparatoire,2.64
préparer,174.33
prépondérance,0.61
prépondérant,1.35
préposition,0.23
préposé,3.99
prépotence,0.07
préprogrammé,0.09
prépubère,0.08
prépuce,0.89
préraphaélite,0.07
prérentrée,0.01
préretraite,0.04
prérogative,1.35
préroman,0.07
prérévolutionnaire,0.07
présage,4.59
présager,3.31
préscolaire,0.07
présence,135.54
présent,141.01
présentable,3.17
présentateur,3.11
présentation,8.38
présente,1.44
présentement,3.78
présenter,165.88
présentoir,1.35
préservateur,0.01
préservatif,5.19
préservation,1.00
préserver,21.15
préside,0.07
présidence,5.95
président,143.39
président-directeur,0.41
présidentiable,0.34
présidentiel,4.42
présider,10.61
présidium,0.14
présocratique,0.20
présomptif,0.23
présomption,1.76
présomptueux,1.22
présumer,9.29
présumé,1.62
préséance,0.81
présélection,0.06
prétendant,3.16
prétendre,67.43
prétendu,7.64
prétendument,1.76
prétentaine,0.07
prétentiard,0.20
prétentieux,5.95
prétention,10.68
préternaturel,0.03
préteur,0.20
prétexte,42.91
prétexter,5.61
prétoire,2.30
prétorien,0.18
préture,0.01
prévalence,0.11
prévalent,0.14
prévaloir,2.64
prévaricateur,0.14
prévenance,2.50
prévenant,1.35
prévenir,129.28
préventif,1.85
prévention,2.57
préventivement,0.34
préventorium,0.41
prévenu,2.66
prévis,0.14
prévisibilité,0.04
prévisible,3.45
prévision,7.03
prévisionnel,0.12
prévoir,78.22
prévoyance,1.28
prévoyant,1.89
prévôt,1.42
prévôté,0.20
préélectoral,0.02
prééminence,0.41
préétabli,0.41
prêche,2.03
prêcher,7.82
prêcheur,4.59
prêchi-prêcha,0.14
prêt,314.64
prêt-bail,0.27
prêt-à-porter,0.95
prête-nom,0.27
prêter,87.09
prêteur,1.56
prêtraille,0.07
prêtre,51.69
prêtre-ouvrier,0.07
prêtrise,0.41
prêté,1.08
prône,0.54
prôner,1.49
prôneur,0.07
psalmiste,0.14
psalmodie,0.74
psalmodier,3.24
psaume,4.39
psautier,0.14
pschent,0.07
pschitt,0.95
pseudo,1.62
pseudo-gouvernement,0.14
pseudobulbaire,0.01
pseudomonas,0.05
pseudonyme,4.05
psi,0.04
psilocybine,0.05
psitt,0.20
psittacose,0.05
psoriasis,0.14
pst,0.43
psy,17.22
psychanalyse,4.73
psychanalyser,1.42
psychanalyste,3.38
psychanalytique,0.54
psychiatre,13.52
psychiatre-conseil,0.02
psychiatrie,3.59
psychiatrique,9.16
psychique,3.34
psychiquement,0.13
psychisme,1.15
psycho,2.11
psychochirurgie,0.02
psychodrame,0.33
psychodysleptique,0.01
psychogène,1.08
psychokinésie,0.20
psycholinguistique,0.01
psychologie,8.24
psychologie-fiction,0.07
psychologique,8.07
psychologiquement,1.68
psychologisation,0.07
psychologue,6.67
psychométrique,0.02
psychonévrose,0.01
psychopathe,9.38
psychopathie,0.02
psychopathique,0.13
psychopathologie,0.07
psychopathologique,0.07
psychopharmacologie,0.03
psychophysiologie,0.01
psychophysiologique,0.01
psychorigide,0.02
psychose,1.79
psychosexuel,0.01
psychosociologie,0.07
psychosociologue,0.10
psychosomaticien,0.20
psychosomatique,0.66
psychotechnicien,0.20
psychotechnique,0.20
psychothérapeute,0.23
psychothérapie,0.69
psychotique,2.66
psychotrope,0.34
psyché,1.08
psychédélique,0.89
psyllium,0.01
ptosis,0.01
ptyx,0.07
ptérodactyle,0.21
puant,11.49
puanteur,9.05
pub,25.65
pubertaire,0.20
puberté,2.36
pubien,1.51
pubis,1.15
publiable,0.07
public,65.27
public-relations,0.20
publicain,0.39
publication,7.23
publiciste,0.74
publicitaire,6.49
publicitairement,0.07
publicité,14.66
publico,0.07
publier,33.92
publieur,0.01
publiphone,0.01
publiquement,7.57
publireportage,0.03
pubère,0.41
puce,27.65
puceau,2.92
pucelage,1.15
puceron,0.47
pucher,0.02
pucheux,0.07
pucier,0.41
pudding,2.86
pudeur,20.07
pudibond,0.41
pudibonderie,0.47
pudicité,0.07
pudique,5.27
pudiquement,2.03
pueblo,0.95
puer,36.29
puff,0.57
puffin,0.54
pugilat,1.08
pugiler,0.07
pugiliste,0.41
pugilistique,0.07
pugnace,0.14
pugnacité,0.20
puis,836.42
puisard,0.29
puisatier,0.07
puiser,14.46
puisette,0.14
puisqu,0.03
puisque,131.82
puissamment,3.78
puissance,55.20
puissant,47.70
puits,21.69
pull,13.43
pull-over,6.35
pullman,0.54
pullulement,0.74
pulluler,2.91
pulmonaire,2.31
pulmonie,0.07
pulmonique,0.07
pulpe,2.36
pulpeux,2.23
pulque,0.60
pulsar,0.46
pulsatile,0.01
pulsation,4.19
pulser,0.61
pulseur,0.15
pulsion,4.15
pulvérin,0.07
pulvérisateur,0.22
pulvérisation,0.27
pulvériser,6.69
pulvérulence,0.07
puma,2.03
punais,0.20
punaise,7.84
punch,3.67
puncheur,0.02
punching-ball,0.71
punctiforme,0.01
puncture,0.10
puni,4.26
punique,0.20
punir,41.70
punissable,0.21
punisseur,0.11
punitif,1.08
punition,13.16
punk,6.39
punkette,0.14
punt,0.23
pupazzo,0.14
pupe,0.01
pupillaire,0.07
pupille,5.54
pupitre,6.89
pupitreur,0.01
pur,90.34
pur-sang,2.23
pureau,0.07
purement,9.32
pureté,13.99
purgatif,0.40
purgation,0.20
purgatoire,2.84
purge,1.89
purger,5.46
purifiant,0.20
purificateur,0.75
purification,1.31
purificatoire,0.07
purifier,7.92
purin,2.23
puriste,0.14
puritain,2.03
puritanisme,1.22
purotin,0.41
purpura,0.09
purpurin,0.61
purulence,0.41
purulent,0.74
purée,6.28
pus,5.00
pusillanime,0.95
pusillanimité,0.34
pustule,1.35
pustuleux,0.61
putain,306.74
putanat,0.20
putasserie,0.41
putassier,0.41
putatif,0.74
pute,105.25
putier,0.14
putois,1.28
putrescence,0.14
putrescent,0.20
putrescible,0.20
putrescine,0.01
putride,1.04
putréfaction,1.15
putréfier,0.68
putsch,1.55
putschiste,0.27
putt,0.21
putter,0.35
putting,0.17
puy,0.14
puzzle,11.82
puériculture,0.47
puéril,9.59
puérilement,0.20
puérilité,1.28
puîné,0.27
pygmée,0.58
pyjama,17.57
pylore,0.07
pylorique,0.03
pylône,1.96
pyogène,0.01
pyralène,0.01
pyrame,0.14
pyramidal,1.15
pyramidalement,0.07
pyramide,10.14
pyramidé,0.07
pyrex,0.07
pyrexie,0.01
pyridoxine,0.01
pyrite,0.06
pyroclastique,0.03
pyrogène,0.14
pyrolyse,0.01
pyromane,1.69
pyromanie,0.07
pyromètre,0.27
pyrosphère,0.07
pyrotechnicien,0.02
pyrotechnie,0.41
pyrotechnique,0.41
pyroxène,0.01
pyrrhique,0.14
pyrrhonien,0.14
pyrrhonisme,0.14
pyrèthre,0.07
pyrénéen,0.07
pyrénéenne,0.07
pyréthrine,0.03
pythagoricien,0.07
pythie,0.54
python,2.33
pythonisse,0.20
pâle,83.58
pâlement,0.54
pâleur,10.41
pâlichon,0.81
pâlir,15.14
pâlissant,0.74
pâlot,1.22
pâmer,3.18
pâmoison,1.22
pâque,0.95
pâquerette,2.09
pâques,1.01
pâquis,0.07
pâte,24.73
pâteusement,0.20
pâteux,5.07
pâtir,2.64
pâtis,0.54
pâtisserie,13.11
pâtissier,8.51
pâton,0.20
pâtour,0.07
pâtre,1.62
pâturage,4.53
pâture,3.31
pâturer,0.74
pâturin,0.07
pâté,16.55
pâtée,2.97
pègre,1.42
pèlerin,12.70
pèlerinage,8.58
père,895.55
pèse-acide,0.07
pèse-bébé,0.14
pèse-lettre,0.07
pèse-personne,0.07
pète-sec,0.41
pètesec,0.07
pèze,0.95
péage,1.08
péagiste,0.07
péan,0.07
pébroc,0.07
pébroque,1.62
pécan,0.32
pécari,0.81
pécher,9.87
pécheur,8.07
péché,41.22
pécore,1.01
pécule,2.30
pécune,0.07
pécuniaire,0.41
pécuniairement,0.07
pécunieux,0.07
pédagogie,1.22
pédagogique,2.36
pédagogue,1.49
pédalage,0.14
pédale,6.62
pédaler,7.03
pédaleur,0.14
pédalier,1.01
pédalo,0.41
pédant,1.55
pédanterie,0.47
pédantesque,0.07
pédantisme,0.61
pédestre,0.54
pédestrement,0.14
pédezouille,0.07
pédiatre,2.55
pédiatrie,1.08
pédiatrique,0.48
pédibus,0.20
pédicule,0.07
pédicure,0.76
pédicurie,0.01
pédieux,0.03
pédologue,0.03
pédomètre,0.01
pédoncule,0.20
pédonculé,0.07
pédophile,1.34
pédophilie,0.58
pédopsychiatre,0.32
pédoque,0.54
pédé,33.12
pédégé,0.07
pédéraste,3.38
pédérastie,0.61
pédérastique,0.27
pégamoïd,0.07
pégriot,0.41
péjoratif,1.28
péjorativement,0.07
pékan,0.03
pékin,1.28
pékinois,1.68
pélagique,0.29
pélican,1.28
pélot,0.07
pénal,4.64
pénalement,0.07
pénalisation,0.01
pénaliser,0.46
pénaliste,0.04
pénalité,1.11
pénard,1.08
pénardement,0.07
pénates,0.88
pénible,27.43
péniblement,11.01
péniche,7.97
pénicilline,1.44
pénien,0.04
pénil,0.01
péninsulaire,0.14
péninsule,3.31
pénis,8.11
pénitence,5.95
pénitencier,2.09
pénitent,2.84
pénitentiaire,3.21
pénologie,0.02
pénombre,28.24
pénultième,0.07
pénurie,2.84
pénétrable,0.14
pénétrant,4.53
pénétration,3.38
pénétrer,87.23
pénétré,2.36
péon,0.14
pépettes,0.20
pépiant,0.20
pépie,0.27
pépiement,2.77
pépier,1.28
pépin,5.15
pépinière,0.95
pépiniériste,0.41
pépite,2.04
péplum,0.54
pépère,3.18
pépètes,0.34
pépé,16.96
pépée,0.69
péquenaud,1.60
péquenot,1.82
péquin,0.20
péremptoire,5.07
péremptoirement,0.61
pérenne,0.14
pérennité,0.74
péri,0.07
péricarde,0.33
péricardique,0.12
péricardite,0.05
péricarpe,0.01
péricliter,1.01
péridurale,0.01
périf,0.27
périgourdin,0.27
périgée,0.07
péril,13.78
périlleusement,0.20
périlleux,6.76
périmer,1.68
périmètre,6.81
périmé,2.36
périnée,0.47
période,41.89
périodicité,0.07
périodique,1.89
périodiquement,3.18
périph,0.20
périphrase,0.27
périphérie,3.04
périphérique,1.55
périple,2.64
péripétie,6.69
périr,11.20
périscolaire,0.01
périscope,1.28
périscopique,0.31
périssable,1.82
périssodactyle,0.14
périssoire,0.20
péristaltique,0.14
péristaltisme,0.01
péristyle,1.49
péritoine,0.14
péritonite,0.47
péritonéal,0.32
pérodictique,0.01
péroniste,0.17
péronnelle,0.07
péroné,0.27
péroraison,1.08
pérorer,3.24
péroreur,0.07
pérot,0.11
pérou,0.01
péruvien,1.52
pérégrination,1.62
pérégriner,0.47
péréquation,0.20
pétainiste,0.54
pétale,8.24
pétanque,1.49
pétant,0.68
pétaradant,0.88
pétarade,2.36
pétarader,1.55
pétard,9.93
pétardier,0.47
pétase,0.14
pétasse,8.03
pétaudière,0.07
péter,31.66
péteur,0.11
péteuse,0.54
péteux,0.61
pétillant,3.24
pétillement,1.15
pétiller,4.39
pétiole,0.07
pétition,3.54
pétitionner,0.07
pétochard,0.14
pétoche,2.77
pétoire,1.62
pétomane,0.47
pétoncle,0.08
pétoulet,0.41
pétrel,0.07
pétreux,0.01
pétri,0.34
pétrification,0.27
pétrifier,8.38
pétrifié,5.41
pétrin,10.89
pétrir,11.01
pétrissage,0.14
pétrisseur,0.07
pétrochimie,0.14
pétrochimique,0.04
pétrole,15.41
pétrolette,0.20
pétrolier,2.23
pétrolifère,0.27
pétrousquin,0.14
pétrus,0.34
pétulance,0.34
pétulant,0.54
pétuner,0.20
pétunia,1.01
pété,1.66
pétéchie,0.22
pêche,30.41
pêcher,16.52
pêcherie,0.88
pêcheur,27.43
pêché,1.77
pêle-mêle,8.24
pêne,0.81
pôle,3.99
q,3.49
qu,22.91
qu'en-dira-t-on,0.41
quadra,0.05
quadragénaire,1.01
quadrangle,0.03
quadrangulaire,0.41
quadrant,0.73
quadratique,0.01
quadrature,1.15
quadri,0.07
quadriceps,0.11
quadrichromie,0.47
quadridimensionnel,0.01
quadriennal,0.09
quadrige,0.07
quadrilatère,1.76
quadrillage,1.01
quadrille,0.88
quadriller,3.85
quadrillion,0.04
quadrilobé,0.07
quadrimestre,0.01
quadrimoteur,0.14
quadripartite,0.07
quadriphonie,0.14
quadriphonique,0.11
quadriplégique,0.03
quadriréacteur,0.07
quadrivium,0.07
quadrumane,0.07
quadruple,0.54
quadrupler,0.68
quadrupède,1.01
quai,73.99
quaker,0.74
quakeresse,0.14
qualifiable,0.07
qualificatif,0.74
qualification,2.45
qualifier,11.62
qualifié,4.62
qualitatif,0.14
qualité,59.12
quand,1827.92
quant,32.30
quant-à-moi,0.14
quant-à-soi,1.22
quantifiable,0.15
quantifier,0.23
quantique,1.36
quantitatif,0.14
quantitativement,0.10
quantité,18.99
quantième,0.07
quanto,0.07
quantum,0.48
quarantaine,10.14
quarante,43.78
quarante-cinq,8.85
quarante-cinquième,0.10
quarante-deux,2.09
quarante-deuxième,0.07
quarante-huit,6.76
quarante-huitième,0.07
quarante-neuf,0.47
quarante-quatre,0.88
quarante-sept,0.74
quarante-septième,0.20
quarante-six,0.47
quarante-trois,1.28
quarante-troisième,0.07
quarantenaire,0.07
quarantième,0.27
quark,0.22
quarre,0.04
quart,77.30
quart-monde,0.02
quartaut,0.20
quarte,0.14
quartenier,0.07
quarter,0.44
quarteron,0.81
quartet,0.20
quartette,0.14
quartidi,0.07
quartier,112.16
quartier-maître,0.84
quarto,0.14
quartz,1.69
quarté,0.07
quasar,0.09
quasi,17.36
quasi-agonie,0.07
quasi-blasphème,0.07
quasi-bonheur,0.07
quasi-certitude,0.41
quasi-chômage,0.02
quasi-débutant,0.01
quasi-décapitation,0.01
quasi-désertification,0.07
quasi-facétieux,0.01
quasi-génocide,0.01
quasi-hérétique,0.07
quasi-ignare,0.07
quasi-impossibilité,0.14
quasi-impunité,0.07
quasi-inconnu,0.07
quasi-indifférence,0.07
quasi-infirme,0.07
quasi-instantanée,0.02
quasi-jungienne,0.01
quasi-mariage,0.07
quasi-maximum,0.01
quasi-mendiant,0.14
quasi-miracle,0.07
quasi-monopole,0.10
quasi-morceau,0.07
quasi-noyade,0.01
quasi-nudité,0.14
quasi-permanence,0.07
quasi-protection,0.07
quasi-religieux,0.07
quasi-respect,0.07
quasi-totalité,0.88
quasi-unanime,0.14
quasi-unanimité,0.07
quasi-veuvage,0.07
quasi-ville,0.07
quasi-voisines,0.07
quasi-émeute,0.02
quasi-équitable,0.01
quasiment,7.66
quasimodo,0.07
quat'zarts,0.07
quater,0.01
quaternaire,0.27
quatorze,22.09
quatorzième,2.16
quatrain,0.68
quatre,282.64
quatre-feuilles,0.07
quatre-heures,0.41
quatre-mâts,0.27
quatre-quarts,0.26
quatre-saisons,1.15
quatre-vingt,1.01
quatre-vingt-cinq,0.88
quatre-vingt-deux,0.27
quatre-vingt-dix,3.51
quatre-vingt-dix-huit,0.34
quatre-vingt-dix-neuf,0.47
quatre-vingt-dix-sept,0.27
quatre-vingt-dixième,0.14
quatre-vingt-douze,0.54
quatre-vingt-douzième,0.07
quatre-vingt-huit,0.20
quatre-vingt-neuf,0.61
quatre-vingt-onze,0.34
quatre-vingt-quatorze,0.10
quatre-vingt-quatre,0.74
quatre-vingt-quinze,2.16
quatre-vingt-seize,0.10
quatre-vingt-sept,0.27
quatre-vingt-six,0.34
quatre-vingt-treize,0.95
quatre-vingt-treizième,0.07
quatre-vingt-trois,0.41
quatre-vingt-un,0.14
quatre-vingtième,0.14
quatre-vingts,9.05
quatrillion,0.01
quatrième,15.74
quatrièmement,0.41
quattrocento,0.27
quatuor,3.45
que,4100.90
quechua,0.05
quel,657.71
quelconque,28.85
quelle,512.55
quelles,46.92
quelqu'un,629.00
quelqu'une,0.61
quelque,884.61
quelquefois,60.47
quelques,732.57
quelques-unes,8.51
quelques-uns,22.09
quels,56.44
quenelle,0.74
quenotte,0.74
quenouille,0.74
querelle,12.84
quereller,2.16
querelleur,0.33
questeur,0.13
question,411.82
question-clé,0.02
question-réponse,0.09
questionnaire,2.05
questionnement,0.36
questionner,15.88
questionneur,0.81
questure,0.10
quetsche,0.74
quette,0.01
quetzal,0.01
queue,57.84
queue-d'aronde,0.14
queue-de-cheval,0.14
queue-de-pie,0.27
queursoir,0.07
queutard,0.19
qui,7923.24
qui-vive,1.15
quibus,0.20
quiche,1.21
quichotte,0.07
quick,0.27
quiconque,22.81
quidam,2.23
quiet,0.74
quignon,2.43
quille,5.81
quiller,0.27
quillon,0.20
quimper,1.15
quincaille,0.34
quincaillerie,2.91
quincaillier,1.49
quinconce,1.42
quine,0.34
quinine,0.95
quinium,0.07
quinoa,0.01
quinqua,0.20
quinquagénaire,1.35
quinquagésime,0.07
quinquennal,0.34
quinquennat,0.10
quinquet,2.30
quinquina,0.54
quint,0.20
quintaine,0.07
quintal,1.01
quinte,4.86
quintessence,1.22
quintessencié,0.41
quintet,0.05
quintette,1.22
quinteux,0.20
quintidi,0.07
quinto,0.22
quintolet,0.02
quinton,0.01
quintuple,0.20
quinté,0.14
quinzaine,11.89
quinze,94.80
quinzième,2.03
quiproquo,0.88
quipu,0.07
quiquette,0.07
quiqui,0.41
quiscale,0.11
quite,0.47
quittance,1.15
quitte,11.04
quitter,318.72
quitus,0.14
quiz,0.53
quiètement,0.14
quiétisme,0.34
quiétiste,0.07
quiétude,5.14
quoi,1558.22
quoique,19.05
quolibet,2.91
quorum,0.67
quota,2.12
quote-part,0.47
quotidien,37.43
quotidiennement,4.80
quotidienneté,0.14
quotient,0.61
quotité,0.07
québécois,0.25
quémander,2.70
quémandeur,0.88
quéquette,2.36
quérir,1.76
quête,14.53
quêter,3.38
quêteur,0.81
ra,3.63
rab,1.92
rabais,1.57
rabaissement,0.07
rabaisser,3.79
raban,0.32
rabane,0.14
rabat,1.62
rabat-joie,0.91
rabattable,0.01
rabattant,0.07
rabatteur,1.82
rabattre,21.76
rabattu,2.03
rabbi,4.83
rabbin,9.36
rabbinat,0.20
rabbinique,0.41
rabe,0.14
rabelaisien,0.68
rabibochage,0.14
rabibocher,0.84
rabiot,0.88
rabioter,0.27
rabique,0.14
rabonnir,0.07
rabot,1.28
rabotage,0.14
raboter,2.91
raboteur,0.07
raboteux,0.88
rabotin,0.34
rabougri,3.38
rabougrir,0.95
rabouin,0.07
rabouler,0.01
rabouter,0.14
rabrouer,2.84
rabâchage,0.34
rabâcher,4.32
rabâcheur,0.01
rac,0.95
racaille,6.30
raccommodage,0.61
raccommoder,3.04
raccompagner,25.90
raccord,1.28
raccordement,0.27
raccorder,2.64
raccourci,5.78
raccourcir,5.95
raccourcissement,0.27
raccroc,0.47
raccrochage,0.14
raccrocher,28.09
raccrocheur,0.20
race,34.93
rachat,1.79
racheter,17.33
rachianesthésie,0.10
rachidien,0.23
rachis,0.07
rachitique,0.61
rachitisme,0.14
racho,0.07
racial,3.08
racialement,0.14
racine,31.96
raciner,0.34
racingman,0.07
racisme,2.97
raciste,4.97
rack,0.25
racket,2.33
racketter,0.23
racketteur,0.22
raclant,0.27
racle,0.07
raclement,2.09
racler,12.50
raclette,1.13
racleur,0.04
racloir,0.25
raclure,1.73
raclée,6.88
racolage,0.61
racoler,1.42
racoleur,0.41
racontable,0.20
racontar,2.23
raconter,261.89
raconteur,0.18
racornir,3.45
racé,1.69
rad,0.20
radada,0.07
radar,10.36
rade,10.88
radeau,5.20
radeau-radar,0.07
rader,0.61
radeuse,0.34
radial,0.34
radiant,0.14
radiateur,7.43
radiation,6.89
radical,8.11
radical-socialisme,0.27
radical-socialiste,0.34
radicale-socialiste,0.20
radicalement,3.65
radicalisation,0.14
radicaliser,0.02
radicalisme,0.47
radiculaire,0.16
radicule,0.07
radier,1.33
radiesthésiste,0.14
radieusement,0.20
radieux,12.09
radin,3.51
radiner,2.03
radinerie,0.07
radio,78.23
radio-isotope,0.04
radio-réveil,0.14
radio-taxi,0.14
radioactif,2.65
radioactivité,0.86
radioamateur,0.01
radioastronome,0.01
radiobalisage,0.01
radiobalise,0.07
radiocassette,0.02
radiodiffusion,0.14
radiogoniomètre,0.01
radiogoniométrique,0.10
radiogramme,0.11
radiographie,0.93
radiographier,0.34
radiographique,0.01
radioguidage,0.07
radiologie,1.16
radiologique,0.09
radiologiste,0.05
radiologue,0.55
radiomètre,0.07
radiométrie,0.01
radiophare,0.07
radiophonie,0.27
radiophonique,1.49
radioréveil,0.01
radioscopie,0.14
radioscopique,0.07
radiosonde,0.01
radiothérapie,0.21
radiotélescope,0.10
radiotélégraphie,0.07
radiotélégraphiste,0.14
radiotéléphone,0.03
radiotéléphonie,0.10
radiotéléphonique,0.01
radioélectrique,0.01
radioélément,0.01
radis,3.11
radium,0.32
radius,0.15
radié,0.18
radja,0.07
radjah,0.14
radon,0.07
radotage,0.81
radoter,2.30
radoteur,0.27
radoub,0.41
radouber,0.14
radoubeur,0.07
radoucir,2.09
radoucissement,0.07
radôme,0.01
rafale,19.46
raff,0.09
raffermir,1.82
raffinage,0.07
raffinement,7.36
raffiner,2.03
raffinerie,1.01
raffineur,0.03
raffiné,6.15
raffoler,3.85
raffut,1.69
rafiau,0.07
rafiot,1.42
rafistolage,0.27
rafistoler,3.31
rafle,3.11
rafler,5.20
rafraîchir,10.41
rafraîchissant,2.16
rafraîchissement,2.48
rafraîchisseur,0.07
rafraîchissoir,1.28
raft,0.10
rafting,0.22
rag,0.01
raga,0.10
ragaillardir,2.57
rage,45.34
rageant,0.25
rager,2.64
rageur,9.26
rageusement,5.61
raglan,0.54
ragnagnas,0.21
ragot,5.67
ragoter,0.27
ragougnasse,0.23
ragoût,4.46
ragoûtant,1.22
ragtime,0.13
rahat-lokoum,0.47
rai,5.41
raid,3.98
raide,39.39
raidement,0.14
raider,1.57
raideur,7.03
raidillon,4.12
raidir,19.59
raidissement,0.61
raie,11.01
raifort,0.27
rail,16.22
railler,3.31
raillerie,3.04
railleur,1.89
railway,0.07
rain,1.03
rainer,0.82
rainette,0.88
raineuse,0.07
rainure,3.51
rainurer,0.20
raiponce,0.03
raire,2.09
raisin,9.53
raisiné,1.35
raison,467.94
raisonnable,28.25
raisonnablement,2.36
raisonnement,11.35
raisonner,10.27
raisonneur,0.54
raisonné,0.68
raja,0.03
rajah,0.20
rajeunir,7.91
rajeunissant,0.04
rajeunissement,0.68
rajout,0.27
rajouter,13.09
rajustement,0.20
rajuster,6.08
raki,1.15
ralbol,0.20
ralenti,10.61
ralentir,30.95
ralentissement,1.89
ralentisseur,0.09
ralingue,0.14
raller,0.27
ralliement,8.18
rallier,13.78
rallié,0.81
rallonge,2.09
rallongement,0.01
rallonger,1.45
rallumage,0.07
rallumer,8.99
rallye,1.74
ralléger,0.27
ram,0.11
ramadan,1.07
ramage,2.57
ramager,0.14
ramarrer,0.14
ramas,0.27
ramassage,1.35
ramasse-miettes,0.27
ramasse-poussière,0.02
ramasser,74.80
ramasseur,2.70
ramassis,1.62
ramassé,2.36
rambarde,3.04
rambin,0.34
rambiner,0.88
rambineur,0.07
rambla,0.07
rambot,0.07
rambour,0.34
ramdam,1.01
rame,11.55
rameau,6.22
ramenard,0.20
ramener,172.70
ramer,6.42
ramette,0.14
rameur,2.43
rameuter,2.43
rami,0.48
ramier,1.01
ramifiant,0.54
ramification,1.42
ramifier,0.74
ramifié,0.61
ramille,0.54
raminagrobis,0.14
ramolli,1.08
ramollir,2.30
ramollissement,0.20
ramollo,0.32
ramon,0.14
ramonage,0.34
ramoner,1.55
ramoneur,0.88
rampant,2.84
rampe,20.81
rampement,0.20
ramper,19.39
ramponneau,0.34
rams,0.35
ramser,0.01
ramure,4.12
ramée,0.34
ran,0.74
rancard,2.80
rancarder,0.61
rancart,1.76
rance,4.26
ranch,7.21
ranche,0.20
rancher,0.15
rancho,0.87
ranci,0.27
rancio,0.20
rancir,0.54
rancissure,0.07
rancoeur,6.15
rancune,17.23
rancunier,1.69
randonner,0.20
randonneur,0.40
randonnée,4.66
rang,58.24
rangement,2.16
ranger,67.91
rangé,8.04
rangée,20.47
rani,1.08
ranimation,0.07
ranimer,9.19
rantanplan,0.07
ranz,0.14
rançon,10.60
rançonnage,0.01
rançonnement,0.07
rançonner,0.95
raout,0.74
rap,3.17
rapace,2.70
rapacité,0.81
rapatriement,1.96
rapatrier,3.11
rapatrié,1.28
rapetassage,0.14
rapetasser,0.61
rapetasseur,0.07
rapetissement,0.27
rapetisser,4.86
raphaélesque,0.07
raphia,1.28
raphé,0.07
rapiat,0.20
rapiater,0.07
rapiaterie,0.07
rapide,71.82
rapidement,62.64
rapidité,10.54
rapidos,1.89
rapin,1.22
rapine,1.69
rapière,0.74
rapiécer,4.53
rapiéçage,0.20
raplapla,0.11
rapointir,0.14
rappel,10.34
rappeler,281.75
rappelé,0.51
rapper,0.40
rappeur,1.01
rappliquer,5.74
rapport,140.08
rapportage,0.01
rapporter,62.43
rapporteur,0.61
rapporté,1.82
rapprendre,0.27
rapprochement,7.23
rapprocher,54.66
rapprocheur,0.14
rapproché,3.72
rapsodie,0.02
rapt,1.62
raquer,2.36
raquette,3.51
rare,87.23
rarement,31.62
rareté,2.43
rarissime,1.96
rarissimement,0.07
raréfaction,0.27
raréfier,1.89
raréfié,0.34
ras,25.07
ras-le-bol,1.62
rasade,4.86
rasage,0.95
rasant,1.89
rascasse,0.41
rase-mottes,0.47
rase-pet,0.20
raser,43.78
raseur,1.15
rash,0.07
rasibus,0.34
rasif,0.54
rasoir,16.82
rassasiant,0.07
rassasier,3.58
rassasié,1.35
rasse,0.07
rassemblement,8.24
rassembler,52.70
rassembleur,0.14
rasseoir,14.05
rassir,0.01
rassis,0.88
rassortiment,0.07
rassortir,0.07
rassurant,16.69
rassurement,0.07
rassurer,68.04
rasséréner,4.39
rasta,0.43
rastafari,0.03
rastaquouère,0.41
rat,45.60
rat-de-cave,0.07
rata,0.53
ratafia,0.54
ratage,1.01
rataplan,0.07
ratatiner,3.65
ratatiné,2.09
ratatouille,0.74
rate,2.65
rater,80.45
ratiboiser,0.81
ratiche,1.76
ratichon,0.61
raticide,0.04
ratier,0.88
ratification,1.08
ratifier,1.22
ratine,0.47
ratio,0.40
ratiocination,0.54
ratiocineur,0.14
ration,8.18
rational,0.02
rationalisation,0.20
rationaliser,0.58
rationalisme,0.41
rationaliste,0.47
rationalité,0.27
rationnel,3.50
rationnellement,0.41
rationnement,1.55
rationner,1.01
ratissage,0.40
ratisser,5.27
ratisseur,0.07
ratite,0.05
ratière,1.49
raton,5.41
ratonnade,0.34
ratonner,0.20
rattachement,0.68
rattacher,12.03
ratte,0.01
rattrapage,0.88
rattraper,39.39
rature,1.96
raturer,2.09
raté,8.45
raucité,0.61
rauque,18.85
rauquement,0.20
ravage,5.54
ravageant,0.27
ravager,9.26
ravageur,1.42
ravagé,4.19
raval,0.20
ravalement,0.41
ravaler,8.99
ravaleur,0.07
ravaudage,0.20
ravauder,1.08
rave,1.57
ravennate,0.07
ravi,8.51
ravier,1.01
ravigotant,0.14
ravigote,0.14
ravigoter,0.07
ravin,11.35
ravine,0.95
ravinement,0.14
raviner,2.57
ravioli,2.71
ravir,72.67
raviser,5.95
ravissant,15.85
ravissement,6.55
ravisseur,5.75
ravitaillement,12.57
ravitailler,3.85
ravitailleur,0.85
ravivement,0.07
raviver,4.46
ravoir,1.16
ray-grass,0.14
rayer,11.22
rayon,55.74
rayon-éclair,0.07
rayonnage,4.73
rayonnant,4.80
rayonnement,6.69
rayonner,10.34
rayonneur,0.03
rayure,7.36
rayé,6.82
raz,1.28
raz-de-marée,0.57
razzia,1.28
razzier,0.27
raïa,0.10
raïs,0.14
re-belote,0.01
re-inter,0.07
reader,0.11
ready-made,0.07
rebab,0.07
rebaiser,0.27
rebander,0.14
rebaptiser,0.88
rebarré,0.20
rebattre,1.55
rebattu,0.34
rebec,0.01
rebecter,0.41
rebelle,8.66
rebeller,3.77
rebelote,0.68
rebiffer,3.58
rebiquer,0.74
reblanchir,0.07
reblochon,0.41
rebloquer,0.14
rebobiner,0.01
reboire,0.47
reboisement,0.14
rebond,0.74
rebondi,2.30
rebondir,10.68
rebondissant,2.09
rebondissement,1.89
rebonjour,0.02
rebooter,0.04
rebord,18.65
reborder,0.07
reboucher,1.42
reboucler,1.01
reboule,0.27
rebourrer,0.07
rebours,3.52
rebouter,0.34
rebouteux,0.54
reboutonner,1.49
rebraguetter,0.14
rebrancher,0.81
rebrosser,0.02
rebroussement,0.07
rebrousser,6.76
rebuffade,1.35
rebut,4.26
rebutant,1.62
rebuter,5.34
rebâtir,2.36
rebéquer,0.07
recacher,0.07
recacheter,0.14
recadrer,0.23
recalage,0.01
recalculer,0.10
recaler,1.72
recalé,0.54
recarreler,0.01
recasable,0.07
recaser,0.34
recasser,0.24
recel,1.01
receler,3.72
receleur,1.28
receleur-miracle,0.07
recensement,1.17
recenser,1.96
recenseur,0.03
recension,0.27
recentrage,0.14
recentrer,0.44
recette,13.38
recevabilité,0.01
recevable,0.87
receveur,1.90
recevoir,224.46
rechampi,0.07
rechange,4.73
rechanger,0.17
rechanter,0.14
rechaper,0.12
recharge,0.83
rechargeable,0.02
rechargement,0.04
recharger,4.07
rechasser,0.02
rechausser,0.68
recherche,77.30
rechercher,45.51
recherchiste,0.01
recherché,3.54
rechigner,3.92
rechute,1.89
rechuter,0.74
reclassement,0.27
reclasser,0.20
reclouer,0.01
reclure,0.07
reclus,1.76
recodage,0.01
recogner,0.07
recognition,0.07
recoiffer,2.09
recoin,12.36
recollage,0.14
recoller,2.84
recoloration,0.08
recombinaison,0.06
recombinant,0.01
recombiner,0.10
recommandable,0.68
recommandation,8.85
recommander,21.35
recommandé,1.62
recommencement,0.81
recommencer,84.69
recommercer,0.07
recompléter,0.14
recomposer,3.18
recomposition,0.07
recompter,1.82
reconditionnement,0.05
reconductible,0.07
reconduction,0.01
reconduire,7.23
reconfiguration,0.02
reconfigurer,0.39
recongeler,0.01
reconnaissable,4.66
reconnaissance,22.77
reconnaissant,20.59
reconnaître,229.19
reconnecter,0.52
reconnu,4.19
reconquis,0.47
reconquista,0.07
reconquérir,3.18
reconquête,1.15
reconsidérer,1.55
reconstituant,0.27
reconstituer,16.28
reconstitution,2.57
reconstructeur,0.01
reconstruction,4.19
reconstruire,7.84
reconsulter,0.01
recontacter,0.38
reconter,0.07
recontrer,0.20
reconversion,0.74
reconvertir,2.30
reconvoquer,0.02
recopiage,0.07
recopier,7.30
record,13.34
recorder,0.03
recordman,0.20
recors,0.01
recoucher,8.11
recoudre,5.80
recouler,0.07
recoupement,1.42
recouper,1.96
recourber,2.09
recourbé,2.97
recourir,4.73
recours,15.34
recouvert,1.82
recouvrance,0.27
recouvrant,0.27
recouvrement,0.28
recouvrer,5.27
recouvrir,69.26
recracher,2.36
recreuser,0.20
recroiser,0.88
recroquevillement,0.14
recroqueviller,14.05
recroquevillé,3.72
recru,0.34
recrudescence,0.81
recrue,4.61
recrutement,3.51
recruter,7.45
recruteur,1.34
recréation,0.27
recréer,4.39
recrépir,0.34
recta,1.08
rectal,0.66
rectangle,16.69
rectangulaire,8.18
recteur,2.17
rectificatif,0.07
rectification,0.93
rectifier,10.68
rectiligne,6.08
rectilinéaire,0.01
rectitude,0.68
recto,0.95
recto tono,0.20
rectorat,0.18
rectum,0.81
recueil,3.78
recueillement,3.04
recueilli,3.78
recueillir,31.42
recuire,0.68
recuisson,0.07
recuit,1.55
recul,15.61
reculade,0.54
reculant,0.20
reculer,69.05
reculotter,0.47
reculé,3.78
recyclable,0.14
recyclage,0.78
recycler,1.77
recycleur,0.01
recâbler,0.03
recès,0.07
recéler,0.54
red river,0.14
redan,0.27
reddition,3.24
redemander,4.19
redescendre,28.38
redescente,0.14
redessiner,1.08
redevable,3.76
redevance,0.47
redevenir,37.57
redevoir,0.20
rediffuser,0.20
rediffusion,0.64
redimensionner,0.03
redingote,5.07
redire,10.20
rediriger,0.37
rediscuter,0.20
redisposer,0.16
redistribuer,0.61
redistribution,0.41
redite,0.68
redondance,0.34
redondant,0.39
redonner,11.49
redorer,0.41
redormir,0.27
redoublant,0.20
redoublement,0.47
redoubler,11.01
redoublé,1.28
redoutable,23.18
redoutablement,0.41
redoute,0.88
redouter,38.58
redoux,0.88
redressement,6.62
redresser,64.39
redresseur,0.34
redéconner,0.01
redécoré,0.26
redécoupage,0.01
redécouverte,0.14
redécouvrir,3.18
redéfinir,0.29
redéfinition,0.01
redégringoler,0.07
redémarrage,0.13
redémarrer,2.16
redémolir,0.01
redéploiement,0.07
redéployer,0.14
redéposer,0.08
refabriquer,0.01
refaire,58.27
refait,0.81
refamiliariser,0.01
refaçonner,0.01
refendre,0.27
referendum,0.13
refermer,91.76
refeuilleter,0.07
refil,0.14
refiler,12.09
refinancement,0.04
reflet,50.74
refleurir,0.88
reflex,0.14
refluer,8.04
reflux,3.45
refléter,22.23
refoncer,0.01
refondre,0.68
refonte,0.47
reforger,0.54
reformater,0.01
reformation,0.07
reformer,6.49
reformulation,0.01
reformuler,0.55
refouiller,0.07
refoulant,0.27
refoulement,1.08
refouler,7.36
refouloir,0.01
refoulé,1.69
refourguer,1.82
refoutre,0.95
refrain,10.68
refranchir,0.07
refrapper,0.14
refroidi,3.24
refroidir,10.57
refroidissant,0.04
refroidissement,1.56
refroidisseur,0.10
refréner,1.82
refuge,18.65
refumer,0.07
refus,27.03
refuser,152.77
refusé,2.30
reg,1.52
regagner,49.80
regain,3.24
regard,423.18
regardable,0.74
regardant,6.15
regarder,1197.29
regardeur,0.07
regarnir,0.81
regency,0.41
reggae,1.79
regimber,0.88
registre,12.84
regonflage,0.01
regonfler,1.42
regorger,3.92
regoûter,0.14
regret,40.00
regrettable,3.51
regrettablement,0.07
regretter,89.11
regrimper,1.15
regrossir,0.01
regroupement,1.76
regrouper,6.42
regréer,0.34
rehausse,0.14
rehaussement,0.01
rehausser,5.81
rehausseur,0.11
rehaut,0.20
reich,4.26
reichsmark,0.01
reichstag,0.85
reichswehr,0.14
rein,34.05
reine,59.05
reine-claude,0.41
reine-mère,0.34
reinette,0.95
reis,0.52
rejaillir,2.64
rejet,3.31
rejetable,0.07
rejeter,47.84
rejeton,3.92
rejeté,4.03
rejoindre,134.80
rejoint,1.22
rejointoyer,0.27
rejouer,3.51
rejuger,0.34
relacer,0.41
relais,8.51
relaisser,0.07
relance,0.63
relancement,0.03
relancer,7.43
relanceur,0.01
relaps,0.34
relargué,0.14
relater,5.61
relatif,14.05
relation,74.95
relationnel,0.38
relative,0.20
relativement,8.65
relativisation,0.14
relativiser,0.39
relativisme,0.05
relativiste,0.02
relativité,1.22
relaver,0.47
relax,8.16
relaxant,0.72
relaxation,0.68
relaxe,1.63
relaxer,5.48
relayer,5.81
relayeur,0.02
relecture,0.80
relent,9.12
relevable,0.07
relevailles,0.07
relevant,0.07
relever,124.93
releveur,0.07
relevé,10.14
relevée,0.41
reliage,0.01
relief,19.32
relier,20.47
relieur,0.41
religieusement,3.04
religieux,24.26
religion,35.07
religiosité,0.41
reliquaire,0.95
reliquat,1.76
relique,5.95
relire,25.81
reliure,4.12
relié,2.16
relogement,0.14
reloger,0.52
relooker,0.18
reloquer,0.07
relouer,0.14
relourder,0.20
relu,0.74
reluire,4.05
reluisant,1.96
reluquer,5.47
relâche,6.28
relâchement,2.70
relâcher,21.40
relâché,2.09
relève,6.69
relèvement,0.95
relégation,0.68
reléguer,4.53
relégué,0.74
remaigrir,0.01
remaillage,0.20
remailler,0.27
remake,0.66
remanger,0.07
remaniement,1.08
remanier,0.88
remaquiller,0.81
remarcher,1.32
remariage,0.54
remarier,6.25
remarquable,13.24
remarquablement,1.89
remarque,21.28
remarquer,142.16
remballage,0.07
remballer,3.06
rembarquement,0.47
rembarquer,0.95
rembarrer,0.88
remblai,5.34
remblaiement,0.14
remblayer,0.34
rembobinage,0.23
rembobiner,1.59
rembour,0.07
rembourrage,0.52
rembourrer,2.36
remboursable,0.38
remboursement,2.09
rembourser,27.71
remboîter,0.07
rembrunir,2.36
remembrance,0.14
remembrement,0.14
remerciement,6.22
remercier,113.70
remettant,0.27
remettre,202.50
remis,3.72
remise,12.09
remiser,4.19
remix,0.15
remixer,0.02
remmener,0.41
remodelage,0.14
remodeler,0.88
remontage,0.07
remontant,2.61
remonte,3.96
remonte-pente,0.07
remonte-pentes,0.07
remonter,160.14
remontoir,0.27
remontrance,1.69
remontrer,1.42
remontée,1.76
remords,27.64
remorquage,0.49
remorque,5.54
remorquer,1.60
remorqueur,1.55
remouiller,0.20
remous,14.66
rempailler,0.20
rempailleur,0.34
rempart,20.00
rempiler,1.15
remplacement,4.59
remplacer,60.61
remplaçable,0.41
remplaçant,7.92
rempli,20.74
remplir,81.42
remplissage,0.37
remplisseur,0.07
remploi,0.20
remplumer,0.34
remporter,10.61
rempoter,0.01
remprunter,0.03
remuage,0.01
remuant,3.24
remue,0.23
remue-ménage,4.80
remue-méninges,0.07
remuement,2.03
remuer,62.84
remueur,0.14
remugle,2.36
remuscler,0.17
remâcher,2.16
remède,16.14
remède-miracle,0.01
remédiable,0.01
remédier,3.80
remémoration,0.02
remémorer,4.12
renaissance,10.61
renaissant,2.43
renard,11.96
renardeau,0.54
renaud,0.68
renauder,2.64
renaudeur,0.07
renaître,13.04
rencard,10.76
rencarder,2.30
renchérir,3.58
rencogner,1.49
rencontre,81.76
rencontrer,241.04
rencontré,2.16
rendant,0.95
rendement,2.97
rendez-vous,91.95
rendormir,8.31
rendre,508.81
rendu,14.73
reneiger,0.07
renettoyer,0.01
renfermement,0.14
renfermer,4.59
renfermé,2.03
renfiler,0.88
renflement,1.49
renflouage,0.14
renflouement,0.07
renflouer,1.15
renflé,0.74
renfoncement,3.51
renfoncer,1.35
renforcement,0.74
renforcer,17.84
renfort,21.41
renfrognement,0.14
renfrogner,2.57
renfrogné,2.36
rengagement,0.07
rengager,0.61
rengaine,4.59
rengainer,1.42
rengorgement,0.14
rengorger,2.97
reniement,2.09
renier,13.85
reniflage,0.05
reniflant,0.20
reniflement,1.28
renifler,24.39
reniflette,0.07
renifleur,0.25
rennais,0.20
renne,1.79
renom,2.43
renommer,1.22
renommé,1.08
renommée,3.11
renonce,0.20
renoncement,6.82
renoncer,64.46
renonciateur,0.07
renonciation,0.41
renoncule,0.54
renoter,0.01
renouer,7.91
renouveau,3.85
renouvelable,0.09
renouveler,19.39
renouvellement,2.43
renouée,0.34
renseignement,22.91
renseigner,24.26
rentabilisation,0.07
rentabiliser,0.47
rentabilité,0.61
rentable,2.58
rentamer,0.01
rente,3.78
renter,0.47
rentier,3.11
rentrant,1.01
rentre-dedans,0.47
rentrer,532.51
rentré,4.93
rentrée,15.34
renversant,1.31
renverse,3.04
renversement,2.23
renverser,39.46
renverseur,0.07
renversé,10.47
renvoi,4.80
renvoyer,59.22
renâcler,2.36
renégat,1.96
renégociation,0.05
renégocier,0.36
rep,0.07
repaire,3.31
reparaître,15.68
reparcourir,0.34
reparler,19.93
repartie,1.82
repartir,87.57
repas,76.62
repassage,2.03
repasser,34.19
repasseur,0.68
repavage,0.04
repaver,0.07
repayer,0.41
repaître,2.57
repeindre,6.96
repeint,0.81
rependre,0.38
repenser,12.16
repentance,0.20
repentant,0.74
repenti,1.15
repentir,9.49
reperdre,0.88
repeuplement,0.01
repeupler,0.74
repincer,0.27
repiquage,0.61
repique,0.07
repiquer,2.09
replacement,0.02
replacer,7.70
replantation,0.07
replanter,1.69
replat,0.61
replet,1.62
repli,10.14
repliement,0.54
replier,33.18
replonger,11.08
replâtrage,0.34
replâtrer,0.81
report,1.03
reportage,11.16
reportage-vérité,0.14
reporter,7.70
repos,43.58
reposant,3.58
repose,0.99
repose-pied,0.07
reposer,95.20
repositionner,0.20
reposoir,1.01
reposséder,0.03
reposé,1.82
repoudrer,0.43
repoussage,0.02
repoussant,2.57
repousse,0.54
repousser,63.45
repoussoir,0.68
repoussé,1.15
reprendre,340.14
repreneur,0.07
repris,3.51
reprise,36.42
repriser,4.66
reproche,30.68
reprocher,44.73
reproducteur,0.63
reproductible,0.07
reproductif,0.20
reproduction,7.97
reproduire,16.30
reprogrammer,1.11
reprographie,0.08
reproposer,0.01
représentant,25.88
représentatif,2.16
représentation,18.99
représenter,85.54
représenté,0.95
reps,1.49
reptation,0.88
reptile,3.46
reptilien,0.47
repu,3.18
republication,0.01
republier,0.07
repuiser,0.07
repère,9.59
repérable,1.22
repérage,1.75
repérer,31.15
repéreur,0.05
repétrir,0.20
repêchage,0.27
repêcher,4.05
requalifier,0.01
requiem,2.76
requiescat in pace,0.07
requin,12.24
requin-baleine,0.01
requin-tigre,0.04
requinquer,1.89
requis,1.17
requérant,0.16
requérir,6.35
requête,8.82
resalir,0.01
rescaper,1.82
rescapé,4.93
rescision,0.07
rescousse,3.18
rescrit,0.14
reservir,0.04
reset,0.05
resocialisation,0.01
resonger,0.27
respect,54.78
respectabilité,2.30
respectable,7.03
respecter,65.41
respectif,7.70
respectivement,4.26
respectueusement,3.85
respectueux,8.92
respecté,3.58
respir,0.14
respirable,0.88
respirateur,1.68
respiration,31.82
respiratoire,3.73
respirer,102.43
resplendir,4.66
resplendissant,1.89
resplendissement,0.07
responsabilisation,0.01
responsabiliser,0.30
responsabilité,37.46
responsable,46.01
resquille,0.61
resquiller,0.68
resquilleur,0.61
ressac,4.39
ressaisir,7.77
ressaisissement,0.07
ressassement,0.47
ressasser,5.27
ressasseur,0.07
ressaut,1.15
ressauter,0.09
ressayer,0.17
ressemblance,10.54
ressemblant,2.77
ressembler,157.50
ressemelage,0.41
ressemeler,0.34
ressemer,0.01
ressenti,1.42
ressentiment,5.00
ressentir,78.78
resserrage,0.10
resserre,1.08
resserrement,1.15
resserrer,11.08
resserré,1.69
resservir,3.04
ressort,20.54
ressortir,31.69
ressortissant,1.49
ressouder,1.01
ressource,22.50
ressourcement,0.07
ressourcer,0.47
ressouvenir,0.88
ressui,0.07
ressuiement,0.07
ressurgir,1.55
ressusciter,17.91
restant,5.74
restau,3.65
restaurant,50.04
restaurateur,2.57
restauration,5.27
restaurer,9.26
restauroute,0.41
reste,214.54
rester,1003.56
restituer,9.39
restitution,0.88
resto,10.47
restoroute,0.16
restreindre,2.30
restreint,5.41
restrictif,0.80
restriction,6.69
restructuration,0.91
restructurer,0.94
resucée,0.14
resurgir,3.92
retable,1.15
retailler,1.01
retape,0.41
retaper,4.05
retapeur,0.01
retapisser,3.31
retard,126.45
retardataire,1.01
retardateur,0.14
retardement,2.03
retarder,14.53
retardé,1.11
reteindre,0.20
retendre,0.61
retenir,143.92
retenter,0.70
retentir,25.34
retentissant,2.50
retentissement,1.55
retenu,7.64
retenue,8.04
retirable,0.01
retirement,0.14
retirer,98.31
retiro,0.10
retiré,2.43
retisser,0.34
retombant,0.61
retombe,0.07
retombement,0.14
retomber,58.58
retombée,2.36
retordre,1.29
retors,1.69
retouche,2.30
retoucher,2.09
retoucheur,0.01
retour,158.65
retourne,1.55
retournement,2.91
retourner,290.88
retourné,1.08
retracer,3.58
retraduction,0.01
retraire,0.12
retrait,13.72
retraite,40.14
retraitement,0.07
retraité,5.95
retranchement,1.69
retrancher,7.64
retranscription,0.03
retranscrire,0.34
retransformer,0.20
retransférer,0.01
retransmettre,1.03
retransmission,0.47
retravailler,3.12
retraverser,3.04
retreinte,0.01
retremper,0.95
retriever,0.17
retroussage,0.07
retrousser,9.46
retroussette,0.27
retroussis,0.41
retroussé,6.49
retrouvaille,6.82
retrouver,416.22
rets,0.27
retsina,0.13
retuber,0.03
retuer,0.08
retéléphoner,0.29
reubeu,0.61
revalidation,0.01
revalider,0.02
revaloir,3.46
revalorisation,0.14
revaloriser,0.34
revanchard,0.34
revanche,41.62
revancher,0.34
revenant,3.99
revendable,0.07
revendeur,1.23
revendicateur,0.27
revendicatif,0.27
revendication,3.78
revendiquer,5.07
revendre,6.89
revenir,618.62
revente,0.34
revenu,9.12
reverdir,1.08
revernir,0.07
revers,25.00
reverser,1.22
revient,5.07
revigorant,0.74
revigorer,0.54
revirement,1.62
revirer,0.34
revisiter,0.61
revisser,0.27
revitalisant,0.04
revitalisation,0.07
revitaliser,0.19
revival,0.14
revivifier,0.20
revivifié,0.07
reviviscence,0.07
revivre,20.68
revoici,1.62
revoilà,7.56
revoir,262.05
revoler,0.20
revolver,30.74
revomir,0.07
revoter,0.03
revouloir,0.45
revoyure,0.47
revu,1.49
revue,33.92
revérifier,0.67
revérifié,0.34
revêche,1.76
revêtement,1.11
revêtir,26.08
revêtu,0.74
rex,10.57
rexiste,0.01
rez,0.36
rez-de-chaussée,16.96
rez-de-jardin,0.01
rezzou,0.20
reçu,17.39
reître,1.62
rhabillage,0.01
rhabiller,9.53
rhabilleur,0.07
rhapsodie,0.41
rhinite,0.14
rhino,0.90
rhinocéros,2.51
rhinoplastie,0.23
rhinoscopie,0.10
rhizome,0.01
rhizopus,0.04
rho,0.06
rhodamine,0.01
rhodanien,0.14
rhodia,0.07
rhodium,0.04
rhodo,0.07
rhododendron,0.81
rhodoïd,0.14
rhombe,0.07
rhomboïdal,0.14
rhovyl,0.07
rhubarbe,6.55
rhum,12.70
rhumatisant,0.61
rhumatismal,0.20
rhumatisme,3.78
rhumatologie,0.16
rhumatologue,0.04
rhumatoïde,0.01
rhume,8.17
rhumerie,0.14
rhyolite,0.02
rhythm and blues,0.08
rhythm'n'blues,0.02
rhénan,1.69
rhéostat,0.34
rhésus,0.37
rhéteur,0.47
rhétoricien,0.01
rhétorique,2.03
rhô,0.01
ri,0.68
ria,2.21
rial,0.04
riant,3.04
ribambelle,2.36
ribaud,0.47
ribes,0.14
ribleur,0.07
riboflavine,0.05
ribot,0.20
riboter,0.07
riboteur,0.01
ribouis,0.20
ribouldingue,0.41
ribouler,0.27
ric et rac,0.61
ric-rac,0.47
ric-à-rac,0.20
ricain,2.55
ricanant,1.89
ricanement,10.14
ricaner,30.61
ricaneur,0.68
ricasser,0.14
richard,3.57
riche,73.85
richelieu,0.14
richement,1.76
richesse,22.16
richissime,1.08
richomme,0.74
ricin,0.47
ricocher,2.16
ricochet,2.09
ricotta,0.45
rictus,6.35
ride,24.26
rideau,84.53
rider,3.99
ridicule,61.57
ridiculement,2.57
ridiculisation,0.01
ridiculiser,7.54
ridule,0.16
ridé,7.16
riel,0.16
rien,2374.91
riesling,0.71
rieur,4.93
rif,1.42
rifain,0.03
riff,0.53
riffauder,0.20
rififi,0.47
riflard,0.41
rifle,0.74
riflette,0.61
rift,0.20
rigaudon,0.07
rigide,9.93
rigidement,0.14
rigidifier,0.01
rigidité,1.89
rigodon,0.61
rigolade,9.19
rigolage,0.07
rigolard,2.70
rigole,5.61
rigoler,47.56
rigoleur,0.07
rigollot,0.07
rigolo,6.25
rigolote,0.27
rigorisme,0.20
rigoriste,0.20
rigoureusement,4.73
rigoureux,8.31
rigueur,40.34
rikiki,2.97
rillettes,2.43
rillons,0.41
rimaillerie,0.07
rimailleur,0.07
rimaye,0.01
rimbaldien,0.07
rime,3.08
rimer,6.89
rimeur,0.04
rimmel,3.04
rince-bouche,0.03
rince-doigts,0.27
rinceau,0.68
rincer,11.15
rincette,0.27
rinceur,0.07
rincée,0.07
rinforzando,0.07
ring,6.49
ringard,2.94
ringardise,0.14
rink,2.84
rinker,0.02
rinçage,0.74
rioja,0.01
ripaille,1.62
ripailler,0.81
ripaton,0.20
riper,0.81
ripeur,0.07
ripolin,0.41
ripoliner,1.55
riposte,2.97
riposter,5.34
ripou,0.66
ripoux,1.54
ripper,0.31
ripuaire,0.07
riquiqui,0.68
rire,320.54
ris,1.50
rise,0.32
riser,0.06
risette,1.08
risibilité,0.14
risible,3.45
risiblement,0.07
risorius,0.14
risotto,0.54
risque,69.33
risque-tout,0.07
risquer,100.40
risqué,8.29
rissole,0.34
rissoler,0.74
ristourne,0.54
risée,2.50
rital,3.51
rite,17.84
ritournelle,2.03
ritualisation,0.07
ritualiste,0.16
rituel,12.97
rituellement,1.76
rivage,17.23
rival,10.20
rivaliser,4.39
rivalité,4.93
rive,46.15
river,10.88
riverain,0.81
rivet,1.08
rivetage,0.20
riveteuse,0.01
riviera,0.14
rivière,43.72
rivoir,0.27
rixe,2.16
riz,18.49
riz-minute,0.07
riz-pain-sel,0.07
rizière,6.45
roadster,0.27
roast-beef,0.16
robe,148.18
rober,0.02
robert,1.51
robette,0.07
robin,0.41
robinet,18.24
robinetterie,0.27
robinsonnade,0.07
roblot,1.15
roboratif,0.54
robot,22.89
robotique,0.72
roburite,0.07
robuste,10.07
robustement,0.14
robustesse,0.81
roc,11.76
rocade,0.27
rocaille,2.16
rocailleux,3.18
rocambole,0.41
rocambolesque,0.41
rochassier,0.07
roche,23.38
rochelle,0.74
rocher,39.53
rochet,0.14
rocheux,10.00
rock,22.11
rock'n'roll,0.19
rocker,2.91
rocket,1.40
rockeur,0.30
rocking-chair,1.15
rococo,1.76
rodage,0.41
rodeo,0.23
roder,1.76
rodéo,2.01
rogatoire,0.81
rogaton,1.15
rogne,3.68
rogne-pied,0.07
rogner,2.97
rogneux,0.14
rognon,1.28
rognure,0.74
rogomme,0.54
rogue,1.96
roi,177.53
roi-roi,0.01
roi-soleil,0.14
roide,2.57
roidement,0.34
roideur,0.20
roidir,0.27
roitelet,0.41
roll,5.67
rolle,0.01
roller,1.41
rollmops,0.20
rom,0.16
romain,21.55
roman,74.80
roman-feuilleton,0.41
roman-fleuve,0.07
roman-photo,0.41
romance,3.99
romancer,0.27
romancero,0.07
romanche,0.07
romancier,11.89
romancé,0.34
romanesque,10.07
romani,0.11
romanichel,1.35
romanisation,0.07
romanité,0.14
romano,0.54
romanticisme,0.01
romantique,22.48
romantiquement,0.27
romantisme,3.85
romarin,1.47
rompre,52.64
rompu,5.07
ron,0.34
ronce,13.78
roncet,0.07
ronceux,0.07
ronchon,0.45
ronchonner,4.32
ronchonneur,0.20
ronchonnot,0.14
roncier,2.64
rond,78.51
rond-de-cuir,0.34
rond-point,2.50
rondache,0.07
ronde,20.81
ronde-bosse,0.61
rondeau,0.07
rondelet,1.22
rondelle,5.34
rondement,1.28
rondeur,6.49
rondin,8.78
rondo,0.68
rondouillard,1.55
ronflant,2.16
ronflement,10.41
ronfler,18.24
ronflette,0.81
ronfleur,0.68
rongeant,0.27
rongement,0.14
ronger,28.38
rongeur,2.91
rongicide,0.07
ronin,0.30
ronron,3.51
ronronnant,0.81
ronronnement,5.27
ronronner,11.08
ronéo,0.14
ronéotyper,0.34
roof,0.20
roque,1.14
roquefort,0.61
roquentin,0.14
roquer,0.20
roquet,1.89
roquette,1.68
rorqual,0.20
rosace,2.16
rosaire,1.54
rosales,0.36
rosat,0.20
rosbif,1.81
rose,96.08
rose-croix,0.07
rose-thé,0.07
roseau,16.55
roser,3.31
roseraie,0.31
rosette,2.03
roseur,0.68
rosicrucien,0.07
rosicrucienne,0.01
rosier,5.41
rosir,3.51
rosière,0.14
rossard,0.20
rosse,0.95
rosser,2.49
rosserie,0.47
rossignol,3.51
rossinante,0.09
rossée,0.07
rostre,0.14
rosâtre,2.16
rosé,2.70
rosée,9.46
roséole,0.07
rot,1.85
rotary,0.76
rotateur,0.02
rotatif,0.81
rotation,3.58
rotationnel,0.01
rotative,1.08
rotatoire,0.07
rote,0.27
roter,3.45
roteur,0.68
rotin,3.38
roto,0.07
rotonde,0.47
rotondité,0.54
rotoplos,0.27
rotoplots,0.07
rotor,0.41
rototo,0.07
rotule,1.76
rotulien,0.03
roture,0.47
roturier,0.54
roténone,0.09
rouage,4.05
rouan,0.20
roubignoles,0.27
roublard,0.74
roublarder,0.07
roublardise,0.20
rouble,7.88
roucoulade,0.68
roucoulant,0.61
roucoulement,1.42
roucouler,3.45
roucouleur,0.07
roudoudou,0.68
roue,42.43
rouelle,0.14
rouer,2.57
rouergat,0.07
rouerie,0.95
rouet,0.54
rouf,0.27
rouge,273.24
rouge-brun,0.20
rouge-feu,0.07
rouge-gorge,1.08
rouge-queue,0.07
rouge-sang,0.07
rougeaud,3.78
rougeoiement,1.42
rougeole,1.69
rougeoyant,2.03
rougeoyer,3.51
rouget,1.49
rougeur,3.04
rougeâtre,6.08
rough,0.20
rougir,42.09
rougissant,2.16
rougissement,0.07
rouillarde,0.07
rouille,8.85
rouiller,19.46
rouilleux,0.14
roulade,1.28
roulage,0.20
roulant,10.54
roulante,0.81
roule,4.85
rouleau,19.19
roulement,10.41
rouler,163.45
roulette,8.78
rouleur,0.41
roulier,1.01
roulis,3.04
roulotte,4.80
roulure,0.88
roulé,8.99
roulé-boulé,0.27
roumain,3.11
roumi,0.47
round,7.59
roupane,0.27
roupette,0.15
roupettes,0.56
roupie,1.30
roupiller,6.82
roupillon,1.08
rouquemoute,3.85
rouquette,0.07
rouquin,10.07
rouscailler,0.54
rouspétage,0.07
rouspétance,0.27
rouspéter,1.69
rouspéteur,0.20
rousseau,0.20
rousseauiste,0.07
rousserolle,0.07
roussette,1.69
rousseur,5.54
roussi,2.23
roussin,0.68
roussir,1.76
roussâtre,1.22
rouste,0.41
rouston,0.01
roustons,0.24
routage,0.16
routard,0.32
route,288.04
router,0.05
routeur,0.17
routier,5.61
routin,0.47
routine,12.77
routinier,1.62
rouvre,0.27
rouvrir,18.45
roux,40.41
roué,0.54
roy,0.27
royal,29.26
royale,2.84
royalement,1.82
royaliste,0.68
royalties,0.54
royalty,0.07
royaume,27.79
royauté,1.28
ru,0.88
ruade,2.09
ruban,23.18
rubato,0.07
rubia,0.01
rubican,0.07
rubicond,1.49
rubis,3.11
rubricard,0.07
rubrique,6.69
rubéole,0.14
ruche,3.57
rucher,0.20
ruché,0.14
rucksack,0.07
rude,29.80
rudement,10.07
rudesse,3.65
rudiment,1.89
rudimentaire,3.11
rudoiement,0.14
rudoyer,1.22
rue,562.97
ruelle,30.47
ruer,20.81
ruffian,0.81
rufian,0.01
rugby,3.11
rugbyman,1.28
rugir,7.50
rugissant,1.22
rugissement,4.93
rugosité,0.81
rugueux,8.78
ruine,39.39
ruiner,20.39
ruineux,1.82
ruiné,3.92
ruisseau,24.59
ruisselant,6.82
ruisseler,19.12
ruisselet,1.01
ruissellement,4.53
ruisson,0.07
rumba,0.68
rumeur,37.97
ruminant,1.08
rumination,2.16
ruminement,0.27
ruminer,8.85
rumsteck,0.07
rune,2.40
runique,0.20
running,0.66
rupestre,0.47
rupin,1.69
rupteur,0.02
rupture,21.49
rural,3.51
ruse,19.93
ruser,4.66
rush,2.02
russe,48.51
russification,0.14
russo-allemand,0.14
russo-américain,0.07
russo-polonais,0.14
russo-turque,0.14
russophone,0.01
rustaud,0.68
rusticité,1.08
rustine,1.69
rustique,6.22
rustre,2.26
rusé,4.80
rut,2.09
rutabaga,1.49
rutherford,0.04
rutilant,3.11
rutiler,1.76
ruée,4.73
rythme,45.95
rythmer,6.76
rythmique,1.15
rythmiquement,0.20
rythmé,1.96
râble,1.96
râblé,1.82
râlant,0.47
râle,9.46
râlement,0.07
râler,10.41
râleur,0.48
râleux,0.14
râpe,1.55
râper,4.46
râpeux,3.85
râpé,3.51
râteau,2.50
râteler,0.14
râtelier,2.77
règle,79.51
règlement,21.27
règne,13.58
ré,3.06
réa,0.88
réabonnement,0.07
réabonner,0.03
réabsorption,0.03
réac,0.59
réaccoutumer,0.20
réacheminer,0.01
réactant,0.01
réacteur,5.24
réactif,0.63
réaction,30.68
réactionnaire,2.43
réactionnel,0.01
réactivation,0.07
réactiver,1.21
réactivité,0.20
réactualisation,0.01
réactualiser,0.14
réadaptation,0.24
réadapter,0.27
réadmission,0.04
réadopter,0.07
réaffectation,0.16
réaffecter,0.51
réaffirmation,0.01
réaffirmer,0.47
réagencement,0.07
réagir,33.19
réajustement,0.18
réajuster,1.22
réal,0.16
réalignement,0.07
réaligner,0.11
réalimenter,0.01
réalisable,0.68
réalisateur,17.07
réalisation,4.19
réaliser,71.27
réalisme,5.41
réaliste,7.05
réalisé,1.15
réalité,82.77
réamorcer,0.27
réamorçage,0.01
réaménagement,0.19
réaménager,0.27
réanimateur,0.04
réanimation,2.16
réanimer,1.65
réapercevoir,0.07
réapparaître,12.23
réapparition,1.69
réappeler,0.01
réapprendre,1.89
réapprovisionnement,0.21
réapprovisionner,0.47
réargenter,0.01
réarmement,0.34
réarmer,0.47
réarrangement,0.03
réarranger,0.27
réassembler,0.14
réassignation,0.03
réassigner,0.14
réassortir,0.20
réassumer,0.14
réassurer,0.07
réattaquer,0.41
rébarbatif,1.35
rébecca,0.07
rébellion,4.04
rébus,1.28
récalcitrant,1.08
récapitulatif,0.20
récapitulation,0.47
récapituler,2.65
récemment,21.07
récent,23.45
réceptacle,0.70
récepteur,3.58
réceptif,1.44
réception,17.47
réceptionner,0.88
réceptionniste,1.96
réceptivité,0.20
récessif,0.12
récession,0.96
réchapper,2.42
réchappé,0.14
réchaud,6.82
réchauffage,0.01
réchauffement,1.02
réchauffer,22.16
réchauffeur,0.03
réchauffé,1.15
récidivant,0.03
récidive,0.81
récidiver,0.68
récidiviste,0.79
récif,2.03
récipiendaire,0.41
récipient,4.12
réciprocité,1.55
réciproque,8.24
réciproquement,3.45
récit,56.15
récital,1.89
récitant,1.28
récitatif,0.20
récitation,2.91
réciter,28.51
réclamation,2.15
réclame,6.15
réclamer,49.26
réclusion,3.04
récollet,0.81
récoltable,0.01
récoltant,0.07
récolte,9.83
récolter,10.65
récompense,19.66
récompenser,9.96
réconciliateur,0.07
réconciliation,5.47
réconcilier,10.61
réconfort,6.42
réconfortant,6.08
réconforter,9.19
récri,0.14
récrier,2.91
récrimination,3.11
récriminer,0.68
récrire,0.95
récré,2.70
récréatif,0.47
récréation,11.28
récréer,0.06
récup,0.14
récupérable,0.88
récupérateur,0.27
récupération,2.04
récupérer,75.92
récurage,0.27
récurer,2.84
récurrence,0.19
récurrent,1.38
récursif,0.03
récusable,0.14
récusation,0.09
récuser,3.04
récépissé,0.34
rédacteur,5.68
rédaction,12.23
rédactionnel,0.07
rédempteur,0.78
rédemption,2.35
rédemptoriste,0.10
rédhibition,0.07
rédhibitoire,0.47
rédiger,22.16
réducteur,0.26
réduction,4.51
réductionnisme,0.03
réductionniste,0.01
réduire,50.61
réduit,9.73
réduplication,0.07
réel,40.95
réellement,26.62
réemballer,0.01
réembarquement,0.07
réembarquer,0.27
réembaucher,0.22
réemploi,0.14
réemployer,0.20
réemprunter,0.07
réencadrer,0.07
réendosser,0.14
réengagement,0.07
réengager,0.24
réenregistrer,0.12
réentendre,1.01
réenterrer,0.01
réentraîner,0.01
réenvahir,0.01
réenvisager,0.15
réessayer,5.30
réexamen,0.07
réexaminer,0.89
réexpédier,0.68
réexpédition,0.05
réf,0.02
réfection,1.96
réfectoire,9.66
réflecteur,0.54
réflexe,18.85
réflexif,0.14
réflexion,37.03
réflexologie,0.02
réfléchi,20.28
réfléchir,116.71
réfléchissant,0.73
réformateur,1.49
réformation,0.07
réforme,11.35
réformer,2.70
réformisme,0.01
réformiste,0.44
réformé,1.28
réfractaire,1.89
réfraction,0.41
réfractionniste,0.01
réfrigérant,0.27
réfrigérateur,3.58
réfrigération,0.23
réfrigérer,0.34
réfrigéré,0.34
réfréner,0.45
réfugier,25.20
réfugié,10.20
réfutable,0.01
réfutation,0.41
réfuter,1.69
référence,10.45
référencement,0.01
référencer,0.17
référendaire,0.20
référendum,2.57
référent,0.02
référer,3.78
référé,0.14
régal,2.97
régalade,0.81
régale,0.07
régaler,11.76
régaleur,0.07
régalien,0.07
régate,1.13
régence,1.69
régent,2.30
régenter,1.22
régicide,1.01
régie,0.92
régime,39.73
régiment,25.54
régimentaire,0.41
région,53.31
régional,2.70
régionaliser,0.07
régionalisme,0.14
régionaliste,0.14
régir,8.45
régisseur,4.26
réglable,0.54
réglage,1.15
réglementaire,6.96
réglementairement,0.61
réglementation,0.56
réglementer,0.81
régler,85.81
réglette,0.20
régleur,1.82
réglisse,2.57
réglo,6.61
réglure,0.20
réglé,5.34
régnant,1.15
régner,47.43
régresser,0.88
régressif,0.07
régression,1.55
régul,0.34
régularisation,0.14
régulariser,0.88
régularité,6.96
régulateur,1.05
régulation,0.46
régule,0.28
réguler,0.61
régulier,41.35
régulièrement,27.77
régurgitation,0.09
régurgiter,0.21
régénérateur,0.41
régénération,0.67
régénérer,1.84
régénérescence,0.27
régénéré,0.41
réhabilitation,1.55
réhabiliter,2.23
réhabilité,0.27
réhabituer,0.81
réhydratation,0.03
réhydrater,0.09
réimplantation,0.09
réimplanter,0.11
réimpression,0.14
réimprimer,0.27
réincarcérer,0.01
réincarnation,1.75
réincarner,1.25
réinfecter,0.05
réinitialisation,0.13
réinitialiser,0.23
réinjecter,0.02
réinjection,0.14
réinscrire,0.08
réinsertion,1.51
réinstallation,0.14
réinstaller,1.89
réinstaurer,0.02
réinsérer,0.47
réinterprétation,0.10
réinterpréter,0.14
réinterroger,0.22
réintroduire,0.27
réintégration,0.34
réintégrer,5.20
réinventer,2.43
réinvention,0.07
réinvestir,0.81
réinvestissement,0.01
réinviter,0.07
réitération,0.14
réitérer,2.77
réjoui,2.43
réjouir,25.61
réjouissance,2.91
réjouissant,1.76
rémanence,0.20
rémanent,0.14
réminiscence,3.92
rémission,2.77
rémiz,0.07
rémora,0.02
rémoulade,0.20
rémouleur,0.95
rémunérateur,0.34
rémunération,0.81
rémunérer,1.20
rénal,1.57
rénine,0.01
rénovateur,0.20
rénovation,3.65
rénover,2.50
réoccuper,0.41
réopérer,0.20
réordonner,0.20
réorganisation,1.42
réorganiser,1.42
réorientation,0.08
réorienter,0.09
réouverture,0.61
répandeur,0.07
répandre,44.32
répandu,4.05
réparable,0.85
réparateur,1.69
réparation,8.35
réparer,67.70
réparti,0.68
répartie,0.88
répartir,9.93
répartiteur,0.07
répartition,3.11
répercussion,1.69
répercuter,7.91
répertoire,5.68
répertorier,2.43
répit,11.76
réplication,0.23
réplique,16.82
répliquer,17.91
répondant,1.82
répondeur,7.95
répondre,466.76
répons,0.68
réponse,99.93
répresseur,0.01
répressif,0.60
répression,4.05
réprimande,1.96
réprimander,1.49
réprimer,11.08
réprobateur,2.43
réprobation,5.27
réprouver,2.64
réprouvé,1.42
répréhensible,1.55
républicain,8.85
république,21.96
répudiation,0.34
répudier,1.82
répugnance,7.91
répugnant,11.59
répugner,10.34
répulsif,0.08
répulsion,5.27
réputation,22.50
réputer,3.65
réputé,4.39
répéter,200.14
répétiteur,1.15
répétitif,0.90
répétition,15.06
répété,6.49
réquisition,2.77
réquisitionner,4.59
réquisitoire,2.50
réseau,18.92
résection,0.18
réservataire,0.07
réservation,4.99
réserve,51.55
réserver,47.57
réserviste,1.42
réservoir,8.53
réservé,8.24
résidant,0.07
résidence,10.95
résident,1.66
résidentiel,1.91
résider,6.82
résidu,2.72
résiduel,0.55
résignation,9.93
résigner,20.34
résigné,7.16
résiliable,0.07
résiliation,0.07
résilience,0.02
résilier,0.72
résille,1.96
résine,5.54
résineux,1.01
résiné,2.43
résipiscence,0.47
résistance,56.49
résistant,6.15
résister,52.16
résistible,0.01
résolu,11.28
résoluble,0.03
résolument,5.34
résolution,14.39
résonance,5.27
résonateur,0.13
résonnant,0.47
résonner,31.96
résorbable,0.01
résorber,2.97
résorption,0.20
résoudre,40.95
résultant,0.07
résultante,0.54
résultat,59.47
résulter,9.46
résumer,14.53
résumé,3.95
résurgence,1.08
résurrection,8.11
réséda,0.41
réséquer,0.07
rétablir,22.36
rétablissement,3.85
rétamer,1.55
rétameur,0.14
rétention,0.48
réticence,7.64
réticent,3.92
réticulaire,0.06
réticulation,0.07
réticule,0.81
réticulum,0.04
réticulé,0.04
rétif,4.26
rétinal,0.01
rétine,2.97
rétinien,0.26
rétinite,0.07
rétinopathie,0.02
rétorquer,9.32
rétorsion,0.07
rétractable,0.07
rétractation,0.34
rétracter,5.14
rétracteur,0.08
rétractile,0.20
rétraction,0.20
rétribuer,0.68
rétribution,0.60
rétribué,0.20
rétro,3.65
rétroactif,0.29
rétroaction,0.13
rétroactivement,0.14
rétrocession,0.07
rétrocéder,0.27
rétrofusée,0.25
rétrogradation,0.20
rétrograde,0.95
rétrograder,0.97
rétrogression,0.01
rétroprojecteur,0.11
rétropropulsion,0.03
rétrospectif,2.91
rétrospection,0.03
rétrospective,0.61
rétrospectivement,1.08
rétroversion,0.07
rétrovirus,1.11
rétroviseur,5.20
rétréci,1.62
rétrécir,7.57
rétrécissement,0.88
réunification,1.30
réunifier,0.27
réunion,56.82
réunionnais,0.07
réunionnite,0.01
réunir,56.69
réussi,7.70
réussir,131.88
réussite,20.74
réutilisation,0.15
réutiliser,0.38
réveil,28.58
réveille-matin,0.88
réveiller,175.94
réveillon,5.07
réveillonner,1.22
réverbère,10.81
réverbérant,0.14
réverbération,1.69
réverbérer,1.28
réversibilité,0.61
réversible,0.54
réversion,0.14
réviser,8.21
réviseur,0.01
révision,3.99
révisionnisme,0.07
révisionniste,0.34
réviso,0.07
révocable,0.41
révocation,0.61
révoltant,1.96
révolte,25.07
révolter,10.81
révolté,2.97
révolu,5.34
révolution,46.08
révolutionnaire,12.09
révolutionnairement,0.01
révolutionner,0.97
révoquer,0.88
révulser,2.57
révulsif,0.34
révulsion,0.20
révulsé,1.08
révélateur,2.91
révélation,20.61
révéler,60.34
révélé,1.49
révérence,6.49
révérenciel,0.01
révérencieusement,0.27
révérencieux,0.41
révérend,7.64
révérendissime,0.41
révérer,0.96
rééchelonnement,0.07
réécouter,0.68
réécrire,2.64
réécriture,0.13
réédifier,0.14
rééditer,0.95
réédition,0.68
rééducateur,0.07
rééducation,2.48
rééduquer,1.66
réélection,0.56
rééligible,0.03
réélire,0.94
réélu,0.23
réélus,0.01
rééquilibrage,0.07
rééquilibrer,0.20
rééquiper,0.27
réétudier,0.07
réévaluation,0.07
réévaluer,0.72
rêche,8.11
rêne,5.74
rêvassant,0.20
rêvasser,6.01
rêvasserie,0.41
rêve,158.75
rêver,128.18
rêverie,19.46
rêveur,15.34
rêveusement,3.45
rêvé,3.38
rôdailler,0.20
rôder,20.07
rôdeur,2.57
rôle,96.96
rôle-titre,0.01
rônier,0.07
rônin,0.10
rôt,0.07
rôti,4.33
rôtie,1.15
rôtir,5.27
rôtisserie,0.35
rôtisseur,0.20
rôtissoire,0.41
s,40.59
s',5391.62
sa,3732.43
sabayon,0.30
sabbat,3.28
sabbatique,0.78
sabin,0.41
sabir,0.74
sable,96.55
sabler,1.42
sableux,1.01
sablier,3.11
sablière,0.47
sablonneux,3.92
sablé,0.68
sabord,1.89
sabordage,0.20
saborder,1.42
sabot,24.66
sabotage,4.69
saboter,6.25
saboterie,0.07
saboteur,1.15
sabotier,0.61
sabouler,0.41
sabra,0.12
sabre,17.03
sabrer,3.04
sabretache,0.27
sabreur,0.47
sabéen,0.01
sabéenne,0.05
sac,174.26
sac-poubelle,0.41
saccade,6.15
saccader,1.96
saccadé,5.20
saccage,1.42
saccager,6.69
saccagne,0.68
saccharine,0.54
saccharomyces,0.01
saccharose,0.04
sacculine,0.03
sacerdoce,0.77
sacerdotal,0.81
sachem,0.07
sachet,5.41
sacoche,6.82
sacquer,0.34
sacralisation,0.07
sacramentel,0.47
sacre,0.75
sacrebleu,0.94
sacredieu,0.33
sacrement,4.93
sacrer,25.16
sacret,0.03
sacrificateur,1.22
sacrifice,26.08
sacrificiel,0.74
sacrifier,25.67
sacrifié,1.82
sacrilège,3.24
sacripant,0.47
sacristain,3.92
sacristie,4.39
sacristine,0.10
sacro,0.68
sacro-iliaque,0.03
sacro-saint,1.35
sacrum,0.07
sacré,56.88
sacré-coeur,0.20
sacrédié,0.07
sacrément,6.01
sadducéen,0.07
sadique,3.24
sadiquement,0.20
sadisme,1.96
sado,0.37
sadomasochisme,0.02
sadomasochiste,0.13
saducéen,0.14
safari,1.77
safari-photo,0.01
safran,1.89
safrané,0.14
saga,1.01
sagace,1.55
sagacité,1.42
sagaie,0.41
sagard,0.07
sage,39.09
sage-femme,1.52
sagement,9.46
sagesse,21.55
sagittaire,0.16
sagittal,0.07
sagouin,1.22
sagoutier,0.14
sagum,0.07
saharien,1.55
sahib,1.63
saie,0.04
saignant,4.32
saignement,2.67
saigner,34.86
saigneur,0.07
saignée,2.84
saillant,10.07
saillie,5.54
saillir,3.51
sain,26.63
saindoux,9.80
sainement,0.47
sainfoin,0.81
saint,63.31
saint-bernard,0.68
saint-crépin,0.05
saint-cyrien,1.01
saint-esprit,0.47
saint-frusquin,0.74
saint-germain,0.34
saint-glinglin,0.07
saint-guy,0.03
saint-honoré,0.20
saint-hubert,0.07
saint-michel,0.07
saint-nectaire,0.14
saint-paulin,0.34
saint-pierre,0.20
saint-père,2.16
saint-siège,1.28
saint-synode,0.07
saint-émilion,0.41
sainte nitouche,0.51
sainte-nitouche,0.46
saintement,0.20
sainteté,5.54
sais,0.01
saisi,3.92
saisie,2.75
saisie-arrêt,0.20
saisir,135.74
saisissable,0.20
saisissant,5.00
saisissement,1.96
saison,49.59
saisonnier,1.42
saki,0.05
saké,2.55
salace,1.28
salacité,0.20
salade,24.26
salader,0.07
saladier,2.43
salaire,26.43
salaison,1.22
salam,0.03
salamalec,1.49
salamandre,1.62
salami,2.06
salanque,0.07
salant,1.01
salariat,0.27
salarier,0.38
salarié,0.95
salat,0.03
salaud,87.40
salazariste,0.07
sale,146.86
salement,6.01
saler,7.60
saleté,17.55
saleur,0.07
salicine,0.10
salicole,0.07
salicorne,0.07
saligaud,3.36
salin,1.01
saline,0.13
salingue,2.03
salinité,0.07
salique,0.14
salir,17.51
salissant,0.81
salisseur,0.01
salissure,0.74
salivaire,0.22
salivant,0.14
salivation,0.07
salive,18.65
saliver,2.70
saliveur,0.07
salière,2.03
salle,215.81
salmigondis,0.34
salmis,0.47
salmonelle,0.45
salmonellose,0.02
salmonidé,0.01
saloir,0.74
salon,101.22
salonnard,0.07
saloon,5.08
salop,0.82
salopard,21.80
salope,66.97
saloper,1.01
saloperie,25.27
salopette,5.61
salopiaud,0.16
salopiot,0.74
salpicon,0.14
salpingite,0.01
salpêtre,2.16
salpêtreux,0.07
salpêtrière,0.07
salsa,1.43
salsepareille,0.19
salsifis,1.01
saltimbanque,2.16
salto,0.08
salubre,1.22
salubrité,0.34
saluer,67.64
salueur,0.01
salut,277.42
salutaire,2.50
salutairement,0.07
salutation,5.79
salutiste,0.34
salvadorien,0.78
salvadorienne,0.01
salvateur,0.95
salvation,0.04
salve,7.43
salvifique,0.07
salé,11.01
samaritain,0.50
samaritaine,1.08
samba,7.50
sambenito,0.14
sambo,0.20
samedi,46.53
sammy,0.13
samoan,0.15
samouraï,2.77
samovar,3.78
samoyède,0.07
sampan,0.09
sampang,0.34
sample,0.07
sampler,0.10
samurai,0.68
san francisco,0.07
sana,2.43
sanatorium,4.39
sancerre,0.20
sanctification,0.07
sanctifier,3.82
sanction,4.86
sanctionner,2.91
sanctuaire,6.42
sanctus,0.68
sandalier,0.07
sanderling,0.03
sandiniste,0.02
sandjak,0.20
sandow,0.27
sandre,0.07
sandwich,9.93
sang,304.75
sang-froid,9.26
sanglant,20.00
sangle,3.78
sangler,6.49
sanglier,8.78
sanglot,29.12
sanglotant,0.95
sangloter,14.66
sangria,0.72
sangsue,2.90
sanguin,8.84
sanguinaire,3.06
sanguine,0.41
sanguinolent,3.18
sanhédrin,0.41
sanie,1.08
sanieux,0.14
sanitaire,3.52
sans,2224.12
sans-coeur,0.07
sans-culotte,0.41
sans-faute,0.05
sans-façon,0.14
sans-fil,0.21
sans-filiste,0.74
sans-grade,0.14
sans-pareil,5.20
sanscrit,0.41
sanskrit,0.14
sansonnet,0.47
santal,1.08
santiag,1.49
santoche,0.07
santon,0.34
santé,88.69
saoudien,0.60
saoudienne,0.05
saoudite,0.07
saoul,13.18
saoulard,0.17
saouler,8.38
saoulerie,0.47
sapajou,0.47
sape,5.95
sapement,0.95
saper,7.91
saperlipopette,0.62
saperlotte,0.14
sapeur,4.80
sapeur-pompier,0.61
saphir,1.96
saphisme,0.07
saphène,0.07
sapide,0.20
sapidité,0.07
sapience,0.07
sapiens,0.68
sapin,26.28
sapinette,0.20
sapinière,1.42
saponification,0.14
saponite,0.27
sapotille,0.10
sapotillier,0.27
sapristi,1.69
saquer,1.37
sar,0.07
sara,0.10
sarabande,1.89
sarbacane,0.95
sarcasme,4.66
sarcastique,2.84
sarcastiquement,0.20
sarcelle,0.81
sarcine,0.01
sarclage,0.07
sarcler,1.89
sarclette,0.01
sarcloir,0.14
sarcome,0.34
sarcophage,2.43
sarcoïdose,0.10
sarde,0.31
sardine,8.38
sardoine,0.07
sardonique,1.01
sardoniquement,0.07
sargasse,0.14
sari,0.98
sarigue,0.07
sarin,0.25
sarment,1.28
sarong,0.19
saroual,0.07
sarouel,0.14
sarracénie,0.01
sarrasin,0.74
sarrau,1.42
sarreau,0.20
sarriette,0.07
sarrois,0.20
sarrussophone,0.07
sas,3.26
sashimi,0.23
sassafras,0.07
sassanide,0.20
sasseur,0.54
satan,0.42
sataner,1.12
satanique,3.11
sataniser,0.12
satanisme,0.34
sataniste,0.21
satané,6.89
satelliser,0.07
satellitaire,0.02
satellite,13.41
sati,0.02
satiation,0.07
satin,8.58
satinette,0.41
satiné,1.35
satire,0.47
satirique,0.68
satiriste,0.12
satisfaction,41.22
satisfaire,38.11
satisfaisant,8.18
satisfait,15.54
satisfecit,0.34
satiété,1.42
satonner,0.54
satrape,0.88
satrapie,0.01
saturation,1.08
saturer,4.32
saturnales,0.34
saturnien,0.20
saturnisme,0.07
saturé,0.47
satyre,5.54
satyrique,0.01
sauce,19.24
saucer,2.30
saucier,0.14
sauciflard,0.34
saucisse,15.89
saucisson,8.04
saucissonnage,0.14
saucissonner,0.95
saucière,0.47
saucée,0.13
sauf,108.54
sauf-conduit,1.14
sauge,0.81
saugrenu,7.23
saulaie,0.20
saule,8.65
saulnier,0.07
saumon,5.92
saumoneau,0.07
saumonette,0.14
saumoné,0.47
saumurage,0.01
saumure,1.76
saumurer,0.01
saumâtre,2.03
sauna,3.85
saunier,0.68
saupoudrage,0.02
saupoudrer,4.80
saupoudreur,0.02
saur,0.88
saura,0.02
saurer,22.06
sauret,0.47
saurien,0.47
saurin,0.07
saut,17.03
saut-de-lit,0.20
sautant,0.14
saute,14.52
saute-mouton,0.54
saute-ruisseau,0.07
sautelle,0.01
sauter,134.59
sauterelle,3.29
sauterelles,2.77
sauterie,0.63
sauternes,1.08
sauteur,1.89
sautillant,2.57
sautillement,0.74
sautiller,7.97
sautoir,2.70
sauton,0.20
sauté,0.95
sauvage,54.66
sauvagement,6.28
sauvageon,0.65
sauvagerie,7.70
sauvagesse,0.14
sauvagin,1.28
sauve,0.01
sauve-qui-peut,0.68
sauvegarde,2.57
sauvegarder,3.65
sauver,246.54
sauvetage,8.32
sauveteur,1.38
sauveté,0.27
sauveur,6.93
sauvignon,0.20
savamment,4.80
savane,2.57
savant,17.30
savarin,0.20
savate,3.99
savater,0.27
savetier,0.39
saveur,12.36
savoir,4516.71
savoir-faire,2.03
savoir-vivre,1.76
savon,18.04
savonnage,0.10
savonner,4.19
savonnette,3.92
savonneux,2.23
savonnier,0.07
savonnée,0.07
savourer,14.26
savoureusement,0.14
savoureux,6.89
savoyard,3.24
sax,0.36
saxhorn,0.40
saxifrage,0.14
saxo,1.01
saxon,0.81
saxophone,1.32
saxophoniste,0.45
saynète,0.74
sayon,0.14
saï,0.47
sbire,1.62
scabreux,1.49
scaferlati,0.14
scalaire,0.03
scalp,1.44
scalpel,2.45
scalper,1.45
scalpeur,0.01
scalène,0.04
scampi,0.09
scandale,24.05
scandaleusement,0.41
scandaleux,8.31
scandaliser,7.30
scandalisé,3.04
scander,7.30
scandinave,2.43
scannage,0.10
scanner,8.56
scanneur,0.04
scanning,0.17
scanographie,0.08
scansion,0.34
scaphandre,0.79
scaphandrier,0.34
scaphoïde,0.08
scapin,0.07
scapulaire,0.68
scarabée,1.42
scare,0.06
scarification,0.14
scarlatine,0.07
scarole,0.14
scat,0.06
scato,0.07
scatologie,0.01
scatologique,0.54
scatologue,0.07
scatter,0.14
sceau,4.93
scellage,0.01
scellement,0.27
sceller,7.30
scellé,3.65
scenarii,0.07
scenic railway,0.20
scepticisme,5.00
sceptique,5.81
sceptre,1.69
schah,0.02
schako,0.07
schampooing,0.07
schbeb,0.41
scheik,0.01
schilling,1.42
schismatique,0.20
schisme,0.81
schiste,1.28
schizophasie,0.01
schizophrène,1.09
schizophrénie,1.83
schizophrénique,0.14
schizoïde,0.14
schlague,0.20
schlass,0.54
schlem,0.07
schleu,0.07
schlinguer,1.01
schlitte,0.07
schnaps,1.86
schnauzer,0.04
schnick,0.14
schnitzel,0.46
schnock,1.06
schnoque,0.47
schnouf,0.01
schnouff,0.01
schooner,0.04
schpile,1.28
schproum,0.41
schtroumf,0.02
schtroumpf,0.55
schupo,0.54
schuss,0.41
schème,0.14
schéma,4.03
schématique,0.68
schématiquement,0.61
schématiser,0.14
schématisme,0.07
sciage,0.14
scialytique,0.27
sciant,0.14
sciatique,0.57
scie,10.07
sciemment,1.49
science,32.97
science-fiction,2.36
scientificité,0.01
scientifique,17.07
scientifiquement,2.22
scientisme,0.02
scientiste,0.15
scientologie,0.30
scientologue,0.20
scier,9.86
scierie,2.30
scieur,0.54
scinder,1.49
scintigraphie,0.36
scintillant,6.01
scintillation,0.41
scintillement,4.53
scintiller,12.36
scion,0.61
scirpe,0.07
scission,0.68
scissionniste,0.07
scissiparité,0.01
sciure,6.08
sciène,0.14
scléreux,0.01
sclérodermie,0.03
sclérose,0.88
sclérosé,0.20
sclérotique,0.54
scolaire,14.12
scolairement,0.07
scolarisation,0.07
scolariser,0.01
scolarité,1.63
scolastique,0.20
scolie,0.47
scoliose,0.34
scolopendre,0.34
scolyte,0.01
scone,0.45
sconse,0.04
scoop,5.29
scooter,3.62
scope,0.41
scopie,0.01
scopolamine,0.02
scorbut,0.95
score,5.92
scorpion,3.54
scotch,9.45
scotch-terrier,0.01
scotcher,1.63
scotomiser,0.14
scottish,0.14
scoubidou,0.34
scoumoune,0.20
scout,3.73
scoutisme,0.54
scrabble,1.39
scratch,0.41
scratcher,0.02
scratching,0.17
scriban,0.07
scribe,3.18
scribouillard,1.01
scribouiller,0.20
script,6.45
script-girl,0.20
scripte,1.23
scripteur,0.14
scrofulaire,0.01
scrofule,0.14
scrofuleux,0.34
scrogneugneu,0.20
scrotal,0.01
scrotum,0.77
scrub,2.72
scrupule,16.42
scrupuleusement,3.04
scrupuleux,3.78
scrupulosité,0.01
scrutateur,0.41
scrutation,0.04
scruter,15.54
scrutin,1.49
sculpter,13.72
sculpteur,7.50
sculptural,0.68
sculpture,7.91
sculpté,7.23
scutigère,0.61
scythe,0.34
scène,114.93
scène-clé,0.01
scélérat,2.87
scélératesse,0.14
scénar,0.51
scénarimage,0.01
scénario,19.14
scénariste,2.70
scénaristique,0.14
scénique,0.20
scénographe,0.03
scénographie,0.35
scénographique,0.01
se,6587.77
seaborgium,0.10
seau,24.05
sec,142.84
secco,0.61
seccotine,0.34
second,88.58
second-maître,0.07
secondaire,8.65
secondairement,0.27
seconde,124.54
secondement,0.14
seconder,5.00
secondo,0.20
secouement,0.07
secouer,116.35
secoueur,0.09
secourable,1.42
secourir,6.05
secourisme,0.26
secouriste,0.94
secours,70.36
secousse,16.28
secret,103.49
secrète,2.57
secrètement,13.04
secrétaire,43.78
secrétairerie,0.07
secrétariat,3.31
secréter,0.74
sectaire,0.68
sectarisme,0.34
sectateur,0.34
secte,5.02
secteur,26.50
section,22.23
sectionnement,0.07
sectionner,1.89
sectorisation,0.01
secundo,1.64
sedan,0.07
sedia gestatoria,0.20
seersucker,0.02
segment,1.42
segmentaire,0.03
seguedilla,0.20
seiche,0.88
seigle,2.36
seigneur,153.82
seigneurial,1.01
seigneurie,4.86
seille,0.27
seillon,0.07
sein,84.05
seine,0.47
seing,0.07
seize,31.42
seizième,1.82
sel,33.24
seldjoukide,0.14
select,0.34
self,0.67
self-control,0.34
self-contrôle,0.19
self-défense,0.18
self-made man,0.14
self-made-man,0.07
self-made-men,0.07
self-service,0.47
selle,19.05
seller,1.96
sellerie,0.27
sellette,0.88
sellier,0.47
selon,110.88
seltz,0.17
selva,0.44
semaine,290.85
semainier,0.34
semblable,52.91
semblablement,0.81
semblance,0.27
semblant,32.09
sembler,572.84
semelle,21.96
semen-contra,0.07
semence,5.27
semer,25.41
semestre,3.53
semestriel,0.07
semestriellement,0.01
semeur,0.74
semeuse,0.47
semi,1.28
semi-automatique,0.71
semi-circulaire,0.14
semi-conducteur,0.08
semi-liberté,0.26
semi-lunaire,0.02
semi-officiel,0.14
semi-ouvert,0.01
semi-perméable,0.01
semi-phonétique,0.07
semi-précieuse,0.01
semi-public,0.01
semi-remorque,0.61
semi-rigide,0.07
semis,2.84
semoir,0.34
semonce,1.49
semoncer,0.41
semoule,1.35
sempiternel,2.77
sempiternellement,0.07
semtex,0.10
sen,0.48
senestre,0.27
senior,0.99
sens,217.50
sensas,0.44
sensass,2.05
sensation,46.89
sensationnalisme,0.07
sensationnel,4.36
sensationnellement,0.07
senseur,0.42
sensibilisation,0.09
sensibiliser,0.68
sensibilité,12.36
sensible,38.85
sensiblement,3.58
sensiblerie,1.15
sensitif,0.54
sensorialité,0.07
sensoriel,0.86
sensualiste,0.07
sensualité,6.76
sensuel,10.68
sensuellement,0.54
sensé,10.50
sensément,0.07
sent-bon,0.54
sentant,2.84
sente,3.24
sentence,7.70
sentencieusement,1.22
sentencieux,2.70
senteur,11.69
senti,1.76
sentier,36.62
sentiment,157.30
sentimental,17.16
sentimentalement,0.82
sentimentaliser,0.01
sentimentalisme,0.75
sentimentalité,1.22
sentine,0.54
sentinelle,12.57
sentir,718.78
seppuku,0.07
seps,0.07
sept,75.61
septante,0.11
septante-cinq,0.07
septante-sept,0.20
septembre,43.58
septembriseur,0.07
septennat,0.14
septentrion,0.16
septentrional,0.74
septicité,0.03
septicémie,0.23
septicémique,0.04
septidi,0.07
septime,0.81
septique,0.58
septième,5.61
septuagénaire,0.88
septum,0.09
septuor,0.01
septuple,0.03
sepuku,0.07
sequin,0.29
serbe,3.48
serbo-croate,0.20
serein,10.61
sereinement,0.74
serf,1.08
serfouette,0.07
serge,2.64
sergent,27.36
sergent-chef,1.52
sergent-major,1.35
sergent-pilote,0.07
sergot,0.14
sergé,0.20
serial,0.69
serin,3.24
seriner,2.03
seringa,0.81
seringue,6.15
seringuer,0.34
serment,21.19
sermon,7.61
sermonner,1.89
sermonneur,0.28
serpe,4.32
serpent,32.20
serpentaire,0.07
serpentant,0.07
serpenteau,0.01
serpentement,0.14
serpenter,5.88
serpentiforme,0.07
serpentin,1.49
serpette,0.47
serpillière,4.46
serpolet,0.14
serra,2.09
serrage,0.47
serrante,0.20
serre,6.62
serre-file,0.34
serre-joint,0.14
serre-livres,0.07
serre-tête,0.74
serrement,1.76
serrer,207.50
serrure,19.26
serrurerie,0.54
serrurier,2.25
serré,41.28
sert,0.01
sertao,0.10
serti,0.34
sertir,3.04
sertissage,0.07
sertisseur,0.07
sertão,2.00
servage,0.54
serval,0.01
servant,18.65
serve,0.27
serveur,23.21
servi,3.99
serviabilité,0.01
serviable,2.23
service,187.67
serviette,35.07
serviette-éponge,1.49
servile,3.65
servilement,0.47
servilité,1.22
servir,309.81
serviteur,17.77
servitude,7.43
servofrein,0.03
servomoteur,0.02
servomécanisme,0.01
ses,3105.41
session,3.29
set,3.76
setter,0.61
seuil,49.86
seul,915.27
seulabre,0.88
seulement,397.97
seulet,1.22
seventies,0.07
sevrage,1.08
sevrer,2.36
sex-appeal,0.74
sex-shop,0.57
sex-symbol,0.08
sexagénaire,0.74
sexe,52.70
sexisme,0.39
sexiste,1.09
sexologie,0.27
sexologique,0.07
sexologue,0.20
sextant,0.54
sextidi,0.07
sexto,0.01
sextuor,0.14
sextuple,0.07
sexualiser,0.02
sexualité,6.02
sexuel,46.15
sexuellement,4.61
sexué,0.20
sexy,26.83
seyant,1.15
señor,9.75
shabbat,4.25
shah,1.13
shake-hand,0.14
shaker,0.81
shakespearien,0.41
shako,1.22
shale,0.17
shaman,0.92
shamisen,0.07
shampoing,1.57
shampooiner,0.03
shampooing,2.61
shampouiner,0.14
shampouineur,1.62
shanghaien,0.02
shantung,1.08
shed,0.17
sheriff,2.61
sherpa,0.18
sherry,2.75
shetland,0.74
shiatsu,0.28
shift,0.19
shilling,2.28
shilom,0.01
shimmy,0.20
shingle,0.01
shintoïsme,0.07
shintoïste,0.07
shintô,0.01
shipchandler,0.07
shipping,0.07
shirting,0.07
shit,3.00
shocking,0.07
shogoun,0.10
shogun,0.32
shogunal,0.03
shogunat,0.06
shoot,2.50
shooter,6.84
shopping,5.75
short,8.24
show,2.64
show-business,0.27
showbiz,0.68
shrapnel,0.34
shrapnell,1.42
shunt,0.16
shunter,0.07
shéol,0.07
shérif,46.65
shôgun,0.07
si,2107.14
siam,0.01
siamois,2.36
sibilant,0.07
sibylle,0.61
sibyllin,2.36
sibérien,3.99
sibérienne,0.14
sic,1.35
sic transit gloria mundi,0.07
sicaire,0.14
sicilien,3.60
sicle,0.02
sida,5.20
sidaïque,0.02
side-car,1.08
sidi,0.81
sidéral,0.88
sidérant,0.27
sidération,0.03
sidérer,2.16
sidérite,0.01
sidérurgie,0.27
sidérurgique,0.27
sidéré,0.88
sien,36.08
sienne,40.68
siennes,9.73
siennois,0.41
siens,29.80
sierra,4.27
sieste,14.86
sieur,21.35
sifflant,2.23
sifflante,3.11
sifflard,0.34
sifflement,13.78
siffler,40.20
sifflet,17.91
siffleur,0.20
sifflotement,0.34
siffloter,10.81
sifflotis,0.14
sigillaire,0.07
sigillé,0.27
sigisbée,0.20
sigle,1.62
sigmoïde,0.07
signal,39.61
signalement,3.43
signaler,27.92
signaleur,0.83
signalisation,1.08
signaliser,0.01
signalé,0.74
signalétique,0.41
signataire,0.95
signature,18.47
signe,161.28
signer,98.19
signet,0.74
signifiance,0.14
signifiant,0.81
significatif,4.46
signification,16.76
significativement,0.14
signifier,67.72
signifié,0.07
signor,5.36
signorina,0.64
signé,5.81
sikh,1.49
sil,2.65
silence,325.54
silencieusement,17.16
silencieux,74.05
silex,5.14
silhouette,73.31
silhouetter,1.08
silicate,0.07
silice,0.34
siliceux,0.07
silicium,0.24
silicone,2.42
siliconer,0.20
silicose,0.34
silicosé,0.27
silionne,0.01
sillage,10.88
sillet,0.01
sillon,12.30
sillonner,8.58
silo,1.69
silvaner,0.14
silène,0.14
silésien,0.07
sima,0.37
simagrée,3.18
simarre,0.14
simien,0.08
simiesque,1.15
similaire,6.03
similairement,0.07
similarité,0.31
simili,1.01
similicuir,0.01
similitude,1.55
similor,0.07
simoniaque,0.07
simoun,0.54
simple,148.58
simplement,134.32
simplesse,0.20
simplet,1.35
simplette,0.17
simplicité,21.69
simplification,0.61
simplifier,7.84
simplissime,0.07
simpliste,1.28
simulacre,6.22
simulateur,1.05
simulation,3.69
simuler,6.22
simultané,3.11
simultanéité,1.15
simultanément,5.81
simulé,0.62
sinapisme,0.20
sinciput,0.20
sincère,22.50
sincèrement,13.58
sincérité,9.66
sindon,0.27
sine die,0.34
sine qua non,0.47
singe,35.48
singe-araignée,0.01
singer,3.92
singerie,2.23
singes,0.01
single,1.10
singleton,0.17
singulariser,1.08
singularité,3.11
singulier,21.42
singulièrement,8.58
sinistre,25.88
sinistrement,1.28
sinistrose,0.07
sinistré,0.81
sino,0.12
sino-américain,0.02
sino-arabe,0.01
sinologie,0.07
sinon,164.85
sinople,0.14
sinoque,0.34
sinoquet,0.88
sinuer,1.76
sinueusement,0.07
sinueux,5.61
sinuosité,0.68
sinus,1.30
sinusal,0.46
sinusite,0.33
sinusoïdal,0.14
sinécure,0.88
sionisme,0.27
sioniste,0.49
sioux,0.36
siphon,2.23
siphonnage,0.07
siphonner,0.68
siphonné,0.20
sipo,0.03
sir,10.48
sirdar,0.41
sire,3.37
sirocco,1.52
sirop,8.18
siroter,5.74
sirupeux,1.55
sirventès,0.14
sirène,17.50
sis,1.77
sisal,0.34
sismique,0.75
sismographe,0.14
sismologie,0.02
sismologique,0.01
sismologue,0.14
sismomètre,0.01
sismothérapie,0.01
sisymbre,0.07
sit-in,0.30
sitar,0.16
sitariste,0.01
sitcom,0.85
site,17.17
sittelle,0.03
situ,0.95
situable,0.14
situation,108.99
situationnel,0.01
situationnisme,0.01
situer,37.84
situé,2.97
sitôt,19.12
six,156.22
six-quatre,0.07
sixain,0.20
sixième,7.23
sixièmement,0.01
sixte,0.14
sixties,0.40
sixtus,0.01
sizain,0.14
siècle,132.91
siège,57.91
siéger,5.34
ska,0.35
skaal,0.07
skate,2.50
skate-board,0.57
skateboard,1.13
skating,0.07
skaï,1.82
skeet,0.04
sketch,2.54
ski,16.57
skiable,0.01
skier,3.81
skieur,1.28
skiff,0.27
skin,0.93
skinhead,1.59
skip,2.27
skipper,1.32
skunks,1.55
skydome,0.01
slalom,0.95
slalomer,0.41
slang,0.07
slash,0.07
slave,3.38
slavisme,0.07
slavon,0.07
sleeping,0.37
slibard,0.47
slice,0.19
slip,12.77
slogan,6.96
sloop,0.07
sloughi,0.07
slovaque,0.01
slovène,0.20
slow,2.16
slug,0.10
slush,0.07
smack,0.15
smala,0.61
smalah,0.20
smaragdin,0.07
smart,0.27
smash,0.40
smasher,0.41
smegma,0.04
smicard,0.14
smigard,0.07
smiley,0.78
smocks,0.34
smog,0.29
smoking,4.90
smorrebrod,0.07
smurf,0.03
smyrniote,0.07
snack,1.21
snack-bar,0.61
snif,0.26
snifer,0.03
sniff,0.34
sniffer,3.28
sniffette,0.07
snipe,0.07
sniper,4.50
snob,3.31
snober,0.68
snobinard,0.46
snobisme,3.45
soap-opéra,0.17
sobre,6.18
sobrement,1.28
sobriquet,4.86
sobriété,1.62
soc,1.89
soccer,0.64
sociabiliser,0.01
sociabilité,0.41
sociable,2.08
social,49.80
social-démocrate,0.47
social-démocratie,0.34
social-traître,0.27
socialement,1.04
socialisation,0.10
socialiser,0.16
socialisme,6.76
socialiste,10.41
socialo,0.14
sociaux-démocrates,0.23
socio,0.14
socio-économique,0.08
sociobiologie,0.01
socioculturel,0.14
sociologie,1.28
sociologique,0.68
sociologiquement,0.07
sociologue,1.55
sociopathe,0.88
sociopathie,0.04
sociopolitique,0.01
socius,0.07
sociétaire,0.34
sociétal,0.05
société,75.46
socket,0.03
socle,8.45
socque,0.47
socquette,2.16
socratique,0.20
soda,10.23
sodique,0.02
sodium,1.13
sodomie,1.44
sodomisation,0.34
sodomiser,1.49
sodomite,0.86
soeur,184.99
soeurette,2.12
sofa,5.68
soft,0.79
softball,0.69
soi,83.65
soi-disant,13.11
soi-même,24.86
soie,51.62
soierie,1.96
soif,35.54
soiffard,0.54
soignable,0.16
soignant,0.27
soigner,48.04
soigneur,0.95
soigneusement,34.39
soigneux,3.78
soigné,9.80
soin,71.99
soir,575.70
soirée,102.37
soissonnais,0.14
soit,54.09
soixantaine,4.53
soixante,22.70
soixante-cinq,3.58
soixante-deux,0.34
soixante-deuxième,0.07
soixante-dix,8.85
soixante-dix-huit,0.47
soixante-dix-neuf,0.20
soixante-dix-neuvième,0.07
soixante-dix-sept,0.74
soixante-dixième,0.47
soixante-douze,1.15
soixante-huit,0.81
soixante-huitard,0.14
soixante-neuf,0.41
soixante-quatorze,0.61
soixante-quatre,0.61
soixante-quinze,3.85
soixante-seize,0.68
soixante-sept,0.81
soixante-six,0.81
soixante-treize,1.08
soixante-trois,0.20
soixantième,0.20
soja,2.28
sol,150.34
sol-air,0.32
solaire,8.53
solanacée,0.07
solarium,0.74
soldat,128.92
soldatesque,0.81
solde,9.05
solder,3.72
solderie,0.05
soldeur,0.20
sole,2.50
soleil,334.39
soleil-roi,0.07
soleilleux,0.07
solen,0.07
solennel,19.66
solennellement,6.15
solenniser,0.07
solennité,8.11
solex,3.38
solfège,0.95
solicitor,0.14
solidaire,4.80
solidairement,0.20
solidariser,0.27
solidarité,9.05
solide,42.77
solidement,10.00
solidification,0.01
solidifier,1.42
solidité,4.66
solidus,0.07
soliflore,0.20
soliloque,1.22
soliloquer,0.95
solipsisme,0.01
solipsiste,0.04
soliste,1.08
solitaire,26.96
solitairement,1.22
solitude,69.73
solive,0.95
soliveau,0.14
sollicitation,2.30
solliciter,11.82
solliciteur,0.68
sollicitude,9.46
solo,5.22
solognot,0.54
solstice,1.42
solubilité,0.01
soluble,0.41
solucamphre,0.07
solution,61.96
solutionner,0.14
solutionneur,0.03
soluté,0.17
solvabilité,0.15
solvable,0.36
solvant,0.27
solénoïde,0.11
soma,0.48
somalien,0.07
somatique,0.20
somatiser,0.47
sombre,125.74
sombrement,2.03
sombrer,19.32
sombrero,0.68
sommaire,4.80
sommairement,2.16
sommation,3.24
somme,79.26
sommeil,114.80
sommeillant,1.08
sommeiller,6.89
sommeilleux,0.34
sommelier,1.15
sommer,6.01
sommet,47.50
sommier,7.97
sommité,2.64
somnambule,4.73
somnambulique,1.62
somnambuliquement,0.07
somnambulisme,0.74
somnifère,5.73
somno,0.07
somnolence,3.58
somnolent,4.05
somnoler,10.47
somptuaire,0.41
somptueusement,0.95
somptueux,13.18
somptuosité,1.08
son,4696.15
sonagramme,0.01
sonar,1.71
sonate,2.98
sonatine,1.62
sondage,4.64
sonde,6.31
sonder,5.07
sondeur,0.20
sondé,0.08
song,0.40
songe,21.28
songe-creux,0.41
songer,104.86
songerie,1.69
songeur,6.08
songeusement,0.20
sonique,0.45
sonnaille,1.15
sonnailler,0.20
sonnant,6.89
sonner,92.57
sonnerie,18.31
sonnet,2.09
sonnette,16.15
sonneur,1.34
sonné,3.58
sono,1.89
sonoluminescence,0.01
sonore,27.30
sonorement,0.07
sonorisation,0.27
sonoriser,0.27
sonorité,6.15
sonothèque,0.01
sonotone,0.17
sopha,0.27
sophie,1.23
sophisme,0.54
sophiste,0.47
sophistication,0.68
sophistique,0.11
sophistiqué,3.57
sophora,0.14
sopor,0.07
soporifique,0.62
soprano,5.21
sorbet,1.55
sorbetière,0.27
sorbier,1.18
sorbitol,0.03
sorbonne,0.07
sorcellerie,5.24
sorcier,54.09
sordide,10.95
sordidement,0.20
sordidité,0.14
sorgho,0.07
sorite,0.01
sornette,1.83
sororal,0.27
sororité,0.14
sort,58.92
sortable,0.29
sortant,1.49
sorte,307.16
sortie,75.27
sortilège,3.19
sortir,884.26
sosie,1.89
sostenuto,0.07
sot,8.11
sotie,0.07
sottement,2.30
sottise,11.82
sou,41.22
souabe,0.14
soubassement,2.23
soubise,0.07
soubresaut,6.96
soubrette,3.11
souche,10.54
souchet,0.07
souchette,0.07
souci,61.22
soucier,26.62
soucieux,16.62
soucoupe,8.85
soudage,0.04
soudain,207.30
soudainement,6.98
soudaineté,1.28
soudanais,0.24
soudard,2.23
soude,0.88
souder,8.04
soudeur,1.42
soudoyer,1.92
soudure,1.35
soudé,1.82
soue,0.34
soufflant,1.08
souffle,100.20
soufflement,0.27
souffler,83.65
soufflerie,0.98
soufflet,6.22
souffleter,2.09
souffleur,1.35
soufflure,0.20
soufflé,2.77
souffrance,47.16
souffrant,6.47
souffre-douleur,1.22
souffreteux,2.50
souffrir,119.26
soufi,0.07
soufre,4.53
soufré,0.47
souhait,10.41
souhaitable,3.72
souhaiter,85.59
souillage,0.07
souille,2.57
souiller,15.81
souillon,1.08
souillure,2.91
souk,2.64
soul,1.71
soulageant,0.07
soulagement,21.22
soulager,29.12
soule,0.30
soulever,113.38
soulevé,3.24
soulier,35.68
souligner,22.57
soulèvement,2.36
soumettre,37.57
soumis,5.88
soumission,10.95
soumissionner,0.01
soupape,1.28
soupe,38.04
soupente,3.11
souper,8.81
soupeser,5.14
soupeur,0.20
soupier,2.57
soupir,35.95
soupirail,3.24
soupirant,2.23
soupirer,65.47
soupière,2.43
souple,27.23
souplement,1.55
souplesse,9.86
soupçon,23.58
soupçonnable,0.07
soupçonner,34.59
soupçonneux,6.22
souquenille,0.41
souquer,0.43
sourate,0.20
source,49.19
sourcier,0.81
sourcil,47.64
sourciller,2.09
sourcilleux,1.96
sourd,50.68
sourd-muet,1.48
sourdaient,0.20
sourdait,1.08
sourde-muette,0.24
sourdement,6.55
sourdine,6.49
sourdingue,1.42
sourdre,5.47
souriant,23.45
souriceau,0.41
souricière,1.35
sourire,262.91
souris,22.57
sournois,16.89
sournoisement,4.80
sournoiserie,0.95
sous,1032.70
sous-alimentation,0.27
sous-alimenté,0.27
sous-bibliothécaire,0.47
sous-bois,7.57
sous-chef,0.88
sous-classe,0.01
sous-comité,0.26
sous-commission,0.18
sous-continent,0.07
sous-couche,0.03
sous-cul,0.07
sous-cutané,0.28
sous-diacre,0.07
sous-directeur,1.96
sous-division,0.04
sous-dominante,0.07
sous-développement,0.30
sous-développé,0.68
sous-effectif,0.11
sous-emploi,0.07
sous-ensemble,0.14
sous-entendre,2.03
sous-entendu,5.34
sous-espace,0.22
sous-espèce,0.11
sous-estimation,0.07
sous-estimer,7.27
sous-fifre,0.72
sous-garde,0.07
sous-genre,0.02
sous-gorge,0.07
sous-groupe,0.01
sous-homme,0.61
sous-humanité,0.20
sous-intendant,0.30
sous-jacent,0.81
sous-lieutenant,5.61
sous-locataire,0.14
sous-location,0.09
sous-louer,0.63
sous-main,1.96
sous-marin,11.14
sous-marinier,0.26
sous-marque,0.14
sous-maîtresse,0.20
sous-merde,0.59
sous-ministre,0.17
sous-off,4.26
sous-officier,9.53
sous-ordre,0.61
sous-payer,0.28
sous-pied,0.20
sous-plat,0.07
sous-prieur,0.47
sous-produit,0.54
sous-programme,0.12
sous-prolétaire,0.11
sous-prolétariat,0.34
sous-préfecture,1.62
sous-préfet,1.01
sous-qualifié,0.04
sous-secrétaire,1.15
sous-secrétariat,0.10
sous-secteur,0.27
sous-section,0.09
sous-sol,13.50
sous-station,0.17
sous-système,0.04
sous-tasse,0.20
sous-tension,0.03
sous-titrage,54.64
sous-titre,23.09
sous-titrer,5.81
sous-traitance,0.04
sous-traitant,0.23
sous-traiter,0.14
sous-ventrière,0.47
sous-verge,0.54
sous-verre,0.20
sous-vêtement,6.57
souscripteur,0.20
souscription,0.41
souscrire,3.11
souscrit,0.41
soussigné,1.83
soussou,0.54
soustraction,1.08
soustraire,7.84
soutache,0.14
soutane,6.89
soutanelle,0.07
soute,2.62
soutenable,0.14
soutenance,0.14
soutenant,0.41
souteneur,1.89
soutenir,61.22
soutenu,4.46
souter,0.03
souterrain,13.04
souterrainement,0.27
soutien,18.87
soutien-gorge,8.65
soutier,0.54
soutif,2.11
soutirage,0.07
soutirer,2.32
soutra,0.20
soutènement,0.54
souvenance,0.81
souvenir,315.05
souvent,286.96
souventefois,0.14
souventes fois,0.27
souverain,10.00
souverainement,2.09
souveraineté,10.81
souvlaki,0.14
soviet,7.70
soviétique,24.59
soviétisation,0.14
soviétisme,0.34
sovkhoze,0.07
soya,0.09
soyeusement,0.07
soyeux,13.04
soûl,12.96
soûlant,0.07
soûlard,1.19
soûlaud,0.20
soûler,6.13
soûlerie,0.20
soûlographe,0.14
soûlographie,0.14
soûlot,0.29
spa,1.05
spacieux,4.26
spadassin,1.15
spadille,0.07
spaghetti,7.02
spahi,2.30
spamming,0.01
sparadrap,1.96
sparring-partner,0.07
sparte,0.14
sparterie,0.34
spartiate,0.60
spartéine,0.01
spasme,6.76
spasmodique,0.81
spasmodiquement,0.88
spasmophile,0.07
spasmophilie,0.20
spasticité,0.03
spastique,0.01
spath,0.07
spatial,10.94
spatialement,0.01
spatio-temporel,0.21
spationaute,0.09
spatiotemporel,0.05
spatule,1.82
spatuler,0.01
speakeasy,0.07
speaker,3.99
species,0.10
spectacle,73.78
spectaculaire,6.22
spectaculairement,0.34
spectateur,21.69
spectral,0.94
spectre,6.96
spectrogramme,0.03
spectrographe,0.05
spectrographie,0.14
spectrographique,0.09
spectrohéliographe,0.01
spectromètre,0.34
spectrométrie,0.09
spectrométrique,0.01
spectrophotomètre,0.01
spectroscope,0.07
spectroscopie,0.01
speech,1.88
speed,3.45
speeder,0.54
speedé,0.61
spencer,0.27
spenglérienne,0.07
spermaceti,0.08
spermatique,0.27
spermato,0.41
spermatogenèse,0.04
spermatozoïde,0.74
sperme,8.47
spermicide,0.07
spermogramme,0.01
spetsnaz,0.02
sphaigne,0.07
sphincter,1.01
sphinge,0.20
sphinx,3.04
sphygmomanomètre,0.02
sphère,9.19
sphénoïde,0.01
sphéricité,0.07
sphérique,1.62
sphériquement,0.01
sphéroïde,0.14
spi,0.01
spic,0.14
spica,0.14
spider,3.27
spin,0.14
spina,0.05
spina-bifida,0.04
spina-ventosa,0.07
spinal,0.64
spinnaker,0.14
spinozisme,0.07
spirale,6.08
spiraler,0.07
spiralé,0.20
spire,0.81
spirite,0.07
spiritisme,1.81
spiritualiser,0.74
spiritualisme,0.14
spiritualiste,0.41
spiritualité,1.15
spirituel,14.53
spirituellement,0.81
spiritueux,0.61
spirochète,0.02
spirographe,0.03
spiruline,0.01
spitz,0.01
splash,0.27
spleen,1.55
splendeur,14.59
splendide,16.73
splendidement,0.21
splitter,0.07
splénectomie,0.09
splénique,0.05
spoiler,0.01
spoliation,0.61
spolier,0.59
spolié,0.07
spondylarthrose,0.01
spondylite,0.01
spongieux,4.26
spongiforme,0.03
sponsor,2.72
sponsoring,0.09
sponsoriser,1.19
sponsorisé,0.06
spontané,7.97
spontanéité,2.50
spontanément,8.11
spoon,0.31
sporadique,1.62
sporadiquement,0.54
spore,0.91
sport,30.04
sportif,9.39
sportivement,0.20
sportivité,0.02
sportsman,0.61
sportswear,0.07
spot,3.50
spoutnik,0.24
sprat,0.40
spray,2.71
sprechgesang,0.07
spring,0.83
springer,0.59
sprinkler,0.05
sprint,2.23
sprinter,0.68
sprinteur,0.03
spruce,0.04
spumescent,0.07
spumosité,0.07
spécial,83.73
spéciale,0.81
spécialement,14.80
spécialisation,0.43
spécialiser,5.68
spécialiste,16.96
spécialisé,5.41
spécialité,10.06
spécieusement,0.07
spécieux,0.41
spécification,0.48
spécificité,0.34
spécifier,2.16
spécifique,4.80
spécifiquement,1.22
spécifié,0.15
spécimen,5.26
spéculaire,0.14
spéculateur,0.88
spéculatif,0.61
spéculation,3.92
spéculer,1.86
spéculoos,0.14
spéculum,0.14
spéléo,0.27
spéléologie,0.07
spéléologue,0.29
spéléotomie,0.14
squale,0.47
squameux,0.41
square,16.69
squash,0.73
squat,1.23
squatter,1.28
squatteur,0.17
squaw,6.08
squeeze,0.10
squeezer,0.02
squelette,11.69
squelettique,3.45
squire,0.07
sri lankais,0.01
stabat mater,0.07
stabilisant,0.02
stabilisateur,0.84
stabilisation,0.41
stabiliser,4.84
stabilisé,0.56
stabilité,3.18
stable,10.09
stablement,0.07
stabulation,0.14
staccato,0.41
stade,15.14
stadium,0.22
staff,1.39
stage,6.16
stagflation,0.01
stagiaire,2.47
stagnant,2.97
stagnation,0.61
stagner,5.41
stakhanoviste,0.27
stalactite,0.61
stalag,0.74
stalagmite,0.34
stalinien,3.72
stalinisme,1.01
stalino,0.07
stalle,2.43
stance,0.41
stand,7.02
stand-by,0.83
standard,4.17
standardisation,0.07
standardiste,1.55
standardisé,0.14
standing,2.03
staphylococcie,0.01
staphylococcique,0.01
staphylocoque,0.11
star,39.34
star-system,0.01
starking,0.14
starlette,1.22
staroste,0.60
start-up,0.35
starter,1.00
starting-gate,0.14
stase,1.23
stat,0.05
stater,1.69
station,29.71
station-service,4.22
station-éclair,0.07
stationnaire,0.64
stationnement,2.64
stationner,8.85
statique,1.42
statisticien,0.10
statistique,5.11
statistiquement,0.91
statistiquer,0.07
statu quo,1.08
statuaire,0.88
statue,42.84
statuer,1.01
statuette,4.93
statufier,1.28
stature,4.05
staturo-pondéral,0.01
status,0.22
statut,6.13
statutaire,0.11
statère,0.74
stayer,0.47
steak,10.76
steamboat,0.04
steamer,0.27
steeple,0.09
steeple-chase,0.07
stegomya,0.07
stellaire,1.76
stem,0.07
stencil,0.07
stendhalien,0.07
stentor,0.88
steppe,18.65
stepper,0.09
stercoraire,0.07
sterling,0.93
sternal,0.26
sterne,0.14
sterno-cléido-mastoïdien,0.01
sternum,0.97
stetson,0.21
steward,1.35
stick,0.95
sticker,0.04
stigma,0.07
stigmate,3.11
stigmatiser,0.74
stigmatisé,0.07
stilton,0.20
stimulant,1.97
stimulateur,0.42
stimulation,1.29
stimuler,4.60
stimulus,0.84
stimulus-réponse,0.14
stipulant,0.09
stipulation,0.20
stipule,0.04
stipuler,1.81
stipulé,0.07
stochastique,0.01
stock,7.91
stock-car,0.19
stockage,1.33
stocker,3.54
stoker,0.65
stokes,0.10
stomacal,0.61
stomie,0.02
stomoxys,0.27
stone,2.16
stop,44.50
stoppage,0.14
stopper,15.61
stoppeur,0.14
storage,0.01
store,7.09
story-board,0.28
stout,0.45
stoïcien,0.61
stoïcisme,0.61
stoïque,0.95
stoïquement,0.27
strabisme,0.95
stradivarius,0.07
straight,0.40
stramoine,0.01
stramonium,0.04
strangulation,1.28
stranguler,0.47
strapontin,1.89
strasbourgeois,0.54
strass,1.69
strasse,0.39
stratagème,1.89
strate,0.47
stratification,0.41
stratifié,0.54
stratigraphique,0.07
stratosphère,0.68
stratosphérique,0.14
stratus,0.01
stratège,1.62
stratégie,9.80
stratégique,10.14
stratégiquement,0.54
stratégiste,0.01
strelitzia,0.01
streptococcie,0.01
streptococcique,0.01
streptocoque,0.18
streptokinase,0.01
streptomycine,0.14
stress,10.85
stressant,1.81
stresser,7.34
stretch,0.29
stretching,0.28
strict,14.39
strictement,7.91
stricto sensu,0.01
stridence,1.96
strident,7.30
strider,0.12
stridor,0.04
stridulation,0.27
striduler,0.20
strie,1.82
strier,4.26
string,3.90
strip,2.44
strip-poker,0.08
strip-tease,4.04
strip-teaseur,4.02
stripper,0.01
striptease,0.60
strié,0.74
stroboscope,0.05
stroboscopique,0.10
strontiane,0.07
strontium,0.07
strophe,2.16
structural,0.27
structuralement,0.07
structuralisme,0.14
structuraliste,0.07
structure,8.74
structurel,0.59
structurellement,0.05
structurer,1.22
structuré,0.54
strudel,0.46
struggle for life,0.07
strychnine,0.74
strychnos,0.01
stuc,1.89
studette,0.07
studieusement,0.27
studieux,4.05
studio,27.77
studiolo,0.01
stuka,1.15
stupeur,24.05
stupide,71.75
stupidement,5.07
stupidité,3.63
stupre,0.81
stups,0.08
stupéfaction,8.04
stupéfait,14.73
stupéfiant,6.49
stupéfier,5.07
stygien,0.01
style,46.62
styler,1.55
stylet,0.74
stylisation,0.01
stylisme,0.23
styliste,1.34
stylistique,0.20
stylite,0.27
stylo,17.73
stylo-bille,0.17
stylo-feutre,0.27
stylobille,0.27
stylographe,0.47
stylomine,0.54
styloïde,0.01
stylé,0.88
styrax,0.07
styrène,0.04
stèle,2.57
stère,0.61
stéarate,0.01
stéarique,0.01
stégosaure,0.06
sténo,0.86
sténodactylo,0.14
sténodactylographie,0.07
sténographe,0.08
sténographie,0.32
sténographique,0.07
sténopé,0.14
sténose,0.07
sténotype,0.01
sténotypiste,0.07
stéphanois,0.27
stérile,11.69
stérilement,0.20
stérilet,0.61
stérilisant,0.14
stérilisateur,0.18
stérilisation,0.37
stériliser,1.50
stérilisé,0.41
stérilité,2.91
stéroïde,2.00
stéréo,2.51
stéréophonie,0.27
stéréophonique,0.14
stéréoscope,0.27
stéréoscopie,0.07
stéréoscopique,0.20
stéréotype,1.22
stéréotyper,0.61
stéréotypie,0.07
stéréotypé,0.68
stéthoscope,0.68
su,3.20
suaire,2.64
suant,2.43
suave,7.43
suavement,0.61
suavité,1.55
sub,0.22
sub-aquatique,0.07
sub-atomique,0.07
sub-claquant,0.01
sub-espace,0.08
sub-normaux,0.14
sub-vocal,0.07
sub-véhiculaire,0.01
sub-zéro,0.01
subalterne,2.36
subaquatique,0.03
subatomique,0.33
subcarpatique,0.07
subcellulaire,0.02
subconsciemment,0.04
subconscient,2.17
subculture,0.02
subdivision,0.47
subduction,0.04
suber,0.01
subir,53.72
subit,16.49
subitement,15.54
subito,1.15
subjectif,1.49
subjectivement,0.01
subjectivisme,0.20
subjectiviste,0.07
subjectivité,0.44
subjonctif,1.55
subjugation,0.01
subjuguer,5.27
sublimable,0.07
sublimation,0.41
sublime,12.91
sublimement,0.14
sublimer,1.42
subliminal,0.53
sublimissime,0.07
sublimité,0.20
sublimé,0.27
sublingual,0.07
sublunaire,0.20
submerger,12.91
submergé,1.15
submersible,0.27
submersion,0.05
subodorer,2.50
subordination,1.55
subordonner,2.23
subordonné,2.77
subordonnée,0.20
subornation,0.09
suborner,0.21
suborneur,0.41
subreptice,0.61
subrepticement,2.64
subrogation,0.02
subrécargue,0.07
subside,0.88
subsidiaire,0.20
subsidiairement,0.07
subsistance,1.55
subsistant,0.20
subsister,17.09
subsonique,0.19
substance,14.39
substantiel,2.43
substantiellement,0.27
substantif,0.34
substantifique,0.20
substituer,8.11
substitut,2.70
substitution,2.30
substrat,0.09
substratum,0.27
substruction,0.07
subséquemment,0.23
subséquent,0.34
subterfuge,1.35
subtil,22.91
subtilement,2.30
subtiliser,2.16
subtilité,5.20
subtropical,0.14
suburbain,0.34
subvenir,1.52
subvention,3.00
subventionner,0.79
subventionné,0.14
subversif,3.61
subversion,0.95
subvertir,0.07
suc,3.18
successeur,6.96
successif,18.99
succession,11.35
successivement,12.57
successoral,0.03
succinct,0.88
succinctement,0.41
succion,1.69
succomber,9.66
succube,0.46
succulence,0.68
succulent,2.77
succursale,1.42
succès,53.72
succédané,0.95
succéder,33.78
sucer,23.45
sucette,2.64
suceur,2.88
sucre,32.77
sucrer,4.73
sucrerie,3.58
sucrette,0.52
sucrier,1.79
sucré,9.05
sud,28.38
sud-africain,0.47
sud-américain,1.55
sud-coréen,0.21
sud-est,3.30
sud-ouest,3.51
sud-sud-est,0.03
sud-vietnamien,0.20
sudation,0.14
sudiste,2.82
sudoripare,0.14
sudète,0.14
suer,10.34
suerte,0.22
sueur,60.34
sufficit,0.07
suffire,232.08
suffisamment,20.07
suffisance,3.99
suffisant,18.99
suffocant,3.78
suffocation,1.35
suffoquer,11.76
suffrage,3.99
suffragette,0.27
suffète,0.07
suggestibilité,0.02
suggestif,1.22
suggestion,8.35
suggestionner,0.14
suggestivité,0.01
suggérer,29.00
sui,0.55
sui generis,0.23
suicidaire,2.63
suicidant,0.20
suicide,27.33
suicider,30.09
suicidé,1.22
suie,7.43
suif,2.03
suifer,0.14
suiffard,0.07
suiffeux,0.14
suint,0.88
suintant,2.70
suintement,0.81
suinter,5.95
suisse,10.27
suite,275.90
suitée,0.07
suiv,0.01
suivant,51.08
suiveur,0.88
suivez-moi-jeune-homme,0.07
suivi,9.12
suivre,2090.54
sujet,120.42
sujette,0.20
sujétion,1.15
sulfamide,0.19
sulfate,0.68
sulfater,0.27
sulfaté,0.10
sulfhydrique,0.07
sulfite,0.07
sulfonate,0.03
sulfonique,0.01
sulfure,0.68
sulfureux,1.89
sulfurique,0.82
sulfurisé,0.20
sulfuré,0.03
sulky,0.41
sulpicien,0.61
sultan,7.09
sultanat,0.20
sultane,3.78
sumac,0.14
summum,0.56
sumo,0.88
sumérien,0.04
sunlight,0.41
sunna,0.07
super,154.83
super-espion,0.02
super-pilote,0.01
superbe,53.42
superbement,2.64
supercalculateur,0.06
supercarburant,0.02
superchampion,0.07
supercherie,1.76
superfamille,0.01
superficialité,0.34
superficie,1.01
superficiel,5.71
superficiellement,0.41
superfin,0.07
superflu,4.46
superfluité,0.20
superfétatoire,0.54
supergrand,0.07
superintendant,0.14
superintendante,0.07
superlatif,0.07
superlativement,0.07
superman,1.52
supermarché,12.19
supernova,0.58
superordinateur,0.03
superposable,0.20
superposer,7.50
superposition,0.95
superposé,5.00
superproduction,0.27
superpuissance,0.34
superpuissant,0.07
supersonique,0.33
superstar,1.82
superstitieusement,0.34
superstitieux,3.92
superstition,6.11
superstructure,1.35
supertanker,0.03
superviser,3.61
superviseur,1.99
supervision,0.68
supin,0.07
supination,0.14
supplanter,1.62
suppliant,7.09
supplication,4.80
supplice,13.38
suppliciant,0.27
supplicier,0.88
supplicié,2.64
supplier,53.66
supplique,1.08
suppléance,0.14
suppléant,0.54
suppléer,2.30
supplément,7.50
supplémentaire,15.68
supplémenter,0.14
support,6.42
supportable,6.22
supporter,86.04
supporteur,0.21
supposable,0.07
supposer,120.31
supposition,5.34
suppositoire,0.88
supposé,3.54
supposément,0.04
suppresseur,0.03
suppression,2.09
supprimer,15.07
suppurant,0.07
suppuration,0.14
suppurer,0.68
supputation,0.95
supputer,4.19
suppôt,0.95
supra,0.34
supra-humain,0.07
supraconducteur,0.16
supraconductivité,0.01
supranational,0.14
supranaturel,0.01
supraterrestre,0.14
suprématie,1.08
suprême,22.97
suprêmement,0.81
supérette,0.56
supérieur,46.69
supérieurement,1.01
supériorité,9.26
sur,5320.47
sur-le-champ,10.95
sur-mesure,0.03
sur-place,0.27
surabondamment,0.20
surabondance,1.35
surabondant,0.61
suractiver,0.01
suractivité,0.07
suractivé,0.14
suradaptation,0.14
suradapté,0.20
surah,0.20
suraigu,3.38
surajouter,0.41
suralimentation,0.07
suralimenter,0.20
suranné,1.96
surard,0.07
surarmement,0.01
surbaissé,0.68
surbooké,0.23
surboum,0.88
surbrillance,0.01
surbrodé,0.07
surcapacité,0.03
surcharge,1.57
surcharger,7.30
surchauffe,0.48
surchauffer,3.31
surchoix,0.20
surclasser,0.47
surcompensation,0.07
surcompenser,0.07
surconsommation,0.02
surcontre,0.03
surcot,0.14
surcoût,0.02
surcroît,17.03
surdimensionné,0.13
surdité,2.16
surdosage,0.01
surdose,0.27
surdoué,1.08
surdévelopper,0.01
surdéveloppé,0.07
sureau,1.89
sureffectif,0.10
suremploi,0.01
surenchère,2.91
surenchérir,1.08
surentraînement,0.10
surentraîné,0.09
surestimation,0.01
surestimer,1.83
suret,0.27
surexcitation,0.81
surexciter,1.69
surexposition,0.02
surf,5.57
surface,57.09
surfacer,0.01
surfactant,0.08
surfacturation,0.04
surfacturer,0.15
surfaire,0.20
surfait,0.46
surfaçage,0.07
surfer,9.40
surfeur,1.96
surfilage,0.07
surfin,0.14
surgeler,0.34
surgelé,1.11
surgeon,0.54
surgir,73.18
surgissement,1.01
surgé,1.08
surgénérateur,0.03
surhomme,1.11
surhumain,4.19
surhumanité,0.07
suri,0.54
suricate,0.05
surimi,0.01
surimpression,0.81
surin,3.99
suriner,0.54
surinformation,0.07
surintendance,0.07
surintendant,0.43
surintensité,0.04
surinvestissement,0.07
surir,0.20
surjet,0.14
surlendemain,7.57
surligner,0.24
surligneur,0.03
surmenage,0.63
surmenant,0.07
surmener,1.33
surmené,1.01
surmoi,0.68
surmonter,28.11
surmulot,0.34
surmâle,0.14
surmédicalisation,0.01
surnageant,0.20
surnager,2.64
surnaturel,6.22
surnom,7.79
surnombre,0.68
surnommer,6.55
surnommé,1.69
surnuméraire,0.14
suroxygéner,0.01
suroxygéné,0.07
suroît,0.61
surpasser,6.64
surpatte,0.20
surpeuplement,0.07
surpeupler,0.01
surpeuplé,1.62
surplace,0.34
surplis,1.69
surplomb,2.23
surplombant,0.41
surplomber,8.85
surplus,10.95
surpoids,0.23
surpopulation,0.45
surprenant,19.73
surprendre,116.62
surpresseur,0.01
surpression,0.14
surprime,0.14
surpris,21.62
surprise,82.94
surprise-partie,0.61
surprise-party,0.10
surproduction,0.14
surprotecteur,0.06
surprotéger,0.17
surpuissance,0.07
surpuissant,0.41
surqualifié,0.11
surréalisme,1.96
surréaliste,2.64
surréalité,0.14
surréel,0.41
surrégime,0.07
surrénal,0.23
surrénalien,0.01
surréservation,0.01
sursaut,21.28
sursauter,28.11
surseoir,0.74
sursis,7.36
sursitaire,0.01
sursum corda,0.20
surtaxe,0.14
surtaxer,0.04
surtendu,0.07
surtension,0.37
surtout,291.49
surveillance,19.16
surveillant,6.55
surveiller,84.82
survenir,15.54
survenue,1.62
survie,11.64
survitesse,0.14
survivaliste,0.01
survivance,1.08
survivant,12.80
survivre,63.62
survol,0.83
survoler,6.22
survoltage,0.20
survolteur,0.02
survolté,1.42
survêt,0.47
survêtement,2.77
surélever,2.50
surélévation,0.03
surévaluation,0.07
sus,3.65
sus-orbitaire,0.01
susceptibilité,2.57
susceptible,11.89
susciter,23.31
suscription,0.14
susdit,0.47
sushi,2.03
susmentionné,0.30
susnommé,0.27
suspect,32.45
suspecter,6.13
suspendre,39.32
suspendu,11.89
suspens,7.43
suspense,4.09
suspenseur,0.07
suspensif,0.07
suspension,7.91
suspensoir,0.14
suspente,0.14
suspicieusement,0.14
suspicieux,1.10
suspicion,2.57
sustentation,0.14
sustenter,0.68
susu,0.07
susucre,0.20
susurrement,0.47
susurrer,4.86
sutra,0.20
suture,4.54
suturer,0.45
sutémi,0.14
suzerain,0.68
suzeraineté,0.14
suçage,0.07
suçoir,0.27
suçon,1.05
suçoter,1.35
suède,0.07
suédine,0.54
suédois,6.89
suée,1.96
svastika,0.20
svelte,2.77
sveltesse,0.61
svp,6.36
swahili,0.54
sweat-shirt,0.20
sweater,1.01
sweepstake,0.07
swing,0.88
sybaritisme,0.07
sycomore,1.08
sycophante,0.07
syllabe,11.28
syllabus,0.01
syllepse,0.07
syllogisme,0.54
syllogistique,0.07
sylphide,0.27
sylvain,0.20
sylvaner,0.14
sylve,0.14
sylvestre,1.22
sylviculture,0.14
sylvie,2.09
symbionte,0.01
symbiose,0.68
symbiote,4.04
symbiotique,0.36
symbole,18.92
symbolique,9.53
symboliquement,0.88
symbolisant,0.20
symbolisation,0.14
symboliser,5.07
symbolisme,0.81
symboliste,0.20
sympa,83.39
sympathectomie,0.07
sympathie,26.15
sympathique,16.23
sympathisant,1.62
sympathiser,2.12
sympathomimétique,0.01
symphonie,5.54
symphonique,1.02
symphyse,0.05
symposium,0.81
symptomatique,0.41
symptomatologie,0.11
symptôme,11.64
symétrie,2.97
symétrique,3.92
symétriquement,0.95
synagogue,3.65
synapse,0.70
synaptique,0.23
synchro,1.97
synchrone,0.54
synchronie,0.07
synchronique,0.07
synchronisation,1.87
synchroniser,2.09
synchroniseur,0.05
synchronisme,0.54
synchrotron,0.01
syncopal,0.07
syncope,1.76
syncoper,0.54
syncopé,0.95
syncrétisme,0.14
syncrétiste,0.07
syncytial,0.01
syndic,1.08
syndical,2.23
syndicalisation,0.04
syndicaliser,0.02
syndicalisme,0.95
syndicaliste,0.74
syndicat,14.25
syndication,0.05
syndiquer,0.68
syndiqué,0.61
syndrome,5.47
synecdoque,0.14
synergie,0.15
synergique,0.02
synergétique,0.03
synesthésie,0.01
synode,0.20
synonyme,1.49
synopsie,0.01
synopsis,0.47
synoptique,0.07
synovite,0.04
syntagme,0.07
syntaxe,2.03
syntaxique,0.01
synthèse,1.96
synthé,0.61
synthétique,3.05
synthétiquement,0.01
synthétiser,0.61
synthétiseur,0.41
syphilis,1.53
syphilitique,0.86
syrah,0.09
syriaque,0.07
syrien,6.82
syringomyélie,0.01
syrinx,0.07
syro,0.20
systole,0.20
systolique,0.77
système,76.92
systématique,3.85
systématiquement,4.19
systématisation,0.07
systématiser,0.07
systématisé,0.27
systémique,0.14
syzygie,0.20
syénite,0.01
sèche-cheveux,0.97
sèche-linge,0.74
sèche-mains,0.04
sèchement,11.55
sème,0.14
sève,7.91
sèvres,0.07
séance,32.36
séant,1.42
sébacé,0.14
sébaste,0.01
sébile,0.47
séborrhée,0.07
séborrhéique,0.01
sébum,0.07
sécateur,1.49
sécession,0.74
sécessionniste,0.06
séchage,0.41
séchard,0.14
sécher,40.41
sécheresse,11.15
sécherie,0.20
séchoir,1.28
sécolle,0.14
sécot,0.07
sécréter,3.24
sécréteur,0.02
sécrétine,0.01
sécrétion,1.49
sécu,1.50
séculaire,4.73
séculairement,0.14
séculariser,0.07
séculier,1.49
sécurisant,0.37
sécurisation,0.01
sécuriser,6.48
sécurit,0.15
sécuritaire,0.23
sécurité,113.17
sédatif,3.93
sédation,0.08
sédentaire,2.30
sédentarisation,0.07
sédentariser,0.14
sédentarisme,0.07
sédentarité,0.27
sédiment,0.61
sédimentaire,0.20
sédimentation,0.20
séditieux,0.74
sédition,1.28
séducteur,4.86
séduction,9.39
séduire,22.23
séduisant,9.13
séduit,1.89
séfarade,0.01
ségrégation,0.74
ségrégationniste,0.11
séguedille,0.14
séide,0.20
séisme,3.31
séjour,43.58
séjourner,6.96
sélect,0.54
sélecteur,0.27
sélectif,1.22
sélection,4.69
sélectionner,4.08
sélectionneur,0.07
sélectionneuse,0.01
sélectionné,0.34
sélectivement,0.05
sélectivité,0.07
sélénite,0.20
sélénium,0.19
séléniure,0.03
sélénographie,0.07
sémantique,0.34
sémaphore,1.01
sémillant,0.61
sémillon,0.07
séminaire,4.59
séminal,1.08
séminariste,3.72
séminole,0.08
séminome,0.01
sémiologie,0.07
sémiologue,0.07
sémiotique,0.04
sémite,0.36
sémitique,0.20
sénat,1.82
sénateur,19.77
sénatorial,0.47
sénatus-consulte,0.07
sénescence,0.14
sénevé,0.14
sénile,2.18
sénilement,0.07
sénilité,0.81
séné,0.16
sénéchal,5.81
sénégalais,3.24
séoudite,0.27
sépale,0.03
séparable,0.14
séparateur,0.20
séparation,14.39
séparatiste,0.45
séparer,109.80
séparé,7.30
séparément,4.01
sépharade,0.41
sépia,1.15
sépulcral,1.08
sépulcre,1.08
sépulture,2.97
séquelle,2.36
séquence,7.61
séquencer,0.20
séquenceur,0.11
séquentiel,0.13
séquentiellement,0.01
séquençage,0.27
séquestration,0.50
séquestre,0.95
séquestrer,2.05
séquoia,1.49
sérac,0.21
sérail,13.31
séraphin,0.41
séraphique,0.54
séreux,0.07
sérial,0.03
série,39.59
sériel,0.41
sérier,0.14
sérieusement,39.34
sérieux,110.48
sérique,0.01
sérologie,0.09
séronégatif,0.34
séropo,0.17
séropositif,2.04
séropositive,0.04
séropositivité,0.27
sérosité,0.07
sérotonine,0.61
sérum,4.16
sérénade,1.13
sérénissime,1.62
sérénité,12.91
sésame,1.35
séton,0.07
sévices,2.50
sévillan,0.27
sévir,5.61
sévrienne,0.14
sévère,29.73
sévèrement,6.08
sévérité,7.16
sézigue,0.27
sûr,943.56
sûrement,133.67
sûreté,10.07
t,88.47
t',4344.23
t-shirt,10.87
ta,1265.97
tab,0.23
tabac,41.89
tabagie,0.41
tabagisme,0.26
tabard,0.13
tabaski,0.07
tabassage,0.27
tabasser,12.71
tabassée,0.01
tabatière,2.57
tabellion,0.20
tabernacle,2.16
tabla,0.01
tablature,0.07
table,379.80
table-bureau,0.07
table-coiffeuse,0.27
tableau,90.00
tableautin,0.27
tabler,1.62
tablette,9.86
tabletterie,0.07
tableur,0.05
tablier,30.34
tabloïd,0.45
tabloïde,0.11
tablée,1.49
tabor,1.15
tabou,3.11
taboulé,0.18
tabouret,18.38
tabulaire,0.20
tabulateur,0.07
tabès,0.07
tac,4.66
tacatac,0.07
tacatacatac,0.07
tache,71.28
tacher,16.49
tacheter,3.11
tachiste,0.07
tachyarythmie,0.04
tachycardie,0.82
tachymètre,0.14
tachyon,0.24
tachéomètre,0.02
tacite,4.66
tacitement,1.62
taciturne,6.55
taciturnité,0.20
tacle,0.38
tacler,0.04
taco,2.00
tacon,0.14
taconnet,0.34
tacot,1.31
tact,4.80
tacticien,0.41
tactile,0.88
tactilement,0.14
tactique,6.69
tactiquement,0.25
tadjik,0.14
tadorne,0.41
taenia,0.68
taf,1.05
tafanard,0.20
taffe,2.06
taffetas,1.76
tafia,0.07
tag,0.79
tagada,0.99
tagalog,0.14
tagger,0.13
tagliatelle,0.47
taguer,0.28
tagueur,0.06
tahitien,0.34
tai-chi,0.12
taie,2.57
taillable,0.14
taillade,0.30
taillader,1.82
taillandier,0.07
taille,76.49
taille-crayon,0.68
taille-douce,0.20
taille-haie,0.07
tailler,37.64
tailleur,25.20
tailleur-pantalon,0.07
tailleuse,2.29
taillis,15.00
tailloir,0.20
taillé,7.03
tain,1.55
taire,154.46
taiseux,0.14
tajine,0.41
take-off,0.08
tala,0.34
talavera de la reina,0.07
talbin,1.49
talc,1.49
talent,44.17
talentueusement,0.07
talentueux,4.39
taler,0.54
taleth,0.27
taliban,1.81
talion,3.18
talisman,2.97
talkie,0.32
talkie-walkie,1.37
talle,0.07
taller,0.02
tallipot,0.07
talmouse,0.07
talmudique,0.94
talmudiste,0.34
taloche,1.22
talocher,0.27
talon,49.26
talonner,2.57
talonnette,0.74
talonneur,0.07
talquer,0.54
talus,19.53
tam-tam,3.45
tamagotchi,0.08
tamanoir,0.07
tamarin,0.14
tamarinier,0.14
tamaris,0.61
tambouille,1.96
tambour,19.32
tambour-major,0.74
tambourin,1.08
tambourinade,0.07
tambourinaire,0.27
tambourinement,0.95
tambouriner,5.54
tambourineur,0.07
tamia,0.04
tamis,1.82
tamisage,0.01
tamise,0.01
tamiser,2.30
tamiseur,0.14
tamisé,1.96
tamoul,0.14
tamouré,0.07
tampax,0.29
tampon,8.72
tampon-buvard,0.20
tamponnade,0.17
tamponnage,0.07
tamponnement,0.20
tamponner,6.35
tamponneur,0.54
tamponnoir,0.14
tamtam,0.13
tan,0.62
tan-sad,0.20
tanaisie,0.01
tancer,1.01
tanche,0.74
tandem,2.03
tandis qu,0.07
tandis que,136.15
tandoori,0.06
tangage,1.08
tangara,0.08
tangence,0.14
tangent,0.61
tangente,1.15
tangentiel,0.07
tangerine,0.14
tangibilité,0.01
tangible,2.09
tango,6.28
tangon,0.02
tangue,0.07
tanguer,7.91
tangérois,0.07
tanin,0.34
tanière,4.80
tank,8.41
tanka,0.54
tanker,0.78
tankiste,0.27
tannage,0.01
tannant,0.27
tanne,0.54
tanner,2.70
tannerie,0.34
tanneur,1.15
tannin,0.01
tanné,2.97
tannée,0.27
tanrec,0.07
tansad,0.07
tant,436.42
tante,118.38
tantine,1.08
tantinet,1.55
tantouse,0.74
tantouze,1.14
tantra,0.11
tantrique,0.19
tantrisme,0.34
tantôt,66.76
tao,0.61
taon,0.73
taoïsme,0.07
taoïste,0.61
tap,2.50
tapage,6.08
tapageur,2.97
tapant,0.68
tape,2.54
tape-cul,0.41
tape-à-l'oeil,0.41
tapecul,0.07
tapement,0.14
tapenade,0.02
taper,67.91
tapette,7.16
tapeur,0.27
tapi,1.42
tapin,5.41
tapinage,0.16
tapiner,2.70
tapioca,1.69
tapir,11.82
tapis,60.88
tapis-brosse,0.14
tapisser,10.95
tapisserie,12.57
tapissier,1.69
tapotement,1.22
tapoter,16.55
tapotis,0.07
tapé,0.61
tapée,0.41
taquet,0.27
taquin,1.35
taquiner,5.74
taquinerie,0.74
taquoir,0.14
tarabiscot,0.07
tarabiscoté,1.01
tarabuster,1.55
tarama,0.28
tarare,0.20
taratata,0.34
taraud,0.34
taraudant,0.14
tarauder,2.64
tarbais,0.20
tarbouche,0.07
tarbouif,0.14
tard,350.38
tard-venu,0.07
tarder,34.46
tarderie,0.20
tardif,10.00
tardigrade,0.01
tardillon,0.14
tardivement,1.35
tare,5.20
tarentelle,0.14
tarentule,0.41
taret,0.20
targe,0.40
targette,1.01
targuer,1.69
targui,0.07
tari,1.82
taride,0.20
tarif,6.26
tarification,0.02
tarin,2.91
tarir,4.93
tarissement,0.27
tarière,0.20
tarlatane,0.07
tarmac,0.28
taro,4.21
tarot,2.09
tarpan,0.20
tarpon,0.08
tarpé,0.32
tarpéienne,0.01
tarse,0.14
tarsier,0.01
tartan,0.51
tartare,1.76
tartarin,0.47
tarte,13.04
tarte-minute,0.01
tartelette,0.81
tartempion,0.04
tartignolle,0.20
tartine,16.89
tartiner,3.18
tartir,1.89
tartiss,0.41
tartouille,0.20
tartre,0.54
tartufe,0.14
tartuferie,0.14
tartufferie,0.07
tarzan,0.20
taré,10.48
tas,83.78
tasmanien,0.07
tasse,34.12
tasseau,0.01
tassement,0.68
tasser,19.19
tassili,0.34
tassé,4.32
taste-vin,0.14
tata,3.00
tatami,0.20
tatane,2.64
tatar,0.20
tatillon,1.76
tatillonner,0.07
tatin,0.14
tatou,0.51
tatouage,12.06
tatouer,4.22
tatoueur,1.01
tatoué,2.16
tau,0.88
taube,0.27
taudis,4.17
taulard,2.03
taule,27.00
taulier,5.41
taupe,6.60
taupicide,0.07
taupin,0.40
taupinière,1.22
taupé,0.14
taure,0.07
taureau,13.38
taurillon,0.27
taurin,0.20
taurobole,0.14
tauromachie,0.34
tauromachique,0.14
tautologie,0.14
taux,11.22
tavel,0.14
tavelé,0.20
taverne,8.51
tavernier,0.88
taxation,0.07
taxaudier,0.20
taxe,4.34
taxer,3.04
taxi,63.77
taxi-auto,0.07
taxi-brousse,0.14
taxi-girl,0.27
taxidermie,0.07
taxidermiste,0.17
taximan,0.34
taximètre,0.01
taxinomie,0.14
taxinomique,0.07
taxinomiste,0.01
taxiphone,0.07
taxonomie,0.01
taxonomique,0.01
taxé,0.14
taylorisme,0.07
taï chi,0.16
taïaut,0.74
taïga,1.50
tchador,0.23
tchao,2.25
tchatche,0.79
tchatcher,0.68
tcherkesse,0.07
tchernoziom,0.14
tchetnik,0.83
tchin tchin,0.47
tchin-tchin,0.14
tchèque,2.00
tchécoslovaque,1.82
tchékiste,0.14
tchétchène,1.08
te,4006.10
te deum,0.14
tea-room,0.20
team,13.84
teaser,0.04
tec,0.01
technicien,5.16
technicité,0.14
technico-commerciaux,0.07
technicolor,0.88
technique,14.90
techniquement,6.42
techno,0.52
technocrate,0.47
technocratique,0.07
technocratisme,0.07
technologie,17.57
technologique,1.62
technologiquement,0.15
technétium,0.01
teck,0.34
teckel,1.01
tectonique,0.10
tee,0.93
tee-shirt,5.27
teenager,0.27
tefillin,0.14
teigne,1.22
teigneux,2.84
teindre,4.32
teint,24.26
teinte,12.91
teinter,10.14
teinture,3.38
teinturerie,0.61
teinturier,1.55
tek,0.12
tel,115.74
tell,2.92
telle,118.58
tellement,183.70
telles,27.16
tellure,0.14
tellurique,1.62
tels,30.14
telson,0.07
tem,0.07
tempe,29.46
tempera,0.10
temple,20.20
templier,5.74
tempo,1.44
temporaire,7.51
temporairement,2.64
temporal,0.76
temporalité,0.34
temporel,4.59
temporellement,0.14
temporisateur,0.07
temporisation,0.20
temporiser,0.74
temps,1289.39
tempura,0.06
tempérament,9.93
tempérance,0.32
température,15.68
tempérer,3.85
tempéré,1.22
tempétueux,0.14
tempête,31.28
tempêter,3.51
tenable,0.68
tenace,12.43
tenacement,0.20
tenaille,2.43
tenailler,3.92
tenancier,2.43
tenant,4.73
tendance,20.88
tendancieusement,0.14
tendancieux,0.95
tendelet,0.20
tender,0.95
tendeur,0.74
tendinite,0.24
tendon,3.99
tendre,218.38
tendrement,12.84
tendresse,61.69
tendreté,0.14
tendron,0.61
tendu,37.57
teneur,1.35
tenir,741.22
tennis,13.24
tennis-ballon,0.07
tennis-club,0.34
tennisman,0.61
tenon,0.34
tenseur,0.02
tensiomètre,0.02
tension,21.28
tentaculaire,0.61
tentacule,2.50
tentant,3.18
tentateur,1.01
tentation,20.61
tentative,19.53
tente,26.22
tenter,126.96
tentiaire,0.41
tenture,8.18
tenté,1.38
tenu,9.46
tenue,31.89
tenure,0.01
tepidarium,0.01
tequila,3.81
ter,9.46
tercer,0.10
tercio,0.14
tergal,0.41
tergiversation,1.28
tergiverser,1.35
terme,59.73
terminaison,0.41
terminal,5.61
terminateur,0.02
terminer,142.38
terminologie,0.46
terminologique,0.07
terminus,5.00
termite,2.23
termitière,0.81
ternaire,0.14
terne,16.15
terni,2.64
ternir,6.28
terra incognita,0.34
terrage,0.54
terrain,74.73
terramycine,0.14
terraplane,0.02
terrarium,0.06
terrasse,74.05
terrassement,0.95
terrasser,5.00
terrassier,2.97
terrasson,0.14
terre,452.91
terre-neuvas,0.34
terre-neuve,0.27
terre-neuvien,0.01
terre-plein,5.81
terre-à-terre,0.20
terreau,3.78
terrer,7.70
terrestre,12.57
terreur,27.09
terreux,5.88
terri,0.43
terrible,88.11
terriblement,14.53
terrien,4.20
terrier,2.91
terrifiant,10.34
terrifier,8.49
terrifique,0.14
terrifié,2.84
terril,0.68
terrine,3.31
territoire,58.24
territorial,3.24
territorialement,0.07
territorialité,0.05
terroir,1.82
terrorisant,0.34
terroriser,7.82
terrorisme,5.59
terroriste,16.62
terrorisé,2.97
tertiaire,0.14
tertio,1.08
tertre,2.50
tes,690.24
tesla,0.02
tessiture,0.41
tesson,2.43
test,55.38
test-match,0.01
testament,10.90
testamentaire,0.47
teste,0.01
tester,20.66
testeur,0.17
testiculaire,0.07
testicule,2.46
testostérone,1.18
testu,0.07
tette,0.14
teuf-teuf,0.41
teuton,0.74
teutonique,0.88
teutonne,0.54
tex,1.70
texan,0.95
texte,43.24
textile,1.22
texto,0.61
textologie,0.07
textuel,0.41
textuellement,1.08
texture,1.69
thalamique,0.01
thalamus,0.13
thalasso,0.45
thalassothérapie,0.20
thalassémie,0.01
thaler,0.10
thalidomide,0.05
thallium,0.14
thalweg,0.07
thanatologie,0.01
thanatologique,0.07
thanatopraxie,0.01
thanatos,0.04
thanksgiving,6.89
thaumaturge,0.47
thaumaturgie,0.07
thaï,0.97
thaïlandais,0.56
thermal,1.69
thermes,0.55
thermidor,0.20
thermique,2.37
thermite,0.04
thermo,0.10
thermodynamique,0.20
thermoformage,0.07
thermographe,0.04
thermographie,0.04
thermogène,0.54
thermoluminescence,0.01
thermomètre,5.27
thermonucléaire,0.66
thermorégulateur,0.01
thermos,2.36
thermosensible,0.03
thermostat,1.31
thesaurus,0.01
thessalien,0.03
thiamine,0.04
thibaude,0.14
thomas,25.81
thomisme,0.14
thomiste,0.14
thon,5.88
thonier,0.34
thoracentèse,0.04
thoracique,2.12
thoracotomie,0.31
thorax,3.62
thorine,0.13
thoron,0.01
thrace,0.41
thrill,0.07
thriller,0.58
thrombolyse,0.01
thrombolytique,0.01
thrombose,0.56
thrombosé,0.03
thrombotique,0.07
thrène,0.10
thug,0.33
thune,5.68
thuriféraire,0.34
thuya,0.27
thym,2.09
thymectomie,0.03
thymine,0.04
thymus,0.05
thyroxine,0.02
thyroïde,0.27
thyroïdectomie,0.03
thyroïdien,0.04
thyréotoxicose,0.01
thème,17.32
thèse,10.67
thé,69.01
thébaïde,0.34
thébaïne,0.07
théier,0.01
théine,0.01
théiste,0.02
théière,2.91
thématique,0.20
thématiquement,0.07
théo,0.14
théocratique,0.14
théodolite,0.01
théologie,4.19
théologien,2.09
théologique,1.35
théologiquement,0.03
théophylline,0.04
théorbe,0.34
théoricien,1.15
théorie,32.38
théorique,3.58
théoriquement,2.70
théoriser,0.07
théorème,0.81
théosophie,0.03
théosophique,0.07
thérapeute,3.67
thérapeutique,1.68
thérapie,13.63
thésard,0.08
thésauriser,0.41
thésaurus,0.01
théâtral,7.97
théâtralement,0.47
théâtralité,0.07
théâtre,68.18
théâtreux,0.20
thêta,0.21
tiama,0.17
tian,0.20
tiare,0.88
tiaré,0.07
tibia,3.04
tibial,0.14
tibétain,0.68
tic,9.86
tic-tac,2.91
ticheurte,0.07
ticket,24.25
tictaquer,0.03
tie-break,0.02
tien,26.21
tienne,25.41
tiennes,4.09
tiens,212.99
tiens-la-moi,0.14
tiercefeuille,0.07
tiercelet,0.14
tiercé,2.03
tiers,14.93
tiers-monde,1.96
tiers-mondisme,0.07
tiers-mondiste,0.20
tiers-ordre,0.07
tiers-point,0.14
tiers-état,0.03
tif,6.01
tige,22.16
tignasse,4.80
tigre,15.19
tigrure,0.07
tigré,1.69
tiki,0.16
tilbury,0.81
till,0.35
tillac,0.14
tille,0.18
tiller,0.01
tilleul,11.01
tilt,1.55
timbale,2.43
timbalier,0.14
timbrage,0.07
timbre,20.81
timbre-poste,1.28
timbrer,1.38
timbré,2.36
time-sharing,0.01
timide,25.14
timidement,11.22
timidité,11.55
timing,3.59
timon,2.09
timonerie,0.54
timonier,1.05
timoré,2.09
tin,0.52
tine,0.16
tinette,1.55
tintamarre,3.51
tintamarresque,0.41
tintement,8.78
tinter,11.76
tintin,1.69
tintinnabulant,0.41
tintinnabulement,0.14
tintinnabuler,0.74
tintouin,2.09
tinée,0.14
tipi,0.36
tipper,0.05
tipule,0.07
tique,1.95
tiquer,2.91
tiqueté,0.07
tir,32.11
tirade,4.05
tirage,6.01
tiraillement,0.95
tirailler,3.85
tirailleur,6.49
tiraillé,0.14
tiramisu,0.24
tirant,1.89
tire,17.13
tire-au-cul,0.02
tire-au-flanc,0.51
tire-botte,0.07
tire-bouchon,2.43
tire-bouton,0.07
tire-d'aile,0.02
tire-fesse,0.01
tire-jus,0.20
tire-laine,0.07
tire-lait,0.07
tire-larigot,0.07
tire-ligne,0.34
tire-lire,0.14
tirebouchonner,0.34
tirelire,2.16
tirer,415.14
tiret,0.54
tirette,1.22
tireur,18.09
tiroir,37.09
tiroir-caisse,2.16
tiré,12.70
tirée,0.68
tisane,4.80
tisanière,0.14
tiser,0.28
tison,2.16
tisonner,1.22
tisonnier,1.01
tisonné,0.14
tissage,1.55
tisser,11.15
tisserand,1.08
tisseur,0.47
tissu,34.66
tissu-éponge,0.41
tissulaire,0.33
tissuterie,0.14
tissutier,0.07
tissé,0.74
titan,1.33
titane,1.69
titanesque,0.88
titanique,0.01
titi,6.28
titillation,0.27
titillement,0.20
titiller,1.69
titisme,0.14
titrage,0.31
titre,71.22
titrer,1.75
titré,0.61
titubant,3.78
titubation,0.20
titubement,0.07
tituber,13.31
titulaire,1.80
titularisation,0.13
titulariser,0.22
tiède,44.73
tièdement,0.14
tiédasse,0.61
tiédeur,10.27
tiédir,2.16
to,55.51
toast,16.30
toaster,0.45
toasteur,0.17
toboggan,1.69
toc,7.09
tocade,0.30
tocante,0.54
tocard,1.27
toccata,0.07
tocsin,1.42
toffee,0.01
tofu,1.56
toge,1.55
togolais,0.41
tohu-bohu,1.42
toi,2519.50
toi-même,45.83
toile,106.62
toilettage,0.13
toilette,62.84
toiletter,0.68
toiletteur,0.04
toise,1.01
toiser,8.38
toison,6.35
toit,91.76
toiture,7.57
tokamak,0.04
tokay,0.07
tokharien,0.07
tolar,0.08
tolet,0.27
tollé,0.47
tolstoïen,0.07
toltèque,0.14
tolu,0.14
toluidine,0.01
toluène,0.04
tolérable,1.49
tolérance,4.39
tolérant,2.44
tolérer,13.45
tom,2.51
tom-pouce,0.54
tom-tom,0.04
tomahawk,0.27
toman,0.27
tomate,20.77
tombal,2.71
tombant,9.12
tombe,49.67
tombeau,11.96
tomber,441.42
tombereau,2.50
tombeur,2.13
tombola,1.23
tombé,14.53
tombée,9.59
tome,7.09
tomme,0.14
tommette,0.88
tommies,0.12
tommy,0.11
tomodensitomètre,0.03
tomodensitométrie,0.04
tomographe,0.03
tomographie,0.56
ton,1723.32
tonal,0.12
tonalité,3.04
tondeur,2.30
tondre,4.26
tondu,3.65
toner,0.07
tong,1.73
tonic,2.04
tonicardiaque,0.14
tonicité,0.07
tonie,0.02
tonifiant,0.14
tonifier,0.34
tonique,1.82
tonitruance,0.14
tonitruant,3.04
tonitruer,1.89
tonka,0.03
tonkinois,0.27
tonnage,1.55
tonnant,1.08
tonne,16.29
tonneau,12.16
tonnelet,1.55
tonnelier,0.61
tonnelle,3.51
tonnellerie,0.88
tonner,5.14
tonnerre,19.39
tonsure,0.88
tonte,0.74
tonton,14.02
tonus,0.61
too much,0.47
top,19.35
top-modèle,0.22
topaze,0.88
tope,0.01
toper,2.59
topette,0.20
tophus,0.07
topinambour,1.35
topique,0.07
topless,0.26
topo,3.17
topographie,1.35
topographique,0.54
topographiquement,0.14
topologie,0.07
topologique,0.01
toponymie,0.07
toquade,0.41
toquante,0.27
toquard,0.41
toque,7.57
toquer,2.03
toqué,0.89
torana,0.01
torche,11.96
torche-cul,0.06
torcher,5.54
torchis,2.23
torchon,10.14
torchonner,0.68
torchère,1.42
tord-boyaux,0.47
tord-nez,0.14
tordage,0.07
tordant,1.65
tordeur,0.13
tordion,0.14
tordre,38.38
tordu,14.80
tore,0.14
torera,0.20
torero,2.43
torgnole,1.08
tories,0.12
toril,0.41
tornade,4.12
toro,0.91
torpeur,13.38
torpide,0.27
torpillage,0.20
torpille,5.28
torpiller,1.21
torpilleur,1.62
torpillé,0.07
torpédo,2.91
torque,0.05
torrent,16.35
torrentiel,1.01
torrentueux,0.20
torride,4.32
torréfaction,0.07
torréfié,0.47
tors,4.73
torsade,2.91
torse,21.08
torsion,3.11
tort,67.97
tortellini,0.34
torticolis,0.92
tortil,0.14
tortilla,1.73
tortillard,1.69
tortille,0.05
tortillement,0.20
tortiller,9.66
tortillon,1.28
tortionnaire,2.43
tortore,1.82
tortorer,0.81
tortu,0.69
tortue,6.22
tortueux,3.11
torturant,1.28
torture,17.03
torturer,25.55
torturé,4.26
torve,2.36
toréador,0.61
toréador-vedette,0.07
toréer,0.43
toscan,1.22
toss,0.07
total,41.62
totalement,28.62
totalisant,0.27
totalisateur,0.01
totalisation,0.07
totaliser,0.95
totalitaire,1.42
totalitarisme,0.95
totalité,9.39
totem,1.42
toto,0.30
totoche,0.41
toton,0.41
totémique,0.27
totémisme,0.01
touareg,0.07
toubab,0.61
toubib,13.72
toucan,0.14
touchant,9.73
touche,16.28
touche-pipi,0.61
touche-touche,0.01
toucher,270.27
touchette,0.01
touchotter,0.07
touché,8.36
toue,0.68
touer,0.14
touffe,16.69
touffeur,1.35
touffu,4.80
touille,0.01
touiller,2.30
touillé,0.20
toujours,1093.78
toulonnais,0.41
toulousain,2.57
toundra,0.47
toungouse,0.14
toupet,2.30
toupie,3.92
toupilleur,0.07
touque,0.14
tour,308.72
tourangeau,0.54
tourbe,2.03
tourbeux,0.20
tourbillon,17.77
tourbillonnaire,0.14
tourbillonnant,1.62
tourbillonnement,0.20
tourbillonner,5.88
tourbière,0.88
tourelle,3.92
touret,0.07
tourillon,0.07
tourisme,4.66
touriste,24.19
touristique,3.51
tourlourou,0.07
tourlousine,0.07
tourment,12.30
tourmentant,0.20
tourmente,2.84
tourmenter,16.28
tourmenteur,0.47
tourmentin,0.07
tourmenté,5.41
tournage,16.59
tournailler,0.20
tournant,20.34
tourne,3.28
tourne-disque,1.35
tournebroche,0.07
tournedos,0.25
tournelle,1.15
tournemain,0.74
tourner,377.09
tournesol,1.43
tournette,0.01
tourneur,1.08
tournevis,3.46
tournicoter,1.01
tourniquer,0.20
tourniquet,2.77
tournis,1.62
tournoi,6.86
tournoiement,1.49
tournois,0.14
tournoyant,2.36
tournoyer,14.80
tournure,8.24
tourné,8.51
tournée,23.85
tours-minute,0.07
tourte,1.15
tourteau,0.81
tourtereau,2.50
tourtière,0.07
tous,376.64
tous-terrains,0.07
toussaint,0.54
tousser,23.18
tousseur,0.20
tousseux,0.07
toussotement,0.68
toussoter,5.14
toussoteux,0.07
tout,3171.35
tout-fait,0.14
tout-fou,0.01
tout-paris,1.01
tout-petit,0.74
tout-puissant,7.23
tout-terrain,0.28
tout-venant,0.74
tout-à-l'égout,0.47
tout-étoile,0.01
toute,194.26
toute-puissance,2.03
toutefois,35.47
toutes,50.47
toutim,0.88
toutime,0.74
toutou,6.06
toux,12.23
toxicité,0.34
toxico,1.33
toxicologie,0.61
toxicologique,0.93
toxicologue,0.06
toxicomane,1.67
toxicomanie,0.21
toxine,2.29
toxique,5.20
toxoplasmose,0.20
trabuco,0.14
trac,8.38
tracas,4.46
tracasser,10.37
tracasserie,0.95
tracassier,0.27
tracassin,0.27
trace,80.27
tracer,42.36
traceur,0.59
trachome,0.07
trachéal,0.09
trachée,0.97
trachée-artère,0.20
trachéite,0.07
trachéotomie,0.35
tract,9.39
tractage,0.01
tractation,1.96
tracter,0.41
tracteur,6.82
traction,8.31
traction-avant,0.07
tractopelle,0.24
tractoriste,0.20
tractus,0.20
tracté,0.20
tracé,5.07
trader,0.33
tradition,33.92
traditionalisme,0.54
traditionaliste,0.61
traditionnel,15.20
traditionnellement,3.24
traduc,0.17
traducteur,4.42
traduction,11.15
traduire,34.32
trafalgar,0.20
trafic,14.02
traficoter,0.49
trafiquant,5.41
trafiquant-espion,0.07
trafiquer,7.25
tragi-comique,0.47
tragi-comédie,0.27
tragique,22.50
tragiquement,1.96
tragédie,15.59
tragédien,1.15
trahi,2.97
trahir,46.83
trahison,18.61
trahissant,0.07
train,288.65
train-train,1.62
training,0.07
traintrain,0.14
traire,4.59
trait,97.30
traitable,0.14
traitant,0.41
traite,6.22
traitement,29.23
traiter,104.04
traiteur,4.07
traité,18.51
trajectographie,0.02
trajectoire,6.42
trajet,16.69
tralala,1.55
tram,5.73
tramail,0.27
trame,5.41
tramer,3.31
tramontane,0.34
tramp,0.04
trampoline,1.17
tramway,7.64
tranchage,0.07
tranchant,5.27
tranche,21.82
tranche-montagne,0.28
tranchecaille,0.07
trancher,24.73
tranchet,0.27
trancheur,0.19
tranchoir,0.34
tranché,3.72
tranchée,33.72
tranchée-abri,0.81
tranquille,119.69
tranquillement,26.82
tranquillisant,2.33
tranquilliser,2.09
tranquillité,11.01
tranquillos,0.81
trans,0.16
transaction,4.47
transafricain,0.07
transaminase,0.07
transat,1.49
transatlantique,2.50
transbahuter,1.42
transbordement,0.61
transborder,0.14
transbordeur,0.20
transcanadienne,0.03
transcaspien,0.07
transcendance,0.61
transcendant,0.68
transcendantal,0.95
transcender,2.83
transcontinental,0.13
transcriptase,0.12
transcripteur,0.01
transcription,1.24
transcrire,3.51
transcutané,0.03
transdermique,0.01
transducteur,0.06
transduction,0.03
transe,5.14
transept,1.01
transfert,11.07
transfiguration,0.88
transfigurer,5.07
transfo,0.34
transformable,0.14
transformant,0.01
transformateur,0.64
transformation,6.22
transformer,60.68
transformiste,0.19
transformé,1.08
transfuge,1.15
transfuser,0.54
transfuseur,0.01
transfusion,2.37
transfusé,0.07
transfèrement,0.27
transférable,0.02
transférer,18.40
transgresser,1.58
transgresseur,0.04
transgression,1.28
transgénique,0.37
transhistorique,0.07
transhumance,0.14
transhumant,0.20
transi,3.85
transiger,1.42
transillumination,0.01
transir,2.43
transistor,5.07
transit,2.64
transitaire,0.07
transiter,1.35
transitif,0.14
transition,8.78
transitionnel,0.04
transitoire,1.42
transitoirement,0.01
translater,0.07
translation,0.60
translocation,0.01
translucide,5.88
translucidité,0.14
transmetteur,1.83
transmettre,25.09
transmigration,0.14
transmis,0.61
transmissible,0.41
transmission,9.63
transmuer,0.54
transmutation,1.35
transmuter,0.41
transnational,0.02
transocéanique,0.07
transparaître,3.72
transparence,11.35
transparent,30.81
transpercer,8.11
transpirant,0.61
transpiration,3.24
transpirer,10.74
transplantable,0.07
transplantation,2.85
transplanter,1.08
transplanté,0.34
transpondeur,0.97
transport,22.16
transportable,0.61
transportation,0.07
transporter,40.88
transporteur,2.46
transporté,1.69
transposable,0.14
transposer,3.31
transposition,0.61
transposon,0.04
transposée,0.07
transsexualisme,0.01
transsexualité,0.01
transsexuel,0.69
transsibérien,0.11
transsubstantiation,0.34
transsudat,0.03
transvaser,0.61
transversal,2.70
transversalement,0.07
transverse,0.08
transvestisme,0.02
transylvain,0.07
trappe,6.49
trappeur,2.03
trappiste,0.47
trappon,0.41
trapu,9.05
trapèze,3.78
trapéziste,1.03
trapézoïdal,0.68
trapézoïde,0.08
traque,0.73
traquenard,1.89
traquer,14.39
traquet,0.34
traqueur,0.78
trattoria,0.41
trauma,4.69
traumatique,0.65
traumatisant,1.48
traumatiser,2.94
traumatisme,6.69
traumatologie,0.09
traumatologique,0.01
traumatologue,0.02
travail,389.83
travailler,479.49
travailleur,12.57
travailliste,0.54
travaillé,1.82
trave,0.07
traveller,0.21
travelling,0.81
travelo,1.20
travers,247.64
traversable,0.14
traversant,1.01
traverse,7.43
traverser,200.81
traversier,0.20
traversin,2.57
traversine,0.07
traversé,2.23
traversée,14.80
travertin,0.09
travesti,2.75
travestir,2.57
travestisme,0.14
travestissement,0.88
travois,0.01
travée,3.65
trax,0.01
trayon,0.27
traçabilité,0.02
traçage,0.29
traînage,0.01
traînailler,0.74
traînant,5.88
traînard,1.35
traînasser,1.28
traîne,4.86
traîne-misère,0.07
traîne-patins,0.47
traîne-savate,0.07
traîne-savates,0.54
traîne-semelle,0.07
traîne-semelles,0.07
traîneau,4.53
traînement,0.03
traîner,122.77
traîneur,0.41
traînier,0.20
traînée,13.24
traître,26.36
traîtresse,1.54
traîtreusement,1.01
traîtrise,1.96
trecento,0.20
treillage,1.22
treillard,0.02
treille,2.70
treillis,4.12
treize,20.95
treizième,1.01
trek,0.03
trekkeur,0.01
trekking,0.03
tremblant,21.08
tremble,2.70
tremblement,20.41
trembler,94.05
trembleur,0.14
tremblotant,3.11
tremblote,0.95
tremblotement,0.20
trembloter,5.61
tremblé,1.49
trempage,0.21
trempe,3.31
tremper,32.16
trempette,0.95
trempeur,0.16
tremplin,1.28
trempoline,0.07
trempé,9.59
trench,0.41
trench-coat,1.55
trentaine,13.45
trente,79.12
trente-cinq,11.55
trente-cinquième,0.14
trente-deux,3.58
trente-et-quarante,0.07
trente-et-un,0.39
trente-et-unième,0.07
trente-huit,2.64
trente-huitième,0.20
trente-neuf,2.16
trente-neuvième,0.14
trente-quatre,1.08
trente-quatrième,0.07
trente-sept,2.23
trente-septième,0.20
trente-six,6.82
trente-sixième,0.61
trente-trois,2.36
trente-troisième,0.20
trentenaire,0.14
trentième,0.88
tressaillement,3.85
tressaillir,13.72
tressautant,0.61
tressautement,0.74
tressauter,4.53
tresse,4.73
tresser,8.85
treuil,2.16
treuiller,0.14
tri,3.04
triade,1.18
triage,1.55
trial,0.47
triangle,13.24
triangulaire,6.62
triangulairement,0.07
triangulation,0.20
trianguler,0.26
trianon,0.07
trias,0.01
triasique,0.02
triathlon,0.18
triathlète,0.03
tribal,1.01
tribart,0.07
tribord,3.79
tribu,18.24
tribulation,1.69
tribun,1.96
tribunal,37.98
tribunat,0.34
tribune,8.99
tribut,2.16
tributaire,0.61
tric,0.07
tricard,0.61
tricentenaire,0.07
triceps,0.34
triche,1.91
tricher,16.16
tricherie,1.28
tricheur,3.47
trichinose,0.07
trichloracétique,0.01
trichlorure,0.01
trichloréthylène,0.02
trick,0.35
tricoises,0.07
tricolore,7.50
tricorne,0.88
tricot,14.19
tricotage,0.41
tricoter,13.04
tricoteur,0.68
trictrac,0.14
tricuspide,0.07
tricycle,0.95
tricycliste,0.20
tricéphale,0.27
tricératops,0.02
trident,0.68
tridi,0.07
tridimensionnel,0.24
trier,7.84
trieur,0.20
trifolium,0.07
triforium,0.07
trifouiller,1.35
trigger,0.09
triglycéride,0.07
trigonométrie,0.28
trilingue,0.07
trille,2.64
trillion,0.22
trilobite,0.02
trilogie,0.36
trimard,1.76
trimarder,0.14
trimardeur,0.81
trimbaler,7.09
trimballage,0.01
trimballer,3.34
trimer,4.38
trimestre,5.54
trimestriel,0.81
trimestriellement,0.04
trimeur,0.14
trimmer,0.02
trinacrie,0.07
tringle,3.18
tringler,1.62
tringlette,0.14
tringlot,0.34
trinidadienne,0.01
trinitaire,0.20
trinitrine,0.13
trinité,0.45
trinquer,12.21
trinquette,0.07
trinôme,0.01
trio,5.47
triode,0.07
triolet,0.27
triolisme,0.01
triomphal,8.58
triomphalement,3.38
triomphalisme,0.01
triomphaliste,0.14
triomphant,12.77
triomphateur,0.81
triomphe,29.19
triompher,19.19
trional,0.01
trionix,0.07
trip,4.62
tripaille,0.88
tripang,0.02
tripant,0.03
tripartite,0.74
tripatouillage,0.14
tripatouiller,0.54
tripe,13.58
triper,0.05
triperie,0.20
tripette,0.54
triphasé,0.14
triphosphate,0.01
tripier,0.27
triplace,0.07
triple,9.12
triplement,0.14
tripler,2.08
triplette,0.16
triplex,0.04
triplice,0.14
triploïde,0.01
triplé,1.54
tripode,0.07
tripoli,0.14
triporteur,5.61
tripot,1.57
tripotage,0.27
tripoter,7.97
tripoteur,0.04
tripotée,0.27
tripoux,0.20
triptyque,0.74
trique,4.46
triqueballe,0.14
triquer,0.68
trirème,0.20
trisaïeul,0.34
trismique,0.07
trismus,0.07
trismégiste,0.07
trisomie,0.01
trisomique,0.32
trisser,1.15
triste,105.61
tristement,11.82
tristesse,48.72
tristouillard,0.14
tristouille,0.27
tristounet,0.34
trithéisme,0.07
trithérapie,0.17
tritium,0.11
triton,0.81
triturant,0.07
trituration,0.20
triturer,5.07
triumvir,0.09
triumvirat,0.57
trivial,3.51
trivialement,0.07
trivialiser,0.03
trivialité,0.34
trivium,0.07
trobriandais,0.07
troc,2.03
trocart,0.14
trochanter,0.02
trochaïque,0.07
troche,0.14
trochée,0.14
troglodyte,0.68
troglodytique,0.07
trogne,3.85
trognon,3.38
trois,660.34
trois-deux,0.01
trois-huit,0.17
trois-mâts,0.47
trois-points,0.01
trois-quarts,0.59
trois-quatre,0.47
trois-six,0.07
troisième,57.43
troisièmement,1.38
troll,2.07
trolle,0.07
trolley,0.61
trolleybus,1.08
trombe,9.32
trombine,1.28
trombinoscope,0.14
tromblon,0.68
trombone,2.96
tromboniste,0.01
trommel,0.14
trompe,7.64
trompe-l'oeil,2.43
tromper,149.09
tromperie,2.16
trompeter,0.10
trompette,11.49
trompettiste,0.77
trompeur,5.00
trompeusement,0.27
trompé,1.35
tronc,36.62
tronche,25.68
troncher,0.14
tronconique,0.27
tronquer,0.61
tronqué,1.08
tronçon,3.99
tronçonner,0.81
trop,859.54
trop-perçu,0.01
trop-plein,2.64
trope,0.07
trophée,7.02
tropical,6.62
tropique,2.43
tropisme,0.61
troposphère,0.20
troposphérique,0.20
troquer,4.73
troquet,6.82
trot,10.47
trotskisme,0.14
trotskiste,0.68
trotte,0.81
trotte-menu,0.41
trotter,10.27
trotteur,0.88
trottin,0.14
trottinant,0.20
trottinement,0.81
trottiner,7.50
trottinette,0.81
trottoir,87.36
trou,108.38
trou-du-cul,0.43
trou-trou,0.34
troubadour,1.62
troublant,8.99
trouble,25.68
troubler,37.97
troublé,7.97
trouduc,3.68
trouer,11.76
troufignard,0.07
troufignon,0.14
troufion,1.76
trouillard,3.76
trouille,17.43
trouillomètre,0.20
troupe,105.41
troupeau,25.54
troupier,1.22
trousse,8.92
trousseau,5.95
troussequin,0.07
trousser,2.30
trousseur,0.14
trouvable,0.07
trouvaille,7.84
trouver,1335.49
trouveur,0.07
trouvère,0.20
trouvé,7.04
troué,5.27
trouée,5.81
troyen,0.24
troène,1.28
troïka,0.81
truand,6.49
truandage,0.68
truandaille,0.27
truander,0.35
truanderie,0.54
trublion,0.34
truc,381.34
trucage,0.69
truchement,2.57
trucider,1.22
truck,0.39
trucmuche,0.14
truculence,0.27
truculent,0.54
truelle,2.43
truffe,4.73
truffer,3.85
truffier,0.34
truie,3.35
truisme,0.20
truite,7.91
truitelle,0.07
trumeau,0.61
truquage,1.15
truquer,4.62
truqueur,0.34
truqué,2.03
trusquin,0.14
trust,1.16
trustee,0.27
trusteeship,0.41
truster,0.34
trypanosome,0.14
trypanosomiase,0.13
trypsine,0.01
tryptophane,0.02
trâlée,0.07
trèfle,5.00
trèpe,1.49
très,1589.92
trébuchant,1.55
trébuchement,0.20
trébucher,12.64
trébuchet,0.27
tréfonds,2.91
tréma,0.14
trémail,0.14
trémie,0.41
trémière,1.89
trémois,0.07
trémolo,1.15
trémoussement,0.34
trémousser,2.23
trémulant,0.14
trémulation,0.34
trémuler,0.27
trépan,0.14
trépanation,0.20
trépaner,0.34
trépané,0.20
trépas,1.55
trépasser,1.08
trépassé,0.47
trépidant,1.28
trépidation,1.96
trépider,0.68
trépied,2.70
trépignant,1.08
trépignement,0.61
trépigner,3.85
tréponème,0.27
trésor,49.92
trésorerie,0.81
trésorier,1.83
trésorier-payeur,0.07
tréteau,3.99
trêve,11.42
trôler,0.01
trône,14.32
trôner,10.20
tsar,14.30
tsarisme,0.34
tsariste,0.34
tsarévitch,2.90
tsigane,0.34
tsoin-tsoin,0.47
tss-tss,0.14
tsuica,0.14
tsunami,0.53
tsé-tsé,0.07
tu,14661.76
tu autem,0.07
tuant,1.08
tub,1.15
tuba,1.44
tubard,1.28
tubardise,0.68
tube,20.47
tuber,0.41
tubercule,0.61
tuberculeux,2.16
tuberculine,0.14
tuberculose,3.04
tubulaire,0.27
tubule,0.01
tubulure,1.22
tubéreux,0.68
tubérosité,0.01
tudesque,0.47
tudieu,1.11
tue-loup,0.06
tue-mouche,0.54
tuer,928.06
tuerie,3.17
tueur,64.06
tueuse,6.26
tuf,0.54
tuffeau,0.34
tuile,13.38
tuilerie,1.15
tularémie,0.18
tulipe,2.91
tulipier,0.14
tulle,3.51
tumescence,0.04
tumescent,0.01
tumeur,7.96
tumulte,13.11
tumultuaire,0.07
tumultueusement,0.14
tumultueux,5.95
tumulus,1.49
tuméfaction,0.07
tuméfier,1.08
tuméfié,2.36
tune,2.16
tuner,0.07
tungstène,0.47
tunique,10.27
tunisien,3.51
tunnel,19.24
tuque,0.07
turban,7.30
turbin,4.19
turbine,1.28
turbiner,1.28
turbo,1.19
turbocompresseur,0.14
turbopropulseur,0.28
turboréacteur,0.01
turbot,0.68
turbotière,0.07
turbulence,2.36
turbulent,3.04
turbé,0.34
turc,10.54
turco,0.61
turcoman,0.34
turdus,0.20
turelure,0.07
turf,1.82
turfiste,0.47
turgescence,0.14
turgescent,0.41
turgide,0.04
turgotine,0.07
turinois,0.21
turista,0.54
turlu,0.34
turlupinade,0.14
turlupiner,1.28
turluter,0.27
turlutte,0.26
turlututu,0.14
turne,1.96
turnover,0.03
turpitude,2.36
turquerie,0.14
turquin,0.14
turquoise,2.77
tussilage,0.01
tussor,1.69
tutelle,2.43
tuteur,4.60
tutoiement,1.89
tutorat,0.33
tutorial,0.14
tutoyer,10.07
tutti frutti,0.41
tutti quanti,0.20
tutu,3.51
tutélaire,1.76
tuyau,26.73
tuyauter,0.61
tuyauterie,1.69
tuyauteur,0.27
tuyauté,0.14
tuyère,0.07
tué,8.63
tweed,5.34
twill,0.14
twin-set,0.14
twist,0.74
twister,0.20
tympan,6.01
tympanique,0.01
tympanon,0.20
type,334.85
typer,0.06
typhique,0.14
typhon,1.89
typhoïde,1.01
typhus,1.76
typique,9.34
typiquement,1.96
typo,1.49
typographe,1.08
typographie,0.47
typographier,0.07
typographique,0.34
typologie,0.20
typomètre,0.14
typé,0.14
tyran,7.79
tyranneau,0.14
tyrannicide,0.14
tyrannie,2.63
tyrannique,2.43
tyranniquement,0.14
tyranniser,0.95
tyrannosaure,0.15
tyrolien,1.62
tyrrhénienne,0.27
tzar,0.88
tzarevitch,0.07
tzigane,1.76
tâche,44.53
tâcher,27.50
tâcheron,0.81
tâter,21.55
tâtonnant,1.28
tâtonnement,2.03
tâtonner,10.54
té,2.35
téflon,0.17
tégument,0.14
tégumentaire,0.01
tél,0.04
tél.,0.14
télencéphale,1.20
télescopage,0.41
télescope,2.46
télescoper,1.08
télescopique,0.61
télex,1.49
télexer,0.41
téloche,1.62
télègue,1.42
télé,106.42
téléachat,0.06
téléavertisseur,0.02
télécabine,0.34
téléchargement,0.32
télécharger,2.55
télécinéma,0.01
télécommande,4.37
télécommander,0.69
télécommunication,0.94
téléconférence,0.41
télécopieur,0.03
télécran,0.05
télédiffuser,0.03
télédiffusion,0.01
téléfax,0.07
téléfilm,0.50
télégramme,38.78
télégraphe,1.66
télégraphie,0.14
télégraphier,6.15
télégraphique,2.97
télégraphiste,0.54
téléguidage,0.15
téléguider,0.47
télégénie,0.01
télégénique,0.02
télékinésie,0.60
télémark,0.07
télémarketing,0.14
télématique,0.07
télémesure,0.07
télémètre,0.20
télémétrie,0.85
télémétrique,0.16
téléobjectif,0.72
téléologique,0.01
télépathe,1.53
télépathie,1.94
télépathique,0.53
télépathiquement,0.01
téléphonage,0.07
téléphone,160.80
téléphoner,67.03
téléphonie,0.22
téléphonique,10.88
téléphoniquement,0.14
téléphoniste,1.22
téléphoné,0.54
téléphérique,0.54
téléport,0.01
téléportation,1.00
téléprompteur,0.08
téléreportage,0.01
téléroman,0.05
téléscripteur,1.08
télésiège,1.18
téléski,0.02
téléspectateur,2.19
télésurveillance,0.01
télétexte,0.10
télétravail,0.01
télétype,0.10
télévangéliste,0.06
télévendeur,0.01
télévente,0.01
téléviseur,2.43
télévision,26.38
télévisuel,0.34
télévisé,3.37
témoignage,19.73
témoigner,25.68
témoin,74.78
témoin-clé,0.17
témoin-vedette,0.01
téméraire,3.04
témérairement,0.27
témérité,1.35
ténacité,2.30
ténia,0.68
ténor,2.70
ténu,5.95
ténuité,0.14
ténèbre,0.61
ténèbres,26.15
ténébreux,7.91
ténébrionidé,0.07
tératologique,0.34
tératome,0.05
térébenthine,1.28
térébinthe,0.20
térébrant,0.20
tétanie,0.15
tétanique,0.34
tétanisation,0.07
tétaniser,1.08
tétanisé,0.88
tétanos,0.95
téter,5.88
téteur,0.05
tétine,1.15
téton,4.59
tétra,0.01
tétrachlorure,0.07
tétracycline,0.09
tétradrachme,0.07
tétragramme,0.07
tétralogie,0.07
tétramère,0.07
tétramètre,0.03
tétraplégie,0.14
tétraplégique,0.44
tétrarque,0.47
tétras,0.16
tétrodotoxine,0.02
tétée,1.01
tévé,0.34
tézig,0.07
tézigue,0.34
têt,1.08
têtard,1.89
tête,923.45
tête-bêche,0.47
tête-de-mort,0.41
tête-de-nègre,0.20
tête-à-queue,0.20
tête-à-tête,5.95
têtière,0.27
têtu,9.78
tôle,15.41
tôlerie,0.20
tôlier,0.27
tôt,129.98
tôt-fait,0.07
u,18.40
ubac,0.14
ubique,0.07
ubiquiste,0.27
ubiquitaire,0.14
ubiquité,1.82
ubuesque,0.14
ufologie,0.04
uhlan,1.15
uht,0.01
ukase,0.20
ukrainien,0.88
ukulélé,0.16
ulcère,4.69
ulcéreux,0.20
ulcéré,1.62
ulna,0.01
ulnaire,0.01
ultima ratio,0.07
ultimatum,1.55
ultime,25.74
ultimement,0.07
ultimo,0.07
ultra,1.59
ultra-catholique,0.10
ultra-chic,0.20
ultra-gauche,0.07
ultra-rapide,0.27
ultra-secret,0.20
ultra-sensible,0.14
ultra-violet,0.07
ultrafin,0.07
ultragauche,0.07
ultraléger,0.01
ultramoderne,0.49
ultramontain,0.20
ultraperformant,0.07
ultrarapide,0.07
ultrasecret,0.10
ultrasensible,0.25
ultrason,0.87
ultrasonique,0.25
ultraviolet,0.33
ultravirus,0.01
ultérieur,2.36
ultérieurement,2.03
ululement,0.47
ululer,0.47
umbanda,0.10
un,13550.68
unanime,6.08
unanimement,1.35
unanimisme,0.07
unanimité,3.78
unau,0.01
underground,0.89
une,9587.97
unes,19.59
unetelle,0.61
unguéal,0.01
uni,13.78
uniate,0.07
unicellulaire,0.05
unicité,0.41
unicorne,0.01
unidimensionnel,0.16
unidirectionnel,0.14
unification,1.50
unifier,1.51
uniforme,50.14
uniformisation,0.27
uniformiser,0.54
uniformité,1.35
uniformément,4.05
unijambiste,0.54
unilatéral,0.68
unilatéralement,0.41
unilatéralité,0.03
uniment,0.47
uninominal,0.27
union,30.07
unioniste,0.07
uniprix,0.61
unique,70.14
uniquement,24.66
unir,32.16
unisexe,0.14
unisson,4.53
unitaire,0.14
unitarien,0.04
unité,43.46
univers,58.45
universal,1.24
universalisme,0.14
universaliste,0.01
universalité,0.27
universel,15.14
universellement,0.41
universitaire,3.92
université,40.64
univoque,0.25
unième,0.81
uns,62.91
untel,2.77
upanishad,0.07
upas,0.07
update,0.04
updater,0.01
uppercut,1.28
urane,0.07
uranisme,0.07
uraniste,0.02
uranium,1.60
urbain,4.39
urbanisation,0.14
urbanisme,1.48
urbaniste,0.41
urbanité,0.41
urbi et orbi,0.27
urdu,0.02
uretère,0.04
urf,0.07
urgemment,0.14
urgence,53.03
urgent,31.56
urgentissime,0.02
urgentiste,0.25
urger,1.08
urinaire,1.27
urinal,0.20
urine,6.62
uriner,2.70
urinoir,1.35
urique,0.07
urne,3.38
urographie,0.07
urokinase,0.01
urologie,0.23
urologique,0.01
urologue,0.29
uroscopie,0.07
ursuline,1.01
urticaire,1.22
urubu,0.34
uruguayen,0.57
urus,0.20
urètre,0.47
urée,0.20
urémie,0.31
urémique,0.02
uréthane,0.08
urétrite,0.04
us,9.10
usage,47.97
usager,1.55
usagé,3.11
usant,0.40
user,45.00
usinage,0.05
usine,51.59
usine-pilote,0.07
usiner,0.95
usinier,0.14
usité,0.27
ustensile,5.27
ustion,0.14
usuel,1.28
usuellement,0.10
usufruit,0.47
usufruitier,0.14
usuraire,0.14
usure,10.20
usurier,2.17
usurpateur,1.62
usurpation,1.35
usurper,2.03
usé,17.09
ut,1.02
utile,44.99
utilement,1.49
utilisable,1.69
utilisateur,1.24
utilisation,4.67
utiliser,182.44
utilisé,2.29
utilitaire,1.35
utilitarisme,0.07
utilité,7.09
utopie,1.48
utopique,0.61
utopiste,0.29
utérin,0.81
utérus,2.88
uxorilocal,0.07
v,26.54
va,0.34
va-et-vient,10.61
va-tout,0.41
vacance,82.57
vacancier,2.23
vacant,5.07
vacarme,15.61
vacataire,0.05
vacation,0.54
vaccin,6.54
vaccinal,0.01
vaccinant,0.07
vaccination,0.54
vaccine,0.04
vacciner,1.66
vacciné,0.34
vachard,1.42
vachardise,0.14
vache,53.45
vachement,15.74
vacher,0.91
vacherie,5.41
vacherin,0.54
vachette,0.41
vachère,0.61
vacillant,4.80
vacillement,0.34
vaciller,12.84
vacuité,1.42
vacuole,0.01
vacuolisation,0.01
vacuum,0.20
vade retro,0.68
vadrouille,1.89
vadrouiller,1.35
vadrouilleur,0.14
vae soli,0.07
vae victis,0.07
vagabond,6.22
vagabondage,2.57
vagabonder,2.64
vagal,0.41
vagin,4.40
vaginal,1.80
vaginite,0.03
vagir,1.76
vagissant,0.20
vagissement,0.95
vagotomie,0.01
vague,73.58
vaguelette,2.84
vaguement,51.76
vaguemestre,0.68
vaguer,1.89
vahiné,0.54
vaillamment,2.64
vaillance,2.03
vaillant,8.58
vain,57.03
vaincre,27.84
vaincu,8.51
vainement,12.09
vainqueur,11.35
vair,0.27
vairon,0.54
vaisseau,83.39
vaisseau-amiral,0.05
vaisselier,0.68
vaisselle,25.95
val,4.93
valable,10.41
valablement,0.27
valaque,0.01
valdinguer,1.76
valence,0.28
valencien,0.14
valentin,0.27
valentinien,0.02
valet,19.80
valetaille,1.01
valeter,0.14
valeur,52.30
valeur-refuge,0.07
valeureusement,0.01
valeureux,2.45
valgus,0.02
validation,0.14
valide,3.38
valider,1.23
validité,0.41
validé,2.57
valise,70.34
valleuse,0.07
vallon,6.89
vallonnement,2.09
vallonner,0.27
vallonné,0.74
vallée,35.68
valoche,3.38
valoir,236.07
valorisant,0.37
valorisation,0.01
valoriser,0.81
valpolicella,0.14
valse,9.32
valse-hésitation,0.27
valser,5.14
valseur,1.35
valve,2.63
valvule,0.22
valériane,0.30
valétudinaire,0.14
vamp,1.42
vamp-club,0.01
vamper,0.24
vampire,27.27
vampirique,0.21
vampirisme,0.32
van,8.90
vanadium,0.74
vandale,1.14
vandaliser,0.33
vandalisme,1.55
vanille,3.38
vanillé,0.20
vaniteusement,0.07
vaniteux,2.50
vanity-case,0.14
vanité,17.97
vanne,7.36
vanneau,0.74
vanner,4.39
vannerie,0.74
vanneur,0.20
vannier,0.27
vanné,0.54
vantail,3.85
vantard,1.60
vantardise,1.69
vanter,23.24
vanterie,0.20
vape,3.04
vapeur,26.76
vaporetto,0.41
vaporeux,4.53
vaporisateur,1.08
vaporisation,0.14
vaporiser,1.82
vaps,0.24
vaquer,3.18
vaquero,0.11
var,0.01
vara,0.07
varan,0.07
varappe,0.07
varapper,0.07
varappeur,0.07
varech,2.70
varenne,4.53
vareuse,8.24
varia,0.07
variabilité,0.14
variable,2.64
variance,0.03
variant,0.41
variante,3.24
variateur,0.14
variation,6.28
varice,1.76
varicelle,1.03
varier,8.92
variole,2.42
variorum,0.07
variqueux,0.47
varié,5.74
variétal,0.01
variété,9.73
varlet,0.07
varlope,0.41
varon,0.12
varsovien,0.10
vasais,0.20
vasculaire,1.26
vascularisé,0.02
vasculo-nerveux,0.01
vase,32.97
vasectomie,0.38
vaseline,1.28
vaseliner,0.07
vaser,0.41
vaseux,2.43
vasistas,3.85
vasière,0.88
vasoconstricteur,0.14
vasoconstriction,0.03
vasodilatateur,0.01
vasodilatation,0.01
vasopressine,0.01
vasouillard,0.34
vasouiller,0.20
vasque,3.99
vassal,4.39
vassalité,0.20
vaste,71.76
vastitude,0.27
vastité,0.07
vater,0.07
vaticane,0.20
vaticanesque,0.07
vaticination,0.47
vaticiner,0.61
vau,0.20
vau-l'eau,0.14
vauclusien,0.14
vaudeville,1.82
vaudevillesque,0.14
vaudois,0.74
vaudou,2.93
vaudouisme,0.02
vaurien,10.22
vautour,5.89
vautre,0.07
vautrer,10.27
vautré,0.54
vauvert,0.14
vauxhall,0.07
veau,16.96
vecteur,0.92
vectoriel,0.24
vedettariat,0.14
vedette,20.88
veille,89.05
veiller,41.62
veilleur,3.99
veilleuse,8.58
veillé,0.47
veillée,8.31
veinard,5.79
veine,35.41
veineux,0.27
veinule,1.15
veinulé,0.14
veiné,1.01
velcro,0.39
veld,0.01
veldt,0.04
vellave,0.07
velléitaire,0.95
velléité,3.92
velours,35.88
velouter,1.08
velouteux,0.07
velouté,4.93
velte,0.01
velu,7.43
velum,0.03
velux,0.01
velvet,0.27
venaison,0.54
venant,0.23
vendable,0.14
vendange,3.38
vendanger,0.74
vendangeur,0.54
vendetta,1.25
vendeur,18.65
vendre,206.95
vendredi,32.49
vendu,4.03
vendéen,0.34
vendémiaire,0.34
vendômois,0.07
venelle,3.58
venette,0.07
veneur,2.91
vengeance,28.27
venger,37.73
vengeur,3.85
venimeusement,0.07
venimeux,2.77
venin,3.59
venir,2763.82
venise,0.07
vent,220.27
ventail,0.01
vente,27.54
venter,0.81
venteux,0.95
ventilateur,3.02
ventilation,2.90
ventiler,0.73
ventilo,0.54
ventilé,0.35
ventis,0.07
ventouse,4.66
ventral,1.28
ventre,141.96
ventre-saint-gris,0.07
ventrebleu,0.02
ventriculaire,0.61
ventricule,0.78
ventriloque,1.14
ventriloquie,0.04
ventripotent,0.88
ventrière,0.14
ventru,3.51
ventrée,0.54
venté,0.14
ventôse,0.88
venu,44.39
venue,21.76
ver,10.21
verbal,6.76
verbalement,0.54
verbalisation,0.04
verbaliser,0.79
verbalisme,0.41
verbaliste,0.07
verbatim,0.01
verbe,9.93
verbeux,0.47
verbiage,0.74
verbosité,0.27
verdelet,0.07
verdeur,1.08
verdi,1.01
verdict,8.63
verdier,0.14
verdir,2.97
verdissant,0.61
verdoiement,0.14
verdoyant,2.43
verdoyer,0.68
verdure,10.95
verdâtre,9.73
verge,5.41
vergence,0.02
verger,11.69
vergeture,0.42
verglacé,0.41
verglas,1.62
vergne,0.34
vergogne,4.05
vergogneux,0.27
vergue,0.47
vergé,0.34
verjus,0.27
verlan,0.34
vermeil,3.11
vermicelle,0.81
vermiculaire,0.14
vermifuge,0.14
vermillon,1.15
vermine,7.31
vermineux,0.14
vermisseau,0.49
vermoulu,3.31
vermoulure,0.34
vermout,0.01
vermouth,1.49
vernaculaire,0.01
vernal,0.01
verne,0.14
verni,6.62
vernier,0.07
vernir,8.51
vernis,9.80
vernissage,2.21
vernisser,1.49
vernisseur,0.10
vernissé,2.36
verrat,0.74
verre,230.07
verrerie,1.14
verrier,0.14
verrière,5.95
verroterie,1.42
verrou,12.03
verrouillage,1.23
verrouiller,8.77
verrouillé,1.90
verrue,3.11
vers,956.15
versaillais,0.54
versant,10.68
versatile,0.34
versatilité,0.34
verse,1.44
verseau,0.02
versement,2.76
verser,53.99
verset,4.39
verseur,0.07
versificateur,0.07
versification,0.01
versifier,0.07
version,20.09
verso,1.96
versus,0.07
versé,1.62
vert,145.14
vert-de-gris,0.81
vert-de-grisé,0.34
vert-galant,0.20
vert-jaune,0.07
vertement,1.08
vertex,1.22
vertical,15.41
verticale,5.07
verticalement,3.31
verticalité,0.20
verticille,0.01
vertige,26.62
vertigineusement,1.15
vertigineux,10.41
vertigo,0.14
vertu,38.45
vertubleu,0.27
vertueusement,0.27
vertueux,5.08
vertugadin,0.14
vertèbre,3.38
vertébral,3.23
vertébré,0.47
verve,3.04
verveine,1.76
verveux,0.14
vesce,0.20
vespa,1.19
vespasienne,0.14
vesprée,0.07
vespéral,0.88
vesse-de-loup,0.20
vessie,3.34
vestalat,0.07
vestale,0.81
veste,61.62
vestiaire,12.43
vestibule,12.77
vestige,7.77
vestimentaire,2.84
veston,16.55
veto,1.94
veuf,32.70
veule,1.76
veulerie,2.50
veuvage,2.84
vexant,1.01
vexation,1.82
vexatoire,0.20
vexer,15.56
vexé,6.28
via,6.53
viabilité,0.10
viable,1.57
viaduc,0.88
viager,0.27
viagra,0.45
viandard,0.07
viande,45.00
viander,0.41
viandox,0.68
viatique,1.28
vibrant,6.89
vibraphone,0.14
vibrateur,0.14
vibratile,0.34
vibration,12.64
vibrato,0.54
vibratoire,0.47
vibrer,24.53
vibreur,0.25
vibro-masseur,0.08
vibromasseur,0.93
vicaire,2.57
vice,18.45
vice-amiral,0.61
vice-chancelier,0.07
vice-consul,0.54
vice-ministre,0.27
vice-premier,0.01
vice-présidence,0.57
vice-président,8.63
vice-recteur,0.10
vice-roi,0.94
vice-versa,0.85
vicelard,3.38
vicelardise,0.20
vichy,1.22
vichysme,0.07
vichyssois,0.07
vichyste,0.27
vicier,0.41
vicieusement,0.27
vicieux,7.03
vicinal,0.81
vicinalité,0.07
vicissitude,2.16
vicié,0.54
vicomte,6.28
vicomté,0.41
victimaire,0.07
victime,106.25
victimologie,0.04
victoire,63.24
victoria,0.47
victorien,1.35
victorieusement,1.82
victorieux,9.32
victuaille,4.26
vidage,0.14
vidame,0.07
vidange,1.55
vidanger,0.34
vidangeur,0.27
vide,147.50
vide-gousset,0.27
vide-greniers,0.04
vide-ordure,0.06
vide-ordures,1.22
vide-poche,0.14
vide-poches,0.27
vider,70.81
videur,1.48
vidicon,0.01
viduité,0.01
vidé,3.31
vidéaste,0.08
vidéo,23.61
vidéo-clip,0.27
vidéo-club,0.44
vidéo-espion,0.07
vidéocassette,0.10
vidéoclip,0.02
vidéoclub,1.34
vidéoconférence,0.05
vidéogramme,0.01
vidéophone,0.04
vidéophonie,0.01
vidéosurveillance,0.42
vidéothèque,0.36
vie,1021.22
vieil,51.22
vieillard,55.14
vieillerie,2.30
vieillesse,14.53
vieilli,5.07
vieillir,32.23
vieillissant,2.30
vieillissement,2.50
vieillot,2.57
vielle,2.01
vielleux,0.14
viennois,2.23
viennoiserie,0.66
vierge,26.03
vietnamien,1.19
vieux,512.91
vieux-rose,0.20
vif,95.07
vif-argent,0.21
vigie,1.69
vigil,0.34
vigilance,8.18
vigilant,4.66
vigile,3.44
vigiler,0.27
vigne,20.41
vigneron,1.96
vignette,1.76
vignoble,1.96
vigogne,0.20
vigoureusement,3.92
vigoureux,10.54
vigousse,0.07
vigueur,15.61
viguier,0.88
viking,0.43
vil,6.07
vilain,20.67
vilainement,0.47
vilebrequin,0.68
vilement,0.14
vilenie,1.15
vilipender,0.61
vilipendé,0.14
villa,33.72
village,143.99
villageois,4.83
ville,352.97
ville-champignon,0.02
ville-dortoir,0.07
villette,0.88
villégiature,2.70
villégiaturer,0.14
vin,110.47
vina,0.11
vinaigre,5.61
vinaigrer,0.47
vinaigrette,0.68
vinasse,1.62
vindicatif,2.23
vindicativement,0.07
vindicte,1.15
viner,0.20
vineux,1.76
vingt,154.59
vingt-cinq,28.18
vingt-cinquième,0.34
vingt-deux,8.99
vingt-deuxième,0.27
vingt-et-un,0.74
vingt-et-unième,0.07
vingt-huit,5.34
vingt-huitième,0.74
vingt-neuf,2.77
vingt-neuvième,0.01
vingt-quatre,17.36
vingt-quatrième,0.27
vingt-sept,4.59
vingt-septième,0.54
vingt-six,7.50
vingt-sixième,0.20
vingt-trois,7.57
vingt-troisième,0.61
vingtaine,15.47
vingtième,3.24
vinicole,0.04
vins,0.01
vintage,0.17
vinyle,0.74
vinylique,0.07
vioc,0.41
viocard,0.14
viocque,0.07
viol,15.33
violacer,1.62
violacé,5.88
violation,4.54
viole,0.95
violemment,20.88
violence,56.49
violent,51.49
violenter,1.42
violer,39.43
violet,26.28
violette,6.89
violeur,6.41
violine,0.20
violon,13.65
violoncelle,3.38
violoncelliste,0.81
violoneux,0.41
violoniste,3.07
violâtre,0.88
vioque,4.93
viorne,0.41
vipère,5.41
vipéreau,0.07
virage,12.91
virago,0.20
viral,1.19
vire,0.38
virement,1.75
virer,86.30
virevoltant,0.41
virevolte,0.27
virevolter,2.97
virgilien,0.41
virginal,2.30
virginalement,0.07
virginie,31.28
virginien,0.34
virginité,4.26
virgule,4.73
viril,10.68
virilement,0.61
viriliser,0.34
virilité,6.69
virolet,0.07
virologie,0.28
virologiste,0.12
virologue,0.14
virtualité,0.41
virtuel,2.78
virtuellement,1.15
virtuose,2.23
virtuosité,1.82
virulence,0.95
virulent,1.62
virus,23.98
virée,4.13
vis,6.89
vis-à-vis,19.39
visa,7.39
visage,565.00
visagiste,0.14
viscose,0.14
viscosité,0.74
viscère,2.97
viscéral,1.96
viscéralement,0.07
viser,38.03
viseur,1.93
vishnouisme,0.02
visibilité,1.55
visible,30.61
visiblement,23.99
visioconférence,0.01
vision,41.82
visionnage,0.16
visionnaire,1.46
visionner,1.56
visiophone,0.01
visitation,0.95
visite,99.95
visite-éclair,0.07
visiter,52.16
visiteur,35.54
visière,10.14
vison,2.97
visqueux,7.43
visser,8.24
visserie,0.02
vissé,0.20
vista,0.86
visualisation,0.21
visualiser,1.41
visuel,6.71
visuellement,0.32
visé,2.05
visée,2.57
vital,12.24
vitaliser,0.01
vitalité,6.49
vitamine,5.77
vitaminer,0.07
vitaminé,0.20
vite,491.64
vitellin,0.01
vitement,0.07
vitesse,57.84
viticole,0.04
viticulteur,0.68
viticulture,0.03
vitiligo,0.01
vitrage,0.81
vitrail,7.77
vitrauphanie,0.07
vitre,76.22
vitreux,4.53
vitrier,0.74
vitrifier,1.69
vitrine,33.99
vitriol,0.74
vitrioler,0.20
vitriolique,0.07
vitrophanie,0.07
vitré,15.61
vitupérer,1.08
vivable,1.35
vivace,4.66
vivacité,8.58
vivandier,0.34
vivant,124.97
vivarium,0.41
vivat,0.84
vivats,1.82
vive,35.95
vivement,29.86
viveur,0.41
vivier,1.42
vivifiant,1.28
vivification,0.01
vivifier,1.15
vivisecteur,0.04
vivisection,0.41
vivoter,1.28
vivre,510.19
vizir,7.97
vlan,3.18
vlouf,0.54
vocable,2.16
vocabulaire,10.41
vocal,4.63
vocalement,0.07
vocalique,0.07
vocalisation,0.27
vocalise,1.28
vocaliser,0.34
vocaliste,0.07
vocatif,0.14
vocation,22.84
vociférant,0.95
vocifération,2.03
vociférer,3.92
vocodeur,0.01
vodka,17.07
vodou,0.04
voeu,28.58
vogue,3.58
voguer,6.35
voici,277.59
voie,71.01
voilage,0.74
voile,48.31
voiler,39.78
voilette,2.97
voilier,4.86
voilure,0.74
voilà,726.44
voilé,6.08
voir,4119.43
voire,16.89
voirie,1.22
voisin,81.82
voisinage,10.41
voisiner,3.31
voiture,429.40
voiture-balai,0.23
voiture-bar,0.01
voiture-lit,0.01
voiture-restaurant,0.05
voiturer,2.04
voiturette,0.74
voiturier,0.86
voiturin,0.07
voix,612.70
voix-off,0.04
vol,82.42
vol-au-vent,0.14
volage,1.79
volaille,6.49
volailler,0.20
volant,37.30
volapük,0.07
volatil,1.49
volatile,2.57
volatilisation,0.01
volatiliser,2.97
volatilité,0.04
volcan,5.50
volcanique,1.69
volcanologique,0.01
volcanologue,0.02
vole,2.00
voler,238.82
volerie,0.01
volet,41.55
voletant,0.81
voleter,7.23
voleur,68.18
volige,0.54
volition,0.27
volière,3.24
volley,1.51
volley-ball,0.68
volleyeur,0.14
volontaire,14.48
volontairement,9.12
volontariat,0.60
volontarisme,0.14
volontariste,0.20
volontiers,40.61
volonté,74.93
volt,2.00
voltage,0.41
voltaire,0.14
voltairien,0.01
voltaïque,0.01
volte,1.35
volte-face,3.31
volter,0.14
voltige,2.09
voltigement,0.07
voltiger,4.46
voltigeur,5.00
voltmètre,0.23
volubile,4.73
volubilement,0.74
volubilis,1.35
volubilité,1.55
volume,27.84
volumineux,5.41
volumique,0.01
volumétrique,0.02
voluptueusement,3.11
voluptueux,7.36
volupté,11.42
volute,6.69
volve,0.07
volé,12.25
volée,16.42
volémie,0.01
vomi,3.52
vomique,0.07
vomir,26.12
vomissant,0.27
vomissement,1.55
vomisseur,0.07
vomissure,1.15
vomitif,0.27
vomito negro,0.01
vomitoire,0.07
vopo,0.07
vorace,4.19
voracement,0.81
voracité,1.69
vortex,6.14
vos,649.07
vosgien,0.14
votant,0.20
vote,15.04
voter,29.61
votif,0.81
votre,1894.09
vouer,18.92
vouge,0.14
vouivre,3.18
vouloir,5249.30
voulu,9.12
vous,13589.70
vous-même,28.20
vous-mêmes,4.30
voussoiement,0.34
voussoyer,0.47
voussure,0.81
vouvoiement,0.47
vouvoyer,1.35
vouvray,0.07
voué,0.47
vox populi,0.27
voyage,140.07
voyager,45.74
voyageur,43.38
voyance,0.74
voyant,8.65
voyelle,1.76
voyer,0.16
voyeur,4.26
voyeurisme,0.34
voyou,25.14
voyoucratie,0.27
voyouterie,0.34
voyoutisme,0.07
voïvodie,0.40
voûte,27.09
voûter,5.54
voûté,11.82
vrac,5.20
vrai,807.03
vrai-faux,0.07
vraiment,968.57
vraisemblable,5.74
vraisemblablement,5.68
vraisemblance,2.91
vraquier,0.07
vrille,2.57
vrillement,0.07
vriller,3.18
vrillette,0.07
vrillé,0.14
vrombir,1.96
vrombissant,0.68
vrombissement,1.35
vroom,0.41
vroum,0.38
vu,49.53
vue,144.39
vulcain,0.06
vulcanienne,0.01
vulcanisation,0.07
vulcaniser,0.07
vulcanisé,0.14
vulcanologue,0.07
vulgaire,16.76
vulgairement,1.22
vulgarisation,0.41
vulgariser,0.14
vulgarité,5.68
vulgate,0.20
vulgum pecus,0.07
vulnérabilité,1.01
vulnérable,7.97
vulnéraire,0.20
vulnérant,0.07
vulpin,0.07
vulvaire,0.07
vulve,1.35
vécu,5.34
vécés,1.08
végétal,8.85
végétalien,0.22
végétalisme,0.01
végétarien,3.94
végétarisme,0.03
végétatif,1.55
végétation,9.53
végéter,2.91
véhicule,22.09
véhiculer,2.30
véhémence,5.07
véhément,5.88
véhémentement,0.34
vélar,0.04
vélin,0.68
véliplanchiste,0.01
vélique,0.07
vélo,35.58
vélo-cross,0.07
vélo-pousse,0.01
véloce,0.74
vélocement,0.01
vélocipède,0.41
vélocipédique,0.20
vélocité,1.08
vélodrome,0.88
vélomoteur,1.49
vélum,0.41
vénal,1.76
vénalité,0.41
vénerie,0.61
véniel,0.81
vénitien,6.96
vénitienne,0.54
vénus,0.56
vénusien,0.20
vénusté,0.34
vénéneux,2.36
vénérable,6.35
vénération,2.84
vénérer,5.86
vénérien,0.95
vénéré,1.62
vénéréologie,0.01
vénézuélien,0.48
vérace,0.14
véracité,0.74
véranda,10.20
véreux,1.67
véridique,2.23
véridiquement,0.14
vérif,0.27
vérifiable,0.21
vérificateur,0.42
vérification,4.07
vérifier,110.87
vérifieur,0.02
vérifié,0.94
vérin,0.34
vériste,0.07
véritable,56.08
véritablement,5.88
vérité,193.24
vérole,3.58
vérolé,1.96
véronal,0.04
véronique,0.74
vésanie,0.27
vésicatoire,0.10
vésiculaire,0.10
vésicule,1.01
vétille,1.22
vétilleux,0.68
vétiver,0.27
vétuste,3.18
vétusté,0.68
vétyver,0.07
vétéran,3.84
vétérinaire,3.93
vêlage,0.20
vêler,0.54
vêtement,90.14
vêtir,63.85
vêtu,10.41
vêture,0.61
vôtre,33.05
vôtres,12.14
w,3.54
wagnérien,0.47
wagon,32.77
wagon-bar,0.03
wagon-lit,1.89
wagon-lits,0.07
wagon-restaurant,1.01
wagon-salon,0.54
wagonnet,1.28
wait and see,0.16
wali,0.02
walkie-talkie,0.14
walkman,1.28
walkyrie,0.27
wall street,0.07
wallaby,0.13
wallace,0.91
wallon,0.28
walter,0.27
wapiti,0.20
warning,0.34
wassingue,0.14
water,2.49
water-closet,0.14
water-polo,0.23
waterman,0.34
waterproof,0.07
watt,1.78
wattman,0.20
wax,0.74
way of life,0.14
web,2.34
webcam,0.31
week-end,44.51
weltanschauung,0.07
welter,0.14
western,6.35
western-spaghetti,0.07
westphalien,0.14
wharf,1.22
whig,0.21
whipcord,0.07
whiskey,1.20
whiskies,1.89
whisky,30.20
whisky-soda,0.13
whist,0.27
white-spirit,0.01
wicket,0.16
wigwam,0.27
wildcat,0.02
wilhelmien,0.14
willaya,0.68
william,0.27
williams,0.46
winchester,0.27
windsurf,0.05
wintergreen,0.01
wishbone,0.01
wisigothique,0.14
witz,0.01
wombat,0.04
woofer,0.04
world music,0.02
wouah,1.29
wurtembergeois,0.14
x,7.48
xavier,0.67
xiang,0.01
xiphidion,0.07
xiphoïde,0.14
xième,0.28
xylographie,0.20
xylophone,0.34
xylophoniste,0.04
xylène,0.03
xénogenèse,0.01
xénogreffe,0.01
xénon,0.34
xénophilie,0.14
xénophobe,0.14
xénophobie,0.88
xérographie,0.01
xérographique,0.01
xérès,0.54
y,4346.55
ya,11.45
yacht,6.95
yacht-club,0.07
yachting,0.14
yachtman,0.14
yachtwoman,0.07
yack,3.15
yak,0.41
yakitori,0.01
yakusa,0.15
yakuza,0.86
yali,1.01
yama,0.24
yang,3.25
yankee,8.71
yaourt,4.73
yard,2.10
yatagan,0.88
yeah,14.01
yearling,0.14
yen,3.27
yeshiva,1.13
yeti,0.29
yeuse,0.81
yiddish,0.74
yin,2.17
ylang-ylang,0.01
yo-yo,1.03
yodler,0.07
yoga,3.17
yoghourt,0.34
yogi,0.57
yogourt,0.31
yole,0.47
yom kippour,0.45
yom kippur,0.04
york,0.61
yorkshire,0.01
you-you,0.07
yougoslave,1.96
youp,0.68
youpi,1.12
youpin,1.62
yourte,2.91
youtre,0.01
youyou,1.62
yoyo,0.64
ypérite,0.14
yuan,4.69
yucca,0.31
yue,0.43
yuppie,1.04
yé-yé,0.14
yéti,0.65
yéyé,0.41
z,5.39
zaibatsu,0.01
zain,0.07
zakouski,0.62
zani,0.04
zanimaux,0.07
zanzi,8.04
zanzibar,0.01
zapper,2.73
zappeur,0.14
zapping,0.02
zarabe,0.10
zarbi,0.70
zazou,1.01
zaïrois,0.01
zeb,0.50
zef,4.53
zelle,0.74
zemstvo,0.07
zen,2.55
zeppelin,0.41
zest,0.07
zeste,0.88
zester,0.01
zibeline,1.48
zicmu,0.14
zieuter,0.88
zig,1.16
zig-zig,0.03
ziggourat,0.07
zigomar,0.27
zigoto,1.42
zigouiller,1.59
zigounette,0.14
zigue,0.74
zigzag,2.64
zigzagant,0.61
zigzaguer,4.66
zinc,17.30
zingage,0.07
zingaro,17.97
zinnia,0.34
zinzin,0.74
zinzolin,0.07
zip,0.78
zipper,0.25
zircon,0.20
zirconium,0.05
zizanie,0.56
zizi,2.89
zizique,0.34
zloty,1.29
zob,1.57
zodiac,0.01
zodiacal,0.14
zodiaque,0.68
zombi,3.58
zombie,5.04
zombification,0.02
zona,0.61
zonage,0.10
zonal,0.07
zonard,4.26
zone,53.94
zoner,0.81
zoning,0.01
zonzon,0.54
zoo,12.17
zoologie,0.40
zoologique,1.22
zoologiste,0.25
zoologue,0.02
zoom,2.40
zoomer,1.49
zoophile,0.14
zoophilie,0.08
zoreille,0.07
zorille,0.07
zoroastrien,0.07
zoroastrisme,0.01
zou,1.86
zouave,2.70
zouk,0.01
zoulou,0.16
zoziaux,0.07
zozo,0.88
zozotement,0.14
zurichois,0.14
zut,13.69
zydeco,0.01
zyeuter,2.77
zygoma,0.07
zygomatique,0.34
zygote,0.06
zyklon,0.82
zzz,0.04
zzzz,0.07
zèbre,5.14
zèle,10.68
zébrer,2.84
zébrure,1.49
zébré,0.68
zébu,0.41
zélateur,0.41
zélote,0.81
zélé,2.97
zénana,0.07
zénith,3.38
zéphire,0.10
zéphyr,0.61
zéro,32.85
zézaiement,0.20
zézayer,0.74
zézette,9.32
à,19209.05
à brûle-pourpoint,0.14
à cloche-pied,0.22
à cropetons,0.07
à croupetons,0.95
à fortiori,0.20
à giorno,0.07
à glagla,0.07
à jeun,3.85
à l'aveuglette,2.16
à l'encan,0.14
à l'encontre,2.67
à l'envi,0.61
à l'improviste,4.53
à l'instar,6.42
à la daumont,0.07
à la saint-glinglin,0.02
à leur encontre,0.07
à lurelure,0.20
à mon encontre,0.14
à notre encontre,0.07
à rebrousse-poil,0.08
à son encontre,0.20
à tire-larigot,0.17
à ton encontre,0.02
à touche-touche,0.01
à tue-tête,0.54
à tâtons,8.78
à votre encontre,0.15
à-coup,4.80
à-côté,0.68
à-dieu-vat,0.07
à-peu-près,0.74
à-pic,1.42
à-plat,0.27
à-propos,0.88
à-valoir,0.27
âcre,11.49
âcrement,0.14
âcreté,0.95
âge,217.43
âgisme,0.02
âgé,30.74
âme,151.62
âme-soeur,0.14
âne,18.58
ânerie,2.70
ânesse,0.90
ânier,0.54
ânon,0.47
ânonnement,0.14
ânonner,2.50
âpre,9.86
âprement,3.11
âpreté,2.77
âtre,5.88
ça,8933.66
çruti,0.07
çà,21.15
ère,13.23
ès,1.08
ève,19.93
é,0.05
ébahi,3.18
ébahir,1.96
ébahissement,1.15
ébarbage,0.07
ébarber,0.20
ébattre,3.18
ébaubi,0.14
ébauche,5.47
ébaucher,7.97
ébauché,1.69
éberluer,1.89
éberlué,2.70
ébloui,6.42
éblouir,19.73
éblouissant,13.24
éblouissement,5.95
ébonite,0.88
éborgner,0.54
éboueur,2.70
ébouillanter,0.61
ébouillanté,0.47
éboulement,2.36
ébouler,1.82
éboulis,3.99
ébouriffant,0.07
ébouriffer,2.97
ébouriffé,3.45
ébouser,0.07
ébouzer,0.14
ébranchement,0.07
ébrancher,0.68
ébranché,0.07
ébranlement,1.55
ébranler,23.45
ébriété,1.15
ébrouement,0.14
ébrouer,8.11
ébruiter,1.32
ébrécher,0.95
ébréchure,0.20
ébréché,3.65
ébullition,1.35
ébène,4.26
ébéniste,1.55
ébénisterie,0.41
écaillage,0.03
écaille,11.35
écailler,4.66
écailleur,0.07
écailleux,0.74
écaillure,0.14
écaillé,2.97
écale,0.07
écaler,0.14
écarlate,8.58
écarquillement,0.20
écarquiller,8.85
écart,34.53
écarteler,3.18
écartelé,1.96
écartement,0.47
écarter,92.36
écarteur,0.27
écartèlement,0.34
écarté,16.76
écervelé,0.91
échafaud,2.43
échafaudage,6.42
échafauder,3.24
échalas,1.76
échalier,0.20
échalote,1.30
échancrer,0.95
échancrure,3.31
échancré,1.15
échange,32.77
échanger,58.18
échangeur,0.47
échangisme,0.16
échangiste,0.29
échanson,0.34
échantillon,16.87
échantillonnage,0.74
échappatoire,1.96
échappement,2.03
échapper,132.64
échappé,2.50
échappée,2.50
écharde,2.91
écharner,0.27
écharpe,13.92
écharper,1.08
échasse,1.15
échassier,3.51
échauder,0.34
échaudé,0.47
échauffement,0.88
échauffer,6.76
échauffourée,1.35
échauguette,0.27
échec,33.72
échelle,31.76
échelon,6.08
échelonner,1.49
écher,0.01
écheveau,3.72
écheveler,1.42
échevellement,0.07
échevelé,3.65
échevin,0.48
échine,8.85
échiner,1.22
échiquier,2.84
écho,45.95
échocardiogramme,0.07
échocardiographie,0.01
échographie,1.39
échographier,0.01
échographiste,0.01
échoir,2.16
écholocalisation,0.05
écholocation,0.01
échoppe,3.31
échotier,0.61
échouage,0.34
échouement,0.07
échouer,30.62
échéance,6.69
échéancier,0.14
échéant,3.85
éclaboussant,0.54
éclaboussement,1.01
éclabousser,9.80
éclaboussure,3.51
éclair,35.00
éclairage,12.77
éclairagiste,0.14
éclairant,1.08
éclaircie,3.31
éclaircir,13.18
éclaircissage,0.01
éclaircissement,1.96
éclaire,0.27
éclairement,0.20
éclairer,85.95
éclaireur,3.67
éclairé,17.64
éclampsie,0.10
éclamptique,0.03
éclat,82.77
éclatage,0.07
éclatant,20.14
éclatement,7.03
éclater,100.47
éclaté,3.99
éclectique,0.74
éclectisme,0.20
éclipse,2.64
éclipser,10.07
écliptique,0.14
éclisse,0.47
écloper,0.27
éclopé,1.42
éclore,2.84
éclos,2.09
éclosion,2.16
écluse,3.31
écluser,3.11
éclusier,0.20
écoeurant,7.23
écoeurement,3.18
écoeurer,9.66
écoeuré,3.72
écoinçon,0.07
école,206.88
écolier,21.22
écolo,0.80
écologie,0.41
écologique,1.79
écologiquement,0.01
écologiste,0.61
éconduire,1.82
éconocroques,0.74
économat,0.54
économe,2.30
économie,23.78
économique,20.81
économiquement,0.95
économiser,12.50
économiseur,0.07
économisme,0.07
économiste,0.55
écope,0.20
écoper,2.57
écorce,11.76
écorcer,0.20
écorchage,0.01
écorchement,0.07
écorcher,7.03
écorcherie,0.10
écorcheur,0.27
écorchure,1.55
écorché,3.58
écorcé,0.54
écorner,0.81
écornifler,0.07
écorné,0.74
écosphère,0.01
écossais,6.55
écosse,0.01
écosser,5.95
écosystème,0.63
écot,0.95
écotone,0.01
écoulement,4.46
écouler,26.62
écoulé,2.97
écourter,2.09
écourté,0.34
écoutant,2.23
écoute,24.73
écouter,470.93
écouteur,4.19
écoutille,2.22
écouvillon,0.26
écrabouillage,0.14
écrabouillement,0.27
écrabouiller,2.91
écran,23.68
écrasage,0.07
écrasant,7.03
écrase-merde,0.41
écrasement,3.72
écraser,90.81
écraseur,0.19
écrasure,0.07
écrasé,10.20
écrevisse,5.47
écrier,47.43
écrin,3.78
écrire,341.82
écrit,13.92
écriteau,3.65
écritoire,2.09
écriture,36.35
écrivailler,0.14
écrivailleur,0.01
écrivaillon,0.27
écrivain,48.99
écriveur,0.14
écrou,3.24
écrouelles,0.07
écrouer,0.54
écroulement,5.07
écrouler,36.08
écru,1.08
écrémage,0.07
écrémer,0.70
écrêter,0.20
écu,4.59
écubier,0.20
écueil,2.09
écuelle,2.97
écuellée,0.14
éculer,0.54
éculé,1.55
écumant,0.95
écume,16.15
écumer,3.92
écumeur,0.47
écumeux,1.22
écumoire,0.88
écureuil,10.41
écurie,12.84
écusson,3.78
écuyer,5.27
édam,0.34
éden,2.36
édenté,3.58
édicter,0.61
édicule,0.40
édifiant,4.12
édification,1.28
édifice,13.99
édifier,11.96
édilitaire,0.20
édit,0.74
éditer,2.36
éditeur,12.30
édition,16.62
édito,0.16
éditorial,2.16
éditorialiste,0.68
édredon,6.22
éducable,0.20
éducateur,2.84
éducatif,2.04
éducation,27.23
éducationnel,0.02
éduen,0.41
édulcorant,0.08
édulcorer,0.54
éduquer,8.07
édénique,0.34
égailler,2.16
égal,39.32
égalable,0.01
également,71.01
égaler,4.96
égalisateur,0.20
égalisation,0.27
égaliser,3.04
égaliseur,0.05
égalitaire,0.34
égalitarisme,0.07
égalité,8.18
égard,65.61
égarement,3.65
égarer,22.77
égaré,11.89
égayer,5.68
égide,0.95
égipan,0.14
églantier,0.61
églantine,2.03
église,145.07
églogue,0.34
égocentrique,1.49
égocentrisme,0.27
égocentriste,0.07
égorgement,0.74
égorgeoir,0.14
égorger,9.66
égorgeur,0.95
égosiller,2.03
égotisme,0.20
égotiste,0.07
égout,8.45
égoutier,1.76
égouttement,0.34
égoutter,4.39
égouttis,0.07
égouttoir,0.54
égoïne,0.47
égoïsme,9.53
égoïste,8.13
égoïstement,0.41
égrainer,0.07
égratigner,1.62
égratignure,4.86
égrenage,0.01
égrener,7.70
égrillard,1.55
égrotant,0.34
égyptien,7.48
égyptologie,0.14
égyptologue,0.17
égérie,0.46
éhonté,1.28
éjaculat,0.20
éjaculateur,0.16
éjaculation,1.42
éjaculer,1.98
éjectable,0.38
éjecter,4.46
éjecteur,0.10
éjection,0.44
élaboration,1.76
élaborer,5.20
élaboré,1.22
élagage,0.34
élaguer,0.88
élagueur,0.14
élan,44.73
élancement,2.30
élancer,20.27
élancé,3.51
élargir,19.32
élargissement,1.22
élasticimétrie,0.01
élasticité,1.76
élastique,6.35
élastomère,0.14
électeur,3.54
électif,0.27
élection,17.17
électivement,0.14
électoral,4.39
électoralement,0.07
électorat,0.24
électricien,2.79
électricité,15.76
électrification,0.27
électrifier,1.22
électrique,35.81
électriquement,0.47
électrisant,0.27
électrisation,0.07
électriser,2.03
électro-acoustique,0.14
électro-aimant,0.02
électro-encéphalogramme,0.16
électroacoustique,0.07
électroaimant,0.06
électrobiologie,0.01
électrocardiogramme,0.34
électrochimie,0.02
électrochimique,0.07
électrochoc,3.14
électrocuter,2.08
électrocution,0.40
électrode,0.87
électrodynamique,0.07
électroencéphalogramme,0.09
électroencéphalographie,0.02
électrogène,1.10
électrologie,0.01
électrolyse,0.20
électrolyte,0.35
électrolytique,0.07
électromagnétique,1.92
électromagnétisme,0.11
électromètre,0.07
électroménager,0.34
électron,1.28
électronicien,0.07
électronique,6.70
électroniquement,0.21
électronucléaire,0.01
électrophone,3.04
électrophorèse,0.01
électrostatique,0.28
électrum,0.27
élevage,3.38
élever,103.85
éleveur,1.82
élevé,30.68
éliciter,0.01
éligibilité,0.14
éligible,0.20
élimer,1.01
éliminateur,0.03
élimination,1.96
éliminatoire,0.34
éliminer,30.28
éliminé,1.13
élimé,2.64
élingue,0.02
élire,13.51
élisabéthain,0.27
élite,10.27
élitisme,0.16
élitiste,0.34
élixir,1.56
élocution,1.62
éloge,8.85
élogieux,0.81
éloignement,7.50
éloigner,133.11
éloigné,12.16
élongation,0.34
éloquemment,0.34
éloquence,4.46
éloquent,5.34
élu,5.81
élucidation,0.61
élucider,2.64
élucubration,1.15
élucubrer,0.27
éluder,5.00
élysée,3.72
élyséen,0.14
élytre,1.76
élève,57.77
élégamment,1.89
élégance,23.51
élégant,28.85
élégiaque,0.34
élégie,0.41
élément,63.04
élément-clé,0.09
élémentaire,14.05
élémentarité,0.07
éléphant,15.36
éléphanteau,0.20
éléphantesque,0.27
éléphantiasique,0.01
éléphantiasis,0.27
élévateur,0.28
élévation,3.11
émacié,2.57
émail,6.42
émailler,2.84
émaillé,2.64
émanation,3.11
émancipateur,0.07
émancipation,1.15
émanciper,0.74
émancipé,0.41
émaner,9.93
émargement,0.01
émarger,0.41
émasculation,0.14
émasculer,0.68
émeraude,6.42
émergeant,0.34
émergence,0.54
émergent,0.41
émerger,30.20
émergé,0.34
émeri,0.95
émerillon,0.20
émerillonné,0.07
émersion,0.07
émerveillement,8.24
émerveiller,20.81
émetteur,3.35
émetteur-récepteur,0.05
émettre,17.23
émeu,0.09
émeute,6.75
émeutier,0.81
émiettement,0.47
émietter,3.31
émigrant,0.81
émigration,1.15
émigrer,3.31
émigré,3.45
émilien,3.38
émincer,0.47
émincé,0.15
éminemment,1.49
éminence,3.85
éminent,5.00
émir,0.86
émirat,0.27
émissaire,3.72
émission,32.31
émoi,7.77
émollient,0.41
émonder,0.68
émondeur,0.14
émotif,2.65
émotion,59.59
émotionnel,5.57
émotionnellement,1.53
émotivité,0.47
émoulu,0.14
émoussement,0.07
émousser,2.64
émoussé,0.81
émoustillant,0.23
émoustiller,2.36
émouvant,14.05
émouvoir,37.43
ému,12.09
émulation,2.30
émule,0.95
émuler,0.01
émulsifiant,0.01
émulsifier,0.01
émulsion,0.24
éméché,1.82
émérite,0.92
émétine,0.01
émétique,0.27
énamouré,0.54
énarque,0.34
énergie,43.06
énergique,5.47
énergiquement,3.65
énergisant,0.08
énergumène,1.49
énergétique,2.50
énervant,1.98
énervement,3.58
énerver,53.83
énervé,4.26
énigmatique,8.11
énigmatiquement,0.47
énigme,10.88
énième,1.55
énoncer,4.86
énonciation,0.07
énoncé,1.76
énorme,120.00
énormité,3.04
énormément,12.27
énucléation,0.07
énucléer,0.16
énumération,2.16
énumérer,7.30
énurésie,0.07
énurétique,0.01
éocène,0.01
éolien,1.76
éon,0.07
éonisme,0.07
éosine,0.01
épagneul,1.55
épais,90.61
épaissement,0.61
épaisseur,25.34
épaissir,9.53
épaississement,0.20
épanchement,1.82
épancher,1.89
épandage,0.47
épandeur,0.02
épandre,1.96
épanoui,5.54
épanouir,14.66
épanouissant,0.38
épanouissement,3.72
épargnant,0.61
épargne,3.13
épargner,26.39
éparpillement,0.88
éparpiller,13.51
éparpillé,2.77
épars,11.15
épart,0.01
épastrouillant,0.07
épatamment,0.27
épatant,6.82
épate,0.68
épatement,0.07
épater,8.78
épateur,0.20
épaté,2.36
épaulard,0.28
épaule,288.72
épaulement,0.47
épauler,3.85
épaulette,2.97
épaulière,0.20
épaulé,0.20
épave,12.23
épeautre,0.07
épectase,0.07
épeichette,0.07
épeire,0.07
épeler,3.00
épellation,0.04
épendyme,0.01
éperdu,7.57
éperdument,5.68
éperlan,0.03
éperon,8.18
éperonner,1.35
épervier,1.49
épervière,0.14
épeurer,0.47
éphèbe,2.23
éphébie,0.07
éphédrine,0.08
éphémère,9.19
éphémèrement,0.20
éphéméride,0.81
épi,5.81
épicanthus,0.01
épice,6.76
épicemard,0.41
épicentre,0.53
épicer,1.04
épicerie,9.46
épicier,10.27
épicondyle,0.01
épicurien,0.47
épicurisme,0.27
épicé,1.75
épicéa,0.07
épiderme,2.97
épidermique,0.54
épididyme,0.14
épidural,0.15
épidémie,9.05
épidémiologie,0.14
épidémiologique,0.04
épidémiologiste,0.07
épidémique,0.44
épier,15.88
épierrer,0.07
épieu,0.44
épieux,0.27
épigastre,0.20
épigastrique,0.01
épiglotte,0.06
épigone,0.41
épigramme,0.41
épigraphe,0.61
épigraphie,0.14
épilateur,0.04
épilation,0.53
épilatoire,0.03
épilepsie,1.89
épileptiforme,0.01
épileptique,1.80
épiler,2.77
épilogue,1.76
épiloguer,1.15
épinaie,0.01
épinard,2.23
épine,12.43
épine-vinette,0.07
épinette,0.20
épineux,4.39
épinglage,0.07
épingle,18.24
épingler,6.82
épinglette,0.01
épinglé,0.34
épiphane,0.07
épiphanie,0.74
épiphylle,0.14
épiphysaire,0.01
épiphyse,0.16
épiphyte,0.05
épiphénomène,0.07
épiploon,0.14
épique,2.50
épiscopal,1.15
épiscopalien,0.11
épiscopat,0.27
épisiotomie,0.05
épisode,18.51
épisodique,2.16
épisodiquement,1.01
épisser,0.07
épistolaire,0.95
épistolier,0.27
épistémologie,0.07
épistémologique,0.07
épitaphe,1.69
épithalame,0.20
épithète,1.96
épithélial,0.04
épithélioma,0.01
épithélium,0.19
épitoge,0.14
épitomé,0.07
éploré,2.23
éployer,1.01
épluchage,0.68
épluche-légumes,0.01
éplucher,9.19
éplucheur,0.20
épluchure,3.18
éponge,14.53
épongeage,0.07
éponger,10.20
éponyme,0.07
épopée,4.73
époque,138.51
épouillage,0.07
épouiller,1.08
époumoner,0.88
épousable,0.07
épousailles,0.61
épouser,118.78
épouseur,0.40
époussetage,0.07
épousseter,4.32
époustouflant,1.35
époustoufler,0.41
épousée,1.28
épouvantable,10.82
épouvantablement,0.95
épouvantail,3.51
épouvante,9.80
épouvantement,0.27
épouvanter,7.97
épouvanté,3.85
époux,65.34
époxy,0.04
époxyde,0.01
éprendre,5.95
épreuve,46.28
épris,1.08
éprouvant,2.77
éprouver,127.09
éprouvette,1.22
éprouvé,4.19
épucer,0.07
épuisant,5.81
épuisement,7.91
épuiser,33.11
épuisette,1.49
épuisé,13.92
épulie,0.07
épurateur,0.15
épuration,1.69
épure,1.28
épurer,1.96
épée,32.81
épéiste,0.08
épître,1.22
équanimité,0.14
équarisseur,0.27
équarri,0.95
équarrir,0.54
équarrissage,0.14
équarrisseur,0.47
équateur,1.55
équation,3.50
équatorial,4.59
équatorien,0.07
équerrage,0.07
équerre,1.55
équestre,2.09
équeuter,0.01
équidistance,0.11
équidistant,0.54
équilatéral,0.34
équilibrage,0.17
équilibre,39.73
équilibrer,5.34
équilibreur,0.03
équilibrisme,0.07
équilibriste,0.88
équilibré,2.57
équin,0.07
équinoxe,3.18
équipage,19.91
équipe,129.97
équipement,12.82
équiper,9.46
équipier,4.34
équipé,1.94
équipée,3.65
équitable,3.41
équitablement,1.35
équitation,1.42
équité,1.49
équivalence,0.81
équivalent,5.74
équivaloir,3.72
équivoque,5.14
équivoquer,0.01
érable,2.03
éradicateur,0.02
éradication,0.31
éradiquer,1.34
érafler,2.03
éraflure,1.76
érailler,1.42
éraillé,2.16
érectile,0.14
érection,4.05
éreintant,0.54
éreintement,0.27
éreinter,0.95
éreinteur,0.01
éreinté,0.81
ériger,5.20
éroder,0.68
érodé,0.27
érogène,0.61
éros,0.54
érosion,1.49
érotique,8.85
érotiquement,0.34
érotiser,0.20
érotisme,3.38
érotomane,0.14
érotomanie,0.14
éructation,0.20
éructer,2.50
érudit,1.69
érudition,2.84
éruption,3.73
érythromycine,0.04
érythrophobie,0.05
érythème,0.17
érythémateux,0.03
ésotérique,1.08
ésotérisme,0.54
étable,9.46
établi,8.38
établir,57.77
établissement,22.23
étage,96.55
étagère,16.69
étagé,0.54
étai,0.88
étain,4.66
étal,5.54
étalage,11.42
étalagiste,0.20
étale,1.15
étalement,0.47
étaler,63.11
étalon,6.20
étalonnage,0.45
étalonner,0.14
étambot,0.14
étameur,0.07
étamine,1.22
étamé,0.27
étanche,1.96
étanchement,0.20
étancher,1.89
étanchéité,0.34
étang,15.47
étançon,0.20
étape,23.65
état,218.18
état-civil,0.54
état-major,22.43
étatique,0.20
étatisation,0.03
étatisme,0.07
étau,4.86
étayage,0.07
étayer,4.05
éteignoir,0.16
éteindre,76.82
éteint,17.91
étendage,0.20
étendard,4.80
étendoir,0.14
étendre,111.89
étendu,6.15
étendue,24.46
éternel,45.88
éternellement,9.93
éterniser,4.32
éternité,31.62
éternuement,1.55
éternuer,4.26
éteule,0.54
éthane,0.01
éthanol,0.29
éther,4.05
éthiopien,0.59
éthique,4.56
éthiquement,0.09
éthologie,0.11
éthologue,0.01
éthyle,0.07
éthylique,0.61
éthylisme,0.20
éthylotest,0.05
éthylène,0.09
éthérique,0.01
éthéré,0.95
étiage,0.34
étier,0.34
étincelant,13.18
étinceler,10.81
étincelle,12.97
étincellement,0.81
étiolement,0.07
étioler,2.09
étiologie,0.03
étiologique,0.07
étique,0.68
étiquetage,0.12
étiqueter,2.03
étiquette,15.74
étirable,0.01
étirage,0.14
étirement,1.01
étirer,40.27
étisie,0.07
étoffe,28.24
étoffer,0.81
étoffé,0.34
étoile,81.82
étoilé,3.18
étole,2.09
étonnamment,3.99
étonnant,30.00
étonnement,31.96
étonner,116.55
étonné,23.31
étouffant,7.97
étouffe-chrétien,0.01
étouffement,3.92
étouffer,59.46
étouffeur,0.07
étouffoir,0.20
étouffé,8.11
étouffée,1.35
étoupe,1.28
étourderie,1.69
étourdi,3.58
étourdiment,0.95
étourdir,7.64
étourdissant,2.03
étourdissement,1.82
étourneau,1.22
étrange,103.58
étrangement,14.86
étranger,75.00
étrangeté,5.68
étranglement,1.42
étrangler,22.09
étrangleur,0.88
étranglé,3.99
étrangéité,0.07
étrave,3.31
étreindre,16.96
étreinte,16.42
étrenne,1.22
étrenner,1.28
étrier,5.00
étrillage,0.14
étrille,0.41
étriller,1.15
étripage,0.07
étriper,3.07
étriqué,3.78
étrivière,0.41
étroit,75.81
étroitement,10.81
étroitesse,2.36
étron,2.43
étrusque,0.54
étrécir,0.27
étrécissement,0.07
étrésillon,0.07
étude,63.04
étudiant,38.45
étudier,70.90
étudié,3.04
étui,7.97
étuve,3.78
étuver,0.34
étuvée,0.14
étymologie,1.08
étymologique,0.54
étymologiquement,0.14
étymologiste,0.14
été,125.47
évacuation,6.30
évacuer,17.61
évacué,1.35
évader,13.38
évadé,1.76
évaluateur,0.14
évaluation,3.91
évaluer,9.73
évanescence,0.27
évanescent,1.49
évangile,8.24
évangéliaire,0.27
évangélique,2.23
évangélisateur,0.07
évangélisation,0.01
évangéliser,0.47
évangéliste,1.45
évanoui,8.38
évanouir,24.93
évanouissement,3.31
évaporateur,0.17
évaporation,0.88
évaporer,3.85
évaporé,1.35
évasement,0.07
évaser,2.03
évasif,5.14
évasion,10.07
évasivement,1.08
évasé,0.74
éveil,6.42
éveillant,0.07
éveiller,55.27
éveilleur,0.14
éveillé,8.92
éveinage,0.01
évent,0.15
éventail,13.99
éventaire,2.16
éventer,4.26
éventration,0.14
éventrement,0.07
éventrer,5.20
éventreur,0.95
éventré,5.00
éventualité,6.15
éventuel,13.18
éventuellement,5.81
éventé,1.35
évergète,0.07
éversé,0.14
évertuer,2.97
éviction,0.41
évidement,0.21
évidemment,88.11
évidence,39.93
évident,33.58
évider,1.22
évidé,0.47
évier,12.16
évincer,1.28
éviscération,0.22
éviscérer,0.50
évitable,0.27
évitement,0.18
éviter,110.47
évitée,0.14
évocateur,1.49
évocation,8.72
évoluer,11.69
évolutif,0.47
évolution,14.19
évolutionniste,0.15
évolué,1.69
évoquer,73.51
évènement,6.59
événement,84.59
événementiel,0.04
évêché,3.85
évêque,19.32
éwé,0.20
être,32236.50
être-là,0.14
île,108.24
îlette,0.07
îlot,10.68
îlotier,0.04
ô,33.11
ôter,42.03
ôté,0.61
